date,v
2020-01-01 00:00:00+00:00,3418899.0105931
2020-01-01 01:00:00+00:00,3417686.08667415
2020-01-01 02:00:00+00:00,3417859.391317
2020-01-01 03:00:00+00:00,3417677.20359672
2020-01-01 04:00:00+00:00,3417746.05306957
2020-01-01 05:00:00+00:00,3418876.0678894003
2020-01-01 06:00:00+00:00,3418659.03072781
2020-01-01 07:00:00+00:00,3416960.18554764
2020-01-01 08:00:00+00:00,3417040.10177063
2020-01-01 09:00:00+00:00,3417150.53750145
2020-01-01 10:00:00+00:00,3417179.6049984
2020-01-01 11:00:00+00:00,3417157.08189762
2020-01-01 12:00:00+00:00,3417132.2784604
2020-01-01 13:00:00+00:00,3417270.3061418403
2020-01-01 14:00:00+00:00,3417356.50335792
2020-01-01 15:00:00+00:00,3417488.15764945
2020-01-01 16:00:00+00:00,3417511.04247487
2020-01-01 17:00:00+00:00,3417486.65308278
2020-01-01 18:00:00+00:00,3417621.40757474
2020-01-01 19:00:00+00:00,3417749.30650737
2020-01-01 20:00:00+00:00,3417769.4730395502
2020-01-01 21:00:00+00:00,3417824.2988616303
2020-01-01 22:00:00+00:00,3417986.40833749
2020-01-01 23:00:00+00:00,3417026.92975494
2020-01-02 00:00:00+00:00,3417175.28375678
2020-01-02 01:00:00+00:00,3415480.7479205
2020-01-02 02:00:00+00:00,3415666.94611496
2020-01-02 03:00:00+00:00,3415608.00469704
2020-01-02 04:00:00+00:00,3416447.61530744
2020-01-02 05:00:00+00:00,3417618.9265361
2020-01-02 06:00:00+00:00,3417711.40780994
2020-01-02 07:00:00+00:00,3417740.2256838903
2020-01-02 08:00:00+00:00,3417908.38501736
2020-01-02 09:00:00+00:00,3417908.38501736
2020-01-02 10:00:00+00:00,3417456.24105386
2020-01-02 11:00:00+00:00,3417319.06918489
2020-01-02 12:00:00+00:00,3415991.29099323
2020-01-02 13:00:00+00:00,3416005.48515316
2020-01-02 14:00:00+00:00,3416227.42962886
2020-01-02 15:00:00+00:00,3416119.34944579
2020-01-02 16:00:00+00:00,3416067.51736569
2020-01-02 17:00:00+00:00,3417377.38077258
2020-01-02 18:00:00+00:00,3417764.6292889
2020-01-02 19:00:00+00:00,3417926.52270693
2020-01-02 20:00:00+00:00,3417874.17750751
2020-01-02 21:00:00+00:00,3418205.24513197
2020-01-02 22:00:00+00:00,3416876.39935399
2020-01-02 23:00:00+00:00,3417043.56109362
2020-01-03 00:00:00+00:00,3417024.85410823
2020-01-03 01:00:00+00:00,3416688.82274108
2020-01-03 02:00:00+00:00,3415625.61917744
2020-01-03 03:00:00+00:00,3415927.27590631
2020-01-03 04:00:00+00:00,3415885.28603986
2020-01-03 05:00:00+00:00,3415760.58778719
2020-01-03 06:00:00+00:00,3415336.29707761
2020-01-03 07:00:00+00:00,3415725.00018853
2020-01-03 08:00:00+00:00,3413869.51712503
2020-01-03 09:00:00+00:00,3412304.42109422
2020-01-03 10:00:00+00:00,3413487.00341924
2020-01-03 11:00:00+00:00,3413511.59390155
2020-01-03 12:00:00+00:00,3413539.80951236
2020-01-03 13:00:00+00:00,3414931.00859443
2020-01-03 14:00:00+00:00,3414628.94895413
2020-01-03 15:00:00+00:00,3414328.72226218
2020-01-03 16:00:00+00:00,3415156.63292894
2020-01-03 17:00:00+00:00,3411718.76814458
2020-01-03 18:00:00+00:00,3410663.70660675
2020-01-03 19:00:00+00:00,3410288.7408262
2020-01-03 20:00:00+00:00,3410346.36532755
2020-01-03 21:00:00+00:00,3409296.93307357
2020-01-03 22:00:00+00:00,3412452.99405214
2020-01-03 23:00:00+00:00,3411667.6199705102
2020-01-04 00:00:00+00:00,3411707.19886282
2020-01-04 01:00:00+00:00,3410505.78148999
2020-01-04 02:00:00+00:00,3410600.47693698
2020-01-04 03:00:00+00:00,3411308.34888627
2020-01-04 04:00:00+00:00,3411285.17463315
2020-01-04 05:00:00+00:00,3411306.85834176
2020-01-04 06:00:00+00:00,3411362.23398373
2020-01-04 07:00:00+00:00,3411337.2407735502
2020-01-04 08:00:00+00:00,3411349.45264396
2020-01-04 09:00:00+00:00,3418962.43277425
2020-01-04 10:00:00+00:00,3418908.0436628
2020-01-04 11:00:00+00:00,3418969.58667299
2020-01-04 12:00:00+00:00,3419037.3796778
2020-01-04 13:00:00+00:00,3419717.45762374
2020-01-04 14:00:00+00:00,3419360.47730254
2020-01-04 15:00:00+00:00,3421036.7143996
2020-01-04 16:00:00+00:00,3421443.8371793902
2020-01-04 17:00:00+00:00,3421526.89556536
2020-01-04 18:00:00+00:00,3420131.2869146103
2020-01-04 19:00:00+00:00,3420096.05081598
2020-01-04 20:00:00+00:00,3418938.60632995
2020-01-04 21:00:00+00:00,3419044.0517765
2020-01-04 22:00:00+00:00,3419080.6761323903
2020-01-04 23:00:00+00:00,3419165.52233371
2020-01-05 00:00:00+00:00,3419146.71864069
2020-01-05 01:00:00+00:00,3419036.00039348
2020-01-05 02:00:00+00:00,3418502.32133342
2020-01-05 03:00:00+00:00,3418618.5952941
2020-01-05 04:00:00+00:00,3418639.85434409
2020-01-05 05:00:00+00:00,3418829.64704615
2020-01-05 06:00:00+00:00,3418885.9486322
2020-01-05 07:00:00+00:00,3418892.11934387
2020-01-05 08:00:00+00:00,3418963.2654656703
2020-01-05 09:00:00+00:00,3418967.77890132
2020-01-05 10:00:00+00:00,3418790.18498267
2020-01-05 11:00:00+00:00,3418806.36002179
2020-01-05 12:00:00+00:00,3418935.13424353
2020-01-05 13:00:00+00:00,3419124.9078326803
2020-01-05 14:00:00+00:00,3419136.45776386
2020-01-05 15:00:00+00:00,3419295.0452062
2020-01-05 16:00:00+00:00,3419369.10988952
2020-01-05 17:00:00+00:00,3420281.10116057
2020-01-05 18:00:00+00:00,3420627.23298285
2020-01-05 19:00:00+00:00,3420635.38852844
2020-01-05 20:00:00+00:00,3420672.45122095
2020-01-05 21:00:00+00:00,3420800.7084301203
2020-01-05 22:00:00+00:00,3420829.06964745
2020-01-05 23:00:00+00:00,3419923.33985777
2020-01-06 00:00:00+00:00,3421158.08381504
2020-01-06 01:00:00+00:00,3420521.32397761
2020-01-06 02:00:00+00:00,3421402.95408788
2020-01-06 03:00:00+00:00,3420735.16622873
2020-01-06 04:00:00+00:00,3421516.67401822
2020-01-06 05:00:00+00:00,3421528.24006761
2020-01-06 06:00:00+00:00,3423198.24604521
2020-01-06 07:00:00+00:00,3423709.59259984
2020-01-06 08:00:00+00:00,3424175.03214807
2020-01-06 09:00:00+00:00,3424639.92247021
2020-01-06 10:00:00+00:00,3424659.3013829403
2020-01-06 11:00:00+00:00,3423723.52208984
2020-01-06 12:00:00+00:00,3422140.5648564203
2020-01-06 13:00:00+00:00,3420751.50707062
2020-01-06 14:00:00+00:00,3421247.22171001
2020-01-06 15:00:00+00:00,3421203.9897334003
2020-01-06 16:00:00+00:00,3419936.52906505
2020-01-06 17:00:00+00:00,3421119.59384249
2020-01-06 18:00:00+00:00,3419352.42779584
2020-01-06 19:00:00+00:00,3420416.71827147
2020-01-06 20:00:00+00:00,3419218.80385687
2020-01-06 21:00:00+00:00,3419374.1471082103
2020-01-06 22:00:00+00:00,3418236.53745691
2020-01-06 23:00:00+00:00,3418032.6360253
2020-01-07 00:00:00+00:00,3417790.07543535
2020-01-07 01:00:00+00:00,3417951.7076567
2020-01-07 02:00:00+00:00,3419936.21589051
2020-01-07 03:00:00+00:00,3420433.08031834
2020-01-07 04:00:00+00:00,3420444.30236597
2020-01-07 05:00:00+00:00,3418790.9853327502
2020-01-07 06:00:00+00:00,3419197.28412645
2020-01-07 07:00:00+00:00,3419335.50028466
2020-01-07 08:00:00+00:00,3418801.2777306703
2020-01-07 09:00:00+00:00,3418431.85610515
2020-01-07 10:00:00+00:00,3418389.73810306
2020-01-07 11:00:00+00:00,3418477.54581807
2020-01-07 12:00:00+00:00,3417730.6340989103
2020-01-07 13:00:00+00:00,3418749.3521155003
2020-01-07 14:00:00+00:00,3419131.25778079
2020-01-07 15:00:00+00:00,3419424.41626445
2020-01-07 16:00:00+00:00,3419602.4258956
2020-01-07 17:00:00+00:00,3419647.10915001
2020-01-07 18:00:00+00:00,3419555.54746723
2020-01-07 19:00:00+00:00,3421032.79096354
2020-01-07 20:00:00+00:00,3421107.95714855
2020-01-07 21:00:00+00:00,3420017.80462655
2020-01-07 22:00:00+00:00,3421921.77086112
2020-01-07 23:00:00+00:00,3421826.61055119
2020-01-08 00:00:00+00:00,3420897.39529098
2020-01-08 01:00:00+00:00,3421838.52922444
2020-01-08 02:00:00+00:00,3421247.5140564702
2020-01-08 03:00:00+00:00,3421293.24656709
2020-01-08 04:00:00+00:00,3420004.5028837
2020-01-08 05:00:00+00:00,3419881.36076976
2020-01-08 06:00:00+00:00,3419130.24929301
2020-01-08 07:00:00+00:00,3419202.35377686
2020-01-08 08:00:00+00:00,3418526.93074796
2020-01-08 09:00:00+00:00,3417351.54298467
2020-01-08 10:00:00+00:00,3417194.47091904
2020-01-08 11:00:00+00:00,3417231.68459363
2020-01-08 12:00:00+00:00,3417323.02647705
2020-01-08 13:00:00+00:00,3417454.9902460403
2020-01-08 14:00:00+00:00,3417423.14844034
2020-01-08 15:00:00+00:00,3417632.78625475
2020-01-08 16:00:00+00:00,3418618.75887526
2020-01-08 17:00:00+00:00,3418618.81759049
2020-01-08 18:00:00+00:00,3410643.8185792603
2020-01-08 19:00:00+00:00,3418432.97811266
2020-01-08 20:00:00+00:00,3419579.23478274
2020-01-08 21:00:00+00:00,3421006.38221284
2020-01-08 22:00:00+00:00,3421121.44831589
2020-01-08 23:00:00+00:00,3423733.28136532
2020-01-09 00:00:00+00:00,3422763.3336002203
2020-01-09 01:00:00+00:00,3422526.59134404
2020-01-09 02:00:00+00:00,3422514.40621372
2020-01-09 03:00:00+00:00,3424702.63441326
2020-01-09 04:00:00+00:00,3424903.48842006
2020-01-09 05:00:00+00:00,3423797.17151033
2020-01-09 06:00:00+00:00,3423354.48767312
2020-01-09 07:00:00+00:00,3423442.83964368
2020-01-09 08:00:00+00:00,3423565.63490925
2020-01-09 09:00:00+00:00,3424024.22063721
2020-01-09 10:00:00+00:00,3421901.69935595
2020-01-09 11:00:00+00:00,3422170.69949137
2020-01-09 12:00:00+00:00,3422166.8648007303
2020-01-09 13:00:00+00:00,3422183.02165593
2020-01-09 14:00:00+00:00,3418243.88450556
2020-01-09 15:00:00+00:00,3416638.87124252
2020-01-09 16:00:00+00:00,3417129.22886558
2020-01-09 17:00:00+00:00,3417472.3643624103
2020-01-09 18:00:00+00:00,3417435.0311592403
2020-01-09 19:00:00+00:00,3416444.51496385
2020-01-09 20:00:00+00:00,3417354.61364658
2020-01-09 21:00:00+00:00,3417265.6631564703
2020-01-09 22:00:00+00:00,3417316.19006378
2020-01-09 23:00:00+00:00,3417272.01722364
2020-01-10 00:00:00+00:00,3417861.5563814403
2020-01-10 01:00:00+00:00,3415339.73826015
2020-01-10 02:00:00+00:00,3414066.98666953
2020-01-10 03:00:00+00:00,3415142.25181366
2020-01-10 04:00:00+00:00,3415715.56618329
2020-01-10 05:00:00+00:00,3416013.30107943
2020-01-10 06:00:00+00:00,3419318.81205441
2020-01-10 07:00:00+00:00,3418609.35317987
2020-01-10 08:00:00+00:00,3419624.18261247
2020-01-10 09:00:00+00:00,3416412.377024
2020-01-10 10:00:00+00:00,3416059.59894889
2020-01-10 11:00:00+00:00,3416323.3726879503
2020-01-10 12:00:00+00:00,3416400.8333452
2020-01-10 13:00:00+00:00,3416845.2722856803
2020-01-10 14:00:00+00:00,3415385.00048575
2020-01-10 15:00:00+00:00,3415013.27589928
2020-01-10 16:00:00+00:00,3415449.72323316
2020-01-10 17:00:00+00:00,3415594.79407186
2020-01-10 18:00:00+00:00,3414315.30327669
2020-01-10 19:00:00+00:00,3415017.69703909
2020-01-10 20:00:00+00:00,3415807.07815063
2020-01-10 21:00:00+00:00,3416989.91601584
2020-01-10 22:00:00+00:00,3416438.23979247
2020-01-10 23:00:00+00:00,3416567.82107846
2020-01-11 00:00:00+00:00,3416607.71433896
2020-01-11 01:00:00+00:00,3415263.05856672
2020-01-11 02:00:00+00:00,3415024.75251989
2020-01-11 03:00:00+00:00,3417977.08123893
2020-01-11 04:00:00+00:00,3419110.68507364
2020-01-11 05:00:00+00:00,3419165.61338993
2020-01-11 06:00:00+00:00,3419362.4931101203
2020-01-11 07:00:00+00:00,3419564.4412066103
2020-01-11 08:00:00+00:00,3418631.14532599
2020-01-11 09:00:00+00:00,3419721.77324663
2020-01-11 10:00:00+00:00,3419641.88669752
2020-01-11 11:00:00+00:00,3419707.95219448
2020-01-11 12:00:00+00:00,3429783.16738303
2020-01-11 13:00:00+00:00,3429868.2832648503
2020-01-11 14:00:00+00:00,3430217.09425666
2020-01-11 15:00:00+00:00,3430227.64076389
2020-01-11 16:00:00+00:00,3430388.71264626
2020-01-11 17:00:00+00:00,3430470.35849153
2020-01-11 18:00:00+00:00,3430633.72933171
2020-01-11 19:00:00+00:00,3430725.30773718
2020-01-11 20:00:00+00:00,3429485.50942052
2020-01-11 21:00:00+00:00,3429594.90247946
2020-01-11 22:00:00+00:00,3429454.8000844102
2020-01-11 23:00:00+00:00,3429098.02579231
2020-01-12 00:00:00+00:00,3429179.34412113
2020-01-12 01:00:00+00:00,3428979.48679555
2020-01-12 02:00:00+00:00,3430080.05482082
2020-01-12 03:00:00+00:00,3429898.6899157
2020-01-12 04:00:00+00:00,3429955.04631994
2020-01-12 05:00:00+00:00,3430014.36364695
2020-01-12 06:00:00+00:00,3429928.16655632
2020-01-12 07:00:00+00:00,3431413.49872574
2020-01-12 08:00:00+00:00,3431475.17228828
2020-01-12 09:00:00+00:00,3431382.2885111
2020-01-12 10:00:00+00:00,3431307.15576223
2020-01-12 11:00:00+00:00,3431572.30213674
2020-01-12 12:00:00+00:00,3431460.94632833
2020-01-12 13:00:00+00:00,3431059.4068962303
2020-01-12 14:00:00+00:00,3430052.25877529
2020-01-12 15:00:00+00:00,3430256.9364562603
2020-01-12 16:00:00+00:00,3431280.8063365
2020-01-12 17:00:00+00:00,3431300.42344678
2020-01-12 18:00:00+00:00,3431342.70862337
2020-01-12 19:00:00+00:00,3431360.85613711
2020-01-12 20:00:00+00:00,3431494.68896382
2020-01-12 21:00:00+00:00,3431555.3543389603
2020-01-12 22:00:00+00:00,3431650.80230782
2020-01-12 23:00:00+00:00,3431680.16387963
2020-01-13 00:00:00+00:00,3431625.96455583
2020-01-13 01:00:00+00:00,3430793.08353599
2020-01-13 02:00:00+00:00,3431358.09153049
2020-01-13 03:00:00+00:00,3431018.92894547
2020-01-13 04:00:00+00:00,3431113.8866417003
2020-01-13 05:00:00+00:00,3430554.33490326
2020-01-13 06:00:00+00:00,3431495.3716077902
2020-01-13 07:00:00+00:00,3431582.76925084
2020-01-13 08:00:00+00:00,3432673.01006151
2020-01-13 09:00:00+00:00,3429976.58986757
2020-01-13 10:00:00+00:00,3429545.41149045
2020-01-13 11:00:00+00:00,3429248.38145787
2020-01-13 12:00:00+00:00,3426791.98988088
2020-01-13 13:00:00+00:00,3425008.11106872
2020-01-13 14:00:00+00:00,3425070.64985155
2020-01-13 15:00:00+00:00,3424837.64354387
2020-01-13 16:00:00+00:00,3423700.9053558
2020-01-13 17:00:00+00:00,3423526.0758464
2020-01-13 18:00:00+00:00,3422473.29133448
2020-01-13 19:00:00+00:00,3423677.5494392
2020-01-13 20:00:00+00:00,3424179.72151302
2020-01-13 21:00:00+00:00,3419767.20647127
2020-01-13 22:00:00+00:00,3419771.4265399403
2020-01-13 23:00:00+00:00,3419739.61694006
2020-01-14 00:00:00+00:00,3418943.55421478
2020-01-14 01:00:00+00:00,3420075.105574
2020-01-14 02:00:00+00:00,3419780.21770279
2020-01-14 03:00:00+00:00,3421244.80560213
2020-01-14 04:00:00+00:00,3420142.76000861
2020-01-14 05:00:00+00:00,3422484.36537193
2020-01-14 06:00:00+00:00,3423591.59356995
2020-01-14 07:00:00+00:00,3422864.42527034
2020-01-14 08:00:00+00:00,3422960.10176617
2020-01-14 09:00:00+00:00,3421777.48036443
2020-01-14 10:00:00+00:00,3421180.84197708
2020-01-14 11:00:00+00:00,3420909.20312691
2020-01-14 12:00:00+00:00,3418605.45121902
2020-01-14 13:00:00+00:00,3417705.34669986
2020-01-14 14:00:00+00:00,3419029.18813037
2020-01-14 15:00:00+00:00,3419589.00932318
2020-01-14 16:00:00+00:00,3419820.88382062
2020-01-14 17:00:00+00:00,3420001.72111032
2020-01-14 18:00:00+00:00,3418508.0564813702
2020-01-14 19:00:00+00:00,3418669.16278985
2020-01-14 20:00:00+00:00,3423555.7819749103
2020-01-14 21:00:00+00:00,3426580.9521891503
2020-01-14 22:00:00+00:00,3423960.1611078503
2020-01-14 23:00:00+00:00,3422152.86590119
2020-01-15 00:00:00+00:00,3421020.32576192
2020-01-15 01:00:00+00:00,3418896.74184507
2020-01-15 02:00:00+00:00,3419256.4642991
2020-01-15 03:00:00+00:00,3419130.19437332
2020-01-15 04:00:00+00:00,3419578.7083086
2020-01-15 05:00:00+00:00,3420093.14212416
2020-01-15 06:00:00+00:00,3420069.00848069
2020-01-15 07:00:00+00:00,3421360.96215287
2020-01-15 08:00:00+00:00,3421631.61078182
2020-01-15 09:00:00+00:00,3423278.05595216
2020-01-15 10:00:00+00:00,3421563.2739847703
2020-01-15 11:00:00+00:00,3419455.50630769
2020-01-15 12:00:00+00:00,3419216.24962617
2020-01-15 13:00:00+00:00,3419349.0328142
2020-01-15 14:00:00+00:00,3419128.70420247
2020-01-15 15:00:00+00:00,3421728.25267209
2020-01-15 16:00:00+00:00,3422298.69424125
2020-01-15 17:00:00+00:00,3423529.54237602
2020-01-15 18:00:00+00:00,3423484.9498524303
2020-01-15 19:00:00+00:00,3424653.89181813
2020-01-15 20:00:00+00:00,3423930.23077369
2020-01-15 21:00:00+00:00,3423809.84052329
2020-01-15 22:00:00+00:00,3424735.77799107
2020-01-15 23:00:00+00:00,3427774.63589059
2020-01-16 00:00:00+00:00,3430302.36489796
2020-01-16 01:00:00+00:00,3430633.10298945
2020-01-16 02:00:00+00:00,3429347.14408906
2020-01-16 03:00:00+00:00,3431241.78532453
2020-01-16 04:00:00+00:00,3430908.74170433
2020-01-16 05:00:00+00:00,3431947.35572119
2020-01-16 06:00:00+00:00,3431081.45633173
2020-01-16 07:00:00+00:00,3430916.5279448503
2020-01-16 08:00:00+00:00,3432268.46423108
2020-01-16 09:00:00+00:00,3431972.14654872
2020-01-16 10:00:00+00:00,3430552.25030197
2020-01-16 11:00:00+00:00,3430470.34120527
2020-01-16 12:00:00+00:00,3430281.73572578
2020-01-16 13:00:00+00:00,3430452.55723288
2020-01-16 14:00:00+00:00,3429524.38100286
2020-01-16 15:00:00+00:00,3430724.832667
2020-01-16 16:00:00+00:00,3430787.9401729503
2020-01-16 17:00:00+00:00,3430441.26371422
2020-01-16 18:00:00+00:00,3429892.32159398
2020-01-16 19:00:00+00:00,3426732.6028346103
2020-01-16 20:00:00+00:00,3424692.33301157
2020-01-16 21:00:00+00:00,3425323.62459683
2020-01-16 22:00:00+00:00,3425788.93934697
2020-01-16 23:00:00+00:00,3426587.23976776
2020-01-17 00:00:00+00:00,3426939.8022687803
2020-01-17 01:00:00+00:00,3427779.27309742
2020-01-17 02:00:00+00:00,3427719.86450986
2020-01-17 03:00:00+00:00,3428606.35059986
2020-01-17 04:00:00+00:00,3428931.83557485
2020-01-17 05:00:00+00:00,3429070.29963643
2020-01-17 06:00:00+00:00,3429240.03087877
2020-01-17 07:00:00+00:00,3430725.97897305
2020-01-17 08:00:00+00:00,3429353.95456485
2020-01-17 09:00:00+00:00,3429893.37554537
2020-01-17 10:00:00+00:00,3427821.89589051
2020-01-17 11:00:00+00:00,3427519.57757117
2020-01-17 12:00:00+00:00,3428817.4913907703
2020-01-17 13:00:00+00:00,3429071.3232843
2020-01-17 14:00:00+00:00,3428749.92627487
2020-01-17 15:00:00+00:00,3427618.28540787
2020-01-17 16:00:00+00:00,3428405.78315311
2020-01-17 17:00:00+00:00,3428753.34530898
2020-01-17 18:00:00+00:00,3429052.63713314
2020-01-17 19:00:00+00:00,3428476.94914501
2020-01-17 20:00:00+00:00,3428553.86920006
2020-01-17 21:00:00+00:00,3434040.72148563
2020-01-17 22:00:00+00:00,3432530.8440522603
2020-01-17 23:00:00+00:00,3431761.80555756
2020-01-18 00:00:00+00:00,3431615.10455599
2020-01-18 01:00:00+00:00,3431529.95985597
2020-01-18 02:00:00+00:00,3432609.19774181
2020-01-18 03:00:00+00:00,3432761.49622226
2020-01-18 04:00:00+00:00,3432824.4413347403
2020-01-18 05:00:00+00:00,3432560.4471449503
2020-01-18 06:00:00+00:00,3432581.59760811
2020-01-18 07:00:00+00:00,3432425.9502156703
2020-01-18 08:00:00+00:00,3431232.89408474
2020-01-18 09:00:00+00:00,3432121.27175741
2020-01-18 10:00:00+00:00,3432094.02541517
2020-01-18 11:00:00+00:00,3432398.1354008
2020-01-18 12:00:00+00:00,3432679.12067959
2020-01-18 13:00:00+00:00,3432944.02171094
2020-01-18 14:00:00+00:00,3432813.07325441
2020-01-18 15:00:00+00:00,3432954.88552082
2020-01-18 16:00:00+00:00,3431960.91915736
2020-01-18 17:00:00+00:00,3432114.0689936
2020-01-18 18:00:00+00:00,3432123.93314459
2020-01-18 19:00:00+00:00,3432123.93314459
2020-01-18 20:00:00+00:00,3432261.26192256
2020-01-18 21:00:00+00:00,3432335.25018597
2020-01-18 22:00:00+00:00,3432450.98106064
2020-01-18 23:00:00+00:00,3432533.04223129
2020-01-19 00:00:00+00:00,3432592.48507671
2020-01-19 01:00:00+00:00,3431416.5161237703
2020-01-19 02:00:00+00:00,3431430.14988299
2020-01-19 03:00:00+00:00,3431443.02846161
2020-01-19 04:00:00+00:00,3431913.80665915
2020-01-19 05:00:00+00:00,3431876.52839891
2020-01-19 06:00:00+00:00,3431946.7363640303
2020-01-19 07:00:00+00:00,3432110.6536081303
2020-01-19 08:00:00+00:00,3432113.85836686
2020-01-19 09:00:00+00:00,3432188.87410958
2020-01-19 10:00:00+00:00,3432257.23003077
2020-01-19 11:00:00+00:00,3430028.8663686
2020-01-19 12:00:00+00:00,3430152.78385618
2020-01-19 13:00:00+00:00,3429124.10730288
2020-01-19 14:00:00+00:00,3429167.7169962
2020-01-19 15:00:00+00:00,3429161.25225676
2020-01-19 16:00:00+00:00,3429398.19896224
2020-01-19 17:00:00+00:00,3429463.12487554
2020-01-19 18:00:00+00:00,3429833.92273706
2020-01-19 19:00:00+00:00,3429862.68827285
2020-01-19 20:00:00+00:00,3429849.79167214
2020-01-19 21:00:00+00:00,3429854.727578
2020-01-19 22:00:00+00:00,3429921.47588003
2020-01-19 23:00:00+00:00,3429671.62562324
2020-01-20 00:00:00+00:00,3429685.05182862
2020-01-20 01:00:00+00:00,3429552.96089131
2020-01-20 02:00:00+00:00,3428607.98680272
2020-01-20 03:00:00+00:00,3431007.71893852
2020-01-20 04:00:00+00:00,3431220.40793692
2020-01-20 05:00:00+00:00,3431331.13102856
2020-01-20 06:00:00+00:00,3430862.0439598
2020-01-20 07:00:00+00:00,3429908.0156057603
2020-01-20 08:00:00+00:00,3429041.77975432
2020-01-20 09:00:00+00:00,3431064.75513408
2020-01-20 10:00:00+00:00,3430831.40017207
2020-01-20 11:00:00+00:00,3429856.4820583
2020-01-20 12:00:00+00:00,3429980.84245188
2020-01-20 13:00:00+00:00,3429645.38201029
2020-01-20 14:00:00+00:00,3430209.05234467
2020-01-20 15:00:00+00:00,3430605.22637503
2020-01-20 16:00:00+00:00,3430442.5391547303
2020-01-20 17:00:00+00:00,3429948.89946314
2020-01-20 18:00:00+00:00,3430393.44963073
2020-01-20 19:00:00+00:00,3430690.2722894503
2020-01-20 20:00:00+00:00,3430575.62715835
2020-01-20 21:00:00+00:00,3431053.06875727
2020-01-20 22:00:00+00:00,3430916.39459969
2020-01-20 23:00:00+00:00,3430953.20473433
2020-01-21 00:00:00+00:00,3430933.35635876
2020-01-21 01:00:00+00:00,3429758.46493115
2020-01-21 02:00:00+00:00,3429495.42277611
2020-01-21 03:00:00+00:00,3430249.86259996
2020-01-21 04:00:00+00:00,3430552.04460375
2020-01-21 05:00:00+00:00,3430475.09629187
2020-01-21 06:00:00+00:00,3431545.19561876
2020-01-21 07:00:00+00:00,3428908.6674217703
2020-01-21 08:00:00+00:00,3429188.4938349803
2020-01-21 09:00:00+00:00,3429164.24359824
2020-01-21 10:00:00+00:00,3430931.78677061
2020-01-21 11:00:00+00:00,3430166.11321929
2020-01-21 12:00:00+00:00,3426957.07954895
2020-01-21 13:00:00+00:00,3425910.7796514803
2020-01-21 14:00:00+00:00,3424582.8664857103
2020-01-21 15:00:00+00:00,3426060.96343497
2020-01-21 16:00:00+00:00,3426178.46627993
2020-01-21 17:00:00+00:00,3426298.28096557
2020-01-21 18:00:00+00:00,3425392.27360156
2020-01-21 19:00:00+00:00,3423790.1409137
2020-01-21 20:00:00+00:00,3422706.89249534
2020-01-21 21:00:00+00:00,3421753.31580297
2020-01-21 22:00:00+00:00,3421620.59096522
2020-01-21 23:00:00+00:00,3423191.5789238
2020-01-22 00:00:00+00:00,3423889.21863808
2020-01-22 01:00:00+00:00,3423758.1672107503
2020-01-22 02:00:00+00:00,3424693.74989147
2020-01-22 03:00:00+00:00,3425386.14119826
2020-01-22 04:00:00+00:00,3425451.25590675
2020-01-22 05:00:00+00:00,3424570.53622815
2020-01-22 06:00:00+00:00,3424847.65369613
2020-01-22 07:00:00+00:00,3424898.16163773
2020-01-22 08:00:00+00:00,3424110.25063883
2020-01-22 09:00:00+00:00,3424359.62127274
2020-01-22 10:00:00+00:00,3425276.83043089
2020-01-22 11:00:00+00:00,3426040.31885475
2020-01-22 12:00:00+00:00,3425250.5264325403
2020-01-22 13:00:00+00:00,3425711.78204752
2020-01-22 14:00:00+00:00,3427464.2475673403
2020-01-22 15:00:00+00:00,3427553.26807516
2020-01-22 16:00:00+00:00,3425136.1083980403
2020-01-22 17:00:00+00:00,3427310.0485023903
2020-01-22 18:00:00+00:00,3429173.3590609003
2020-01-22 19:00:00+00:00,3429694.26523706
2020-01-22 20:00:00+00:00,3429860.9750633
2020-01-22 21:00:00+00:00,3428454.52816626
2020-01-22 22:00:00+00:00,3421670.2408216703
2020-01-22 23:00:00+00:00,3421616.89873448
2020-01-23 00:00:00+00:00,3421668.55957742
2020-01-23 01:00:00+00:00,3420289.7857453
2020-01-23 02:00:00+00:00,3419296.1929056603
2020-01-23 03:00:00+00:00,3420945.04937445
2020-01-23 04:00:00+00:00,3421427.57958557
2020-01-23 05:00:00+00:00,3421279.79019112
2020-01-23 06:00:00+00:00,3421345.3676682003
2020-01-23 07:00:00+00:00,3421309.33173332
2020-01-23 08:00:00+00:00,3420954.1390623
2020-01-23 09:00:00+00:00,3420890.71154884
2020-01-23 10:00:00+00:00,3420771.64064279
2020-01-23 11:00:00+00:00,3419775.08284094
2020-01-23 12:00:00+00:00,3419753.64987646
2020-01-23 13:00:00+00:00,3421081.40761042
2020-01-23 14:00:00+00:00,3424167.84322456
2020-01-23 15:00:00+00:00,3425253.33304
2020-01-23 16:00:00+00:00,3423969.9932444203
2020-01-23 17:00:00+00:00,3423868.88316969
2020-01-23 18:00:00+00:00,3423822.35078996
2020-01-23 19:00:00+00:00,3424387.03700558
2020-01-23 20:00:00+00:00,3426607.16507285
2020-01-23 21:00:00+00:00,3425907.61972009
2020-01-23 22:00:00+00:00,3426048.94332126
2020-01-23 23:00:00+00:00,3425006.41747098
2020-01-24 00:00:00+00:00,3423940.25776056
2020-01-24 01:00:00+00:00,3422959.91811204
2020-01-24 02:00:00+00:00,3423644.68578594
2020-01-24 03:00:00+00:00,3421689.43158529
2020-01-24 04:00:00+00:00,3421635.84656996
2020-01-24 05:00:00+00:00,3421685.04584386
2020-01-24 06:00:00+00:00,3421746.09984677
2020-01-24 07:00:00+00:00,3421348.32436479
2020-01-24 08:00:00+00:00,3423699.77093546
2020-01-24 09:00:00+00:00,3422509.7853804003
2020-01-24 10:00:00+00:00,3423582.88395833
2020-01-24 11:00:00+00:00,3424010.7680932702
2020-01-24 12:00:00+00:00,3424103.434093
2020-01-24 13:00:00+00:00,3424653.34837706
2020-01-24 14:00:00+00:00,3425140.67478103
2020-01-24 15:00:00+00:00,3424060.13652546
2020-01-24 16:00:00+00:00,3420409.23391373
2020-01-24 17:00:00+00:00,3420112.62823926
2020-01-24 18:00:00+00:00,3419983.55393332
2020-01-24 19:00:00+00:00,3420047.68911025
2020-01-24 20:00:00+00:00,3419172.70836743
2020-01-24 21:00:00+00:00,3420012.13545918
2020-01-24 22:00:00+00:00,3420037.04428416
2020-01-24 23:00:00+00:00,3420541.73962699
2020-01-25 00:00:00+00:00,3420546.0531211
2020-01-25 01:00:00+00:00,3419303.86485453
2020-01-25 02:00:00+00:00,3418806.33350497
2020-01-25 03:00:00+00:00,3419786.08830788
2020-01-25 04:00:00+00:00,3419827.68672164
2020-01-25 05:00:00+00:00,3419877.95567471
2020-01-25 06:00:00+00:00,3419925.35569486
2020-01-25 07:00:00+00:00,3420049.66542056
2020-01-25 08:00:00+00:00,3420048.79331519
2020-01-25 09:00:00+00:00,3419991.66966038
2020-01-25 10:00:00+00:00,3420001.40920217
2020-01-25 11:00:00+00:00,3419972.44913486
2020-01-25 12:00:00+00:00,3420036.32592838
2020-01-25 13:00:00+00:00,3420054.0371232303
2020-01-25 14:00:00+00:00,3419933.02458903
2020-01-25 15:00:00+00:00,3420974.83968441
2020-01-25 16:00:00+00:00,3421084.8717137403
2020-01-25 17:00:00+00:00,3421099.02136736
2020-01-25 18:00:00+00:00,3421300.00312546
2020-01-25 19:00:00+00:00,3422302.53299952
2020-01-25 20:00:00+00:00,3422682.34679386
2020-01-25 21:00:00+00:00,3422708.53037841
2020-01-25 22:00:00+00:00,3422763.85899007
2020-01-25 23:00:00+00:00,3422839.16512419
2020-01-26 00:00:00+00:00,3422898.7203745903
2020-01-26 01:00:00+00:00,3421854.60043399
2020-01-26 02:00:00+00:00,3421842.6396264
2020-01-26 03:00:00+00:00,3421862.61846221
2020-01-26 04:00:00+00:00,3422922.42585361
2020-01-26 05:00:00+00:00,3422841.41848777
2020-01-26 06:00:00+00:00,3421874.75596117
2020-01-26 07:00:00+00:00,3422212.26737946
2020-01-26 08:00:00+00:00,3422780.59622611
2020-01-26 09:00:00+00:00,3421919.6909327502
2020-01-26 10:00:00+00:00,3421984.03862948
2020-01-26 11:00:00+00:00,3421949.2291134303
2020-01-26 12:00:00+00:00,3421708.53622917
2020-01-26 13:00:00+00:00,3421713.81630247
2020-01-26 14:00:00+00:00,3421426.83241489
2020-01-26 15:00:00+00:00,3421493.20314839
2020-01-26 16:00:00+00:00,3420152.29559359
2020-01-26 17:00:00+00:00,3420086.22706354
2020-01-26 18:00:00+00:00,3420328.14004438
2020-01-26 19:00:00+00:00,3420524.45774937
2020-01-26 20:00:00+00:00,3420640.52383977
2020-01-26 21:00:00+00:00,3420682.96378287
2020-01-26 22:00:00+00:00,3421658.9748533
2020-01-26 23:00:00+00:00,3421733.59326364
2020-01-27 00:00:00+00:00,3421814.20761036
2020-01-27 01:00:00+00:00,3420817.45541655
2020-01-27 02:00:00+00:00,3420946.95015654
2020-01-27 03:00:00+00:00,3421065.73755725
2020-01-27 04:00:00+00:00,3421184.50990342
2020-01-27 05:00:00+00:00,3421069.93980426
2020-01-27 06:00:00+00:00,3421066.78252492
2020-01-27 07:00:00+00:00,3420657.6379218
2020-01-27 08:00:00+00:00,3420831.5202976
2020-01-27 09:00:00+00:00,3420909.56145894
2020-01-27 10:00:00+00:00,3421459.35408956
2020-01-27 11:00:00+00:00,3421298.61773161
2020-01-27 12:00:00+00:00,3418383.73784069
2020-01-27 13:00:00+00:00,3418368.44959854
2020-01-27 14:00:00+00:00,3416804.50637223
2020-01-27 15:00:00+00:00,3416756.30475253
2020-01-27 16:00:00+00:00,3416960.27983148
2020-01-27 17:00:00+00:00,3415516.1538126003
2020-01-27 18:00:00+00:00,3416511.11083958
2020-01-27 19:00:00+00:00,3416589.55165311
2020-01-27 20:00:00+00:00,3418114.71199475
2020-01-27 21:00:00+00:00,3417711.4924732703
2020-01-27 22:00:00+00:00,3415373.68366247
2020-01-27 23:00:00+00:00,3415521.9457134
2020-01-28 00:00:00+00:00,3415495.26152735
2020-01-28 01:00:00+00:00,3415322.43909245
2020-01-28 02:00:00+00:00,3415639.86829419
2020-01-28 03:00:00+00:00,3416012.84993071
2020-01-28 04:00:00+00:00,3416005.90492397
2020-01-28 05:00:00+00:00,3416240.03576073
2020-01-28 06:00:00+00:00,3415309.75576986
2020-01-28 07:00:00+00:00,3415004.42625544
2020-01-28 08:00:00+00:00,3414673.55230051
2020-01-28 09:00:00+00:00,3414640.00634027
2020-01-28 10:00:00+00:00,3413727.6577251703
2020-01-28 11:00:00+00:00,3413173.89882652
2020-01-28 12:00:00+00:00,3413051.79601928
2020-01-28 13:00:00+00:00,3413694.89533791
2020-01-28 14:00:00+00:00,3414023.5544689503
2020-01-28 15:00:00+00:00,3414437.159443
2020-01-28 16:00:00+00:00,3415423.48763765
2020-01-28 17:00:00+00:00,3415478.91488799
2020-01-28 18:00:00+00:00,3415336.23201507
2020-01-28 19:00:00+00:00,3417608.19581078
2020-01-28 20:00:00+00:00,3414742.23943169
2020-01-28 21:00:00+00:00,3411948.89777424
2020-01-28 22:00:00+00:00,3412362.70104042
2020-01-28 23:00:00+00:00,3412442.85676469
2020-01-29 00:00:00+00:00,3412478.0067446
2020-01-29 01:00:00+00:00,3412404.21641236
2020-01-29 02:00:00+00:00,3414045.90225988
2020-01-29 03:00:00+00:00,3414184.0061625503
2020-01-29 04:00:00+00:00,3413781.74626711
2020-01-29 05:00:00+00:00,3413623.12870965
2020-01-29 06:00:00+00:00,3414161.77771695
2020-01-29 07:00:00+00:00,3414014.19764867
2020-01-29 08:00:00+00:00,3414798.49050642
2020-01-29 09:00:00+00:00,3414128.8646476
2020-01-29 10:00:00+00:00,3413826.27226744
2020-01-29 11:00:00+00:00,3412024.13303144
2020-01-29 12:00:00+00:00,3411310.30819357
2020-01-29 13:00:00+00:00,3411388.24303126
2020-01-29 14:00:00+00:00,3411445.13018058
2020-01-29 15:00:00+00:00,3409762.70397179
2020-01-29 16:00:00+00:00,3409727.39511052
2020-01-29 17:00:00+00:00,3409742.82840881
2020-01-29 18:00:00+00:00,3410728.91366081
2020-01-29 19:00:00+00:00,3409322.02676223
2020-01-29 20:00:00+00:00,3407816.73199945
2020-01-29 21:00:00+00:00,3407051.87750903
2020-01-29 22:00:00+00:00,3407098.67416495
2020-01-29 23:00:00+00:00,3407125.49974661
2020-01-30 00:00:00+00:00,3407181.98610695
2020-01-30 01:00:00+00:00,3407591.0122826
2020-01-30 02:00:00+00:00,3408805.03321471
2020-01-30 03:00:00+00:00,3408497.2481493102
2020-01-30 04:00:00+00:00,3408262.5093280403
2020-01-30 05:00:00+00:00,3408437.48450088
2020-01-30 06:00:00+00:00,3408649.3881977103
2020-01-30 07:00:00+00:00,3408488.67714055
2020-01-30 08:00:00+00:00,3409129.89614608
2020-01-30 09:00:00+00:00,3412141.59145122
2020-01-30 10:00:00+00:00,3412106.41851418
2020-01-30 11:00:00+00:00,3412172.58442904
2020-01-30 12:00:00+00:00,3411910.62140111
2020-01-30 13:00:00+00:00,3412004.23049836
2020-01-30 14:00:00+00:00,3408046.11790952
2020-01-30 15:00:00+00:00,3409322.2240833
2020-01-30 16:00:00+00:00,3410149.59829602
2020-01-30 17:00:00+00:00,3408185.64902919
2020-01-30 18:00:00+00:00,3409780.9910318702
2020-01-30 19:00:00+00:00,3410332.544104
2020-01-30 20:00:00+00:00,3410198.99768568
2020-01-30 21:00:00+00:00,3408232.97719527
2020-01-30 22:00:00+00:00,3407271.66817652
2020-01-30 23:00:00+00:00,3408417.42152085
2020-01-31 00:00:00+00:00,3410548.40073831
2020-01-31 01:00:00+00:00,3410711.64372548
2020-01-31 02:00:00+00:00,3410896.08222986
2020-01-31 03:00:00+00:00,3410963.13120712
2020-01-31 04:00:00+00:00,3411383.17435306
2020-01-31 05:00:00+00:00,3411645.99818817
2020-01-31 06:00:00+00:00,3411966.7957490203
2020-01-31 07:00:00+00:00,3412288.02508054
2020-01-31 08:00:00+00:00,3410279.87484816
2020-01-31 09:00:00+00:00,3411460.1638010703
2020-01-31 10:00:00+00:00,3410027.171343
2020-01-31 11:00:00+00:00,3409289.58676439
2020-01-31 12:00:00+00:00,3410745.73822714
2020-01-31 13:00:00+00:00,3410774.9844334703
2020-01-31 14:00:00+00:00,3410674.58715815
2020-01-31 15:00:00+00:00,3411068.5010877
2020-01-31 16:00:00+00:00,3412418.28910234
2020-01-31 17:00:00+00:00,3413129.40150504
2020-01-31 18:00:00+00:00,3413281.0211167
2020-01-31 19:00:00+00:00,3412891.3130015503
2020-01-31 20:00:00+00:00,3414508.34509798
2020-01-31 21:00:00+00:00,3420059.6494689
2020-01-31 22:00:00+00:00,3421156.81702317
2020-01-31 23:00:00+00:00,3421432.96641045
2020-02-01 00:00:00+00:00,3421264.5930951103
2020-02-01 01:00:00+00:00,3420400.98764097
2020-02-01 02:00:00+00:00,3421017.54611099
2020-02-01 03:00:00+00:00,3420487.79538054
2020-02-01 04:00:00+00:00,3420361.6413693703
2020-02-01 05:00:00+00:00,3419631.94565045
2020-02-01 06:00:00+00:00,3419628.42478526
2020-02-01 07:00:00+00:00,3419763.79383286
2020-02-01 08:00:00+00:00,3419818.9891992803
2020-02-01 09:00:00+00:00,3418784.44065938
2020-02-01 10:00:00+00:00,3418912.83835702
2020-02-01 11:00:00+00:00,3418918.98372611
2020-02-01 12:00:00+00:00,3419005.07423764
2020-02-01 13:00:00+00:00,3419322.74201106
2020-02-01 14:00:00+00:00,3419436.93819683
2020-02-01 15:00:00+00:00,3422503.46324158
2020-02-01 16:00:00+00:00,3423518.84048483
2020-02-01 17:00:00+00:00,3423590.49400807
2020-02-01 18:00:00+00:00,3423645.71366373
2020-02-01 19:00:00+00:00,3423643.3587586903
2020-02-01 20:00:00+00:00,3423659.65577937
2020-02-01 21:00:00+00:00,3423660.2161059
2020-02-01 22:00:00+00:00,3423329.42927556
2020-02-01 23:00:00+00:00,3423629.35915271
2020-02-02 00:00:00+00:00,3423675.12735932
2020-02-02 01:00:00+00:00,3422757.09003448
2020-02-02 02:00:00+00:00,3423058.52103216
2020-02-02 03:00:00+00:00,3422656.57586641
2020-02-02 04:00:00+00:00,3422786.95186241
2020-02-02 05:00:00+00:00,3422881.60187776
2020-02-02 06:00:00+00:00,3412890.36345849
2020-02-02 07:00:00+00:00,3411849.46842389
2020-02-02 08:00:00+00:00,3411840.21763913
2020-02-02 09:00:00+00:00,3412814.4228784903
2020-02-02 10:00:00+00:00,3412803.55697883
2020-02-02 11:00:00+00:00,3412804.1601432
2020-02-02 12:00:00+00:00,3412832.38358989
2020-02-02 13:00:00+00:00,3412262.17909835
2020-02-02 14:00:00+00:00,3413622.803012
2020-02-02 15:00:00+00:00,3412552.75409221
2020-02-02 16:00:00+00:00,3412546.77181822
2020-02-02 17:00:00+00:00,3412528.15468445
2020-02-02 18:00:00+00:00,3412567.81163351
2020-02-02 19:00:00+00:00,3412387.52982896
2020-02-02 20:00:00+00:00,3412422.5458096
2020-02-02 21:00:00+00:00,3412478.30307067
2020-02-02 22:00:00+00:00,3413457.63616589
2020-02-02 23:00:00+00:00,3412414.4420836302
2020-02-03 00:00:00+00:00,3412453.48005412
2020-02-03 01:00:00+00:00,3403306.81216234
2020-02-03 02:00:00+00:00,3405761.438273
2020-02-03 03:00:00+00:00,3405732.76151021
2020-02-03 04:00:00+00:00,3406505.84907452
2020-02-03 05:00:00+00:00,3406904.49116695
2020-02-03 06:00:00+00:00,3405662.79500189
2020-02-03 07:00:00+00:00,3405796.97759235
2020-02-03 08:00:00+00:00,3406038.81962123
2020-02-03 09:00:00+00:00,3405840.9472906203
2020-02-03 10:00:00+00:00,3406578.5345178302
2020-02-03 11:00:00+00:00,3408478.82072504
2020-02-03 12:00:00+00:00,3402369.98432804
2020-02-03 13:00:00+00:00,3402360.86079162
2020-02-03 14:00:00+00:00,3402754.0344884703
2020-02-03 15:00:00+00:00,3403801.28800379
2020-02-03 16:00:00+00:00,3402078.55277773
2020-02-03 17:00:00+00:00,3403116.86943976
2020-02-03 18:00:00+00:00,3404011.64599896
2020-02-03 19:00:00+00:00,3403924.63513763
2020-02-03 20:00:00+00:00,3405364.0146219702
2020-02-03 21:00:00+00:00,3404230.79696154
2020-02-03 22:00:00+00:00,3405305.46212094
2020-02-03 23:00:00+00:00,3404448.0839540903
2020-02-04 00:00:00+00:00,3404529.38424137
2020-02-04 01:00:00+00:00,3415703.6838649
2020-02-04 02:00:00+00:00,3417245.35766191
2020-02-04 03:00:00+00:00,3417258.15730556
2020-02-04 04:00:00+00:00,3417440.1539846603
2020-02-04 05:00:00+00:00,3417511.6345366403
2020-02-04 06:00:00+00:00,3417698.14694175
2020-02-04 07:00:00+00:00,3416774.77971714
2020-02-04 08:00:00+00:00,3417020.71990662
2020-02-04 09:00:00+00:00,3417859.1772629
2020-02-04 10:00:00+00:00,3414401.30573176
2020-02-04 11:00:00+00:00,3414005.0592733603
2020-02-04 12:00:00+00:00,3414208.10104996
2020-02-04 13:00:00+00:00,3413877.78237517
2020-02-04 14:00:00+00:00,3414120.53522169
2020-02-04 15:00:00+00:00,3415393.99522875
2020-02-04 16:00:00+00:00,3413985.56766252
2020-02-04 17:00:00+00:00,3415872.70654692
2020-02-04 18:00:00+00:00,3416756.7599137803
2020-02-04 19:00:00+00:00,3414239.25923894
2020-02-04 20:00:00+00:00,3414637.75229942
2020-02-04 21:00:00+00:00,3412427.36772546
2020-02-04 22:00:00+00:00,3412487.1871412
2020-02-04 23:00:00+00:00,3412421.62447033
2020-02-05 00:00:00+00:00,3413499.69261694
2020-02-05 01:00:00+00:00,3412496.56399291
2020-02-05 02:00:00+00:00,3412198.73331033
2020-02-05 03:00:00+00:00,3412516.0846656403
2020-02-05 04:00:00+00:00,3411647.47877659
2020-02-05 05:00:00+00:00,3411920.57548114
2020-02-05 06:00:00+00:00,3411890.32931387
2020-02-05 07:00:00+00:00,3411978.39786122
2020-02-05 08:00:00+00:00,3410195.80789807
2020-02-05 09:00:00+00:00,3410229.34185806
2020-02-05 10:00:00+00:00,3409966.56857365
2020-02-05 11:00:00+00:00,3410359.43204595
2020-02-05 12:00:00+00:00,3409929.4232482
2020-02-05 13:00:00+00:00,3411817.91711408
2020-02-05 14:00:00+00:00,3412921.89314584
2020-02-05 15:00:00+00:00,3409220.6761764903
2020-02-05 16:00:00+00:00,3411249.3879821403
2020-02-05 17:00:00+00:00,3412131.43257501
2020-02-05 18:00:00+00:00,3410812.89340438
2020-02-05 19:00:00+00:00,3409592.35536583
2020-02-05 20:00:00+00:00,3410361.34496559
2020-02-05 21:00:00+00:00,3411359.83189549
2020-02-05 22:00:00+00:00,3411120.53169265
2020-02-05 23:00:00+00:00,3411686.15278622
2020-02-06 00:00:00+00:00,3409664.24559093
2020-02-06 01:00:00+00:00,3410106.2879007
2020-02-06 02:00:00+00:00,3410610.65555925
2020-02-06 03:00:00+00:00,3410754.3046004903
2020-02-06 04:00:00+00:00,3412305.05035371
2020-02-06 05:00:00+00:00,3412405.00794593
2020-02-06 06:00:00+00:00,3410966.23995736
2020-02-06 07:00:00+00:00,3410114.79588427
2020-02-06 08:00:00+00:00,3409485.8888301603
2020-02-06 09:00:00+00:00,3409652.48583519
2020-02-06 10:00:00+00:00,3410619.57858654
2020-02-06 11:00:00+00:00,3409447.8613137603
2020-02-06 12:00:00+00:00,3410474.48009688
2020-02-06 13:00:00+00:00,3411067.58569485
2020-02-06 14:00:00+00:00,3410430.98612403
2020-02-06 15:00:00+00:00,3410970.35135885
2020-02-06 16:00:00+00:00,3408921.5831501903
2020-02-06 17:00:00+00:00,3410792.75488679
2020-02-06 18:00:00+00:00,3411091.57780618
2020-02-06 19:00:00+00:00,3411273.52166062
2020-02-06 20:00:00+00:00,3407360.16778276
2020-02-06 21:00:00+00:00,3408603.82227776
2020-02-06 22:00:00+00:00,3407573.55093959
2020-02-06 23:00:00+00:00,3408265.99207722
2020-02-07 00:00:00+00:00,3408875.58753027
2020-02-07 01:00:00+00:00,3406841.5293435203
2020-02-07 02:00:00+00:00,3407840.61516744
2020-02-07 03:00:00+00:00,3407977.90764125
2020-02-07 04:00:00+00:00,3407778.1696301303
2020-02-07 05:00:00+00:00,3408652.0961346
2020-02-07 06:00:00+00:00,3408890.74187282
2020-02-07 07:00:00+00:00,3408720.29783586
2020-02-07 08:00:00+00:00,3408505.26452022
2020-02-07 09:00:00+00:00,3408272.07499437
2020-02-07 10:00:00+00:00,3408192.17892865
2020-02-07 11:00:00+00:00,3407766.65257865
2020-02-07 12:00:00+00:00,3407799.84414822
2020-02-07 13:00:00+00:00,3407901.32921785
2020-02-07 14:00:00+00:00,3409356.89717437
2020-02-07 15:00:00+00:00,3408776.48088376
2020-02-07 16:00:00+00:00,3408312.08095568
2020-02-07 17:00:00+00:00,3407309.85699022
2020-02-07 18:00:00+00:00,3407479.55155954
2020-02-07 19:00:00+00:00,3405879.80670998
2020-02-07 20:00:00+00:00,3406052.20786646
2020-02-07 21:00:00+00:00,3409566.13265688
2020-02-07 22:00:00+00:00,3407789.31729915
2020-02-07 23:00:00+00:00,3408038.64981584
2020-02-08 00:00:00+00:00,3409405.55665177
2020-02-08 01:00:00+00:00,3409518.81164178
2020-02-08 02:00:00+00:00,3409529.09508005
2020-02-08 03:00:00+00:00,3409631.92621866
2020-02-08 04:00:00+00:00,3427079.23494113
2020-02-08 05:00:00+00:00,3428233.63710559
2020-02-08 06:00:00+00:00,3427431.12191012
2020-02-08 07:00:00+00:00,3427257.86898658
2020-02-08 08:00:00+00:00,3427605.34358776
2020-02-08 09:00:00+00:00,3428095.08231022
2020-02-08 10:00:00+00:00,3429597.7649311
2020-02-08 11:00:00+00:00,3429666.10024154
2020-02-08 12:00:00+00:00,3429804.73797953
2020-02-08 13:00:00+00:00,3429883.15639574
2020-02-08 14:00:00+00:00,3429907.09912773
2020-02-08 15:00:00+00:00,3431030.5463435203
2020-02-08 16:00:00+00:00,3430971.19842291
2020-02-08 17:00:00+00:00,3431012.50748221
2020-02-08 18:00:00+00:00,3431239.88991978
2020-02-08 19:00:00+00:00,3431230.04943482
2020-02-08 20:00:00+00:00,3431322.13029239
2020-02-08 21:00:00+00:00,3431330.91249989
2020-02-08 22:00:00+00:00,3431476.20743659
2020-02-08 23:00:00+00:00,3431502.15334569
2020-02-09 00:00:00+00:00,3431519.10380942
2020-02-09 01:00:00+00:00,3431018.38239698
2020-02-09 02:00:00+00:00,3431196.61128684
2020-02-09 03:00:00+00:00,3431229.64479672
2020-02-09 04:00:00+00:00,3431027.86696376
2020-02-09 05:00:00+00:00,3431378.65994836
2020-02-09 06:00:00+00:00,3431519.86435694
2020-02-09 07:00:00+00:00,3433013.0068376
2020-02-09 08:00:00+00:00,3432712.67482319
2020-02-09 09:00:00+00:00,3434728.61781268
2020-02-09 10:00:00+00:00,3434975.6266679303
2020-02-09 11:00:00+00:00,3433722.05556648
2020-02-09 12:00:00+00:00,3433899.1637063
2020-02-09 13:00:00+00:00,3435165.6199413403
2020-02-09 14:00:00+00:00,3435500.16024992
2020-02-09 15:00:00+00:00,3434681.87464879
2020-02-09 16:00:00+00:00,3435580.05457799
2020-02-09 17:00:00+00:00,3435564.89808171
2020-02-09 18:00:00+00:00,3435422.36072384
2020-02-09 19:00:00+00:00,3436484.64723894
2020-02-09 20:00:00+00:00,3436495.96191398
2020-02-09 21:00:00+00:00,3435539.66207481
2020-02-09 22:00:00+00:00,3434973.57382567
2020-02-09 23:00:00+00:00,3435122.85413365
2020-02-10 00:00:00+00:00,3435143.42896424
2020-02-10 01:00:00+00:00,3434867.15063794
2020-02-10 02:00:00+00:00,3434874.7305434
2020-02-10 03:00:00+00:00,3435237.10262878
2020-02-10 04:00:00+00:00,3436457.48598188
2020-02-10 05:00:00+00:00,3436226.75693813
2020-02-10 06:00:00+00:00,3435855.2957954803
2020-02-10 07:00:00+00:00,3435864.96870141
2020-02-10 08:00:00+00:00,3437672.89861148
2020-02-10 09:00:00+00:00,3436190.14994844
2020-02-10 10:00:00+00:00,3436035.28894987
2020-02-10 11:00:00+00:00,3436297.90851173
2020-02-10 12:00:00+00:00,3434416.73155359
2020-02-10 13:00:00+00:00,3434505.68734125
2020-02-10 14:00:00+00:00,3429140.39272667
2020-02-10 15:00:00+00:00,3419374.43663754
2020-02-10 16:00:00+00:00,3420884.9848310603
2020-02-10 17:00:00+00:00,3418655.9527035803
2020-02-10 18:00:00+00:00,3420211.15301572
2020-02-10 19:00:00+00:00,3420725.3430966903
2020-02-10 20:00:00+00:00,3420494.74618646
2020-02-10 21:00:00+00:00,3420038.75858738
2020-02-10 22:00:00+00:00,3420362.78244148
2020-02-10 23:00:00+00:00,3419216.11816963
2020-02-11 00:00:00+00:00,3419332.9868475
2020-02-11 01:00:00+00:00,3417819.1764443703
2020-02-11 02:00:00+00:00,3418775.90585568
2020-02-11 03:00:00+00:00,3421689.94714381
2020-02-11 04:00:00+00:00,3422869.05689994
2020-02-11 05:00:00+00:00,3422669.9372061803
2020-02-11 06:00:00+00:00,3423196.0943328203
2020-02-11 07:00:00+00:00,3422783.92358006
2020-02-11 08:00:00+00:00,3421181.93256932
2020-02-11 09:00:00+00:00,3410913.82035053
2020-02-11 10:00:00+00:00,3410729.70403087
2020-02-11 11:00:00+00:00,3410654.07323972
2020-02-11 12:00:00+00:00,3410653.33638919
2020-02-11 13:00:00+00:00,3412728.35105005
2020-02-11 14:00:00+00:00,3413823.45252199
2020-02-11 15:00:00+00:00,3413324.89116562
2020-02-11 16:00:00+00:00,3413946.81875067
2020-02-11 17:00:00+00:00,3415000.59621206
2020-02-11 18:00:00+00:00,3414826.45669055
2020-02-11 19:00:00+00:00,3415730.06357704
2020-02-11 20:00:00+00:00,3420457.69066696
2020-02-11 21:00:00+00:00,3421276.52355075
2020-02-11 22:00:00+00:00,3418879.7753851702
2020-02-11 23:00:00+00:00,3407615.3626034
2020-02-12 00:00:00+00:00,3405808.66948236
2020-02-12 01:00:00+00:00,3406161.94224603
2020-02-12 02:00:00+00:00,3407760.4084728
2020-02-12 03:00:00+00:00,3407318.0175599703
2020-02-12 04:00:00+00:00,3405371.47458856
2020-02-12 05:00:00+00:00,3404251.3855987103
2020-02-12 06:00:00+00:00,3404364.2342174603
2020-02-12 07:00:00+00:00,3405490.86723223
2020-02-12 08:00:00+00:00,3402392.9050498
2020-02-12 09:00:00+00:00,3403295.03758306
2020-02-12 10:00:00+00:00,3403233.06236309
2020-02-12 11:00:00+00:00,3403375.00790076
2020-02-12 12:00:00+00:00,3402949.97259975
2020-02-12 13:00:00+00:00,3402898.25517552
2020-02-12 14:00:00+00:00,3402539.5658763302
2020-02-12 15:00:00+00:00,3402148.0891399803
2020-02-12 16:00:00+00:00,3401941.50756354
2020-02-12 17:00:00+00:00,3402383.75180342
2020-02-12 18:00:00+00:00,3401217.65111011
2020-02-12 19:00:00+00:00,3400726.88918398
2020-02-12 20:00:00+00:00,3400379.76003967
2020-02-12 21:00:00+00:00,3399502.99385925
2020-02-12 22:00:00+00:00,3397684.9566533403
2020-02-12 23:00:00+00:00,3394128.4062205
2020-02-13 00:00:00+00:00,3394287.9167539403
2020-02-13 01:00:00+00:00,3394428.0154763
2020-02-13 02:00:00+00:00,3394238.15294362
2020-02-13 03:00:00+00:00,3392962.09878906
2020-02-13 04:00:00+00:00,3392136.24124822
2020-02-13 05:00:00+00:00,3392634.28456787
2020-02-13 06:00:00+00:00,3392529.88963303
2020-02-13 07:00:00+00:00,3391677.00864485
2020-02-13 08:00:00+00:00,3391960.31045943
2020-02-13 09:00:00+00:00,3391567.39469899
2020-02-13 10:00:00+00:00,3390405.42504261
2020-02-13 11:00:00+00:00,3389912.74839587
2020-02-13 12:00:00+00:00,3390129.84739722
2020-02-13 13:00:00+00:00,3391359.33958934
2020-02-13 14:00:00+00:00,3391984.70359343
2020-02-13 15:00:00+00:00,3391013.17682106
2020-02-13 16:00:00+00:00,3390766.61506182
2020-02-13 17:00:00+00:00,3387841.0384831503
2020-02-13 18:00:00+00:00,3386557.2399976803
2020-02-13 19:00:00+00:00,3386594.74255696
2020-02-13 20:00:00+00:00,3386672.94995554
2020-02-13 21:00:00+00:00,3388183.0341445203
2020-02-13 22:00:00+00:00,3388297.83585802
2020-02-13 23:00:00+00:00,3388561.27356614
2020-02-14 00:00:00+00:00,3389028.42188472
2020-02-14 01:00:00+00:00,3389214.33652672
2020-02-14 02:00:00+00:00,3389793.05587145
2020-02-14 03:00:00+00:00,3389536.36505017
2020-02-14 04:00:00+00:00,3391049.3819998302
2020-02-14 05:00:00+00:00,3391299.0708302
2020-02-14 06:00:00+00:00,3390318.69395994
2020-02-14 07:00:00+00:00,3390025.47784281
2020-02-14 08:00:00+00:00,3391106.61866338
2020-02-14 09:00:00+00:00,3392210.91216168
2020-02-14 10:00:00+00:00,3392094.06207924
2020-02-14 11:00:00+00:00,3392104.31347835
2020-02-14 12:00:00+00:00,3391182.33378775
2020-02-14 13:00:00+00:00,3390719.19565038
2020-02-14 14:00:00+00:00,3391548.2128821
2020-02-14 15:00:00+00:00,3391055.64738787
2020-02-14 16:00:00+00:00,3393030.83227317
2020-02-14 17:00:00+00:00,3393789.19788351
2020-02-14 18:00:00+00:00,3395257.71932709
2020-02-14 19:00:00+00:00,3397342.3876409302
2020-02-14 20:00:00+00:00,3398528.03146799
2020-02-14 21:00:00+00:00,3399732.28143562
2020-02-14 22:00:00+00:00,3398916.5776405702
2020-02-14 23:00:00+00:00,3398848.5114316
2020-02-15 00:00:00+00:00,3398284.29490168
2020-02-15 01:00:00+00:00,3397900.8417742
2020-02-15 02:00:00+00:00,3401581.11700941
2020-02-15 03:00:00+00:00,3401658.4266645
2020-02-15 04:00:00+00:00,3401647.2336952
2020-02-15 05:00:00+00:00,3401762.83304107
2020-02-15 06:00:00+00:00,3400668.58986132
2020-02-15 07:00:00+00:00,3401197.51186442
2020-02-15 08:00:00+00:00,3400929.19598791
2020-02-15 09:00:00+00:00,3399932.73155521
2020-02-15 10:00:00+00:00,3409387.24081603
2020-02-15 11:00:00+00:00,3409500.75732801
2020-02-15 12:00:00+00:00,3410616.5785037
2020-02-15 13:00:00+00:00,3410692.8095026603
2020-02-15 14:00:00+00:00,3409244.16903724
2020-02-15 15:00:00+00:00,3409745.63099383
2020-02-15 16:00:00+00:00,3409553.39042947
2020-02-15 17:00:00+00:00,3410537.7032943
2020-02-15 18:00:00+00:00,3410713.05091706
2020-02-15 19:00:00+00:00,3410154.87198894
2020-02-15 20:00:00+00:00,3410179.1710173
2020-02-15 21:00:00+00:00,3410025.40097517
2020-02-15 22:00:00+00:00,3410061.95747025
2020-02-15 23:00:00+00:00,3409765.65038565
2020-02-16 00:00:00+00:00,3410916.7215377903
2020-02-16 01:00:00+00:00,3410975.8744511902
2020-02-16 02:00:00+00:00,3411622.29956643
2020-02-16 03:00:00+00:00,3411559.3128006603
2020-02-16 04:00:00+00:00,3411831.49528412
2020-02-16 05:00:00+00:00,3411888.29256474
2020-02-16 06:00:00+00:00,3411914.30179821
2020-02-16 07:00:00+00:00,3411951.1502229
2020-02-16 08:00:00+00:00,3411952.56161247
2020-02-16 09:00:00+00:00,3412300.53138226
2020-02-16 10:00:00+00:00,3412926.86514391
2020-02-16 11:00:00+00:00,3413962.89019356
2020-02-16 12:00:00+00:00,3414026.11654662
2020-02-16 13:00:00+00:00,3414869.87156081
2020-02-16 14:00:00+00:00,3415058.9921934903
2020-02-16 15:00:00+00:00,3413797.7353568203
2020-02-16 16:00:00+00:00,3413555.06468845
2020-02-16 17:00:00+00:00,3413683.0576718003
2020-02-16 18:00:00+00:00,3412420.3869397403
2020-02-16 19:00:00+00:00,3413676.35880029
2020-02-16 20:00:00+00:00,3413677.29528417
2020-02-16 21:00:00+00:00,3411780.6712313
2020-02-16 22:00:00+00:00,3411782.36904883
2020-02-16 23:00:00+00:00,3411776.79308641
2020-02-17 00:00:00+00:00,3411687.20433098
2020-02-17 01:00:00+00:00,3410724.94657119
2020-02-17 02:00:00+00:00,3410764.25130956
2020-02-17 03:00:00+00:00,3410924.30199824
2020-02-17 04:00:00+00:00,3411019.13498666
2020-02-17 05:00:00+00:00,3408590.4995291
2020-02-17 06:00:00+00:00,3409532.9800063
2020-02-17 07:00:00+00:00,3407355.53859591
2020-02-17 08:00:00+00:00,3408418.68156111
2020-02-17 09:00:00+00:00,3408487.9733257
2020-02-17 10:00:00+00:00,3408297.9220860703
2020-02-17 11:00:00+00:00,3408393.46107514
2020-02-17 12:00:00+00:00,3407199.67706273
2020-02-17 13:00:00+00:00,3407029.46723645
2020-02-17 14:00:00+00:00,3406186.55684735
2020-02-17 15:00:00+00:00,3410102.64146669
2020-02-17 16:00:00+00:00,3410483.92272603
2020-02-17 17:00:00+00:00,3411071.08076804
2020-02-17 18:00:00+00:00,3413322.78139654
2020-02-17 19:00:00+00:00,3413904.61541053
2020-02-17 20:00:00+00:00,3414940.23456441
2020-02-17 21:00:00+00:00,3414776.97707865
2020-02-17 22:00:00+00:00,3404007.64788422
2020-02-17 23:00:00+00:00,3404114.12850644
2020-02-18 00:00:00+00:00,3404054.2295492003
2020-02-18 01:00:00+00:00,3404173.24058061
2020-02-18 02:00:00+00:00,3404236.92574127
2020-02-18 03:00:00+00:00,3394166.61342034
2020-02-18 04:00:00+00:00,3394624.82404166
2020-02-18 05:00:00+00:00,3393523.13195004
2020-02-18 06:00:00+00:00,3393569.59344691
2020-02-18 07:00:00+00:00,3393849.28322058
2020-02-18 08:00:00+00:00,3393315.8459273
2020-02-18 09:00:00+00:00,3394461.84593951
2020-02-18 10:00:00+00:00,3394397.61817779
2020-02-18 11:00:00+00:00,3394303.5305983
2020-02-18 12:00:00+00:00,3390558.48019895
2020-02-18 13:00:00+00:00,3390966.9209347703
2020-02-18 14:00:00+00:00,3390292.50369057
2020-02-18 15:00:00+00:00,3392347.50882404
2020-02-18 16:00:00+00:00,3390970.30400891
2020-02-18 17:00:00+00:00,3389238.6112638903
2020-02-18 18:00:00+00:00,3400289.43503614
2020-02-18 19:00:00+00:00,3397743.52225242
2020-02-18 20:00:00+00:00,3397226.71415899
2020-02-18 21:00:00+00:00,3397130.82181497
2020-02-18 22:00:00+00:00,3397534.22833429
2020-02-18 23:00:00+00:00,3387462.8767481702
2020-02-19 00:00:00+00:00,3387509.61980471
2020-02-19 01:00:00+00:00,3387717.7442891
2020-02-19 02:00:00+00:00,3388084.3058674103
2020-02-19 03:00:00+00:00,3387866.49300014
2020-02-19 04:00:00+00:00,3387814.64144492
2020-02-19 05:00:00+00:00,3388248.2039305
2020-02-19 06:00:00+00:00,3387036.62556606
2020-02-19 07:00:00+00:00,3386840.75348732
2020-02-19 08:00:00+00:00,3387980.3218151303
2020-02-19 09:00:00+00:00,3387964.49007487
2020-02-19 10:00:00+00:00,3387843.54163021
2020-02-19 11:00:00+00:00,3387127.69597714
2020-02-19 12:00:00+00:00,3387194.08507794
2020-02-19 13:00:00+00:00,3387240.78178519
2020-02-19 14:00:00+00:00,3386321.48101144
2020-02-19 15:00:00+00:00,3386200.3779515
2020-02-19 16:00:00+00:00,3386187.18947986
2020-02-19 17:00:00+00:00,3387197.97265779
2020-02-19 18:00:00+00:00,3387487.94296306
2020-02-19 19:00:00+00:00,3387115.42801785
2020-02-19 20:00:00+00:00,3387444.26894056
2020-02-19 21:00:00+00:00,3386160.9784961003
2020-02-19 22:00:00+00:00,3396085.45072703
2020-02-19 23:00:00+00:00,3397364.12442981
2020-02-20 00:00:00+00:00,3398283.94814666
2020-02-20 01:00:00+00:00,3396786.62124616
2020-02-20 02:00:00+00:00,3396751.48663273
2020-02-20 03:00:00+00:00,3393069.74707247
2020-02-20 04:00:00+00:00,3392116.131849
2020-02-20 05:00:00+00:00,3393844.05832382
2020-02-20 06:00:00+00:00,3393617.96990912
2020-02-20 07:00:00+00:00,3393329.9867610503
2020-02-20 08:00:00+00:00,3393204.84510366
2020-02-20 09:00:00+00:00,3393207.16684514
2020-02-20 10:00:00+00:00,3393201.89156137
2020-02-20 11:00:00+00:00,3392909.6460488
2020-02-20 12:00:00+00:00,3402786.82210859
2020-02-20 13:00:00+00:00,3404722.31224161
2020-02-20 14:00:00+00:00,3405066.29733835
2020-02-20 15:00:00+00:00,3404216.230507
2020-02-20 16:00:00+00:00,3401108.3401409
2020-02-20 17:00:00+00:00,3402913.80667179
2020-02-20 18:00:00+00:00,3404938.62639168
2020-02-20 19:00:00+00:00,3405368.60263305
2020-02-20 20:00:00+00:00,3405328.41868246
2020-02-20 21:00:00+00:00,3407500.24405753
2020-02-20 22:00:00+00:00,3406442.74499328
2020-02-20 23:00:00+00:00,3406506.02693851
2020-02-21 00:00:00+00:00,3406968.25859269
2020-02-21 01:00:00+00:00,3406039.31032586
2020-02-21 02:00:00+00:00,3406132.54196264
2020-02-21 03:00:00+00:00,3406165.6726282
2020-02-21 04:00:00+00:00,3406855.52375736
2020-02-21 05:00:00+00:00,3406883.3123855
2020-02-21 06:00:00+00:00,3406876.11724192
2020-02-21 07:00:00+00:00,3407036.97109603
2020-02-21 08:00:00+00:00,3405067.1374418
2020-02-21 09:00:00+00:00,3414532.8153768103
2020-02-21 10:00:00+00:00,3404753.41907749
2020-02-21 11:00:00+00:00,3403881.59578025
2020-02-21 12:00:00+00:00,3405026.49125098
2020-02-21 13:00:00+00:00,3405754.01293043
2020-02-21 14:00:00+00:00,3403551.53558322
2020-02-21 15:00:00+00:00,3403123.97710943
2020-02-21 16:00:00+00:00,3402882.8034274
2020-02-21 17:00:00+00:00,3403849.03286575
2020-02-21 18:00:00+00:00,3404961.71628172
2020-02-21 19:00:00+00:00,3406305.1468529203
2020-02-21 20:00:00+00:00,3405465.67187808
2020-02-21 21:00:00+00:00,3408225.28426383
2020-02-21 22:00:00+00:00,3400016.55673421
2020-02-21 23:00:00+00:00,3400067.0604687
2020-02-22 00:00:00+00:00,3398522.33150933
2020-02-22 01:00:00+00:00,3398542.79378791
2020-02-22 02:00:00+00:00,3398618.1957389303
2020-02-22 03:00:00+00:00,3398413.76454417
2020-02-22 04:00:00+00:00,3388914.75945062
2020-02-22 05:00:00+00:00,3388987.58970064
2020-02-22 06:00:00+00:00,3388981.91598449
2020-02-22 07:00:00+00:00,3387950.26807316
2020-02-22 08:00:00+00:00,3387005.71871793
2020-02-22 09:00:00+00:00,3387050.45585445
2020-02-22 10:00:00+00:00,3386948.41276823
2020-02-22 11:00:00+00:00,3387013.6763770003
2020-02-22 12:00:00+00:00,3386945.61654857
2020-02-22 13:00:00+00:00,3386670.5014688
2020-02-22 14:00:00+00:00,3386586.43399849
2020-02-22 15:00:00+00:00,3386645.09085143
2020-02-22 16:00:00+00:00,3387616.22417364
2020-02-22 17:00:00+00:00,3387607.84471021
2020-02-22 18:00:00+00:00,3387707.2779428703
2020-02-22 19:00:00+00:00,3387726.04956718
2020-02-22 20:00:00+00:00,3388971.17531376
2020-02-22 21:00:00+00:00,3388426.82981205
2020-02-22 22:00:00+00:00,3388434.36451936
2020-02-22 23:00:00+00:00,3388450.6156265503
2020-02-23 00:00:00+00:00,3385947.5551341
2020-02-23 01:00:00+00:00,3386042.19915489
2020-02-23 02:00:00+00:00,3386179.0563824503
2020-02-23 03:00:00+00:00,3385951.20068949
2020-02-23 04:00:00+00:00,3388317.69144226
2020-02-23 05:00:00+00:00,3388440.6547037
2020-02-23 06:00:00+00:00,3388447.5170937
2020-02-23 07:00:00+00:00,3387440.10295208
2020-02-23 08:00:00+00:00,3384798.56808916
2020-02-23 09:00:00+00:00,3384766.99066084
2020-02-23 10:00:00+00:00,3384815.00308323
2020-02-23 11:00:00+00:00,3386295.12260692
2020-02-23 12:00:00+00:00,3386393.99819276
2020-02-23 13:00:00+00:00,3386426.70687804
2020-02-23 14:00:00+00:00,3386502.8380942
2020-02-23 15:00:00+00:00,3385347.0761159803
2020-02-23 16:00:00+00:00,3385404.80104996
2020-02-23 17:00:00+00:00,3386674.18650976
2020-02-23 18:00:00+00:00,3387680.1703513702
2020-02-23 19:00:00+00:00,3387698.45526379
2020-02-23 20:00:00+00:00,3386557.81059585
2020-02-23 21:00:00+00:00,3386563.60457299
2020-02-23 22:00:00+00:00,3386588.37428009
2020-02-23 23:00:00+00:00,3386638.92265656
2020-02-24 00:00:00+00:00,3387842.87733745
2020-02-24 01:00:00+00:00,3387938.64242679
2020-02-24 02:00:00+00:00,3386650.81878486
2020-02-24 03:00:00+00:00,3386516.96674891
2020-02-24 04:00:00+00:00,3387003.95366741
2020-02-24 05:00:00+00:00,3396932.50164255
2020-02-24 06:00:00+00:00,3388241.1546513
2020-02-24 07:00:00+00:00,3388085.06742596
2020-02-24 08:00:00+00:00,3399215.09044552
2020-02-24 09:00:00+00:00,3399346.21277617
2020-02-24 10:00:00+00:00,3399541.13193882
2020-02-24 11:00:00+00:00,3399338.80507608
2020-02-24 12:00:00+00:00,3395976.66509945
2020-02-24 13:00:00+00:00,3397250.25932647
2020-02-24 14:00:00+00:00,3407895.57267663
2020-02-24 15:00:00+00:00,3406883.6034506103
2020-02-24 16:00:00+00:00,3407046.89561464
2020-02-24 17:00:00+00:00,3408307.17376346
2020-02-24 18:00:00+00:00,3407036.70002603
2020-02-24 19:00:00+00:00,3405338.27322709
2020-02-24 20:00:00+00:00,3406266.88667995
2020-02-24 21:00:00+00:00,3406756.63202002
2020-02-24 22:00:00+00:00,3406760.9513828
2020-02-24 23:00:00+00:00,3407017.43807129
2020-02-25 00:00:00+00:00,3405498.0776262
2020-02-25 01:00:00+00:00,3405578.45990645
2020-02-25 02:00:00+00:00,3404391.89569776
2020-02-25 03:00:00+00:00,3404805.61955048
2020-02-25 04:00:00+00:00,3404985.91853393
2020-02-25 05:00:00+00:00,3404724.00110395
2020-02-25 06:00:00+00:00,3404511.45560633
2020-02-25 07:00:00+00:00,3403350.15555992
2020-02-25 08:00:00+00:00,3403480.76897189
2020-02-25 09:00:00+00:00,3402866.7202057103
2020-02-25 10:00:00+00:00,3404422.41950949
2020-02-25 11:00:00+00:00,3404338.85442577
2020-02-25 12:00:00+00:00,3403002.57633535
2020-02-25 13:00:00+00:00,3402987.15960702
2020-02-25 14:00:00+00:00,3404210.58538996
2020-02-25 15:00:00+00:00,3404271.28537555
2020-02-25 16:00:00+00:00,3405470.34145516
2020-02-25 17:00:00+00:00,3401628.9563754
2020-02-25 18:00:00+00:00,3400310.11127159
2020-02-25 19:00:00+00:00,3400898.77649504
2020-02-25 20:00:00+00:00,3400980.2603087
2020-02-25 21:00:00+00:00,3401112.74358523
2020-02-25 22:00:00+00:00,3401171.08819048
2020-02-25 23:00:00+00:00,3401131.43158818
2020-02-26 00:00:00+00:00,3401148.66299937
2020-02-26 01:00:00+00:00,3401753.80949482
2020-02-26 02:00:00+00:00,3402012.91166734
2020-02-26 03:00:00+00:00,3402203.02899337
2020-02-26 04:00:00+00:00,3402249.11460607
2020-02-26 05:00:00+00:00,3403575.46696297
2020-02-26 06:00:00+00:00,3402578.09473459
2020-02-26 07:00:00+00:00,3402249.4583874303
2020-02-26 08:00:00+00:00,3402170.8920868
2020-02-26 09:00:00+00:00,3402918.3410542803
2020-02-26 10:00:00+00:00,3402990.87864029
2020-02-26 11:00:00+00:00,3402947.36113456
2020-02-26 12:00:00+00:00,3403885.93546659
2020-02-26 13:00:00+00:00,3403711.14113374
2020-02-26 14:00:00+00:00,3401576.64817016
2020-02-26 15:00:00+00:00,3401449.42947989
2020-02-26 16:00:00+00:00,3402540.75580074
2020-02-26 17:00:00+00:00,3400540.3972802
2020-02-26 18:00:00+00:00,3402254.14290517
2020-02-26 19:00:00+00:00,3404069.17952048
2020-02-26 20:00:00+00:00,3400795.48884841
2020-02-26 21:00:00+00:00,3401151.67944484
2020-02-26 22:00:00+00:00,3401736.3592703403
2020-02-26 23:00:00+00:00,3402381.45404726
2020-02-27 00:00:00+00:00,3402244.29433099
2020-02-27 01:00:00+00:00,3401927.40900196
2020-02-27 02:00:00+00:00,3401832.49803699
2020-02-27 03:00:00+00:00,3402194.26522343
2020-02-27 04:00:00+00:00,3402256.38930434
2020-02-27 05:00:00+00:00,3402249.13329246
2020-02-27 06:00:00+00:00,3399365.1224272302
2020-02-27 07:00:00+00:00,3399395.0954743503
2020-02-27 08:00:00+00:00,3398415.44666699
2020-02-27 09:00:00+00:00,3398389.30623491
2020-02-27 10:00:00+00:00,3398039.31233991
2020-02-27 11:00:00+00:00,3398050.60145665
2020-02-27 12:00:00+00:00,3397890.01639685
2020-02-27 13:00:00+00:00,3398206.19921586
2020-02-27 14:00:00+00:00,3398251.7309895903
2020-02-27 15:00:00+00:00,3401270.18171194
2020-02-27 16:00:00+00:00,3401304.53223272
2020-02-27 17:00:00+00:00,3401979.08618813
2020-02-27 18:00:00+00:00,3401942.36457038
2020-02-27 19:00:00+00:00,3399466.17361612
2020-02-27 20:00:00+00:00,3400534.71097035
2020-02-27 21:00:00+00:00,3400476.58620371
2020-02-27 22:00:00+00:00,3399547.1255931403
2020-02-27 23:00:00+00:00,3399598.9306991003
2020-02-28 00:00:00+00:00,3402546.79187521
2020-02-28 01:00:00+00:00,3402551.39916708
2020-02-28 02:00:00+00:00,3404315.56706907
2020-02-28 03:00:00+00:00,3403552.97904828
2020-02-28 04:00:00+00:00,3404888.59852196
2020-02-28 05:00:00+00:00,3404971.6586545203
2020-02-28 06:00:00+00:00,3406325.12496205
2020-02-28 07:00:00+00:00,3406197.58869238
2020-02-28 08:00:00+00:00,3404938.74855734
2020-02-28 09:00:00+00:00,3405104.08045111
2020-02-28 10:00:00+00:00,3405044.7719995
2020-02-28 11:00:00+00:00,3406065.2260371
2020-02-28 12:00:00+00:00,3406053.63121396
2020-02-28 13:00:00+00:00,3407441.3335604
2020-02-28 14:00:00+00:00,3403968.96852464
2020-02-28 15:00:00+00:00,3405060.12512955
2020-02-28 16:00:00+00:00,3405992.48893612
2020-02-28 17:00:00+00:00,3406217.71428117
2020-02-28 18:00:00+00:00,3404312.18440497
2020-02-28 19:00:00+00:00,3403371.99938971
2020-02-28 20:00:00+00:00,3404940.9146570703
2020-02-28 21:00:00+00:00,3406861.97652729
2020-02-28 22:00:00+00:00,3407223.33963115
2020-02-28 23:00:00+00:00,3407626.25046841
2020-02-29 00:00:00+00:00,3407515.50493425
2020-02-29 01:00:00+00:00,3407318.97240955
2020-02-29 02:00:00+00:00,3407615.84713644
2020-02-29 03:00:00+00:00,3407895.38934232
2020-02-29 04:00:00+00:00,3407980.97762275
2020-02-29 05:00:00+00:00,3408049.0063381703
2020-02-29 06:00:00+00:00,3408120.47411261
2020-02-29 07:00:00+00:00,3408147.50621361
2020-02-29 08:00:00+00:00,3408130.30833718
2020-02-29 09:00:00+00:00,3408151.92578234
2020-02-29 10:00:00+00:00,3408155.04866829
2020-02-29 11:00:00+00:00,3408201.94970797
2020-02-29 12:00:00+00:00,3407864.39883661
2020-02-29 13:00:00+00:00,3408000.82836923
2020-02-29 14:00:00+00:00,3410517.27265769
2020-02-29 15:00:00+00:00,3410537.32671359
2020-02-29 16:00:00+00:00,3410868.36986239
2020-02-29 17:00:00+00:00,3410921.13191867
2020-02-29 18:00:00+00:00,3410973.63249149
2020-02-29 19:00:00+00:00,3410994.24118627
2020-02-29 20:00:00+00:00,3411028.35627746
2020-02-29 21:00:00+00:00,3411150.17280729
2020-02-29 22:00:00+00:00,3411139.74280206
2020-02-29 23:00:00+00:00,3411204.33060211
2020-03-01 00:00:00+00:00,3411206.01983432
2020-03-01 01:00:00+00:00,3411042.68569438
2020-03-01 02:00:00+00:00,3411046.09637688
2020-03-01 03:00:00+00:00,3411941.06395332
2020-03-01 04:00:00+00:00,3413003.43638329
2020-03-01 05:00:00+00:00,3413290.78452134
2020-03-01 06:00:00+00:00,3413375.97175467
2020-03-01 07:00:00+00:00,3413452.9535228303
2020-03-01 08:00:00+00:00,3413415.5480888803
2020-03-01 09:00:00+00:00,3413489.31465322
2020-03-01 10:00:00+00:00,3414529.56160183
2020-03-01 11:00:00+00:00,3414605.4271910703
2020-03-01 12:00:00+00:00,3414600.31095884
2020-03-01 13:00:00+00:00,3414290.17339548
2020-03-01 14:00:00+00:00,3414290.29743414
2020-03-01 15:00:00+00:00,3414293.85115648
2020-03-01 16:00:00+00:00,3413831.39141752
2020-03-01 17:00:00+00:00,3414749.47318587
2020-03-01 18:00:00+00:00,3414766.89276084
2020-03-01 19:00:00+00:00,3414792.66831677
2020-03-01 20:00:00+00:00,3412981.26398798
2020-03-01 21:00:00+00:00,3413014.8442046
2020-03-01 22:00:00+00:00,3413058.0238180603
2020-03-01 23:00:00+00:00,3413124.08808674
2020-03-02 00:00:00+00:00,3403300.11393002
2020-03-02 01:00:00+00:00,3403263.8392988
2020-03-02 02:00:00+00:00,3403123.72313161
2020-03-02 03:00:00+00:00,3403239.55225977
2020-03-02 04:00:00+00:00,3402872.25642628
2020-03-02 05:00:00+00:00,3402539.02778021
2020-03-02 06:00:00+00:00,3402250.45486004
2020-03-02 07:00:00+00:00,3402273.73732154
2020-03-02 08:00:00+00:00,3402352.53854238
2020-03-02 09:00:00+00:00,3412434.12678678
2020-03-02 10:00:00+00:00,3412122.05182742
2020-03-02 11:00:00+00:00,3412297.84040435
2020-03-02 12:00:00+00:00,3409216.05167557
2020-03-02 13:00:00+00:00,3407953.02283406
2020-03-02 14:00:00+00:00,3406312.98626843
2020-03-02 15:00:00+00:00,3406475.10775659
2020-03-02 16:00:00+00:00,3408295.5921624
2020-03-02 17:00:00+00:00,3408920.66945432
2020-03-02 18:00:00+00:00,3409061.79395883
2020-03-02 19:00:00+00:00,3406778.28903716
2020-03-02 20:00:00+00:00,3406943.65212592
2020-03-02 21:00:00+00:00,3408358.6306097
2020-03-02 22:00:00+00:00,3405375.18623373
2020-03-02 23:00:00+00:00,3405837.67405903
2020-03-03 00:00:00+00:00,3405801.08744625
2020-03-03 01:00:00+00:00,3404366.75650005
2020-03-03 02:00:00+00:00,3404418.05400331
2020-03-03 03:00:00+00:00,3405566.82378132
2020-03-03 04:00:00+00:00,3405604.96362257
2020-03-03 05:00:00+00:00,3407411.5447292
2020-03-03 06:00:00+00:00,3408813.72365432
2020-03-03 07:00:00+00:00,3409013.67869212
2020-03-03 08:00:00+00:00,3407862.31767834
2020-03-03 09:00:00+00:00,3406380.37985876
2020-03-03 10:00:00+00:00,3407323.48276425
2020-03-03 11:00:00+00:00,3417563.15911546
2020-03-03 12:00:00+00:00,3417799.49855219
2020-03-03 13:00:00+00:00,3418285.9687415003
2020-03-03 14:00:00+00:00,3418507.44823681
2020-03-03 15:00:00+00:00,3419033.6149479
2020-03-03 16:00:00+00:00,3419076.7108345903
2020-03-03 17:00:00+00:00,3419394.22188762
2020-03-03 18:00:00+00:00,3423642.8030409003
2020-03-03 19:00:00+00:00,3422033.8463518303
2020-03-03 20:00:00+00:00,3420964.7101423102
2020-03-03 21:00:00+00:00,3419788.01003765
2020-03-03 22:00:00+00:00,3420352.08156556
2020-03-03 23:00:00+00:00,3420342.88075545
2020-03-04 00:00:00+00:00,3420439.62090128
2020-03-04 01:00:00+00:00,3427323.50983819
2020-03-04 02:00:00+00:00,3428947.03681962
2020-03-04 03:00:00+00:00,3428988.03500565
2020-03-04 04:00:00+00:00,3419269.4604528
2020-03-04 05:00:00+00:00,3419406.86415632
2020-03-04 06:00:00+00:00,3419412.58990395
2020-03-04 07:00:00+00:00,3419475.02278413
2020-03-04 08:00:00+00:00,3420432.67149978
2020-03-04 09:00:00+00:00,3420521.98550787
2020-03-04 10:00:00+00:00,3419217.27837774
2020-03-04 11:00:00+00:00,3419605.8923782
2020-03-04 12:00:00+00:00,3420751.06539522
2020-03-04 13:00:00+00:00,3420875.90851588
2020-03-04 14:00:00+00:00,3415313.0601678
2020-03-04 15:00:00+00:00,3415438.35356875
2020-03-04 16:00:00+00:00,3415497.62317527
2020-03-04 17:00:00+00:00,3415745.95111547
2020-03-04 18:00:00+00:00,3415998.86057606
2020-03-04 19:00:00+00:00,3417058.52100942
2020-03-04 20:00:00+00:00,3416669.22166194
2020-03-04 21:00:00+00:00,3417860.04833195
2020-03-04 22:00:00+00:00,3417790.75581101
2020-03-04 23:00:00+00:00,3417798.57288144
2020-03-05 00:00:00+00:00,3418089.24296067
2020-03-05 01:00:00+00:00,3418446.8037383603
2020-03-05 02:00:00+00:00,3418542.37585222
2020-03-05 03:00:00+00:00,3425410.35595249
2020-03-05 04:00:00+00:00,3425616.1718743
2020-03-05 05:00:00+00:00,3424555.04154297
2020-03-05 06:00:00+00:00,3424390.0715480302
2020-03-05 07:00:00+00:00,3425329.32964301
2020-03-05 08:00:00+00:00,3421163.34132896
2020-03-05 09:00:00+00:00,3422850.57171302
2020-03-05 10:00:00+00:00,3422480.36438239
2020-03-05 11:00:00+00:00,3421697.85346095
2020-03-05 12:00:00+00:00,3420735.22077299
2020-03-05 13:00:00+00:00,3420758.36540388
2020-03-05 14:00:00+00:00,3420347.00210336
2020-03-05 15:00:00+00:00,3419866.6576174903
2020-03-05 16:00:00+00:00,3431148.45866271
2020-03-05 17:00:00+00:00,3430697.09234786
2020-03-05 18:00:00+00:00,3430393.68640282
2020-03-05 19:00:00+00:00,3431575.98914104
2020-03-05 20:00:00+00:00,3431178.79771541
2020-03-05 21:00:00+00:00,3430309.25429768
2020-03-05 22:00:00+00:00,3431838.1771032102
2020-03-05 23:00:00+00:00,3432269.84056002
2020-03-06 00:00:00+00:00,3432491.9187615803
2020-03-06 01:00:00+00:00,3432664.5311399503
2020-03-06 02:00:00+00:00,3433119.29514785
2020-03-06 03:00:00+00:00,3434150.4319827203
2020-03-06 04:00:00+00:00,3434279.2605951102
2020-03-06 05:00:00+00:00,3420788.82600992
2020-03-06 06:00:00+00:00,3419812.46437918
2020-03-06 07:00:00+00:00,3419828.36889648
2020-03-06 08:00:00+00:00,3419499.78173759
2020-03-06 09:00:00+00:00,3419432.71780088
2020-03-06 10:00:00+00:00,3421640.9802842103
2020-03-06 11:00:00+00:00,3421350.67123299
2020-03-06 12:00:00+00:00,3422318.52343497
2020-03-06 13:00:00+00:00,3423443.2941239
2020-03-06 14:00:00+00:00,3424384.07450213
2020-03-06 15:00:00+00:00,3423607.99618367
2020-03-06 16:00:00+00:00,3423619.3998159003
2020-03-06 17:00:00+00:00,3421614.25005069
2020-03-06 18:00:00+00:00,3420406.4603008
2020-03-06 19:00:00+00:00,3421836.00674341
2020-03-06 20:00:00+00:00,3416957.50689265
2020-03-06 21:00:00+00:00,3421761.3857263
2020-03-06 22:00:00+00:00,3422481.87753493
2020-03-06 23:00:00+00:00,3422527.73073528
2020-03-07 00:00:00+00:00,3422477.65813688
2020-03-07 01:00:00+00:00,3421113.74244238
2020-03-07 02:00:00+00:00,3420820.29723326
2020-03-07 03:00:00+00:00,3421204.4789952
2020-03-07 04:00:00+00:00,3421221.62119845
2020-03-07 05:00:00+00:00,3421411.22629457
2020-03-07 06:00:00+00:00,3421428.42880497
2020-03-07 07:00:00+00:00,3421144.08487896
2020-03-07 08:00:00+00:00,3420912.28129968
2020-03-07 09:00:00+00:00,3420918.54318217
2020-03-07 10:00:00+00:00,3420933.14680612
2020-03-07 11:00:00+00:00,3420583.1180856302
2020-03-07 12:00:00+00:00,3420217.23237876
2020-03-07 13:00:00+00:00,3420509.16019895
2020-03-07 14:00:00+00:00,3420532.84184386
2020-03-07 15:00:00+00:00,3419915.54448849
2020-03-07 16:00:00+00:00,3419989.2189432
2020-03-07 17:00:00+00:00,3420597.87000426
2020-03-07 18:00:00+00:00,3421054.01122395
2020-03-07 19:00:00+00:00,3421061.44350335
2020-03-07 20:00:00+00:00,3421093.24246105
2020-03-07 21:00:00+00:00,3421130.24382103
2020-03-07 22:00:00+00:00,3420759.39789258
2020-03-07 23:00:00+00:00,3420786.67571588
2020-03-08 00:00:00+00:00,3420671.66342512
2020-03-08 01:00:00+00:00,3420762.75277555
2020-03-08 02:00:00+00:00,3421575.41809524
2020-03-08 03:00:00+00:00,3421270.2149547
2020-03-08 04:00:00+00:00,3421348.70882245
2020-03-08 05:00:00+00:00,3421405.64042418
2020-03-08 06:00:00+00:00,3421444.14501082
2020-03-08 07:00:00+00:00,3421432.9878910403
2020-03-08 08:00:00+00:00,3421617.77609953
2020-03-08 09:00:00+00:00,3421547.93557871
2020-03-08 10:00:00+00:00,3421619.18920722
2020-03-08 11:00:00+00:00,3422613.39180844
2020-03-08 12:00:00+00:00,3422658.95438981
2020-03-08 13:00:00+00:00,3423968.94307909
2020-03-08 14:00:00+00:00,3422996.72573169
2020-03-08 15:00:00+00:00,3421750.23592973
2020-03-08 16:00:00+00:00,3421715.5506920503
2020-03-08 17:00:00+00:00,3421939.30117487
2020-03-08 18:00:00+00:00,3421919.44942648
2020-03-08 19:00:00+00:00,3422260.49317645
2020-03-08 20:00:00+00:00,3422729.94726938
2020-03-08 21:00:00+00:00,3422729.72007399
2020-03-08 22:00:00+00:00,3421947.6448815
2020-03-08 23:00:00+00:00,3421892.6485327203
2020-03-09 00:00:00+00:00,3421793.30519525
2020-03-09 01:00:00+00:00,3420335.10493543
2020-03-09 02:00:00+00:00,3421298.81076634
2020-03-09 03:00:00+00:00,3422077.6674305303
2020-03-09 04:00:00+00:00,3422805.6420360003
2020-03-09 05:00:00+00:00,3422186.9863298303
2020-03-09 06:00:00+00:00,3424112.92077417
2020-03-09 07:00:00+00:00,3422678.01724901
2020-03-09 08:00:00+00:00,3421688.82988364
2020-03-09 09:00:00+00:00,3420314.93489426
2020-03-09 10:00:00+00:00,3419408.28114152
2020-03-09 11:00:00+00:00,3416607.54712669
2020-03-09 12:00:00+00:00,3415865.4765617303
2020-03-09 13:00:00+00:00,3416536.83368521
2020-03-09 14:00:00+00:00,3417705.21849306
2020-03-09 15:00:00+00:00,3413210.51587305
2020-03-09 16:00:00+00:00,3410741.48866399
2020-03-09 17:00:00+00:00,3413694.08343096
2020-03-09 18:00:00+00:00,3412202.0516379
2020-03-09 19:00:00+00:00,3412312.78267991
2020-03-09 20:00:00+00:00,3412349.84055164
2020-03-09 21:00:00+00:00,3415317.19071291
2020-03-09 22:00:00+00:00,3415137.50818598
2020-03-09 23:00:00+00:00,3415296.4644231
2020-03-10 00:00:00+00:00,3415159.90914956
2020-03-10 01:00:00+00:00,3415384.26679869
2020-03-10 02:00:00+00:00,3414776.31952989
2020-03-10 03:00:00+00:00,3414878.53702774
2020-03-10 04:00:00+00:00,3413437.17900251
2020-03-10 05:00:00+00:00,3412516.95779223
2020-03-10 06:00:00+00:00,3412454.7112172
2020-03-10 07:00:00+00:00,3412827.6528133303
2020-03-10 08:00:00+00:00,3413292.90853542
2020-03-10 09:00:00+00:00,3413275.5510541
2020-03-10 10:00:00+00:00,3413270.8456003503
2020-03-10 11:00:00+00:00,3410766.03476864
2020-03-10 12:00:00+00:00,3412694.58675677
2020-03-10 13:00:00+00:00,3414256.17074593
2020-03-10 14:00:00+00:00,3414192.778708
2020-03-10 15:00:00+00:00,3413334.26906553
2020-03-10 16:00:00+00:00,3413653.00925698
2020-03-10 17:00:00+00:00,3413784.01982707
2020-03-10 18:00:00+00:00,3414956.18034345
2020-03-10 19:00:00+00:00,3415257.15266027
2020-03-10 20:00:00+00:00,3414858.78158325
2020-03-10 21:00:00+00:00,3414814.39666359
2020-03-10 22:00:00+00:00,3414496.07253695
2020-03-10 23:00:00+00:00,3414875.35504852
2020-03-11 00:00:00+00:00,3414030.3680666
2020-03-11 01:00:00+00:00,3413360.76311808
2020-03-11 02:00:00+00:00,3414441.30647034
2020-03-11 03:00:00+00:00,3414760.81976198
2020-03-11 04:00:00+00:00,3414782.11399417
2020-03-11 05:00:00+00:00,3414840.04010606
2020-03-11 06:00:00+00:00,3414920.75636072
2020-03-11 07:00:00+00:00,3415037.06477243
2020-03-11 08:00:00+00:00,3414829.5098941103
2020-03-11 09:00:00+00:00,3413725.72415077
2020-03-11 10:00:00+00:00,3412800.28173693
2020-03-11 11:00:00+00:00,3412620.66977818
2020-03-11 12:00:00+00:00,3412669.2664436502
2020-03-11 13:00:00+00:00,3412628.14127388
2020-03-11 14:00:00+00:00,3413769.29898826
2020-03-11 15:00:00+00:00,3411860.21627328
2020-03-11 16:00:00+00:00,3410674.71006169
2020-03-11 17:00:00+00:00,3410901.44365276
2020-03-11 18:00:00+00:00,3410798.02024798
2020-03-11 19:00:00+00:00,3408876.90992848
2020-03-11 20:00:00+00:00,3409018.30397555
2020-03-11 21:00:00+00:00,3411328.37075305
2020-03-11 22:00:00+00:00,3411236.93007478
2020-03-11 23:00:00+00:00,3411403.69816343
2020-03-12 00:00:00+00:00,3411400.7609084803
2020-03-12 01:00:00+00:00,3411741.91094393
2020-03-12 02:00:00+00:00,3412679.65137127
2020-03-12 03:00:00+00:00,3412828.09634593
2020-03-12 04:00:00+00:00,3412807.0541666
2020-03-12 05:00:00+00:00,3415409.74764588
2020-03-12 06:00:00+00:00,3415675.00365227
2020-03-12 07:00:00+00:00,3415826.11946544
2020-03-12 08:00:00+00:00,3415406.1709751203
2020-03-12 09:00:00+00:00,3415772.24625568
2020-03-12 10:00:00+00:00,3415904.81037875
2020-03-12 11:00:00+00:00,3411557.73169277
2020-03-12 12:00:00+00:00,3412114.74190056
2020-03-12 13:00:00+00:00,3413449.5569441603
2020-03-12 14:00:00+00:00,3414491.55765377
2020-03-12 15:00:00+00:00,3412700.94279177
2020-03-12 16:00:00+00:00,3408509.98026394
2020-03-12 17:00:00+00:00,3413049.98389877
2020-03-12 18:00:00+00:00,3411537.21974559
2020-03-12 19:00:00+00:00,3411283.78176613
2020-03-12 20:00:00+00:00,3411127.73435363
2020-03-12 21:00:00+00:00,3410536.80124496
2020-03-12 22:00:00+00:00,3404329.7878494603
2020-03-12 23:00:00+00:00,3399294.73432665
2020-03-13 00:00:00+00:00,3388714.84852828
2020-03-13 01:00:00+00:00,3388193.49567318
2020-03-13 02:00:00+00:00,3389663.94490046
2020-03-13 03:00:00+00:00,3386068.89505556
2020-03-13 04:00:00+00:00,3389935.6625486603
2020-03-13 05:00:00+00:00,3381184.1779413503
2020-03-13 06:00:00+00:00,3380393.28562452
2020-03-13 07:00:00+00:00,3381120.73075525
2020-03-13 08:00:00+00:00,3380149.50856543
2020-03-13 09:00:00+00:00,3377667.59769515
2020-03-13 10:00:00+00:00,3369985.97231164
2020-03-13 11:00:00+00:00,3370019.66667768
2020-03-13 12:00:00+00:00,3369243.25742963
2020-03-13 13:00:00+00:00,3377683.07294975
2020-03-13 14:00:00+00:00,3372850.53896021
2020-03-13 15:00:00+00:00,3373911.56246613
2020-03-13 16:00:00+00:00,3372230.24868827
2020-03-13 17:00:00+00:00,3375424.2398438
2020-03-13 18:00:00+00:00,3373415.78541624
2020-03-13 19:00:00+00:00,3373128.06211672
2020-03-13 20:00:00+00:00,3372539.85146925
2020-03-13 21:00:00+00:00,3374159.98256896
2020-03-13 22:00:00+00:00,3367066.31981689
2020-03-13 23:00:00+00:00,3364912.0749843903
2020-03-14 00:00:00+00:00,3363487.15615114
2020-03-14 01:00:00+00:00,3360443.40115595
2020-03-14 02:00:00+00:00,3364449.77166795
2020-03-14 03:00:00+00:00,3365319.00287078
2020-03-14 04:00:00+00:00,3365805.40294531
2020-03-14 05:00:00+00:00,3364555.2763123503
2020-03-14 06:00:00+00:00,3365455.88308132
2020-03-14 07:00:00+00:00,3354416.52742492
2020-03-14 08:00:00+00:00,3352993.17392637
2020-03-14 09:00:00+00:00,3354015.10506885
2020-03-14 10:00:00+00:00,3354538.46222704
2020-03-14 11:00:00+00:00,3353556.3564585303
2020-03-14 12:00:00+00:00,3351141.2272071
2020-03-14 13:00:00+00:00,3351765.4543782
2020-03-14 14:00:00+00:00,3351757.06444193
2020-03-14 15:00:00+00:00,3351333.3095422
2020-03-14 16:00:00+00:00,3352322.85200178
2020-03-14 17:00:00+00:00,3351394.78036368
2020-03-14 18:00:00+00:00,3351462.11269311
2020-03-14 19:00:00+00:00,3350591.46822357
2020-03-14 20:00:00+00:00,3350546.43415566
2020-03-14 21:00:00+00:00,3345754.08904089
2020-03-14 22:00:00+00:00,3345623.28606251
2020-03-14 23:00:00+00:00,3345819.4740826
2020-03-15 00:00:00+00:00,3346654.70679012
2020-03-15 01:00:00+00:00,3348357.24058158
2020-03-15 02:00:00+00:00,3348290.94894927
2020-03-15 03:00:00+00:00,3348724.96178255
2020-03-15 04:00:00+00:00,3348870.92569884
2020-03-15 05:00:00+00:00,3348229.36464723
2020-03-15 06:00:00+00:00,3348108.38887227
2020-03-15 07:00:00+00:00,3348108.38887227
2020-03-15 08:00:00+00:00,3348552.01670759
2020-03-15 09:00:00+00:00,3348652.38768487
2020-03-15 10:00:00+00:00,3347946.67161147
2020-03-15 11:00:00+00:00,3347156.9033885403
2020-03-15 12:00:00+00:00,3347315.57412908
2020-03-15 13:00:00+00:00,3349621.69994178
2020-03-15 14:00:00+00:00,3349541.61515415
2020-03-15 15:00:00+00:00,3349516.21820205
2020-03-15 16:00:00+00:00,3359764.05118892
2020-03-15 17:00:00+00:00,3359898.55725006
2020-03-15 18:00:00+00:00,3360116.39734089
2020-03-15 19:00:00+00:00,3360215.49789584
2020-03-15 20:00:00+00:00,3359135.92256773
2020-03-15 21:00:00+00:00,3358314.5211342103
2020-03-15 22:00:00+00:00,3358239.38281532
2020-03-15 23:00:00+00:00,3357201.06072232
2020-03-16 00:00:00+00:00,3356399.3773414
2020-03-16 01:00:00+00:00,3356044.3935902403
2020-03-16 02:00:00+00:00,3356921.68954369
2020-03-16 03:00:00+00:00,3358218.30654881
2020-03-16 04:00:00+00:00,3358941.02167188
2020-03-16 05:00:00+00:00,3356993.03256857
2020-03-16 06:00:00+00:00,3356987.56723573
2020-03-16 07:00:00+00:00,3356161.82673011
2020-03-16 08:00:00+00:00,3350842.3076405
2020-03-16 09:00:00+00:00,3352768.9334879
2020-03-16 10:00:00+00:00,3354162.85931892
2020-03-16 11:00:00+00:00,3352516.08185896
2020-03-16 12:00:00+00:00,3354417.55008612
2020-03-16 13:00:00+00:00,3359436.77506537
2020-03-16 14:00:00+00:00,3359729.86398216
2020-03-16 15:00:00+00:00,3364422.55057983
2020-03-16 16:00:00+00:00,3365924.77352803
2020-03-16 17:00:00+00:00,3364226.67936227
2020-03-16 18:00:00+00:00,3363285.97158583
2020-03-16 19:00:00+00:00,3364624.36536845
2020-03-16 20:00:00+00:00,3377582.48896869
2020-03-16 21:00:00+00:00,3377526.5833987403
2020-03-16 22:00:00+00:00,3378860.901191
2020-03-16 23:00:00+00:00,3382762.8277421203
2020-03-17 00:00:00+00:00,3382203.31111943
2020-03-17 01:00:00+00:00,3382397.32737434
2020-03-17 02:00:00+00:00,3381729.43635721
2020-03-17 03:00:00+00:00,3378428.744967
2020-03-17 04:00:00+00:00,3377883.6635331702
2020-03-17 05:00:00+00:00,3376774.23049884
2020-03-17 06:00:00+00:00,3373518.2693601903
2020-03-17 07:00:00+00:00,3373542.06336352
2020-03-17 08:00:00+00:00,3373861.3089023703
2020-03-17 09:00:00+00:00,3375143.47005359
2020-03-17 10:00:00+00:00,3374816.8664273
2020-03-17 11:00:00+00:00,3376424.50712758
2020-03-17 12:00:00+00:00,3376847.41341006
2020-03-17 13:00:00+00:00,3383435.6135020503
2020-03-17 14:00:00+00:00,3383024.00714122
2020-03-17 15:00:00+00:00,3380296.34338345
2020-03-17 16:00:00+00:00,3380296.34338345
2020-03-17 17:00:00+00:00,3377487.98551425
2020-03-17 18:00:00+00:00,3375148.1281614
2020-03-17 19:00:00+00:00,3372850.31988937
2020-03-17 20:00:00+00:00,3371982.63859859
2020-03-17 21:00:00+00:00,3368732.07688024
2020-03-17 22:00:00+00:00,3358298.56570039
2020-03-17 23:00:00+00:00,3357944.66984988
2020-03-18 00:00:00+00:00,3355173.93205293
2020-03-18 01:00:00+00:00,3354652.65662084
2020-03-18 02:00:00+00:00,3354290.57867529
2020-03-18 03:00:00+00:00,3358324.28455254
2020-03-18 04:00:00+00:00,3358602.4575575
2020-03-18 05:00:00+00:00,3357826.40605505
2020-03-18 06:00:00+00:00,3358314.21731655
2020-03-18 07:00:00+00:00,3358951.24678974
2020-03-18 08:00:00+00:00,3357340.04963494
2020-03-18 09:00:00+00:00,3358372.62503683
2020-03-18 10:00:00+00:00,3359885.97379184
2020-03-18 11:00:00+00:00,3359498.6273912
2020-03-18 12:00:00+00:00,3355180.98839293
2020-03-18 13:00:00+00:00,3355797.40227532
2020-03-18 14:00:00+00:00,3352243.03366571
2020-03-18 15:00:00+00:00,3352295.04908243
2020-03-18 16:00:00+00:00,3349825.89662355
2020-03-18 17:00:00+00:00,3348109.34579415
2020-03-18 18:00:00+00:00,3353310.08763898
2020-03-18 19:00:00+00:00,3351654.66227093
2020-03-18 20:00:00+00:00,3349185.579866
2020-03-18 21:00:00+00:00,3350367.81498788
2020-03-18 22:00:00+00:00,3350611.00497505
2020-03-18 23:00:00+00:00,3350565.26094647
2020-03-19 00:00:00+00:00,3350498.32142844
2020-03-19 01:00:00+00:00,3350464.04195764
2020-03-19 02:00:00+00:00,3350103.12141011
2020-03-19 03:00:00+00:00,3350206.7597532
2020-03-19 04:00:00+00:00,3350032.76994057
2020-03-19 05:00:00+00:00,3351825.04688859
2020-03-19 06:00:00+00:00,3350948.49246208
2020-03-19 07:00:00+00:00,3351620.13485396
2020-03-19 08:00:00+00:00,3351456.45176314
2020-03-19 09:00:00+00:00,3351170.54293356
2020-03-19 10:00:00+00:00,3349085.97571264
2020-03-19 11:00:00+00:00,3349140.20627154
2020-03-19 12:00:00+00:00,3351696.59235914
2020-03-19 13:00:00+00:00,3355784.30253934
2020-03-19 14:00:00+00:00,3357872.1171428403
2020-03-19 15:00:00+00:00,3356724.13910366
2020-03-19 16:00:00+00:00,3356271.93140745
2020-03-19 17:00:00+00:00,3355709.59801532
2020-03-19 18:00:00+00:00,3357733.46608341
2020-03-19 19:00:00+00:00,3358394.16992048
2020-03-19 20:00:00+00:00,3357252.01247903
2020-03-19 21:00:00+00:00,3349098.69071255
2020-03-19 22:00:00+00:00,3348215.07770146
2020-03-19 23:00:00+00:00,3349679.5220462503
2020-03-20 00:00:00+00:00,3350879.4040438603
2020-03-20 01:00:00+00:00,3349192.21943049
2020-03-20 02:00:00+00:00,3347090.71769487
2020-03-20 03:00:00+00:00,3356056.73236784
2020-03-20 04:00:00+00:00,3355949.29303696
2020-03-20 05:00:00+00:00,3356043.01685635
2020-03-20 06:00:00+00:00,3356078.5478331903
2020-03-20 07:00:00+00:00,3355651.3913442
2020-03-20 08:00:00+00:00,3351871.30299844
2020-03-20 09:00:00+00:00,3354463.01191364
2020-03-20 10:00:00+00:00,3352165.87106841
2020-03-20 11:00:00+00:00,3352417.8514540303
2020-03-20 12:00:00+00:00,3350166.1174098
2020-03-20 13:00:00+00:00,3354369.48132556
2020-03-20 14:00:00+00:00,3349968.68496135
2020-03-20 15:00:00+00:00,3353228.95929238
2020-03-20 16:00:00+00:00,3355083.66268988
2020-03-20 17:00:00+00:00,3357672.46489768
2020-03-20 18:00:00+00:00,3353134.77462385
2020-03-20 19:00:00+00:00,3343283.91667127
2020-03-20 20:00:00+00:00,3333173.99796272
2020-03-20 21:00:00+00:00,3344886.81582301
2020-03-20 22:00:00+00:00,3344575.97408333
2020-03-20 23:00:00+00:00,3344115.60835301
2020-03-21 00:00:00+00:00,3342997.02173681
2020-03-21 01:00:00+00:00,3342416.48769818
2020-03-21 02:00:00+00:00,3341624.36910701
2020-03-21 03:00:00+00:00,3341235.50718309
2020-03-21 04:00:00+00:00,3341485.23355016
2020-03-21 05:00:00+00:00,3342535.47585789
2020-03-21 06:00:00+00:00,3343727.43382344
2020-03-21 07:00:00+00:00,3343797.58846087
2020-03-21 08:00:00+00:00,3343730.33814049
2020-03-21 09:00:00+00:00,3343730.33814049
2020-03-21 10:00:00+00:00,3343381.58018727
2020-03-21 11:00:00+00:00,3342966.1626304
2020-03-21 12:00:00+00:00,3343978.20884412
2020-03-21 13:00:00+00:00,3344707.34387706
2020-03-21 14:00:00+00:00,3345746.73029588
2020-03-21 15:00:00+00:00,3353880.44541362
2020-03-21 16:00:00+00:00,3355074.01215366
2020-03-21 17:00:00+00:00,3355023.19214341
2020-03-21 18:00:00+00:00,3355023.19214341
2020-03-21 19:00:00+00:00,3353155.15403418
2020-03-21 20:00:00+00:00,3352353.2989222
2020-03-21 21:00:00+00:00,3352473.03020869
2020-03-21 22:00:00+00:00,3352470.3773484
2020-03-21 23:00:00+00:00,3352545.57109911
2020-03-22 00:00:00+00:00,3352500.35296724
2020-03-22 01:00:00+00:00,3353532.77115123
2020-03-22 02:00:00+00:00,3353756.93114525
2020-03-22 03:00:00+00:00,3352572.83899108
2020-03-22 04:00:00+00:00,3352390.02804448
2020-03-22 05:00:00+00:00,3352374.54578882
2020-03-22 06:00:00+00:00,3353435.77405618
2020-03-22 07:00:00+00:00,3352398.31162953
2020-03-22 08:00:00+00:00,3352629.26053868
2020-03-22 09:00:00+00:00,3353776.33958146
2020-03-22 10:00:00+00:00,3353634.89251035
2020-03-22 11:00:00+00:00,3353696.16409637
2020-03-22 12:00:00+00:00,3354110.166268
2020-03-22 13:00:00+00:00,3355090.67084767
2020-03-22 14:00:00+00:00,3356309.60382845
2020-03-22 15:00:00+00:00,3356383.98900512
2020-03-22 16:00:00+00:00,3356940.08023447
2020-03-22 17:00:00+00:00,3357506.25905194
2020-03-22 18:00:00+00:00,3356253.84014566
2020-03-22 19:00:00+00:00,3357642.02510555
2020-03-22 20:00:00+00:00,3357150.93366754
2020-03-22 21:00:00+00:00,3357226.81680419
2020-03-22 22:00:00+00:00,3357585.36382142
2020-03-22 23:00:00+00:00,3357559.82090461
2020-03-23 00:00:00+00:00,3354734.26383242
2020-03-23 01:00:00+00:00,3354543.57936398
2020-03-23 02:00:00+00:00,3355538.96329684
2020-03-23 03:00:00+00:00,3358489.1385007
2020-03-23 04:00:00+00:00,3358902.45502286
2020-03-23 05:00:00+00:00,3358973.42448026
2020-03-23 06:00:00+00:00,3358625.6490485203
2020-03-23 07:00:00+00:00,3360508.4895722
2020-03-23 08:00:00+00:00,3361928.69801719
2020-03-23 09:00:00+00:00,3361013.38604585
2020-03-23 10:00:00+00:00,3360856.77203801
2020-03-23 11:00:00+00:00,3360130.65219513
2020-03-23 12:00:00+00:00,3358771.36482562
2020-03-23 13:00:00+00:00,3360528.53538582
2020-03-23 14:00:00+00:00,3357077.1822092
2020-03-23 15:00:00+00:00,3354708.06599141
2020-03-23 16:00:00+00:00,3353742.66132214
2020-03-23 17:00:00+00:00,3352920.86521209
2020-03-23 18:00:00+00:00,3349865.42417355
2020-03-23 19:00:00+00:00,3349583.23558215
2020-03-23 20:00:00+00:00,3348696.85412995
2020-03-23 21:00:00+00:00,3346070.41055833
2020-03-23 22:00:00+00:00,3346833.55060277
2020-03-23 23:00:00+00:00,3345823.87264192
2020-03-24 00:00:00+00:00,3345287.87573329
2020-03-24 01:00:00+00:00,3345101.35383557
2020-03-24 02:00:00+00:00,3345009.21585206
2020-03-24 03:00:00+00:00,3345188.49086134
2020-03-24 04:00:00+00:00,3344761.6271237303
2020-03-24 05:00:00+00:00,3345806.75479552
2020-03-24 06:00:00+00:00,3346078.74262316
2020-03-24 07:00:00+00:00,3346116.18726619
2020-03-24 08:00:00+00:00,3345035.34886423
2020-03-24 09:00:00+00:00,3346005.25946412
2020-03-24 10:00:00+00:00,3344854.05551165
2020-03-24 11:00:00+00:00,3341767.27746833
2020-03-24 12:00:00+00:00,3341549.87556646
2020-03-24 13:00:00+00:00,3350895.36781917
2020-03-24 14:00:00+00:00,3351888.14728897
2020-03-24 15:00:00+00:00,3351578.8616748
2020-03-24 16:00:00+00:00,3351035.92128386
2020-03-24 17:00:00+00:00,3352637.36039512
2020-03-24 18:00:00+00:00,3352312.87756769
2020-03-24 19:00:00+00:00,3353952.26765009
2020-03-24 20:00:00+00:00,3353305.04758138
2020-03-24 21:00:00+00:00,3353539.70450476
2020-03-24 22:00:00+00:00,3354178.0103566702
2020-03-24 23:00:00+00:00,3354068.28545181
2020-03-25 00:00:00+00:00,3353944.64950542
2020-03-25 01:00:00+00:00,3355402.08570018
2020-03-25 02:00:00+00:00,3355274.84722884
2020-03-25 03:00:00+00:00,3354952.92478962
2020-03-25 04:00:00+00:00,3354741.3926486103
2020-03-25 05:00:00+00:00,3356445.03732961
2020-03-25 06:00:00+00:00,3356572.98768035
2020-03-25 07:00:00+00:00,3355557.28810831
2020-03-25 08:00:00+00:00,3355420.69639195
2020-03-25 09:00:00+00:00,3355576.48034997
2020-03-25 10:00:00+00:00,3354650.0012170603
2020-03-25 11:00:00+00:00,3354678.3508273102
2020-03-25 12:00:00+00:00,3355561.37801802
2020-03-25 13:00:00+00:00,3355561.37801802
2020-03-25 14:00:00+00:00,3355707.48852105
2020-03-25 15:00:00+00:00,3355707.48852105
2020-03-25 16:00:00+00:00,3353768.72007447
2020-03-25 17:00:00+00:00,3350819.61806088
2020-03-25 18:00:00+00:00,3351751.0464733
2020-03-25 19:00:00+00:00,3349814.6620196
2020-03-25 20:00:00+00:00,3351484.86324897
2020-03-25 21:00:00+00:00,3350591.33962803
2020-03-25 22:00:00+00:00,3350777.9990230403
2020-03-25 23:00:00+00:00,3353887.5250742
2020-03-26 00:00:00+00:00,3355219.67547593
2020-03-26 01:00:00+00:00,3355071.5135666803
2020-03-26 02:00:00+00:00,3353454.14372014
2020-03-26 03:00:00+00:00,3353434.1874389
2020-03-26 04:00:00+00:00,3353137.7362257503
2020-03-26 05:00:00+00:00,3354180.56610585
2020-03-26 06:00:00+00:00,3349387.3199018
2020-03-26 07:00:00+00:00,3349481.17531758
2020-03-26 08:00:00+00:00,3348071.78066393
2020-03-26 09:00:00+00:00,3346937.86729954
2020-03-26 10:00:00+00:00,3347752.05629684
2020-03-26 11:00:00+00:00,3347718.1449457
2020-03-26 12:00:00+00:00,3348724.92810026
2020-03-26 13:00:00+00:00,3351448.09285116
2020-03-26 14:00:00+00:00,3351615.6424206803
2020-03-26 15:00:00+00:00,3353602.61331589
2020-03-26 16:00:00+00:00,3351197.67845268
2020-03-26 17:00:00+00:00,3350711.97192669
2020-03-26 18:00:00+00:00,3350616.9922126
2020-03-26 19:00:00+00:00,3351553.30135186
2020-03-26 20:00:00+00:00,3351531.61775338
2020-03-26 21:00:00+00:00,3352530.8868034203
2020-03-26 22:00:00+00:00,3349542.11665803
2020-03-26 23:00:00+00:00,3349623.60787317
2020-03-27 00:00:00+00:00,3348818.57799534
2020-03-27 01:00:00+00:00,3349978.53824617
2020-03-27 02:00:00+00:00,3349875.42496327
2020-03-27 03:00:00+00:00,3350871.09463349
2020-03-27 04:00:00+00:00,3350189.83056027
2020-03-27 05:00:00+00:00,3348747.01506377
2020-03-27 06:00:00+00:00,3348710.62693801
2020-03-27 07:00:00+00:00,3348531.19090585
2020-03-27 08:00:00+00:00,3348800.93787912
2020-03-27 09:00:00+00:00,3348811.01546869
2020-03-27 10:00:00+00:00,3348971.90187735
2020-03-27 11:00:00+00:00,3350798.5470103603
2020-03-27 12:00:00+00:00,3350791.69169955
2020-03-27 13:00:00+00:00,3349759.61342857
2020-03-27 14:00:00+00:00,3348457.9709923603
2020-03-27 15:00:00+00:00,3349545.62242747
2020-03-27 16:00:00+00:00,3351013.83728782
2020-03-27 17:00:00+00:00,3354482.25182664
2020-03-27 18:00:00+00:00,3353532.21282065
2020-03-27 19:00:00+00:00,3353594.24648963
2020-03-27 20:00:00+00:00,3354603.6260130303
2020-03-27 21:00:00+00:00,3354701.60536659
2020-03-27 22:00:00+00:00,3355205.73306916
2020-03-27 23:00:00+00:00,3358008.67350686
2020-03-28 00:00:00+00:00,3358112.57556523
2020-03-28 01:00:00+00:00,3359576.8569175103
2020-03-28 02:00:00+00:00,3359560.64048299
2020-03-28 03:00:00+00:00,3358687.34631194
2020-03-28 04:00:00+00:00,3358780.2777926703
2020-03-28 05:00:00+00:00,3358559.65105602
2020-03-28 06:00:00+00:00,3358986.11734221
2020-03-28 07:00:00+00:00,3360309.14816201
2020-03-28 08:00:00+00:00,3360549.82481816
2020-03-28 09:00:00+00:00,3360601.10290877
2020-03-28 10:00:00+00:00,3361583.97553175
2020-03-28 11:00:00+00:00,3362425.54238589
2020-03-28 12:00:00+00:00,3363652.6878103702
2020-03-28 13:00:00+00:00,3363933.1304426603
2020-03-28 14:00:00+00:00,3363953.8635004503
2020-03-28 15:00:00+00:00,3363106.68554611
2020-03-28 16:00:00+00:00,3365597.09208467
2020-03-28 17:00:00+00:00,3365601.15255655
2020-03-28 18:00:00+00:00,3364079.94823982
2020-03-28 19:00:00+00:00,3364051.13522601
2020-03-28 20:00:00+00:00,3365463.04748124
2020-03-28 21:00:00+00:00,3365439.58179396
2020-03-28 22:00:00+00:00,3366451.9263661
2020-03-28 23:00:00+00:00,3365529.86325889
2020-03-29 00:00:00+00:00,3364609.87538781
2020-03-29 01:00:00+00:00,3364574.8644374902
2020-03-29 02:00:00+00:00,3364480.60126739
2020-03-29 03:00:00+00:00,3364219.06975387
2020-03-29 04:00:00+00:00,3364311.45124461
2020-03-29 05:00:00+00:00,3365365.2007787903
2020-03-29 06:00:00+00:00,3365513.67304833
2020-03-29 07:00:00+00:00,3363550.9127459303
2020-03-29 08:00:00+00:00,3361065.32462752
2020-03-29 09:00:00+00:00,3361498.96323394
2020-03-29 10:00:00+00:00,3361664.00451321
2020-03-29 11:00:00+00:00,3361696.4679513
2020-03-29 12:00:00+00:00,3361671.8580161203
2020-03-29 13:00:00+00:00,3364500.24541051
2020-03-29 14:00:00+00:00,3360057.77115832
2020-03-29 15:00:00+00:00,3360062.49968909
2020-03-29 16:00:00+00:00,3360215.74798357
2020-03-29 17:00:00+00:00,3360045.33611268
2020-03-29 18:00:00+00:00,3360426.27542868
2020-03-29 19:00:00+00:00,3358311.2864696
2020-03-29 20:00:00+00:00,3358511.72117809
2020-03-29 21:00:00+00:00,3358540.37592251
2020-03-29 22:00:00+00:00,3359229.5456862003
2020-03-29 23:00:00+00:00,3359329.1078664702
2020-03-30 00:00:00+00:00,3359003.29153383
2020-03-30 01:00:00+00:00,3359379.01794654
2020-03-30 02:00:00+00:00,3357910.06455849
2020-03-30 03:00:00+00:00,3357719.17575299
2020-03-30 04:00:00+00:00,3358677.77516852
2020-03-30 05:00:00+00:00,3359452.3899885
2020-03-30 06:00:00+00:00,3359889.49591606
2020-03-30 07:00:00+00:00,3358343.86991723
2020-03-30 08:00:00+00:00,3358999.629705
2020-03-30 09:00:00+00:00,3357199.83002932
2020-03-30 10:00:00+00:00,3356231.50601575
2020-03-30 11:00:00+00:00,3357787.13240242
2020-03-30 12:00:00+00:00,3356883.03937088
2020-03-30 13:00:00+00:00,3357679.1631803103
2020-03-30 14:00:00+00:00,3356736.4531585
2020-03-30 15:00:00+00:00,3357779.0236610603
2020-03-30 16:00:00+00:00,3357383.79755668
2020-03-30 17:00:00+00:00,3359707.09265478
2020-03-30 18:00:00+00:00,3360015.18887516
2020-03-30 19:00:00+00:00,3361589.86748794
2020-03-30 20:00:00+00:00,3363775.54853359
2020-03-30 21:00:00+00:00,3364164.1059713103
2020-03-30 22:00:00+00:00,3364383.81611766
2020-03-30 23:00:00+00:00,3363946.95057785
2020-03-31 00:00:00+00:00,3364178.71731818
2020-03-31 01:00:00+00:00,3364385.99316019
2020-03-31 02:00:00+00:00,3363288.78596125
2020-03-31 03:00:00+00:00,3362419.27908114
2020-03-31 04:00:00+00:00,3363806.37607808
2020-03-31 05:00:00+00:00,3363981.41963848
2020-03-31 06:00:00+00:00,3364425.63204701
2020-03-31 07:00:00+00:00,3363209.03303006
2020-03-31 08:00:00+00:00,3364217.37660301
2020-03-31 09:00:00+00:00,3363374.09779374
2020-03-31 10:00:00+00:00,3364711.85638006
2020-03-31 11:00:00+00:00,3364795.62623137
2020-03-31 12:00:00+00:00,3363435.68610026
2020-03-31 13:00:00+00:00,3365479.98296912
2020-03-31 14:00:00+00:00,3366756.39047827
2020-03-31 15:00:00+00:00,3369256.35334987
2020-03-31 16:00:00+00:00,3368916.44794955
2020-03-31 17:00:00+00:00,3367986.6157728
2020-03-31 18:00:00+00:00,3367833.30160416
2020-03-31 19:00:00+00:00,3367679.42071399
2020-03-31 20:00:00+00:00,3367700.45837164
2020-03-31 21:00:00+00:00,3367856.51404965
2020-03-31 22:00:00+00:00,3368047.4045360303
2020-03-31 23:00:00+00:00,3367719.31290706
2020-04-01 00:00:00+00:00,3367814.39283111
2020-04-01 01:00:00+00:00,3367922.55508648
2020-04-01 02:00:00+00:00,3366854.961339
2020-04-01 03:00:00+00:00,3368396.60709051
2020-04-01 04:00:00+00:00,3368289.50125219
2020-04-01 05:00:00+00:00,3368237.09284124
2020-04-01 06:00:00+00:00,3369469.35359925
2020-04-01 07:00:00+00:00,3369399.4009911
2020-04-01 08:00:00+00:00,3368073.11014075
2020-04-01 09:00:00+00:00,3367612.18996406
2020-04-01 10:00:00+00:00,3366279.98523374
2020-04-01 11:00:00+00:00,3368806.7909779
2020-04-01 12:00:00+00:00,3366235.13052922
2020-04-01 13:00:00+00:00,3366902.4075921
2020-04-01 14:00:00+00:00,3366836.7196582803
2020-04-01 15:00:00+00:00,3365957.32653193
2020-04-01 16:00:00+00:00,3363444.06153468
2020-04-01 17:00:00+00:00,3363110.28666325
2020-04-01 18:00:00+00:00,3362738.05157853
2020-04-01 19:00:00+00:00,3362539.28120866
2020-04-01 20:00:00+00:00,3362416.65987208
2020-04-01 21:00:00+00:00,3362575.2007060703
2020-04-01 22:00:00+00:00,3362430.41886587
2020-04-01 23:00:00+00:00,3361027.31908086
2020-04-02 00:00:00+00:00,3362385.58315094
2020-04-02 01:00:00+00:00,3360045.34056098
2020-04-02 02:00:00+00:00,3359891.81062584
2020-04-02 03:00:00+00:00,3360925.73280823
2020-04-02 04:00:00+00:00,3362174.58584631
2020-04-02 05:00:00+00:00,3362027.29304402
2020-04-02 06:00:00+00:00,3361366.3148465003
2020-04-02 07:00:00+00:00,3360613.2636058303
2020-04-02 08:00:00+00:00,3360626.71793062
2020-04-02 09:00:00+00:00,3360465.6520413603
2020-04-02 10:00:00+00:00,3360587.59723389
2020-04-02 11:00:00+00:00,3359407.05392835
2020-04-02 12:00:00+00:00,3359355.67348109
2020-04-02 13:00:00+00:00,3360107.5298348702
2020-04-02 14:00:00+00:00,3359455.56364798
2020-04-02 15:00:00+00:00,3359542.96582478
2020-04-02 16:00:00+00:00,3357166.57170294
2020-04-02 17:00:00+00:00,3354613.47823615
2020-04-02 18:00:00+00:00,3354044.54145378
2020-04-02 19:00:00+00:00,3353185.87098876
2020-04-02 20:00:00+00:00,3352554.21081228
2020-04-02 21:00:00+00:00,3353574.63866801
2020-04-02 22:00:00+00:00,3352322.66008765
2020-04-02 23:00:00+00:00,3352064.1601571003
2020-04-03 00:00:00+00:00,3352096.11887368
2020-04-03 01:00:00+00:00,3352435.25874408
2020-04-03 02:00:00+00:00,3354310.25817216
2020-04-03 03:00:00+00:00,3354295.3679185403
2020-04-03 04:00:00+00:00,3354152.58798477
2020-04-03 05:00:00+00:00,3354225.90425967
2020-04-03 06:00:00+00:00,3354000.49715678
2020-04-03 07:00:00+00:00,3352768.43351145
2020-04-03 08:00:00+00:00,3352479.4981714003
2020-04-03 09:00:00+00:00,3352269.53943702
2020-04-03 10:00:00+00:00,3350408.90713108
2020-04-03 11:00:00+00:00,3351778.41343367
2020-04-03 12:00:00+00:00,3352208.87797232
2020-04-03 13:00:00+00:00,3351475.05335513
2020-04-03 14:00:00+00:00,3355303.49839383
2020-04-03 15:00:00+00:00,3352295.32142671
2020-04-03 16:00:00+00:00,3353890.61546579
2020-04-03 17:00:00+00:00,3360325.15364483
2020-04-03 18:00:00+00:00,3360467.87444859
2020-04-03 19:00:00+00:00,3360681.7582687703
2020-04-03 20:00:00+00:00,3361811.09747901
2020-04-03 21:00:00+00:00,3363563.07613433
2020-04-03 22:00:00+00:00,3363583.92007881
2020-04-03 23:00:00+00:00,3365948.70548566
2020-04-04 00:00:00+00:00,3366004.56978071
2020-04-04 01:00:00+00:00,3359847.2087854003
2020-04-04 02:00:00+00:00,3362466.4458459
2020-04-04 03:00:00+00:00,3362841.57299824
2020-04-04 04:00:00+00:00,3362864.53046263
2020-04-04 05:00:00+00:00,3361859.84647538
2020-04-04 06:00:00+00:00,3362943.18840537
2020-04-04 07:00:00+00:00,3363016.4741002303
2020-04-04 08:00:00+00:00,3366516.87946821
2020-04-04 09:00:00+00:00,3366532.6590658403
2020-04-04 10:00:00+00:00,3366472.86853241
2020-04-04 11:00:00+00:00,3366757.49987002
2020-04-04 12:00:00+00:00,3366762.38691882
2020-04-04 13:00:00+00:00,3367228.1972462903
2020-04-04 14:00:00+00:00,3367162.02130523
2020-04-04 15:00:00+00:00,3367238.26090166
2020-04-04 16:00:00+00:00,3366193.34105809
2020-04-04 17:00:00+00:00,3365133.27270392
2020-04-04 18:00:00+00:00,3365147.6849618102
2020-04-04 19:00:00+00:00,3365689.18959832
2020-04-04 20:00:00+00:00,3365671.98238493
2020-04-04 21:00:00+00:00,3365966.72606262
2020-04-04 22:00:00+00:00,3365992.33782734
2020-04-04 23:00:00+00:00,3366014.30060002
2020-04-05 00:00:00+00:00,3366133.93794284
2020-04-05 01:00:00+00:00,3366118.11722315
2020-04-05 02:00:00+00:00,3366157.9507503803
2020-04-05 03:00:00+00:00,3365936.55632298
2020-04-05 04:00:00+00:00,3365199.17044638
2020-04-05 05:00:00+00:00,3365397.49107463
2020-04-05 06:00:00+00:00,3365200.64188792
2020-04-05 07:00:00+00:00,3364476.68185783
2020-04-05 08:00:00+00:00,3364493.69488028
2020-04-05 09:00:00+00:00,3364502.39197133
2020-04-05 10:00:00+00:00,3365556.3616384403
2020-04-05 11:00:00+00:00,3364963.64252545
2020-04-05 12:00:00+00:00,3366395.16000319
2020-04-05 13:00:00+00:00,3366406.57931278
2020-04-05 14:00:00+00:00,3366999.89608545
2020-04-05 15:00:00+00:00,3367597.63367852
2020-04-05 16:00:00+00:00,3365689.38087386
2020-04-05 17:00:00+00:00,3366444.11625415
2020-04-05 18:00:00+00:00,3367657.21221131
2020-04-05 19:00:00+00:00,3367683.3159303702
2020-04-05 20:00:00+00:00,3366425.9202029
2020-04-05 21:00:00+00:00,3366450.67698218
2020-04-05 22:00:00+00:00,3366190.4652009
2020-04-05 23:00:00+00:00,3366759.44121045
2020-04-06 00:00:00+00:00,3366601.6009752
2020-04-06 01:00:00+00:00,3365388.75117489
2020-04-06 02:00:00+00:00,3365415.1536345603
2020-04-06 03:00:00+00:00,3365467.3744268003
2020-04-06 04:00:00+00:00,3365470.50267082
2020-04-06 05:00:00+00:00,3364746.4022991
2020-04-06 06:00:00+00:00,3364904.72616084
2020-04-06 07:00:00+00:00,3363686.8443242703
2020-04-06 08:00:00+00:00,3364660.6142577203
2020-04-06 09:00:00+00:00,3365147.82252955
2020-04-06 10:00:00+00:00,3362847.79106773
2020-04-06 11:00:00+00:00,3362239.71555686
2020-04-06 12:00:00+00:00,3362305.40128912
2020-04-06 13:00:00+00:00,3362361.53246132
2020-04-06 14:00:00+00:00,3357309.08555035
2020-04-06 15:00:00+00:00,3364578.88691497
2020-04-06 16:00:00+00:00,3361745.48372462
2020-04-06 17:00:00+00:00,3364278.78591793
2020-04-06 18:00:00+00:00,3361341.62178313
2020-04-06 19:00:00+00:00,3360376.80255991
2020-04-06 20:00:00+00:00,3356226.11668379
2020-04-06 21:00:00+00:00,3356164.7891453803
2020-04-06 22:00:00+00:00,3356958.42018894
2020-04-06 23:00:00+00:00,3357591.01128989
2020-04-07 00:00:00+00:00,3357619.37210428
2020-04-07 01:00:00+00:00,3357134.84005651
2020-04-07 02:00:00+00:00,3357075.0931364703
2020-04-07 03:00:00+00:00,3355952.26455807
2020-04-07 04:00:00+00:00,3355508.11189354
2020-04-07 05:00:00+00:00,3354957.8779415702
2020-04-07 06:00:00+00:00,3355168.10806952
2020-04-07 07:00:00+00:00,3354324.87825171
2020-04-07 08:00:00+00:00,3354412.20091614
2020-04-07 09:00:00+00:00,3355812.12354122
2020-04-07 10:00:00+00:00,3356032.15139505
2020-04-07 11:00:00+00:00,3358411.43898561
2020-04-07 12:00:00+00:00,3357236.70080279
2020-04-07 13:00:00+00:00,3357258.78521553
2020-04-07 14:00:00+00:00,3357471.34792222
2020-04-07 15:00:00+00:00,3353694.74143435
2020-04-07 16:00:00+00:00,3353577.42278597
2020-04-07 17:00:00+00:00,3354124.61489916
2020-04-07 18:00:00+00:00,3354196.0705712503
2020-04-07 19:00:00+00:00,3353782.91157394
2020-04-07 20:00:00+00:00,3353996.27238349
2020-04-07 21:00:00+00:00,3354290.38932715
2020-04-07 22:00:00+00:00,3352225.18717706
2020-04-07 23:00:00+00:00,3352108.9910121
2020-04-08 00:00:00+00:00,3352063.9897180903
2020-04-08 01:00:00+00:00,3352789.16645758
2020-04-08 02:00:00+00:00,3353184.49074627
2020-04-08 03:00:00+00:00,3352387.07476132
2020-04-08 04:00:00+00:00,3352411.18459744
2020-04-08 05:00:00+00:00,3352458.34936991
2020-04-08 06:00:00+00:00,3351253.61528205
2020-04-08 07:00:00+00:00,3351201.29851358
2020-04-08 08:00:00+00:00,3352010.43131734
2020-04-08 09:00:00+00:00,3351521.09577351
2020-04-08 10:00:00+00:00,3350624.46482241
2020-04-08 11:00:00+00:00,3350887.26755624
2020-04-08 12:00:00+00:00,3350106.04623364
2020-04-08 13:00:00+00:00,3349600.2329392103
2020-04-08 14:00:00+00:00,3349639.38086441
2020-04-08 15:00:00+00:00,3353010.19195163
2020-04-08 16:00:00+00:00,3354495.32535196
2020-04-08 17:00:00+00:00,3355183.50989628
2020-04-08 18:00:00+00:00,3354087.56721974
2020-04-08 19:00:00+00:00,3353918.0565806
2020-04-08 20:00:00+00:00,3354065.03166779
2020-04-08 21:00:00+00:00,3350138.90754152
2020-04-08 22:00:00+00:00,3349701.31399885
2020-04-08 23:00:00+00:00,3350233.10098042
2020-04-09 00:00:00+00:00,3350236.08613826
2020-04-09 01:00:00+00:00,3349174.46628312
2020-04-09 02:00:00+00:00,3347812.53879379
2020-04-09 03:00:00+00:00,3347774.8368507703
2020-04-09 04:00:00+00:00,3347782.3779991
2020-04-09 05:00:00+00:00,3347845.31773062
2020-04-09 06:00:00+00:00,3347790.83434995
2020-04-09 07:00:00+00:00,3352713.899325
2020-04-09 08:00:00+00:00,3352516.91069317
2020-04-09 09:00:00+00:00,3352667.46099509
2020-04-09 10:00:00+00:00,3352323.05051329
2020-04-09 11:00:00+00:00,3354287.97669911
2020-04-09 12:00:00+00:00,3354200.30378896
2020-04-09 13:00:00+00:00,3348614.86620334
2020-04-09 14:00:00+00:00,3346100.99544078
2020-04-09 15:00:00+00:00,3341338.37728209
2020-04-09 16:00:00+00:00,3351060.35730089
2020-04-09 17:00:00+00:00,3351755.26060882
2020-04-09 18:00:00+00:00,3351585.04025386
2020-04-09 19:00:00+00:00,3349471.83693569
2020-04-09 20:00:00+00:00,3350081.93366416
2020-04-09 21:00:00+00:00,3350256.41642965
2020-04-09 22:00:00+00:00,3350295.60369194
2020-04-09 23:00:00+00:00,3348280.52676142
2020-04-10 00:00:00+00:00,3348406.01912949
2020-04-10 01:00:00+00:00,3336084.07521398
2020-04-10 02:00:00+00:00,3335939.15177122
2020-04-10 03:00:00+00:00,3336049.87047468
2020-04-10 04:00:00+00:00,3334961.76600522
2020-04-10 05:00:00+00:00,3336754.55179102
2020-04-10 06:00:00+00:00,3336731.36495162
2020-04-10 07:00:00+00:00,3335420.48056342
2020-04-10 08:00:00+00:00,3334458.1270915302
2020-04-10 09:00:00+00:00,3334510.55909594
2020-04-10 10:00:00+00:00,3333813.48884648
2020-04-10 11:00:00+00:00,3333865.44183419
2020-04-10 12:00:00+00:00,3332342.73427841
2020-04-10 13:00:00+00:00,3332474.87958209
2020-04-10 14:00:00+00:00,3332003.97364528
2020-04-10 15:00:00+00:00,3330647.07009762
2020-04-10 16:00:00+00:00,3330732.25737555
2020-04-10 17:00:00+00:00,3331876.3562140903
2020-04-10 18:00:00+00:00,3334523.68209187
2020-04-10 19:00:00+00:00,3335820.80560983
2020-04-10 20:00:00+00:00,3341011.6949570803
2020-04-10 21:00:00+00:00,3339418.8291309
2020-04-10 22:00:00+00:00,3339413.4799233503
2020-04-10 23:00:00+00:00,3339542.1448086
2020-04-11 00:00:00+00:00,3340467.24681102
2020-04-11 01:00:00+00:00,3340518.9319965
2020-04-11 02:00:00+00:00,3342519.53940896
2020-04-11 03:00:00+00:00,3342545.02159097
2020-04-11 04:00:00+00:00,3342544.47559006
2020-04-11 05:00:00+00:00,3342648.22617283
2020-04-11 06:00:00+00:00,3342609.50818693
2020-04-11 07:00:00+00:00,3343236.50329134
2020-04-11 08:00:00+00:00,3343214.64795261
2020-04-11 09:00:00+00:00,3343482.0012712
2020-04-11 10:00:00+00:00,3348556.48455266
2020-04-11 11:00:00+00:00,3348711.39834062
2020-04-11 12:00:00+00:00,3348809.47943393
2020-04-11 13:00:00+00:00,3348849.2961309203
2020-04-11 14:00:00+00:00,3349847.42716238
2020-04-11 15:00:00+00:00,3350030.74008274
2020-04-11 16:00:00+00:00,3350570.0652884003
2020-04-11 17:00:00+00:00,3350684.44965718
2020-04-11 18:00:00+00:00,3350748.05898891
2020-04-11 19:00:00+00:00,3351558.9016883
2020-04-11 20:00:00+00:00,3350407.03584629
2020-04-11 21:00:00+00:00,3350405.74245087
2020-04-11 22:00:00+00:00,3350371.6039787
2020-04-11 23:00:00+00:00,3350434.39909281
2020-04-12 00:00:00+00:00,3351527.39777496
2020-04-12 01:00:00+00:00,3351734.46643461
2020-04-12 02:00:00+00:00,3351516.60702455
2020-04-12 03:00:00+00:00,3351543.82932906
2020-04-12 04:00:00+00:00,3350761.5706177303
2020-04-12 05:00:00+00:00,3350815.14696097
2020-04-12 06:00:00+00:00,3351006.76413893
2020-04-12 07:00:00+00:00,3353111.65400897
2020-04-12 08:00:00+00:00,3354550.4245555103
2020-04-12 09:00:00+00:00,3354544.08503694
2020-04-12 10:00:00+00:00,3354646.95309833
2020-04-12 11:00:00+00:00,3353452.96309532
2020-04-12 12:00:00+00:00,3354942.81520169
2020-04-12 13:00:00+00:00,3355346.39583688
2020-04-12 14:00:00+00:00,3355355.73003645
2020-04-12 15:00:00+00:00,3355418.934069
2020-04-12 16:00:00+00:00,3353538.76313787
2020-04-12 17:00:00+00:00,3353537.18042561
2020-04-12 18:00:00+00:00,3353875.0984769003
2020-04-12 19:00:00+00:00,3353977.20076775
2020-04-12 20:00:00+00:00,3354900.51480357
2020-04-12 21:00:00+00:00,3354985.24142446
2020-04-12 22:00:00+00:00,3354982.57432677
2020-04-12 23:00:00+00:00,3351923.04943836
2020-04-13 00:00:00+00:00,3351872.27137264
2020-04-13 01:00:00+00:00,3351016.09573518
2020-04-13 02:00:00+00:00,3352096.52018397
2020-04-13 03:00:00+00:00,3354295.84005583
2020-04-13 04:00:00+00:00,3356855.26395669
2020-04-13 05:00:00+00:00,3356861.6823509103
2020-04-13 06:00:00+00:00,3355230.50592191
2020-04-13 07:00:00+00:00,3356340.0239557
2020-04-13 08:00:00+00:00,3355475.5897625103
2020-04-13 09:00:00+00:00,3355692.81281427
2020-04-13 10:00:00+00:00,3355535.46147596
2020-04-13 11:00:00+00:00,3353890.94683949
2020-04-13 12:00:00+00:00,3353567.23632055
2020-04-13 13:00:00+00:00,3354911.44143453
2020-04-13 14:00:00+00:00,3357553.97667732
2020-04-13 15:00:00+00:00,3357943.20547611
2020-04-13 16:00:00+00:00,3359195.61303804
2020-04-13 17:00:00+00:00,3360104.27251207
2020-04-13 18:00:00+00:00,3360095.70541851
2020-04-13 19:00:00+00:00,3361558.47046844
2020-04-13 20:00:00+00:00,3365512.68926204
2020-04-13 21:00:00+00:00,3365326.04693125
2020-04-13 22:00:00+00:00,3365396.20265235
2020-04-13 23:00:00+00:00,3364554.9240286
2020-04-14 00:00:00+00:00,3364742.65177149
2020-04-14 01:00:00+00:00,3366034.47906372
2020-04-14 02:00:00+00:00,3366527.88129751
2020-04-14 03:00:00+00:00,3366922.71329049
2020-04-14 04:00:00+00:00,3365931.57955082
2020-04-14 05:00:00+00:00,3365017.73268016
2020-04-14 06:00:00+00:00,3364606.9282737803
2020-04-14 07:00:00+00:00,3362762.51713909
2020-04-14 08:00:00+00:00,3362806.5896973303
2020-04-14 09:00:00+00:00,3362009.16363045
2020-04-14 10:00:00+00:00,3362097.0880445703
2020-04-14 11:00:00+00:00,3363173.46635165
2020-04-14 12:00:00+00:00,3362723.85117094
2020-04-14 13:00:00+00:00,3362856.8794695
2020-04-14 14:00:00+00:00,3363933.64275186
2020-04-14 15:00:00+00:00,3364420.78788691
2020-04-14 16:00:00+00:00,3364490.73052607
2020-04-14 17:00:00+00:00,3366961.1408409
2020-04-14 18:00:00+00:00,3365035.72816978
2020-04-14 19:00:00+00:00,3365660.1143943
2020-04-14 20:00:00+00:00,3364465.95720967
2020-04-14 21:00:00+00:00,3364659.08536849
2020-04-14 22:00:00+00:00,3365674.84773527
2020-04-14 23:00:00+00:00,3366326.86761937
2020-04-15 00:00:00+00:00,3366397.94811273
2020-04-15 01:00:00+00:00,3365023.37597105
2020-04-15 02:00:00+00:00,3365167.3074902203
2020-04-15 03:00:00+00:00,3365944.86134866
2020-04-15 04:00:00+00:00,3368187.19479031
2020-04-15 05:00:00+00:00,3368201.87031536
2020-04-15 06:00:00+00:00,3377832.0173664102
2020-04-15 07:00:00+00:00,3377893.49692221
2020-04-15 08:00:00+00:00,3376213.95278454
2020-04-15 09:00:00+00:00,3373290.23445998
2020-04-15 10:00:00+00:00,3371943.05288949
2020-04-15 11:00:00+00:00,3371555.26471706
2020-04-15 12:00:00+00:00,3367563.03746754
2020-04-15 13:00:00+00:00,3367651.2453321
2020-04-15 14:00:00+00:00,3362775.6368854903
2020-04-15 15:00:00+00:00,3364553.9901798903
2020-04-15 16:00:00+00:00,3363443.48677823
2020-04-15 17:00:00+00:00,3364837.6684565
2020-04-15 18:00:00+00:00,3366121.83232085
2020-04-15 19:00:00+00:00,3367892.3880429403
2020-04-15 20:00:00+00:00,3363771.53555529
2020-04-15 21:00:00+00:00,3364083.8427197
2020-04-15 22:00:00+00:00,3364211.73449063
2020-04-15 23:00:00+00:00,3362277.25206668
2020-04-16 00:00:00+00:00,3362351.84797015
2020-04-16 01:00:00+00:00,3363054.6227896903
2020-04-16 02:00:00+00:00,3362530.9174253
2020-04-16 03:00:00+00:00,3361722.29615385
2020-04-16 04:00:00+00:00,3361872.68697878
2020-04-16 05:00:00+00:00,3360785.81059757
2020-04-16 06:00:00+00:00,3361892.816771
2020-04-16 07:00:00+00:00,3359968.04080996
2020-04-16 08:00:00+00:00,3359032.44266906
2020-04-16 09:00:00+00:00,3358224.00704568
2020-04-16 10:00:00+00:00,3357452.8408068
2020-04-16 11:00:00+00:00,3357349.52480028
2020-04-16 12:00:00+00:00,3355714.00733594
2020-04-16 13:00:00+00:00,3355049.51630634
2020-04-16 14:00:00+00:00,3353981.86202693
2020-04-16 15:00:00+00:00,3361287.38666609
2020-04-16 16:00:00+00:00,3360102.41276644
2020-04-16 17:00:00+00:00,3360100.01554567
2020-04-16 18:00:00+00:00,3360175.15521475
2020-04-16 19:00:00+00:00,3360393.82186971
2020-04-16 20:00:00+00:00,3360313.4334837003
2020-04-16 21:00:00+00:00,3360262.0762262503
2020-04-16 22:00:00+00:00,3360661.93694812
2020-04-16 23:00:00+00:00,3345839.43559207
2020-04-17 00:00:00+00:00,3345942.1253938503
2020-04-17 01:00:00+00:00,3345959.21130905
2020-04-17 02:00:00+00:00,3347878.95298982
2020-04-17 03:00:00+00:00,3347826.44897825
2020-04-17 04:00:00+00:00,3345663.17184208
2020-04-17 05:00:00+00:00,3345689.37853802
2020-04-17 06:00:00+00:00,3345761.02903355
2020-04-17 07:00:00+00:00,3348312.9767274503
2020-04-17 08:00:00+00:00,3348063.45583269
2020-04-17 09:00:00+00:00,3348312.91540746
2020-04-17 10:00:00+00:00,3346315.87904973
2020-04-17 11:00:00+00:00,3346048.4968919
2020-04-17 12:00:00+00:00,3346377.46666836
2020-04-17 13:00:00+00:00,3345807.37789255
2020-04-17 14:00:00+00:00,3348776.5706647
2020-04-17 15:00:00+00:00,3349382.10680774
2020-04-17 16:00:00+00:00,3353823.59206722
2020-04-17 17:00:00+00:00,3354058.88966949
2020-04-17 18:00:00+00:00,3351469.8626748403
2020-04-17 19:00:00+00:00,3351301.01427306
2020-04-17 20:00:00+00:00,3353848.9759497503
2020-04-17 21:00:00+00:00,3352482.41206116
2020-04-17 22:00:00+00:00,3352426.28057799
2020-04-17 23:00:00+00:00,3352500.89794667
2020-04-18 00:00:00+00:00,3353001.72468828
2020-04-18 01:00:00+00:00,3352387.31935223
2020-04-18 02:00:00+00:00,3352023.34880084
2020-04-18 03:00:00+00:00,3353290.08159167
2020-04-18 04:00:00+00:00,3353663.44861452
2020-04-18 05:00:00+00:00,3353683.31711162
2020-04-18 06:00:00+00:00,3353825.00786312
2020-04-18 07:00:00+00:00,3353807.60473769
2020-04-18 08:00:00+00:00,3353903.82377097
2020-04-18 09:00:00+00:00,3352965.4108876702
2020-04-18 10:00:00+00:00,3352948.09026315
2020-04-18 11:00:00+00:00,3351920.2998911003
2020-04-18 12:00:00+00:00,3351631.98180012
2020-04-18 13:00:00+00:00,3350495.62299725
2020-04-18 14:00:00+00:00,3350012.33113789
2020-04-18 15:00:00+00:00,3350211.16076231
2020-04-18 16:00:00+00:00,3349008.59848182
2020-04-18 17:00:00+00:00,3348934.23134382
2020-04-18 18:00:00+00:00,3348982.86369149
2020-04-18 19:00:00+00:00,3346768.01275444
2020-04-18 20:00:00+00:00,3346913.38248861
2020-04-18 21:00:00+00:00,3346984.75446098
2020-04-18 22:00:00+00:00,3347146.21899177
2020-04-18 23:00:00+00:00,3347722.94664199
2020-04-19 00:00:00+00:00,3348160.99146648
2020-04-19 01:00:00+00:00,3348919.4925678703
2020-04-19 02:00:00+00:00,3348597.22934443
2020-04-19 03:00:00+00:00,3350057.87464019
2020-04-19 04:00:00+00:00,3350379.53498525
2020-04-19 05:00:00+00:00,3350467.3517664103
2020-04-19 06:00:00+00:00,3364434.67590081
2020-04-19 07:00:00+00:00,3364498.59348041
2020-04-19 08:00:00+00:00,3364339.89288499
2020-04-19 09:00:00+00:00,3364351.48399962
2020-04-19 10:00:00+00:00,3364273.70059452
2020-04-19 11:00:00+00:00,3364345.27732045
2020-04-19 12:00:00+00:00,3363751.67398552
2020-04-19 13:00:00+00:00,3364299.88505324
2020-04-19 14:00:00+00:00,3362939.4139166
2020-04-19 15:00:00+00:00,3363099.68328216
2020-04-19 16:00:00+00:00,3363031.28296159
2020-04-19 17:00:00+00:00,3363226.9809979
2020-04-19 18:00:00+00:00,3363207.48410741
2020-04-19 19:00:00+00:00,3362263.56955266
2020-04-19 20:00:00+00:00,3362306.09103946
2020-04-19 21:00:00+00:00,3362352.02138702
2020-04-19 22:00:00+00:00,3363004.95637345
2020-04-19 23:00:00+00:00,3363030.08550575
2020-04-20 00:00:00+00:00,3362079.0215180903
2020-04-20 01:00:00+00:00,3362414.217931
2020-04-20 02:00:00+00:00,3361819.63122309
2020-04-20 03:00:00+00:00,3363156.7045546
2020-04-20 04:00:00+00:00,3362944.16904128
2020-04-20 05:00:00+00:00,3363271.64341228
2020-04-20 06:00:00+00:00,3363145.2744145
2020-04-20 07:00:00+00:00,3363135.33451192
2020-04-20 08:00:00+00:00,3363177.88976755
2020-04-20 09:00:00+00:00,3364625.5052234903
2020-04-20 10:00:00+00:00,3364940.35374573
2020-04-20 11:00:00+00:00,3360982.82405119
2020-04-20 12:00:00+00:00,3361744.86094547
2020-04-20 13:00:00+00:00,3362091.9138662303
2020-04-20 14:00:00+00:00,3362007.60269162
2020-04-20 15:00:00+00:00,3362400.91194029
2020-04-20 16:00:00+00:00,3364248.8422079203
2020-04-20 17:00:00+00:00,3364244.33098728
2020-04-20 18:00:00+00:00,3365107.85334733
2020-04-20 19:00:00+00:00,3363069.43755526
2020-04-20 20:00:00+00:00,3362884.59486124
2020-04-20 21:00:00+00:00,3364130.46545398
2020-04-20 22:00:00+00:00,3366115.18951077
2020-04-20 23:00:00+00:00,3367406.74296598
2020-04-21 00:00:00+00:00,3367483.96856223
2020-04-21 01:00:00+00:00,3367636.83459318
2020-04-21 02:00:00+00:00,3366212.96418146
2020-04-21 03:00:00+00:00,3366598.76301669
2020-04-21 04:00:00+00:00,3367757.39970432
2020-04-21 05:00:00+00:00,3369286.35742545
2020-04-21 06:00:00+00:00,3368395.41088146
2020-04-21 07:00:00+00:00,3368988.72459676
2020-04-21 08:00:00+00:00,3368827.02982287
2020-04-21 09:00:00+00:00,3367440.11086416
2020-04-21 10:00:00+00:00,3365957.75758651
2020-04-21 11:00:00+00:00,3365183.43230139
2020-04-21 12:00:00+00:00,3364159.16280846
2020-04-21 13:00:00+00:00,3364477.77729504
2020-04-21 14:00:00+00:00,3352170.59666819
2020-04-21 15:00:00+00:00,3353081.92547854
2020-04-21 16:00:00+00:00,3351446.11553535
2020-04-21 17:00:00+00:00,3350532.37481235
2020-04-21 18:00:00+00:00,3354230.2095939
2020-04-21 19:00:00+00:00,3353291.14826813
2020-04-21 20:00:00+00:00,3353300.40284843
2020-04-21 21:00:00+00:00,3351592.97826892
2020-04-21 22:00:00+00:00,3351916.84612189
2020-04-21 23:00:00+00:00,3351926.43234903
2020-04-22 00:00:00+00:00,3352141.88153827
2020-04-22 01:00:00+00:00,3351150.04594925
2020-04-22 02:00:00+00:00,3351367.9338379
2020-04-22 03:00:00+00:00,3352917.13777472
2020-04-22 04:00:00+00:00,3352879.4060477503
2020-04-22 05:00:00+00:00,3352986.2845601803
2020-04-22 06:00:00+00:00,3353396.67135804
2020-04-22 07:00:00+00:00,3352312.42194136
2020-04-22 08:00:00+00:00,3355515.99891131
2020-04-22 09:00:00+00:00,3353230.00949896
2020-04-22 10:00:00+00:00,3352487.83187465
2020-04-22 11:00:00+00:00,3341739.34050968
2020-04-22 12:00:00+00:00,3341739.34050968
2020-04-22 13:00:00+00:00,3342797.1697509
2020-04-22 14:00:00+00:00,3341698.55463394
2020-04-22 15:00:00+00:00,3342710.98812757
2020-04-22 16:00:00+00:00,3344538.88073149
2020-04-22 17:00:00+00:00,3344423.24632515
2020-04-22 18:00:00+00:00,3343779.90923282
2020-04-22 19:00:00+00:00,3344863.71239332
2020-04-22 20:00:00+00:00,3344272.49320285
2020-04-22 21:00:00+00:00,3345852.02801025
2020-04-22 22:00:00+00:00,3346530.01419833
2020-04-22 23:00:00+00:00,3346527.99034587
2020-04-23 00:00:00+00:00,3347129.18663069
2020-04-23 01:00:00+00:00,3345986.3227803903
2020-04-23 02:00:00+00:00,3346327.50327425
2020-04-23 03:00:00+00:00,3346135.19706576
2020-04-23 04:00:00+00:00,3347288.72551248
2020-04-23 05:00:00+00:00,3347322.66572999
2020-04-23 06:00:00+00:00,3346829.38939784
2020-04-23 07:00:00+00:00,3346792.40845351
2020-04-23 08:00:00+00:00,3346946.4202607903
2020-04-23 09:00:00+00:00,3347023.2219679803
2020-04-23 10:00:00+00:00,3346827.41862623
2020-04-23 11:00:00+00:00,3345510.7400147603
2020-04-23 12:00:00+00:00,3344407.59269096
2020-04-23 13:00:00+00:00,3347644.91904243
2020-04-23 14:00:00+00:00,3349459.31049087
2020-04-23 15:00:00+00:00,3351090.33953391
2020-04-23 16:00:00+00:00,3351032.6712177102
2020-04-23 17:00:00+00:00,3349958.2644751403
2020-04-23 18:00:00+00:00,3347980.34223021
2020-04-23 19:00:00+00:00,3350776.37154868
2020-04-23 20:00:00+00:00,3348793.20514622
2020-04-23 21:00:00+00:00,3348699.74049096
2020-04-23 22:00:00+00:00,3349580.96078309
2020-04-23 23:00:00+00:00,3350754.10721502
2020-04-24 00:00:00+00:00,3350648.19366903
2020-04-24 01:00:00+00:00,3349602.85910097
2020-04-24 02:00:00+00:00,3348719.65591257
2020-04-24 03:00:00+00:00,3349015.98898547
2020-04-24 04:00:00+00:00,3348942.37798079
2020-04-24 05:00:00+00:00,3348958.49453932
2020-04-24 06:00:00+00:00,3349900.98028631
2020-04-24 07:00:00+00:00,3348147.81710146
2020-04-24 08:00:00+00:00,3349470.12391627
2020-04-24 09:00:00+00:00,3348665.89693365
2020-04-24 10:00:00+00:00,3350839.68471334
2020-04-24 11:00:00+00:00,3349261.74912142
2020-04-24 12:00:00+00:00,3346249.0560399
2020-04-24 13:00:00+00:00,3346124.94711128
2020-04-24 14:00:00+00:00,3349693.3998401
2020-04-24 15:00:00+00:00,3359877.69605182
2020-04-24 16:00:00+00:00,3360631.82114668
2020-04-24 17:00:00+00:00,3360902.39414217
2020-04-24 18:00:00+00:00,3359707.85327069
2020-04-24 19:00:00+00:00,3360121.7539657103
2020-04-24 20:00:00+00:00,3361255.78374509
2020-04-24 21:00:00+00:00,3361743.04267425
2020-04-24 22:00:00+00:00,3362179.19350889
2020-04-24 23:00:00+00:00,3361864.95233538
2020-04-25 00:00:00+00:00,3361543.02887225
2020-04-25 01:00:00+00:00,3361741.54542351
2020-04-25 02:00:00+00:00,3362737.79809789
2020-04-25 03:00:00+00:00,3362844.1085130703
2020-04-25 04:00:00+00:00,3362943.22107981
2020-04-25 05:00:00+00:00,3362964.81171265
2020-04-25 06:00:00+00:00,3363171.73489141
2020-04-25 07:00:00+00:00,3363345.52547556
2020-04-25 08:00:00+00:00,3362299.15234563
2020-04-25 09:00:00+00:00,3362303.07078392
2020-04-25 10:00:00+00:00,3362281.42711166
2020-04-25 11:00:00+00:00,3362325.2431829
2020-04-25 12:00:00+00:00,3363526.51799835
2020-04-25 13:00:00+00:00,3364889.35812274
2020-04-25 14:00:00+00:00,3364965.88988781
2020-04-25 15:00:00+00:00,3364007.78272311
2020-04-25 16:00:00+00:00,3362734.11833458
2020-04-25 17:00:00+00:00,3362938.56440148
2020-04-25 18:00:00+00:00,3362950.16313578
2020-04-25 19:00:00+00:00,3363063.1888081003
2020-04-25 20:00:00+00:00,3363077.3948285403
2020-04-25 21:00:00+00:00,3363124.6024194
2020-04-25 22:00:00+00:00,3363136.20901852
2020-04-25 23:00:00+00:00,3363188.75952465
2020-04-26 00:00:00+00:00,3363262.8817526903
2020-04-26 01:00:00+00:00,3363204.51108366
2020-04-26 02:00:00+00:00,3362937.1409711703
2020-04-26 03:00:00+00:00,3361983.52608413
2020-04-26 04:00:00+00:00,3361008.54933637
2020-04-26 05:00:00+00:00,3361980.56813611
2020-04-26 06:00:00+00:00,3362005.81373968
2020-04-26 07:00:00+00:00,3361973.6176539003
2020-04-26 08:00:00+00:00,3361924.65303453
2020-04-26 09:00:00+00:00,3360901.36713253
2020-04-26 10:00:00+00:00,3360468.77912067
2020-04-26 11:00:00+00:00,3359981.56347484
2020-04-26 12:00:00+00:00,3362468.91956513
2020-04-26 13:00:00+00:00,3362496.51415358
2020-04-26 14:00:00+00:00,3361643.20048902
2020-04-26 15:00:00+00:00,3360457.01949608
2020-04-26 16:00:00+00:00,3360716.03173215
2020-04-26 17:00:00+00:00,3361008.60377524
2020-04-26 18:00:00+00:00,3361049.97893865
2020-04-26 19:00:00+00:00,3361072.0959085403
2020-04-26 20:00:00+00:00,3361106.58710459
2020-04-26 21:00:00+00:00,3361207.7688813102
2020-04-26 22:00:00+00:00,3361081.75329176
2020-04-26 23:00:00+00:00,3361044.80804523
2020-04-27 00:00:00+00:00,3361716.93173092
2020-04-27 01:00:00+00:00,3362214.6654647603
2020-04-27 02:00:00+00:00,3362047.66464545
2020-04-27 03:00:00+00:00,3361789.89165381
2020-04-27 04:00:00+00:00,3362126.86878176
2020-04-27 05:00:00+00:00,3362970.63249561
2020-04-27 06:00:00+00:00,3363790.56272397
2020-04-27 07:00:00+00:00,3362019.9532836103
2020-04-27 08:00:00+00:00,3364367.6753665903
2020-04-27 09:00:00+00:00,3364211.10743798
2020-04-27 10:00:00+00:00,3363714.3291913
2020-04-27 11:00:00+00:00,3362493.90766411
2020-04-27 12:00:00+00:00,3364172.06646514
2020-04-27 13:00:00+00:00,3364140.20788066
2020-04-27 14:00:00+00:00,3364639.73487407
2020-04-27 15:00:00+00:00,3364059.18459159
2020-04-27 16:00:00+00:00,3368338.42016985
2020-04-27 17:00:00+00:00,3365298.02670567
2020-04-27 18:00:00+00:00,3368645.55342304
2020-04-27 19:00:00+00:00,3370322.63231305
2020-04-27 20:00:00+00:00,3370296.25962788
2020-04-27 21:00:00+00:00,3366978.0070650303
2020-04-27 22:00:00+00:00,3366571.31759584
2020-04-27 23:00:00+00:00,3362459.65378232
2020-04-28 00:00:00+00:00,3361230.5620214
2020-04-28 01:00:00+00:00,3360092.94889577
2020-04-28 02:00:00+00:00,3360148.97225046
2020-04-28 03:00:00+00:00,3360244.3281423203
2020-04-28 04:00:00+00:00,3363684.38526102
2020-04-28 05:00:00+00:00,3364224.16575066
2020-04-28 06:00:00+00:00,3364254.48610227
2020-04-28 07:00:00+00:00,3364396.22198435
2020-04-28 08:00:00+00:00,3364182.69407377
2020-04-28 09:00:00+00:00,3366074.4337555
2020-04-28 10:00:00+00:00,3366371.76540674
2020-04-28 11:00:00+00:00,3365289.39963779
2020-04-28 12:00:00+00:00,3363271.25632091
2020-04-28 13:00:00+00:00,3365298.47732907
2020-04-28 14:00:00+00:00,3365353.34778823
2020-04-28 15:00:00+00:00,3363735.52939923
2020-04-28 16:00:00+00:00,3363016.53136657
2020-04-28 17:00:00+00:00,3360505.4554929
2020-04-28 18:00:00+00:00,3360922.99076459
2020-04-28 19:00:00+00:00,3360802.56525032
2020-04-28 20:00:00+00:00,3360691.73882198
2020-04-28 21:00:00+00:00,3361990.87236136
2020-04-28 22:00:00+00:00,3363532.64088841
2020-04-28 23:00:00+00:00,3361276.31192315
2020-04-29 00:00:00+00:00,3360826.15591811
2020-04-29 01:00:00+00:00,3359419.89861513
2020-04-29 02:00:00+00:00,3360868.1919326102
2020-04-29 03:00:00+00:00,3360846.60881626
2020-04-29 04:00:00+00:00,3361007.96550439
2020-04-29 05:00:00+00:00,3358647.2776084
2020-04-29 06:00:00+00:00,3358954.9031528803
2020-04-29 07:00:00+00:00,3359570.82306525
2020-04-29 08:00:00+00:00,3358245.35664898
2020-04-29 09:00:00+00:00,3359487.86181704
2020-04-29 10:00:00+00:00,3358135.79972678
2020-04-29 11:00:00+00:00,3360056.6630221503
2020-04-29 12:00:00+00:00,3358679.47132386
2020-04-29 13:00:00+00:00,3364184.65192411
2020-04-29 14:00:00+00:00,3364035.0576549
2020-04-29 15:00:00+00:00,3364657.71159098
2020-04-29 16:00:00+00:00,3368746.0456619603
2020-04-29 17:00:00+00:00,3368667.78316775
2020-04-29 18:00:00+00:00,3372131.47817895
2020-04-29 19:00:00+00:00,3368188.30298961
2020-04-29 20:00:00+00:00,3370310.4844600703
2020-04-29 21:00:00+00:00,3368491.20623479
2020-04-29 22:00:00+00:00,3367451.00162351
2020-04-29 23:00:00+00:00,3362950.26993766
2020-04-30 00:00:00+00:00,3362340.43014687
2020-04-30 01:00:00+00:00,3363341.10978636
2020-04-30 02:00:00+00:00,3362376.75514931
2020-04-30 03:00:00+00:00,3362624.05078953
2020-04-30 04:00:00+00:00,3361989.09512851
2020-04-30 05:00:00+00:00,3361153.13502983
2020-04-30 06:00:00+00:00,3361991.4915278
2020-04-30 07:00:00+00:00,3360993.10269544
2020-04-30 08:00:00+00:00,3360643.9924612
2020-04-30 09:00:00+00:00,3368747.39647291
2020-04-30 10:00:00+00:00,3368603.97294803
2020-04-30 11:00:00+00:00,3366942.26203644
2020-04-30 12:00:00+00:00,3365399.70942434
2020-04-30 13:00:00+00:00,3369755.96841655
2020-04-30 14:00:00+00:00,3371640.83677858
2020-04-30 15:00:00+00:00,3371316.51349203
2020-04-30 16:00:00+00:00,3366685.23579895
2020-04-30 17:00:00+00:00,3361313.7522389903
2020-04-30 18:00:00+00:00,3362877.71017721
2020-04-30 19:00:00+00:00,3360451.76017354
2020-04-30 20:00:00+00:00,3361257.86003095
2020-04-30 21:00:00+00:00,3357101.64538641
2020-04-30 22:00:00+00:00,3357703.69763802
2020-04-30 23:00:00+00:00,3353147.36731343
2020-05-01 00:00:00+00:00,3356567.54960653
2020-05-01 01:00:00+00:00,3356283.08858564
2020-05-01 02:00:00+00:00,3355475.77435744
2020-05-01 03:00:00+00:00,3354262.73697892
2020-05-01 04:00:00+00:00,3353178.5425022203
2020-05-01 05:00:00+00:00,3352888.81746185
2020-05-01 06:00:00+00:00,3350960.63033712
2020-05-01 07:00:00+00:00,3352110.92909967
2020-05-01 08:00:00+00:00,3353764.80585647
2020-05-01 09:00:00+00:00,3353839.04578159
2020-05-01 10:00:00+00:00,3353217.01038636
2020-05-01 11:00:00+00:00,3355322.72792097
2020-05-01 12:00:00+00:00,3353086.32831913
2020-05-01 13:00:00+00:00,3355169.0854855003
2020-05-01 14:00:00+00:00,3356814.2604464
2020-05-01 15:00:00+00:00,3355175.34677542
2020-05-01 16:00:00+00:00,3357639.6515261503
2020-05-01 17:00:00+00:00,3355764.93476024
2020-05-01 18:00:00+00:00,3352992.50063383
2020-05-01 19:00:00+00:00,3354744.52628063
2020-05-01 20:00:00+00:00,3356545.29713913
2020-05-01 21:00:00+00:00,3356621.04253912
2020-05-01 22:00:00+00:00,3367517.11825816
2020-05-01 23:00:00+00:00,3367884.71199673
2020-05-02 00:00:00+00:00,3368342.52665082
2020-05-02 01:00:00+00:00,3368422.09602271
2020-05-02 02:00:00+00:00,3367611.44921408
2020-05-02 03:00:00+00:00,3367591.9662593403
2020-05-02 04:00:00+00:00,3367479.87189926
2020-05-02 05:00:00+00:00,3367460.73371602
2020-05-02 06:00:00+00:00,3367673.04069598
2020-05-02 07:00:00+00:00,3367580.0146323103
2020-05-02 08:00:00+00:00,3367563.62907084
2020-05-02 09:00:00+00:00,3367832.30282667
2020-05-02 10:00:00+00:00,3367876.41557739
2020-05-02 11:00:00+00:00,3366865.87220304
2020-05-02 12:00:00+00:00,3365734.44036726
2020-05-02 13:00:00+00:00,3365875.8281955
2020-05-02 14:00:00+00:00,3366360.17730497
2020-05-02 15:00:00+00:00,3363850.89855994
2020-05-02 16:00:00+00:00,3363873.9170555803
2020-05-02 17:00:00+00:00,3362799.5343342703
2020-05-02 18:00:00+00:00,3362885.75078382
2020-05-02 19:00:00+00:00,3363109.38940889
2020-05-02 20:00:00+00:00,3364189.82192409
2020-05-02 21:00:00+00:00,3363241.37626066
2020-05-02 22:00:00+00:00,3363190.67358787
2020-05-02 23:00:00+00:00,3363215.16982511
2020-05-03 00:00:00+00:00,3363610.36439683
2020-05-03 01:00:00+00:00,3363616.14347882
2020-05-03 02:00:00+00:00,3363819.97188282
2020-05-03 03:00:00+00:00,3364539.25738804
2020-05-03 04:00:00+00:00,3365521.8237730903
2020-05-03 05:00:00+00:00,3365753.98804747
2020-05-03 06:00:00+00:00,3364321.44441186
2020-05-03 07:00:00+00:00,3364846.6300753
2020-05-03 08:00:00+00:00,3364835.01579579
2020-05-03 09:00:00+00:00,3364562.60929409
2020-05-03 10:00:00+00:00,3364477.67048716
2020-05-03 11:00:00+00:00,3365008.43497159
2020-05-03 12:00:00+00:00,3364544.50122501
2020-05-03 13:00:00+00:00,3364502.35458424
2020-05-03 14:00:00+00:00,3364296.85363125
2020-05-03 15:00:00+00:00,3364275.74414479
2020-05-03 16:00:00+00:00,3363926.35846824
2020-05-03 17:00:00+00:00,3364425.90072635
2020-05-03 18:00:00+00:00,3364502.11042182
2020-05-03 19:00:00+00:00,3364495.31420702
2020-05-03 20:00:00+00:00,3364004.12185195
2020-05-03 21:00:00+00:00,3364778.69373252
2020-05-03 22:00:00+00:00,3364786.71445119
2020-05-03 23:00:00+00:00,3362979.95166932
2020-05-04 00:00:00+00:00,3363005.50184775
2020-05-04 01:00:00+00:00,3362003.22349751
2020-05-04 02:00:00+00:00,3362226.59519328
2020-05-04 03:00:00+00:00,3362334.3748836
2020-05-04 04:00:00+00:00,3361556.65338848
2020-05-04 05:00:00+00:00,3359942.54211507
2020-05-04 06:00:00+00:00,3360087.4181223502
2020-05-04 07:00:00+00:00,3358694.39062635
2020-05-04 08:00:00+00:00,3358478.74418869
2020-05-04 09:00:00+00:00,3358515.75273197
2020-05-04 10:00:00+00:00,3356325.16999717
2020-05-04 11:00:00+00:00,3354809.25969485
2020-05-04 12:00:00+00:00,3351248.15175249
2020-05-04 13:00:00+00:00,3364763.32014796
2020-05-04 14:00:00+00:00,3368408.2465707
2020-05-04 15:00:00+00:00,3368430.39324809
2020-05-04 16:00:00+00:00,3367117.57080057
2020-05-04 17:00:00+00:00,3369337.0254094102
2020-05-04 18:00:00+00:00,3370198.94774753
2020-05-04 19:00:00+00:00,3370222.14926172
2020-05-04 20:00:00+00:00,3369254.27943701
2020-05-04 21:00:00+00:00,3369786.4081607102
2020-05-04 22:00:00+00:00,3366569.7889602003
2020-05-04 23:00:00+00:00,3367051.31514722
2020-05-05 00:00:00+00:00,3368587.67952744
2020-05-05 01:00:00+00:00,3366824.03632526
2020-05-05 02:00:00+00:00,3366667.79904093
2020-05-05 03:00:00+00:00,3366719.5165152103
2020-05-05 04:00:00+00:00,3366678.7169851502
2020-05-05 05:00:00+00:00,3369530.06892564
2020-05-05 06:00:00+00:00,3368204.45684778
2020-05-05 07:00:00+00:00,3370760.79106035
2020-05-05 08:00:00+00:00,3370772.67008657
2020-05-05 09:00:00+00:00,3370159.0671899403
2020-05-05 10:00:00+00:00,3368604.93940756
2020-05-05 11:00:00+00:00,3368614.75293458
2020-05-05 12:00:00+00:00,3368039.6768882
2020-05-05 13:00:00+00:00,3368410.74660028
2020-05-05 14:00:00+00:00,3368751.26883585
2020-05-05 15:00:00+00:00,3368420.84237972
2020-05-05 16:00:00+00:00,3364642.66560358
2020-05-05 17:00:00+00:00,3363864.20700105
2020-05-05 18:00:00+00:00,3363986.90282989
2020-05-05 19:00:00+00:00,3366655.49239284
2020-05-05 20:00:00+00:00,3366719.33720156
2020-05-05 21:00:00+00:00,3368212.1994725103
2020-05-05 22:00:00+00:00,3368572.6414368
2020-05-05 23:00:00+00:00,3367802.23259025
2020-05-06 00:00:00+00:00,3369112.3992609303
2020-05-06 01:00:00+00:00,3368822.02538038
2020-05-06 02:00:00+00:00,3370323.84709772
2020-05-06 03:00:00+00:00,3370247.2523039603
2020-05-06 04:00:00+00:00,3367777.64816107
2020-05-06 05:00:00+00:00,3367675.2016049903
2020-05-06 06:00:00+00:00,3367971.29901217
2020-05-06 07:00:00+00:00,3367812.32027137
2020-05-06 08:00:00+00:00,3368014.25747821
2020-05-06 09:00:00+00:00,3367914.4089177903
2020-05-06 10:00:00+00:00,3368211.74163784
2020-05-06 11:00:00+00:00,3369068.50857328
2020-05-06 12:00:00+00:00,3369434.26007045
2020-05-06 13:00:00+00:00,3368589.61068005
2020-05-06 14:00:00+00:00,3370815.76384014
2020-05-06 15:00:00+00:00,3369939.53454337
2020-05-06 16:00:00+00:00,3370166.55780332
2020-05-06 17:00:00+00:00,3369695.3485252
2020-05-06 18:00:00+00:00,3382709.56727042
2020-05-06 19:00:00+00:00,3383459.8428701703
2020-05-06 20:00:00+00:00,3383858.26580332
2020-05-06 21:00:00+00:00,3381981.20784427
2020-05-06 22:00:00+00:00,3383523.08467512
2020-05-06 23:00:00+00:00,3383873.99715448
2020-05-07 00:00:00+00:00,3380664.20088709
2020-05-07 01:00:00+00:00,3380696.16797218
2020-05-07 02:00:00+00:00,3380205.78601835
2020-05-07 03:00:00+00:00,3380477.95988356
2020-05-07 04:00:00+00:00,3380553.51546106
2020-05-07 05:00:00+00:00,3380208.21276242
2020-05-07 06:00:00+00:00,3380397.59654521
2020-05-07 07:00:00+00:00,3379942.04715253
2020-05-07 08:00:00+00:00,3379776.13122163
2020-05-07 09:00:00+00:00,3379701.53893487
2020-05-07 10:00:00+00:00,3379933.70750391
2020-05-07 11:00:00+00:00,3381096.48506347
2020-05-07 12:00:00+00:00,3382882.68830604
2020-05-07 13:00:00+00:00,3384662.03146497
2020-05-07 14:00:00+00:00,3385269.31360983
2020-05-07 15:00:00+00:00,3389299.41288268
2020-05-07 16:00:00+00:00,3388571.37025866
2020-05-07 17:00:00+00:00,3394213.36934906
2020-05-07 18:00:00+00:00,3394520.62735571
2020-05-07 19:00:00+00:00,3395859.76220488
2020-05-07 20:00:00+00:00,3396530.18887636
2020-05-07 21:00:00+00:00,3396970.1244331
2020-05-07 22:00:00+00:00,3395015.51340806
2020-05-07 23:00:00+00:00,3397592.4503052603
2020-05-08 00:00:00+00:00,3396198.06311423
2020-05-08 01:00:00+00:00,3394062.65174618
2020-05-08 02:00:00+00:00,3395347.77644397
2020-05-08 03:00:00+00:00,3395444.63712761
2020-05-08 04:00:00+00:00,3396039.1554673
2020-05-08 05:00:00+00:00,3392089.64993304
2020-05-08 06:00:00+00:00,3393797.04056333
2020-05-08 07:00:00+00:00,3394226.65377924
2020-05-08 08:00:00+00:00,3394350.64226586
2020-05-08 09:00:00+00:00,3393861.37011396
2020-05-08 10:00:00+00:00,3392654.4111634903
2020-05-08 11:00:00+00:00,3395355.08352214
2020-05-08 12:00:00+00:00,3394786.1840462
2020-05-08 13:00:00+00:00,3396407.28644658
2020-05-08 14:00:00+00:00,3396878.16381818
2020-05-08 15:00:00+00:00,3396435.54909504
2020-05-08 16:00:00+00:00,3396744.31018144
2020-05-08 17:00:00+00:00,3395637.9216209203
2020-05-08 18:00:00+00:00,3395678.31826965
2020-05-08 19:00:00+00:00,3397811.73622941
2020-05-08 20:00:00+00:00,3398583.6081943503
2020-05-08 21:00:00+00:00,3400658.10495489
2020-05-08 22:00:00+00:00,3400347.07704971
2020-05-08 23:00:00+00:00,3400151.04419446
2020-05-09 00:00:00+00:00,3403301.3767273603
2020-05-09 01:00:00+00:00,3401432.74722112
2020-05-09 02:00:00+00:00,3402384.42037134
2020-05-09 03:00:00+00:00,3401163.5056607
2020-05-09 04:00:00+00:00,3401636.1602332
2020-05-09 05:00:00+00:00,3401565.23982352
2020-05-09 06:00:00+00:00,3401608.48683824
2020-05-09 07:00:00+00:00,3400141.6571078
2020-05-09 08:00:00+00:00,3400995.59442015
2020-05-09 09:00:00+00:00,3401386.14968821
2020-05-09 10:00:00+00:00,3401656.99928296
2020-05-09 11:00:00+00:00,3400237.14977642
2020-05-09 12:00:00+00:00,3400363.38273316
2020-05-09 13:00:00+00:00,3400345.30393652
2020-05-09 14:00:00+00:00,3400202.16416593
2020-05-09 15:00:00+00:00,3399169.94297365
2020-05-09 16:00:00+00:00,3403602.74196418
2020-05-09 17:00:00+00:00,3403665.77419449
2020-05-09 18:00:00+00:00,3405784.51834142
2020-05-09 19:00:00+00:00,3404485.87481284
2020-05-09 20:00:00+00:00,3401569.61150781
2020-05-09 21:00:00+00:00,3401932.68149999
2020-05-09 22:00:00+00:00,3402117.32216265
2020-05-09 23:00:00+00:00,3402146.02507615
2020-05-10 00:00:00+00:00,3398354.98238917
2020-05-10 01:00:00+00:00,3397693.47939868
2020-05-10 02:00:00+00:00,3398876.54666966
2020-05-10 03:00:00+00:00,3397412.5806562803
2020-05-10 04:00:00+00:00,3397842.16449485
2020-05-10 05:00:00+00:00,3397788.62513533
2020-05-10 06:00:00+00:00,3398172.34550637
2020-05-10 07:00:00+00:00,3397647.15639268
2020-05-10 08:00:00+00:00,3398205.09632195
2020-05-10 09:00:00+00:00,3399104.40864808
2020-05-10 10:00:00+00:00,3398990.3495053
2020-05-10 11:00:00+00:00,3399836.29838786
2020-05-10 12:00:00+00:00,3400024.9337757
2020-05-10 13:00:00+00:00,3401097.53730609
2020-05-10 14:00:00+00:00,3398900.52298337
2020-05-10 15:00:00+00:00,3399095.61528474
2020-05-10 16:00:00+00:00,3397556.85858858
2020-05-10 17:00:00+00:00,3388543.86435193
2020-05-10 18:00:00+00:00,3391782.85700043
2020-05-10 19:00:00+00:00,3391845.29184865
2020-05-10 20:00:00+00:00,3389015.20047937
2020-05-10 21:00:00+00:00,3389113.4624075103
2020-05-10 22:00:00+00:00,3390153.92270308
2020-05-10 23:00:00+00:00,3390257.63379259
2020-05-11 00:00:00+00:00,3390276.2245782902
2020-05-11 01:00:00+00:00,3391229.05588433
2020-05-11 02:00:00+00:00,3392118.7148593003
2020-05-11 03:00:00+00:00,3392071.60918684
2020-05-11 04:00:00+00:00,3386950.16035624
2020-05-11 05:00:00+00:00,3387615.10377187
2020-05-11 06:00:00+00:00,3387227.07238839
2020-05-11 07:00:00+00:00,3387304.12154982
2020-05-11 08:00:00+00:00,3387750.95762568
2020-05-11 09:00:00+00:00,3388955.79216217
2020-05-11 10:00:00+00:00,3389051.43045604
2020-05-11 11:00:00+00:00,3387357.80773331
2020-05-11 12:00:00+00:00,3386529.27116261
2020-05-11 13:00:00+00:00,3387516.85418809
2020-05-11 14:00:00+00:00,3391250.27289537
2020-05-11 15:00:00+00:00,3390641.5191321
2020-05-11 16:00:00+00:00,3391374.96460208
2020-05-11 17:00:00+00:00,3386786.67880113
2020-05-11 18:00:00+00:00,3385853.3453012803
2020-05-11 19:00:00+00:00,3384307.59456329
2020-05-11 20:00:00+00:00,3384455.49166713
2020-05-11 21:00:00+00:00,3381241.34667028
2020-05-11 22:00:00+00:00,3382479.5873053703
2020-05-11 23:00:00+00:00,3379057.07520506
2020-05-12 00:00:00+00:00,3379167.2834545
2020-05-12 01:00:00+00:00,3380462.95431261
2020-05-12 02:00:00+00:00,3376659.06073126
2020-05-12 03:00:00+00:00,3375699.71948915
2020-05-12 04:00:00+00:00,3376466.09131794
2020-05-12 05:00:00+00:00,3376651.98789135
2020-05-12 06:00:00+00:00,3376748.19077299
2020-05-12 07:00:00+00:00,3376258.2900071
2020-05-12 08:00:00+00:00,3376044.33184339
2020-05-12 09:00:00+00:00,3376743.11559163
2020-05-12 10:00:00+00:00,3374593.1722018
2020-05-12 11:00:00+00:00,3374393.1818929203
2020-05-12 12:00:00+00:00,3377399.2760162
2020-05-12 13:00:00+00:00,3376517.66368067
2020-05-12 14:00:00+00:00,3377337.24457958
2020-05-12 15:00:00+00:00,3377881.08571372
2020-05-12 16:00:00+00:00,3381722.46425102
2020-05-12 17:00:00+00:00,3381747.2621601103
2020-05-12 18:00:00+00:00,3382832.30099541
2020-05-12 19:00:00+00:00,3382736.02946101
2020-05-12 20:00:00+00:00,3384462.19858243
2020-05-12 21:00:00+00:00,3386740.05620539
2020-05-12 22:00:00+00:00,3386347.38945695
2020-05-12 23:00:00+00:00,3385711.38195666
2020-05-13 00:00:00+00:00,3381772.26421205
2020-05-13 01:00:00+00:00,3383321.96422598
2020-05-13 02:00:00+00:00,3380914.07997719
2020-05-13 03:00:00+00:00,3380311.73300803
2020-05-13 04:00:00+00:00,3380238.35957612
2020-05-13 05:00:00+00:00,3382509.23905452
2020-05-13 06:00:00+00:00,3383851.97230713
2020-05-13 07:00:00+00:00,3385007.93399243
2020-05-13 08:00:00+00:00,3385480.37183389
2020-05-13 09:00:00+00:00,3385509.82436733
2020-05-13 10:00:00+00:00,3386543.67765608
2020-05-13 11:00:00+00:00,3386762.2954022503
2020-05-13 12:00:00+00:00,3389105.65855127
2020-05-13 13:00:00+00:00,3388637.42169997
2020-05-13 14:00:00+00:00,3387454.31727694
2020-05-13 15:00:00+00:00,3384987.69549959
2020-05-13 16:00:00+00:00,3385377.88347318
2020-05-13 17:00:00+00:00,3383707.00620041
2020-05-13 18:00:00+00:00,3383136.92351413
2020-05-13 19:00:00+00:00,3384721.76378041
2020-05-13 20:00:00+00:00,3384908.82021454
2020-05-13 21:00:00+00:00,3385178.13859321
2020-05-13 22:00:00+00:00,3385231.35539396
2020-05-13 23:00:00+00:00,3384931.59994845
2020-05-14 00:00:00+00:00,3385086.11207188
2020-05-14 01:00:00+00:00,3384389.61512608
2020-05-14 02:00:00+00:00,3384155.7281483803
2020-05-14 03:00:00+00:00,3384313.92126871
2020-05-14 04:00:00+00:00,3383243.32435589
2020-05-14 05:00:00+00:00,3382125.5218964
2020-05-14 06:00:00+00:00,3382132.19580217
2020-05-14 07:00:00+00:00,3380148.12686982
2020-05-14 08:00:00+00:00,3378335.69494326
2020-05-14 09:00:00+00:00,3378262.2130173203
2020-05-14 10:00:00+00:00,3377737.59713032
2020-05-14 11:00:00+00:00,3377762.68744327
2020-05-14 12:00:00+00:00,3376932.55330363
2020-05-14 13:00:00+00:00,3379281.48094594
2020-05-14 14:00:00+00:00,3376273.71670523
2020-05-14 15:00:00+00:00,3378663.4386650203
2020-05-14 16:00:00+00:00,3378627.81618429
2020-05-14 17:00:00+00:00,3377457.6470889603
2020-05-14 18:00:00+00:00,3375771.79294406
2020-05-14 19:00:00+00:00,3377622.0630587
2020-05-14 20:00:00+00:00,3377260.46326852
2020-05-14 21:00:00+00:00,3376582.48805569
2020-05-14 22:00:00+00:00,3380224.25993796
2020-05-14 23:00:00+00:00,3380554.60749176
2020-05-15 00:00:00+00:00,3379365.04023078
2020-05-15 01:00:00+00:00,3378765.27350456
2020-05-15 02:00:00+00:00,3381037.86109745
2020-05-15 03:00:00+00:00,3381069.6159675
2020-05-15 04:00:00+00:00,3380336.19543727
2020-05-15 05:00:00+00:00,3380269.04402511
2020-05-15 06:00:00+00:00,3379538.58647034
2020-05-15 07:00:00+00:00,3379653.68766007
2020-05-15 08:00:00+00:00,3379636.76908602
2020-05-15 09:00:00+00:00,3380358.57964324
2020-05-15 10:00:00+00:00,3382087.09641807
2020-05-15 11:00:00+00:00,3382075.66308347
2020-05-15 12:00:00+00:00,3381984.43965569
2020-05-15 13:00:00+00:00,3381652.10238981
2020-05-15 14:00:00+00:00,3379792.29798336
2020-05-15 15:00:00+00:00,3380861.95933169
2020-05-15 16:00:00+00:00,3381112.41855421
2020-05-15 17:00:00+00:00,3379812.7327415203
2020-05-15 18:00:00+00:00,3389214.23719447
2020-05-15 19:00:00+00:00,3392353.78182955
2020-05-15 20:00:00+00:00,3393546.17202915
2020-05-15 21:00:00+00:00,3378742.46693109
2020-05-15 22:00:00+00:00,3379096.96868929
2020-05-15 23:00:00+00:00,3379393.08234566
2020-05-16 00:00:00+00:00,3379341.75889337
2020-05-16 01:00:00+00:00,3379378.16489413
2020-05-16 02:00:00+00:00,3379418.6594944303
2020-05-16 03:00:00+00:00,3379417.98776667
2020-05-16 04:00:00+00:00,3377960.45548472
2020-05-16 05:00:00+00:00,3378001.93039298
2020-05-16 06:00:00+00:00,3377975.3242952
2020-05-16 07:00:00+00:00,3379656.51501386
2020-05-16 08:00:00+00:00,3378375.8638390503
2020-05-16 09:00:00+00:00,3378453.8492800603
2020-05-16 10:00:00+00:00,3378448.98699797
2020-05-16 11:00:00+00:00,3379504.10338552
2020-05-16 12:00:00+00:00,3379607.89605257
2020-05-16 13:00:00+00:00,3379444.56143969
2020-05-16 14:00:00+00:00,3378314.37951059
2020-05-16 15:00:00+00:00,3379707.54810984
2020-05-16 16:00:00+00:00,3379653.35055065
2020-05-16 17:00:00+00:00,3379846.03404835
2020-05-16 18:00:00+00:00,3379928.89980375
2020-05-16 19:00:00+00:00,3380006.8539156
2020-05-16 20:00:00+00:00,3380915.21823073
2020-05-16 21:00:00+00:00,3381074.3591449
2020-05-16 22:00:00+00:00,3381154.4190788
2020-05-16 23:00:00+00:00,3382169.61907946
2020-05-17 00:00:00+00:00,3382206.56253988
2020-05-17 01:00:00+00:00,3383372.7821700303
2020-05-17 02:00:00+00:00,3383319.88060223
2020-05-17 03:00:00+00:00,3383403.4070261
2020-05-17 04:00:00+00:00,3383426.67697764
2020-05-17 05:00:00+00:00,3383437.13931895
2020-05-17 06:00:00+00:00,3383453.00188945
2020-05-17 07:00:00+00:00,3383432.3619219903
2020-05-17 08:00:00+00:00,3383464.37483059
2020-05-17 09:00:00+00:00,3383375.69514402
2020-05-17 10:00:00+00:00,3383296.82301404
2020-05-17 11:00:00+00:00,3383333.26159544
2020-05-17 12:00:00+00:00,3383402.9370486103
2020-05-17 13:00:00+00:00,3382899.76078847
2020-05-17 14:00:00+00:00,3383959.07347847
2020-05-17 15:00:00+00:00,3386605.15755874
2020-05-17 16:00:00+00:00,3385389.15928043
2020-05-17 17:00:00+00:00,3385160.5591755803
2020-05-17 18:00:00+00:00,3385041.05224217
2020-05-17 19:00:00+00:00,3384804.47086036
2020-05-17 20:00:00+00:00,3384690.0661822
2020-05-17 21:00:00+00:00,3383257.5768791903
2020-05-17 22:00:00+00:00,3382166.58000588
2020-05-17 23:00:00+00:00,3382833.61058984
2020-05-18 00:00:00+00:00,3382843.67916796
2020-05-18 01:00:00+00:00,3382202.33141599
2020-05-18 02:00:00+00:00,3383037.1315345103
2020-05-18 03:00:00+00:00,3382658.87588536
2020-05-18 04:00:00+00:00,3382714.69778179
2020-05-18 05:00:00+00:00,3383314.70063188
2020-05-18 06:00:00+00:00,3383736.78888546
2020-05-18 07:00:00+00:00,3384944.48047609
2020-05-18 08:00:00+00:00,3382897.70608693
2020-05-18 09:00:00+00:00,3380762.33671076
2020-05-18 10:00:00+00:00,3380486.97870522
2020-05-18 11:00:00+00:00,3379006.1545037
2020-05-18 12:00:00+00:00,3381159.48852277
2020-05-18 13:00:00+00:00,3374546.98918623
2020-05-18 14:00:00+00:00,3380972.9557826
2020-05-18 15:00:00+00:00,3380882.14407832
2020-05-18 16:00:00+00:00,3382881.12108989
2020-05-18 17:00:00+00:00,3381690.6986302203
2020-05-18 18:00:00+00:00,3381885.22812363
2020-05-18 19:00:00+00:00,3380344.87795152
2020-05-18 20:00:00+00:00,3379999.40174284
2020-05-18 21:00:00+00:00,3377200.30936955
2020-05-18 22:00:00+00:00,3378257.09642129
2020-05-18 23:00:00+00:00,3377604.5263119303
2020-05-19 00:00:00+00:00,3377813.48859652
2020-05-19 01:00:00+00:00,3377814.89874221
2020-05-19 02:00:00+00:00,3377575.97928074
2020-05-19 03:00:00+00:00,3377930.31640268
2020-05-19 04:00:00+00:00,3377816.84769811
2020-05-19 05:00:00+00:00,3377748.95831873
2020-05-19 06:00:00+00:00,3377922.2985304003
2020-05-19 07:00:00+00:00,3377635.28775453
2020-05-19 08:00:00+00:00,3376366.0815793
2020-05-19 09:00:00+00:00,3377138.34278688
2020-05-19 10:00:00+00:00,3375968.87126173
2020-05-19 11:00:00+00:00,3375957.40551374
2020-05-19 12:00:00+00:00,3375491.17593955
2020-05-19 13:00:00+00:00,3375471.70575488
2020-05-19 14:00:00+00:00,3378113.65921507
2020-05-19 15:00:00+00:00,3379253.97239568
2020-05-19 16:00:00+00:00,3383004.55946126
2020-05-19 17:00:00+00:00,3383436.06517072
2020-05-19 18:00:00+00:00,3383227.74426118
2020-05-19 19:00:00+00:00,3382701.53730099
2020-05-19 20:00:00+00:00,3382820.97242455
2020-05-19 21:00:00+00:00,3382815.53199609
2020-05-19 22:00:00+00:00,3382331.37676684
2020-05-19 23:00:00+00:00,3382334.38574545
2020-05-20 00:00:00+00:00,3382460.50189161
2020-05-20 01:00:00+00:00,3378185.90122787
2020-05-20 02:00:00+00:00,3378502.85906733
2020-05-20 03:00:00+00:00,3377377.75409331
2020-05-20 04:00:00+00:00,3377736.23141784
2020-05-20 05:00:00+00:00,3378817.78753263
2020-05-20 06:00:00+00:00,3378749.62596073
2020-05-20 07:00:00+00:00,3377430.89653179
2020-05-20 08:00:00+00:00,3376802.73353099
2020-05-20 09:00:00+00:00,3375896.86479569
2020-05-20 10:00:00+00:00,3376440.17947378
2020-05-20 11:00:00+00:00,3376272.11307806
2020-05-20 12:00:00+00:00,3378367.31062198
2020-05-20 13:00:00+00:00,3379923.09567597
2020-05-20 14:00:00+00:00,3380020.7663788903
2020-05-20 15:00:00+00:00,3379451.31803549
2020-05-20 16:00:00+00:00,3376557.01416255
2020-05-20 17:00:00+00:00,3376917.57302576
2020-05-20 18:00:00+00:00,3377301.17611783
2020-05-20 19:00:00+00:00,3377659.32443914
2020-05-20 20:00:00+00:00,3376520.00723506
2020-05-20 21:00:00+00:00,3376980.23221857
2020-05-20 22:00:00+00:00,3375687.37121307
2020-05-20 23:00:00+00:00,3375276.01024411
2020-05-21 00:00:00+00:00,3374689.73526654
2020-05-21 01:00:00+00:00,3374714.65644019
2020-05-21 02:00:00+00:00,3374473.0584242903
2020-05-21 03:00:00+00:00,3375856.46208162
2020-05-21 04:00:00+00:00,3374558.5040380303
2020-05-21 05:00:00+00:00,3374551.79895617
2020-05-21 06:00:00+00:00,3374644.18944305
2020-05-21 07:00:00+00:00,3374371.16736617
2020-05-21 08:00:00+00:00,3373111.48346264
2020-05-21 09:00:00+00:00,3372990.56057933
2020-05-21 10:00:00+00:00,3374542.39216284
2020-05-21 11:00:00+00:00,3375136.77339919
2020-05-21 12:00:00+00:00,3374400.72207246
2020-05-21 13:00:00+00:00,3373463.7703869003
2020-05-21 14:00:00+00:00,3372267.85600859
2020-05-21 15:00:00+00:00,3369857.86143559
2020-05-21 16:00:00+00:00,3367024.69711381
2020-05-21 17:00:00+00:00,3367630.02201686
2020-05-21 18:00:00+00:00,3366404.2702287
2020-05-21 19:00:00+00:00,3366385.89263348
2020-05-21 20:00:00+00:00,3365031.85128869
2020-05-21 21:00:00+00:00,3363741.8704681
2020-05-21 22:00:00+00:00,3364045.932466
2020-05-21 23:00:00+00:00,3364159.06064601
2020-05-22 00:00:00+00:00,3363683.67100071
2020-05-22 01:00:00+00:00,3362226.33265256
2020-05-22 02:00:00+00:00,3362490.89138922
2020-05-22 03:00:00+00:00,3363966.44089181
2020-05-22 04:00:00+00:00,3362928.04711647
2020-05-22 05:00:00+00:00,3362691.98246426
2020-05-22 06:00:00+00:00,3361378.81358309
2020-05-22 07:00:00+00:00,3361414.3427651003
2020-05-22 08:00:00+00:00,3361623.47974009
2020-05-22 09:00:00+00:00,3361689.2250567502
2020-05-22 10:00:00+00:00,3361454.43504198
2020-05-22 11:00:00+00:00,3361366.53390927
2020-05-22 12:00:00+00:00,3362511.90306128
2020-05-22 13:00:00+00:00,3365739.78658329
2020-05-22 14:00:00+00:00,3363327.94574863
2020-05-22 15:00:00+00:00,3363446.60993321
2020-05-22 16:00:00+00:00,3363379.28758363
2020-05-22 17:00:00+00:00,3364210.19017106
2020-05-22 18:00:00+00:00,3366072.70512497
2020-05-22 19:00:00+00:00,3367976.49842674
2020-05-22 20:00:00+00:00,3365648.9894269803
2020-05-22 21:00:00+00:00,3365934.18971223
2020-05-22 22:00:00+00:00,3366234.82347582
2020-05-22 23:00:00+00:00,3365251.4458932
2020-05-23 00:00:00+00:00,3366412.5295469
2020-05-23 01:00:00+00:00,3367575.23686175
2020-05-23 02:00:00+00:00,3367968.47790953
2020-05-23 03:00:00+00:00,3368135.244598
2020-05-23 04:00:00+00:00,3368226.93419305
2020-05-23 05:00:00+00:00,3367370.19055252
2020-05-23 06:00:00+00:00,3366967.04394946
2020-05-23 07:00:00+00:00,3366968.18868083
2020-05-23 08:00:00+00:00,3368297.32022453
2020-05-23 09:00:00+00:00,3368266.09720969
2020-05-23 10:00:00+00:00,3368326.28177926
2020-05-23 11:00:00+00:00,3368313.84058049
2020-05-23 12:00:00+00:00,3367693.42889143
2020-05-23 13:00:00+00:00,3369381.10988201
2020-05-23 14:00:00+00:00,3368121.6449062
2020-05-23 15:00:00+00:00,3368199.41612178
2020-05-23 16:00:00+00:00,3368530.61884411
2020-05-23 17:00:00+00:00,3368612.1240428
2020-05-23 18:00:00+00:00,3368658.91455059
2020-05-23 19:00:00+00:00,3369288.23927364
2020-05-23 20:00:00+00:00,3369336.9236265803
2020-05-23 21:00:00+00:00,3369333.57060291
2020-05-23 22:00:00+00:00,3369017.08794687
2020-05-23 23:00:00+00:00,3369623.37477495
2020-05-24 00:00:00+00:00,3369640.92669407
2020-05-24 01:00:00+00:00,3369737.45178215
2020-05-24 02:00:00+00:00,3370678.10031702
2020-05-24 03:00:00+00:00,3371674.97092774
2020-05-24 04:00:00+00:00,3372668.1683832
2020-05-24 05:00:00+00:00,3372636.33637752
2020-05-24 06:00:00+00:00,3372756.26916405
2020-05-24 07:00:00+00:00,3371883.8704537903
2020-05-24 08:00:00+00:00,3372983.5947775003
2020-05-24 09:00:00+00:00,3373017.29204757
2020-05-24 10:00:00+00:00,3372999.22739524
2020-05-24 11:00:00+00:00,3372859.22556007
2020-05-24 12:00:00+00:00,3372786.2258734503
2020-05-24 13:00:00+00:00,3372897.04954794
2020-05-24 14:00:00+00:00,3372912.69237023
2020-05-24 15:00:00+00:00,3373386.22818345
2020-05-24 16:00:00+00:00,3372308.941162
2020-05-24 17:00:00+00:00,3372365.7896504803
2020-05-24 18:00:00+00:00,3372413.1615682603
2020-05-24 19:00:00+00:00,3372453.85061707
2020-05-24 20:00:00+00:00,3372642.60489708
2020-05-24 21:00:00+00:00,3372665.44697495
2020-05-24 22:00:00+00:00,3372462.12049242
2020-05-24 23:00:00+00:00,3373474.14148708
2020-05-25 00:00:00+00:00,3372065.87014488
2020-05-25 01:00:00+00:00,3373195.8119566003
2020-05-25 02:00:00+00:00,3373391.64084234
2020-05-25 03:00:00+00:00,3373258.3536502
2020-05-25 04:00:00+00:00,3373303.78842216
2020-05-25 05:00:00+00:00,3371325.87168193
2020-05-25 06:00:00+00:00,3371449.63609261
2020-05-25 07:00:00+00:00,3371309.70843647
2020-05-25 08:00:00+00:00,3370793.865826
2020-05-25 09:00:00+00:00,3374047.89985671
2020-05-25 10:00:00+00:00,3374816.16108289
2020-05-25 11:00:00+00:00,3375381.65835821
2020-05-25 12:00:00+00:00,3375845.82452559
2020-05-25 13:00:00+00:00,3381192.33261283
2020-05-25 14:00:00+00:00,3383793.6032351
2020-05-25 15:00:00+00:00,3383831.8667974
2020-05-25 16:00:00+00:00,3382811.61763253
2020-05-25 17:00:00+00:00,3383525.54767849
2020-05-25 18:00:00+00:00,3383635.36560782
2020-05-25 19:00:00+00:00,3383738.8953185
2020-05-25 20:00:00+00:00,3383351.56309061
2020-05-25 21:00:00+00:00,3383333.7596298703
2020-05-25 22:00:00+00:00,3383408.86580342
2020-05-25 23:00:00+00:00,3383350.95367784
2020-05-26 00:00:00+00:00,3383496.88162006
2020-05-26 01:00:00+00:00,3383359.60886922
2020-05-26 02:00:00+00:00,3383698.90060103
2020-05-26 03:00:00+00:00,3383750.25728822
2020-05-26 04:00:00+00:00,3382797.25053658
2020-05-26 05:00:00+00:00,3382598.22779145
2020-05-26 06:00:00+00:00,3380996.12375523
2020-05-26 07:00:00+00:00,3380984.16970866
2020-05-26 08:00:00+00:00,3382183.3860543
2020-05-26 09:00:00+00:00,3382724.79025803
2020-05-26 10:00:00+00:00,3380168.79076995
2020-05-26 11:00:00+00:00,3379195.73301244
2020-05-26 12:00:00+00:00,3378882.1035841103
2020-05-26 13:00:00+00:00,3378194.20058012
2020-05-26 14:00:00+00:00,3378330.70787469
2020-05-26 15:00:00+00:00,3379925.3275022903
2020-05-26 16:00:00+00:00,3380023.9171387
2020-05-26 17:00:00+00:00,3380954.13194352
2020-05-26 18:00:00+00:00,3379859.28654766
2020-05-26 19:00:00+00:00,3381568.63122363
2020-05-26 20:00:00+00:00,3380879.37540104
2020-05-26 21:00:00+00:00,3381175.51678876
2020-05-26 22:00:00+00:00,3377486.96106139
2020-05-26 23:00:00+00:00,3376682.50357984
2020-05-27 00:00:00+00:00,3376725.91393962
2020-05-27 01:00:00+00:00,3376731.96211735
2020-05-27 02:00:00+00:00,3376814.01676601
2020-05-27 03:00:00+00:00,3376959.51146133
2020-05-27 04:00:00+00:00,3376959.51146133
2020-05-27 05:00:00+00:00,3375492.05781946
2020-05-27 06:00:00+00:00,3373492.1651019603
2020-05-27 07:00:00+00:00,3373583.65149935
2020-05-27 08:00:00+00:00,3373680.69828626
2020-05-27 09:00:00+00:00,3373532.35114464
2020-05-27 10:00:00+00:00,3373708.37709781
2020-05-27 11:00:00+00:00,3376476.6224389803
2020-05-27 12:00:00+00:00,3376021.57318762
2020-05-27 13:00:00+00:00,3375328.70975571
2020-05-27 14:00:00+00:00,3375659.66110362
2020-05-27 15:00:00+00:00,3374921.72795887
2020-05-27 16:00:00+00:00,3374873.58242477
2020-05-27 17:00:00+00:00,3374633.19382127
2020-05-27 18:00:00+00:00,3377414.68876189
2020-05-27 19:00:00+00:00,3375558.2260977
2020-05-27 20:00:00+00:00,3375883.35729032
2020-05-27 21:00:00+00:00,3375047.3527912
2020-05-27 22:00:00+00:00,3376304.50737795
2020-05-27 23:00:00+00:00,3375220.44968846
2020-05-28 00:00:00+00:00,3376628.14981859
2020-05-28 01:00:00+00:00,3376648.02285699
2020-05-28 02:00:00+00:00,3378529.51244337
2020-05-28 03:00:00+00:00,3378718.89014886
2020-05-28 04:00:00+00:00,3378686.39199332
2020-05-28 05:00:00+00:00,3378677.9754115
2020-05-28 06:00:00+00:00,3377680.42365939
2020-05-28 07:00:00+00:00,3377276.44339304
2020-05-28 08:00:00+00:00,3378563.7181986603
2020-05-28 09:00:00+00:00,3378345.08363354
2020-05-28 10:00:00+00:00,3376368.90461938
2020-05-28 11:00:00+00:00,3376276.67897237
2020-05-28 12:00:00+00:00,3378258.9669925203
2020-05-28 13:00:00+00:00,3378886.98861107
2020-05-28 14:00:00+00:00,3379436.21023856
2020-05-28 15:00:00+00:00,3378191.8482064
2020-05-28 16:00:00+00:00,3376552.08548994
2020-05-28 17:00:00+00:00,3376581.847771
2020-05-28 18:00:00+00:00,3373005.48126277
2020-05-28 19:00:00+00:00,3370792.20556348
2020-05-28 20:00:00+00:00,3370892.90261295
2020-05-28 21:00:00+00:00,3368742.79089503
2020-05-28 22:00:00+00:00,3368771.54176151
2020-05-28 23:00:00+00:00,3367498.4501158
2020-05-29 00:00:00+00:00,3367905.91606705
2020-05-29 01:00:00+00:00,3367284.47038739
2020-05-29 02:00:00+00:00,3367128.97231241
2020-05-29 03:00:00+00:00,3367070.24859212
2020-05-29 04:00:00+00:00,3367604.96226535
2020-05-29 05:00:00+00:00,3366530.83296056
2020-05-29 06:00:00+00:00,3365439.23902667
2020-05-29 07:00:00+00:00,3366518.5803011903
2020-05-29 08:00:00+00:00,3366802.59244192
2020-05-29 09:00:00+00:00,3365411.55798314
2020-05-29 10:00:00+00:00,3362821.26238032
2020-05-29 11:00:00+00:00,3363934.08294106
2020-05-29 12:00:00+00:00,3363681.73810064
2020-05-29 13:00:00+00:00,3363380.1584369303
2020-05-29 14:00:00+00:00,3364655.70427905
2020-05-29 15:00:00+00:00,3366989.14269862
2020-05-29 16:00:00+00:00,3367683.84055544
2020-05-29 17:00:00+00:00,3363991.5776152
2020-05-29 18:00:00+00:00,3365299.84161208
2020-05-29 19:00:00+00:00,3365249.358992
2020-05-29 20:00:00+00:00,3366492.02956394
2020-05-29 21:00:00+00:00,3366549.2713831603
2020-05-29 22:00:00+00:00,3366852.3703113003
2020-05-29 23:00:00+00:00,3368920.97418498
2020-05-30 00:00:00+00:00,3368970.84101619
2020-05-30 01:00:00+00:00,3369073.87451499
2020-05-30 02:00:00+00:00,3366710.70068295
2020-05-30 03:00:00+00:00,3366649.9641425703
2020-05-30 04:00:00+00:00,3366651.06253387
2020-05-30 05:00:00+00:00,3367067.6071136203
2020-05-30 06:00:00+00:00,3367113.89754093
2020-05-30 07:00:00+00:00,3367947.87489434
2020-05-30 08:00:00+00:00,3367902.71841082
2020-05-30 09:00:00+00:00,3367944.67008153
2020-05-30 10:00:00+00:00,3367947.01003648
2020-05-30 11:00:00+00:00,3368001.84809313
2020-05-30 12:00:00+00:00,3368067.09388756
2020-05-30 13:00:00+00:00,3368053.53263252
2020-05-30 14:00:00+00:00,3368003.31091956
2020-05-30 15:00:00+00:00,3368038.72861326
2020-05-30 16:00:00+00:00,3368792.98421061
2020-05-30 17:00:00+00:00,3368909.29821262
2020-05-30 18:00:00+00:00,3367890.19624977
2020-05-30 19:00:00+00:00,3367942.12695462
2020-05-30 20:00:00+00:00,3367255.39113434
2020-05-30 21:00:00+00:00,3367287.76225332
2020-05-30 22:00:00+00:00,3367312.21657178
2020-05-30 23:00:00+00:00,3367321.40207532
2020-05-31 00:00:00+00:00,3367759.97854366
2020-05-31 01:00:00+00:00,3367615.87655733
2020-05-31 02:00:00+00:00,3366543.88267833
2020-05-31 03:00:00+00:00,3366521.22399871
2020-05-31 04:00:00+00:00,3366859.6944839302
2020-05-31 05:00:00+00:00,3366888.87658081
2020-05-31 06:00:00+00:00,3366806.72063064
2020-05-31 07:00:00+00:00,3366847.02667066
2020-05-31 08:00:00+00:00,3367990.00608011
2020-05-31 09:00:00+00:00,3367612.1035313
2020-05-31 10:00:00+00:00,3367609.06154953
2020-05-31 11:00:00+00:00,3367537.78840968
2020-05-31 12:00:00+00:00,3366551.4146633702
2020-05-31 13:00:00+00:00,3366306.52013758
2020-05-31 14:00:00+00:00,3366336.03495841
2020-05-31 15:00:00+00:00,3366332.89031546
2020-05-31 16:00:00+00:00,3366450.80512414
2020-05-31 17:00:00+00:00,3365371.85579102
2020-05-31 18:00:00+00:00,3365537.21343979
2020-05-31 19:00:00+00:00,3365427.02558362
2020-05-31 20:00:00+00:00,3365450.34027665
2020-05-31 21:00:00+00:00,3365481.25925443
2020-05-31 22:00:00+00:00,3366330.66319493
2020-05-31 23:00:00+00:00,3366307.10050793
2020-06-01 00:00:00+00:00,3366321.1924842102
2020-06-01 01:00:00+00:00,3366137.06447401
2020-06-01 02:00:00+00:00,3366379.4619564
2020-06-01 03:00:00+00:00,3366473.83261842
2020-06-01 04:00:00+00:00,3366961.35391405
2020-06-01 05:00:00+00:00,3366972.54000771
2020-06-01 06:00:00+00:00,3369136.6302300403
2020-06-01 07:00:00+00:00,3369239.26463047
2020-06-01 08:00:00+00:00,3367848.51710665
2020-06-01 09:00:00+00:00,3369622.57339082
2020-06-01 10:00:00+00:00,3368164.85531788
2020-06-01 11:00:00+00:00,3368846.50724089
2020-06-01 12:00:00+00:00,3367820.1493392303
2020-06-01 13:00:00+00:00,3368140.3480804903
2020-06-01 14:00:00+00:00,3368239.6905975603
2020-06-01 15:00:00+00:00,3370897.16608279
2020-06-01 16:00:00+00:00,3367395.31960036
2020-06-01 17:00:00+00:00,3369971.147401
2020-06-01 18:00:00+00:00,3370732.97428849
2020-06-01 19:00:00+00:00,3381269.03745714
2020-06-01 20:00:00+00:00,3380215.54761284
2020-06-01 21:00:00+00:00,3380220.05118481
2020-06-01 22:00:00+00:00,3378357.45943081
2020-06-01 23:00:00+00:00,3379167.92464484
2020-06-02 00:00:00+00:00,3385540.96337512
2020-06-02 01:00:00+00:00,3386378.2946895
2020-06-02 02:00:00+00:00,3385383.81155622
2020-06-02 03:00:00+00:00,3385707.70080755
2020-06-02 04:00:00+00:00,3387751.76265515
2020-06-02 05:00:00+00:00,3391403.33274466
2020-06-02 06:00:00+00:00,3391199.59860789
2020-06-02 07:00:00+00:00,3390564.21564627
2020-06-02 08:00:00+00:00,3390988.52840833
2020-06-02 09:00:00+00:00,3388866.37668816
2020-06-02 10:00:00+00:00,3384195.3070039502
2020-06-02 11:00:00+00:00,3383520.84539972
2020-06-02 12:00:00+00:00,3384290.7928275
2020-06-02 13:00:00+00:00,3385561.33629451
2020-06-02 14:00:00+00:00,3385778.53941765
2020-06-02 15:00:00+00:00,3388526.5364336
2020-06-02 16:00:00+00:00,3388838.3888821
2020-06-02 17:00:00+00:00,3390319.46323134
2020-06-02 18:00:00+00:00,3392884.1730159502
2020-06-02 19:00:00+00:00,3392835.26718863
2020-06-02 20:00:00+00:00,3394318.7793401303
2020-06-02 21:00:00+00:00,3391388.36471363
2020-06-02 22:00:00+00:00,3393710.32201983
2020-06-02 23:00:00+00:00,3390760.66552073
2020-06-03 00:00:00+00:00,3389022.2265285803
2020-06-03 01:00:00+00:00,3389225.04169918
2020-06-03 02:00:00+00:00,3394392.1020718003
2020-06-03 03:00:00+00:00,3395512.19927705
2020-06-03 04:00:00+00:00,3395653.9563596803
2020-06-03 05:00:00+00:00,3394826.3198178
2020-06-03 06:00:00+00:00,3394705.95283238
2020-06-03 07:00:00+00:00,3395512.00587826
2020-06-03 08:00:00+00:00,3394629.5057047
2020-06-03 09:00:00+00:00,3395716.63301712
2020-06-03 10:00:00+00:00,3392910.78900542
2020-06-03 11:00:00+00:00,3392926.07802033
2020-06-03 12:00:00+00:00,3393473.82025723
2020-06-03 13:00:00+00:00,3396422.04342767
2020-06-03 14:00:00+00:00,3396377.73587254
2020-06-03 15:00:00+00:00,3397602.43704209
2020-06-03 16:00:00+00:00,3397173.56009654
2020-06-03 17:00:00+00:00,3397256.66599531
2020-06-03 18:00:00+00:00,3396646.72236697
2020-06-03 19:00:00+00:00,3396606.18395924
2020-06-03 20:00:00+00:00,3396932.68383944
2020-06-03 21:00:00+00:00,3397031.29406675
2020-06-03 22:00:00+00:00,3397092.37236123
2020-06-03 23:00:00+00:00,3396820.0069899
2020-06-04 00:00:00+00:00,3397287.79413564
2020-06-04 01:00:00+00:00,3397822.85305202
2020-06-04 02:00:00+00:00,3399117.57210392
2020-06-04 03:00:00+00:00,3399258.3672487
2020-06-04 04:00:00+00:00,3398416.88340379
2020-06-04 05:00:00+00:00,3398380.5971142
2020-06-04 06:00:00+00:00,3399876.4126823
2020-06-04 07:00:00+00:00,3400070.1282046903
2020-06-04 08:00:00+00:00,3400301.55697846
2020-06-04 09:00:00+00:00,3400269.03107632
2020-06-04 10:00:00+00:00,3399758.39725841
2020-06-04 11:00:00+00:00,3398396.64714035
2020-06-04 12:00:00+00:00,3398228.75643976
2020-06-04 13:00:00+00:00,3400099.90358668
2020-06-04 14:00:00+00:00,3400945.68917239
2020-06-04 15:00:00+00:00,3401372.33226344
2020-06-04 16:00:00+00:00,3399705.27857602
2020-06-04 17:00:00+00:00,3398702.73072206
2020-06-04 18:00:00+00:00,3398360.01223217
2020-06-04 19:00:00+00:00,3398296.8908563103
2020-06-04 20:00:00+00:00,3396445.86410781
2020-06-04 21:00:00+00:00,3396436.13667531
2020-06-04 22:00:00+00:00,3396663.61473552
2020-06-04 23:00:00+00:00,3395633.36109705
2020-06-05 00:00:00+00:00,3396187.36082745
2020-06-05 01:00:00+00:00,3396126.48989449
2020-06-05 02:00:00+00:00,3395185.4847021
2020-06-05 03:00:00+00:00,3395319.96083085
2020-06-05 04:00:00+00:00,3395753.5392860803
2020-06-05 05:00:00+00:00,3395678.31915899
2020-06-05 06:00:00+00:00,3393494.33664582
2020-06-05 07:00:00+00:00,3393043.97668443
2020-06-05 08:00:00+00:00,3393268.91500699
2020-06-05 09:00:00+00:00,3393332.05981796
2020-06-05 10:00:00+00:00,3391239.30923147
2020-06-05 11:00:00+00:00,3392735.06091174
2020-06-05 12:00:00+00:00,3383663.94323144
2020-06-05 13:00:00+00:00,3384292.96777218
2020-06-05 14:00:00+00:00,3386404.78916295
2020-06-05 15:00:00+00:00,3385464.07966582
2020-06-05 16:00:00+00:00,3385651.35452827
2020-06-05 17:00:00+00:00,3386059.21961611
2020-06-05 18:00:00+00:00,3385305.44079395
2020-06-05 19:00:00+00:00,3382971.08459965
2020-06-05 20:00:00+00:00,3385560.08679747
2020-06-05 21:00:00+00:00,3387071.82813927
2020-06-05 22:00:00+00:00,3389638.95828421
2020-06-05 23:00:00+00:00,3389639.4436911303
2020-06-06 00:00:00+00:00,3388842.2698754403
2020-06-06 01:00:00+00:00,3388692.86024786
2020-06-06 02:00:00+00:00,3388797.43320227
2020-06-06 03:00:00+00:00,3388812.3086959003
2020-06-06 04:00:00+00:00,3388070.38455242
2020-06-06 05:00:00+00:00,3388112.38881905
2020-06-06 06:00:00+00:00,3388187.2581366403
2020-06-06 07:00:00+00:00,3387365.58870091
2020-06-06 08:00:00+00:00,3388737.83526535
2020-06-06 09:00:00+00:00,3388755.9909996903
2020-06-06 10:00:00+00:00,3388777.59307656
2020-06-06 11:00:00+00:00,3388705.03345812
2020-06-06 12:00:00+00:00,3389831.46370066
2020-06-06 13:00:00+00:00,3389702.49213195
2020-06-06 14:00:00+00:00,3389776.69697577
2020-06-06 15:00:00+00:00,3390759.01892469
2020-06-06 16:00:00+00:00,3389871.66891923
2020-06-06 17:00:00+00:00,3391221.29800897
2020-06-06 18:00:00+00:00,3391632.18372546
2020-06-06 19:00:00+00:00,3391680.96289228
2020-06-06 20:00:00+00:00,3391608.26814534
2020-06-06 21:00:00+00:00,3391624.87779114
2020-06-06 22:00:00+00:00,3390936.83756339
2020-06-06 23:00:00+00:00,3390949.64006195
2020-06-07 00:00:00+00:00,3390955.09252962
2020-06-07 01:00:00+00:00,3391052.04873515
2020-06-07 02:00:00+00:00,3391062.92050749
2020-06-07 03:00:00+00:00,3391192.92213894
2020-06-07 04:00:00+00:00,3391237.2951638503
2020-06-07 05:00:00+00:00,3391225.08810327
2020-06-07 06:00:00+00:00,3391322.3774245703
2020-06-07 07:00:00+00:00,3390141.56471992
2020-06-07 08:00:00+00:00,3389838.22497121
2020-06-07 09:00:00+00:00,3390445.9354440803
2020-06-07 10:00:00+00:00,3390489.5533122
2020-06-07 11:00:00+00:00,3390079.8680936103
2020-06-07 12:00:00+00:00,3389794.67814236
2020-06-07 13:00:00+00:00,3390150.36454661
2020-06-07 14:00:00+00:00,3390004.06829757
2020-06-07 15:00:00+00:00,3390010.22932554
2020-06-07 16:00:00+00:00,3390149.14662954
2020-06-07 17:00:00+00:00,3390706.4123179703
2020-06-07 18:00:00+00:00,3389746.18185194
2020-06-07 19:00:00+00:00,3389747.26356425
2020-06-07 20:00:00+00:00,3389552.8763561
2020-06-07 21:00:00+00:00,3389967.28509305
2020-06-07 22:00:00+00:00,3390338.70153144
2020-06-07 23:00:00+00:00,3390779.08855669
2020-06-08 00:00:00+00:00,3391259.24005243
2020-06-08 01:00:00+00:00,3390185.8810218
2020-06-08 02:00:00+00:00,3390099.56020133
2020-06-08 03:00:00+00:00,3390189.39970195
2020-06-08 04:00:00+00:00,3390879.1854895703
2020-06-08 05:00:00+00:00,3391149.97735938
2020-06-08 06:00:00+00:00,3391246.87495719
2020-06-08 07:00:00+00:00,3391247.68189281
2020-06-08 08:00:00+00:00,3391087.9494465003
2020-06-08 09:00:00+00:00,3391401.77100322
2020-06-08 10:00:00+00:00,3392903.70083951
2020-06-08 11:00:00+00:00,3393629.86765903
2020-06-08 12:00:00+00:00,3392761.47097678
2020-06-08 13:00:00+00:00,3393966.93938919
2020-06-08 14:00:00+00:00,3392994.5187177
2020-06-08 15:00:00+00:00,3393683.27904689
2020-06-08 16:00:00+00:00,3394292.44241011
2020-06-08 17:00:00+00:00,3392119.2524505
2020-06-08 18:00:00+00:00,3393379.64423074
2020-06-08 19:00:00+00:00,3392191.55687633
2020-06-08 20:00:00+00:00,3391844.37512089
2020-06-08 21:00:00+00:00,3393732.72248871
2020-06-08 22:00:00+00:00,3394292.76742833
2020-06-08 23:00:00+00:00,3396886.60211829
2020-06-09 00:00:00+00:00,3397382.44461522
2020-06-09 01:00:00+00:00,3396940.3042649003
2020-06-09 02:00:00+00:00,3394810.33826643
2020-06-09 03:00:00+00:00,3395896.91114562
2020-06-09 04:00:00+00:00,3395792.04380836
2020-06-09 05:00:00+00:00,3396105.85937394
2020-06-09 06:00:00+00:00,3396366.38797335
2020-06-09 07:00:00+00:00,3396335.23514705
2020-06-09 08:00:00+00:00,3397465.94154728
2020-06-09 09:00:00+00:00,3396576.05365482
2020-06-09 10:00:00+00:00,3395772.7532586902
2020-06-09 11:00:00+00:00,3397852.66842756
2020-06-09 12:00:00+00:00,3396877.93672698
2020-06-09 13:00:00+00:00,3396963.65522073
2020-06-09 14:00:00+00:00,3397215.59796046
2020-06-09 15:00:00+00:00,3397817.19728887
2020-06-09 16:00:00+00:00,3397730.46729484
2020-06-09 17:00:00+00:00,3396141.66240451
2020-06-09 18:00:00+00:00,3394528.26105018
2020-06-09 19:00:00+00:00,3395979.75464516
2020-06-09 20:00:00+00:00,3398193.27155778
2020-06-09 21:00:00+00:00,3397117.79034899
2020-06-09 22:00:00+00:00,3397239.41907614
2020-06-09 23:00:00+00:00,3397267.75557907
2020-06-10 00:00:00+00:00,3397331.78817013
2020-06-10 01:00:00+00:00,3398937.86347269
2020-06-10 02:00:00+00:00,3399526.93431063
2020-06-10 03:00:00+00:00,3399359.18440748
2020-06-10 04:00:00+00:00,3400605.7892667
2020-06-10 05:00:00+00:00,3400708.65145035
2020-06-10 06:00:00+00:00,3400634.65062743
2020-06-10 07:00:00+00:00,3400213.9785902803
2020-06-10 08:00:00+00:00,3400607.64024001
2020-06-10 09:00:00+00:00,3400257.21592064
2020-06-10 10:00:00+00:00,3400275.61772831
2020-06-10 11:00:00+00:00,3400733.82881101
2020-06-10 12:00:00+00:00,3401806.64039131
2020-06-10 13:00:00+00:00,3399996.68016953
2020-06-10 14:00:00+00:00,3400536.0989317303
2020-06-10 15:00:00+00:00,3400165.04912198
2020-06-10 16:00:00+00:00,3401570.28606273
2020-06-10 17:00:00+00:00,3402718.9161463203
2020-06-10 18:00:00+00:00,3402697.3365181102
2020-06-10 19:00:00+00:00,3402888.66646077
2020-06-10 20:00:00+00:00,3403859.17919421
2020-06-10 21:00:00+00:00,3402484.57708531
2020-06-10 22:00:00+00:00,3403215.8319511903
2020-06-10 23:00:00+00:00,3403288.78310379
2020-06-11 00:00:00+00:00,3403736.15690578
2020-06-11 01:00:00+00:00,3403621.11693868
2020-06-11 02:00:00+00:00,3403620.32363846
2020-06-11 03:00:00+00:00,3403840.3065301003
2020-06-11 04:00:00+00:00,3403114.19261971
2020-06-11 05:00:00+00:00,3403118.71447986
2020-06-11 06:00:00+00:00,3402725.8306957902
2020-06-11 07:00:00+00:00,3405358.36151841
2020-06-11 08:00:00+00:00,3404148.88326609
2020-06-11 09:00:00+00:00,3404123.3930075
2020-06-11 10:00:00+00:00,3402393.93143618
2020-06-11 11:00:00+00:00,3402290.61254986
2020-06-11 12:00:00+00:00,3403587.0403779503
2020-06-11 13:00:00+00:00,3402809.7449452
2020-06-11 14:00:00+00:00,3403953.50234757
2020-06-11 15:00:00+00:00,3403245.50299733
2020-06-11 16:00:00+00:00,3401964.61149518
2020-06-11 17:00:00+00:00,3402269.37898809
2020-06-11 18:00:00+00:00,3401241.82723262
2020-06-11 19:00:00+00:00,3399467.7695157803
2020-06-11 20:00:00+00:00,3399026.6544507
2020-06-11 21:00:00+00:00,3399864.7973044
2020-06-11 22:00:00+00:00,3400012.35549175
2020-06-11 23:00:00+00:00,3399646.17769511
2020-06-12 00:00:00+00:00,3399729.34586654
2020-06-12 01:00:00+00:00,3398114.96096154
2020-06-12 02:00:00+00:00,3396669.19578988
2020-06-12 03:00:00+00:00,3396588.50707109
2020-06-12 04:00:00+00:00,3395479.43707208
2020-06-12 05:00:00+00:00,3395556.59842047
2020-06-12 06:00:00+00:00,3395770.12513759
2020-06-12 07:00:00+00:00,3394402.75037643
2020-06-12 08:00:00+00:00,3394744.96679546
2020-06-12 09:00:00+00:00,3395528.44827565
2020-06-12 10:00:00+00:00,3396991.9295061203
2020-06-12 11:00:00+00:00,3396426.4400091
2020-06-12 12:00:00+00:00,3396401.1926694
2020-06-12 13:00:00+00:00,3397320.76996673
2020-06-12 14:00:00+00:00,3398521.42468518
2020-06-12 15:00:00+00:00,3396318.83679144
2020-06-12 16:00:00+00:00,3396313.10703598
2020-06-12 17:00:00+00:00,3395621.15406787
2020-06-12 18:00:00+00:00,3397126.18273539
2020-06-12 19:00:00+00:00,3397496.81758289
2020-06-12 20:00:00+00:00,3398351.43939065
2020-06-12 21:00:00+00:00,3399189.52684137
2020-06-12 22:00:00+00:00,3399134.78746072
2020-06-12 23:00:00+00:00,3399145.60846666
2020-06-13 00:00:00+00:00,3400202.40502649
2020-06-13 01:00:00+00:00,3400186.6175032
2020-06-13 02:00:00+00:00,3400326.37400445
2020-06-13 03:00:00+00:00,3401290.5780911
2020-06-13 04:00:00+00:00,3400353.20156369
2020-06-13 05:00:00+00:00,3401566.45988627
2020-06-13 06:00:00+00:00,3401630.41319858
2020-06-13 07:00:00+00:00,3401739.9072417
2020-06-13 08:00:00+00:00,3400117.90220068
2020-06-13 09:00:00+00:00,3400087.03304598
2020-06-13 10:00:00+00:00,3400064.28539309
2020-06-13 11:00:00+00:00,3400206.79394763
2020-06-13 12:00:00+00:00,3399712.43940271
2020-06-13 13:00:00+00:00,3400303.42968658
2020-06-13 14:00:00+00:00,3403164.35160682
2020-06-13 15:00:00+00:00,3404228.35559673
2020-06-13 16:00:00+00:00,3404527.59023333
2020-06-13 17:00:00+00:00,3404575.02345549
2020-06-13 18:00:00+00:00,3404602.14452339
2020-06-13 19:00:00+00:00,3404571.56628
2020-06-13 20:00:00+00:00,3404590.02648505
2020-06-13 21:00:00+00:00,3404706.38188253
2020-06-13 22:00:00+00:00,3404717.29080954
2020-06-13 23:00:00+00:00,3395256.81738121
2020-06-14 00:00:00+00:00,3395354.40707399
2020-06-14 01:00:00+00:00,3395385.85160257
2020-06-14 02:00:00+00:00,3395785.40223178
2020-06-14 03:00:00+00:00,3396933.06243838
2020-06-14 04:00:00+00:00,3397005.61939356
2020-06-14 05:00:00+00:00,3397034.70788194
2020-06-14 06:00:00+00:00,3397139.89545401
2020-06-14 07:00:00+00:00,3396832.27684185
2020-06-14 08:00:00+00:00,3396860.11121017
2020-06-14 09:00:00+00:00,3396991.36083892
2020-06-14 10:00:00+00:00,3396635.70966961
2020-06-14 11:00:00+00:00,3396739.06270836
2020-06-14 12:00:00+00:00,3396428.15147174
2020-06-14 13:00:00+00:00,3395214.07663857
2020-06-14 14:00:00+00:00,3395161.50029437
2020-06-14 15:00:00+00:00,3395142.44329106
2020-06-14 16:00:00+00:00,3395182.60321868
2020-06-14 17:00:00+00:00,3395258.51395936
2020-06-14 18:00:00+00:00,3395286.65906677
2020-06-14 19:00:00+00:00,3395321.45571027
2020-06-14 20:00:00+00:00,3395332.65725832
2020-06-14 21:00:00+00:00,3395412.2328064
2020-06-14 22:00:00+00:00,3395405.2089691903
2020-06-14 23:00:00+00:00,3395425.66071135
2020-06-15 00:00:00+00:00,3395517.95352684
2020-06-15 01:00:00+00:00,3396508.31489783
2020-06-15 02:00:00+00:00,3395867.05717022
2020-06-15 03:00:00+00:00,3396207.45552566
2020-06-15 04:00:00+00:00,3396302.36025454
2020-06-15 05:00:00+00:00,3396568.87113919
2020-06-15 06:00:00+00:00,3402444.76455775
2020-06-15 07:00:00+00:00,3402452.82546003
2020-06-15 08:00:00+00:00,3402370.0349655
2020-06-15 09:00:00+00:00,3402852.24883802
2020-06-15 10:00:00+00:00,3402236.27345327
2020-06-15 11:00:00+00:00,3401755.38567728
2020-06-15 12:00:00+00:00,3401872.15136463
2020-06-15 13:00:00+00:00,3401956.35400791
2020-06-15 14:00:00+00:00,3402152.4892153
2020-06-15 15:00:00+00:00,3401735.0544055603
2020-06-15 16:00:00+00:00,3402487.58481742
2020-06-15 17:00:00+00:00,3403054.34450801
2020-06-15 18:00:00+00:00,3403477.5079317302
2020-06-15 19:00:00+00:00,3403806.47938071
2020-06-15 20:00:00+00:00,3404916.76736729
2020-06-15 21:00:00+00:00,3401047.16029282
2020-06-15 22:00:00+00:00,3399699.60288125
2020-06-15 23:00:00+00:00,3400995.73956553
2020-06-16 00:00:00+00:00,3400069.1747271502
2020-06-16 01:00:00+00:00,3399110.0455472902
2020-06-16 02:00:00+00:00,3399099.4046439203
2020-06-16 03:00:00+00:00,3397676.2816232
2020-06-16 04:00:00+00:00,3398732.53537529
2020-06-16 05:00:00+00:00,3397683.85241035
2020-06-16 06:00:00+00:00,3397158.64734197
2020-06-16 07:00:00+00:00,3398662.34183528
2020-06-16 08:00:00+00:00,3398992.8087592903
2020-06-16 09:00:00+00:00,3398986.92260974
2020-06-16 10:00:00+00:00,3399050.71681112
2020-06-16 11:00:00+00:00,3399430.20313908
2020-06-16 12:00:00+00:00,3402088.96472363
2020-06-16 13:00:00+00:00,3401774.03602825
2020-06-16 14:00:00+00:00,3401728.1299209
2020-06-16 15:00:00+00:00,3399977.33652137
2020-06-16 16:00:00+00:00,3398797.12939341
2020-06-16 17:00:00+00:00,3398835.3860060503
2020-06-16 18:00:00+00:00,3399774.03813015
2020-06-16 19:00:00+00:00,3399625.2897034
2020-06-16 20:00:00+00:00,3399152.21494466
2020-06-16 21:00:00+00:00,3399684.60997767
2020-06-16 22:00:00+00:00,3398985.89813715
2020-06-16 23:00:00+00:00,3399178.7895346503
2020-06-17 00:00:00+00:00,3399277.00452494
2020-06-17 01:00:00+00:00,3398389.64211335
2020-06-17 02:00:00+00:00,3398156.66312417
2020-06-17 03:00:00+00:00,3398873.68114831
2020-06-17 04:00:00+00:00,3398883.97153828
2020-06-17 05:00:00+00:00,3398254.08028993
2020-06-17 06:00:00+00:00,3398331.46785637
2020-06-17 07:00:00+00:00,3398610.27047403
2020-06-17 08:00:00+00:00,3398889.62046991
2020-06-17 09:00:00+00:00,3398725.59666643
2020-06-17 10:00:00+00:00,3398669.45435288
2020-06-17 11:00:00+00:00,3398744.47303758
2020-06-17 12:00:00+00:00,3399204.52314853
2020-06-17 13:00:00+00:00,3399087.73906552
2020-06-17 14:00:00+00:00,3400232.64466197
2020-06-17 15:00:00+00:00,3398485.24055474
2020-06-17 16:00:00+00:00,3398916.51330983
2020-06-17 17:00:00+00:00,3399576.77528841
2020-06-17 18:00:00+00:00,3400802.04070632
2020-06-17 19:00:00+00:00,3400413.60749795
2020-06-17 20:00:00+00:00,3400325.68370183
2020-06-17 21:00:00+00:00,3400114.37154479
2020-06-17 22:00:00+00:00,3399469.9619761
2020-06-17 23:00:00+00:00,3399086.39677977
2020-06-18 00:00:00+00:00,3399488.66809862
2020-06-18 01:00:00+00:00,3399019.30823364
2020-06-18 02:00:00+00:00,3401117.8412507502
2020-06-18 03:00:00+00:00,3401054.38790394
2020-06-18 04:00:00+00:00,3400431.0627572
2020-06-18 05:00:00+00:00,3399172.60492133
2020-06-18 06:00:00+00:00,3402259.76598154
2020-06-18 07:00:00+00:00,3405240.13622554
2020-06-18 08:00:00+00:00,3408816.20997487
2020-06-18 09:00:00+00:00,3410506.75300443
2020-06-18 10:00:00+00:00,3410536.16191847
2020-06-18 11:00:00+00:00,3410218.63172764
2020-06-18 12:00:00+00:00,3410289.63638916
2020-06-18 13:00:00+00:00,3412430.9060181
2020-06-18 14:00:00+00:00,3413237.69036712
2020-06-18 15:00:00+00:00,3413077.2931914
2020-06-18 16:00:00+00:00,3413762.44476389
2020-06-18 17:00:00+00:00,3413360.88423933
2020-06-18 18:00:00+00:00,3413352.84635375
2020-06-18 19:00:00+00:00,3415911.74527067
2020-06-18 20:00:00+00:00,3416284.09978211
2020-06-18 21:00:00+00:00,3413862.4460457
2020-06-18 22:00:00+00:00,3413113.66560577
2020-06-18 23:00:00+00:00,3413113.66560577
2020-06-19 00:00:00+00:00,3413410.9455387
2020-06-19 01:00:00+00:00,3413261.41226839
2020-06-19 02:00:00+00:00,3412965.86405972
2020-06-19 03:00:00+00:00,3414554.68956749
2020-06-19 04:00:00+00:00,3414703.93175128
2020-06-19 05:00:00+00:00,3414136.63413963
2020-06-19 06:00:00+00:00,3413658.47392841
2020-06-19 07:00:00+00:00,3413092.64750134
2020-06-19 08:00:00+00:00,3413079.64501571
2020-06-19 09:00:00+00:00,3403719.39077534
2020-06-19 10:00:00+00:00,3402103.36709315
2020-06-19 11:00:00+00:00,3402615.89688862
2020-06-19 12:00:00+00:00,3403258.31238164
2020-06-19 13:00:00+00:00,3403337.09086185
2020-06-19 14:00:00+00:00,3404674.33968788
2020-06-19 15:00:00+00:00,3405071.47572986
2020-06-19 16:00:00+00:00,3404486.85308489
2020-06-19 17:00:00+00:00,3406403.48183875
2020-06-19 18:00:00+00:00,3407574.9328236203
2020-06-19 19:00:00+00:00,3406388.69499237
2020-06-19 20:00:00+00:00,3408064.95219761
2020-06-19 21:00:00+00:00,3402756.5678633503
2020-06-19 22:00:00+00:00,3402759.9363286
2020-06-19 23:00:00+00:00,3404482.35180199
2020-06-20 00:00:00+00:00,3404591.64354783
2020-06-20 01:00:00+00:00,3404598.61884887
2020-06-20 02:00:00+00:00,3406755.78119536
2020-06-20 03:00:00+00:00,3406755.70974707
2020-06-20 04:00:00+00:00,3406920.80316161
2020-06-20 05:00:00+00:00,3405961.3900577
2020-06-20 06:00:00+00:00,3405963.77186718
2020-06-20 07:00:00+00:00,3405936.03875146
2020-06-20 08:00:00+00:00,3405695.06961405
2020-06-20 09:00:00+00:00,3405514.5780596
2020-06-20 10:00:00+00:00,3405423.63899145
2020-06-20 11:00:00+00:00,3405772.97635655
2020-06-20 12:00:00+00:00,3405809.74285476
2020-06-20 13:00:00+00:00,3405844.51492541
2020-06-20 14:00:00+00:00,3404835.48041659
2020-06-20 15:00:00+00:00,3404958.17663797
2020-06-20 16:00:00+00:00,3405138.54503708
2020-06-20 17:00:00+00:00,3405159.54293933
2020-06-20 18:00:00+00:00,3404646.33684008
2020-06-20 19:00:00+00:00,3405697.98015198
2020-06-20 20:00:00+00:00,3406470.36565772
2020-06-20 21:00:00+00:00,3406501.17673347
2020-06-20 22:00:00+00:00,3406559.84136748
2020-06-20 23:00:00+00:00,3406560.33308047
2020-06-21 00:00:00+00:00,3406507.00252364
2020-06-21 01:00:00+00:00,3406566.50167697
2020-06-21 02:00:00+00:00,3406482.20907782
2020-06-21 03:00:00+00:00,3408723.96161795
2020-06-21 04:00:00+00:00,3408891.9532849803
2020-06-21 05:00:00+00:00,3408876.66668825
2020-06-21 06:00:00+00:00,3409021.89597932
2020-06-21 07:00:00+00:00,3409049.72237841
2020-06-21 08:00:00+00:00,3409052.57133469
2020-06-21 09:00:00+00:00,3409053.72143662
2020-06-21 10:00:00+00:00,3409139.09045998
2020-06-21 11:00:00+00:00,3409057.6251593
2020-06-21 12:00:00+00:00,3410251.8295723
2020-06-21 13:00:00+00:00,3410502.61982942
2020-06-21 14:00:00+00:00,3410648.3084227103
2020-06-21 15:00:00+00:00,3410813.10208031
2020-06-21 16:00:00+00:00,3410718.09262583
2020-06-21 17:00:00+00:00,3409853.03206018
2020-06-21 18:00:00+00:00,3409798.2009399403
2020-06-21 19:00:00+00:00,3410867.52440546
2020-06-21 20:00:00+00:00,3410431.33953051
2020-06-21 21:00:00+00:00,3409368.49728832
2020-06-21 22:00:00+00:00,3409573.3980055503
2020-06-21 23:00:00+00:00,3409602.26722986
2020-06-22 00:00:00+00:00,3409473.97477964
2020-06-22 01:00:00+00:00,3408522.4744296903
2020-06-22 02:00:00+00:00,3408974.5234356
2020-06-22 03:00:00+00:00,3409127.02031337
2020-06-22 04:00:00+00:00,3409719.61283415
2020-06-22 05:00:00+00:00,3410637.0946664303
2020-06-22 06:00:00+00:00,3411166.9579867
2020-06-22 07:00:00+00:00,3411994.1443093503
2020-06-22 08:00:00+00:00,3411896.69843893
2020-06-22 09:00:00+00:00,3411571.27261262
2020-06-22 10:00:00+00:00,3412759.55555716
2020-06-22 11:00:00+00:00,3395982.33242499
2020-06-22 12:00:00+00:00,3394687.004898
2020-06-22 13:00:00+00:00,3395251.00234039
2020-06-22 14:00:00+00:00,3395054.35147645
2020-06-22 15:00:00+00:00,3400419.66188398
2020-06-22 16:00:00+00:00,3401519.40409441
2020-06-22 17:00:00+00:00,3401747.8830309203
2020-06-22 18:00:00+00:00,3403177.90326263
2020-06-22 19:00:00+00:00,3403036.14315718
2020-06-22 20:00:00+00:00,3402664.91641902
2020-06-22 21:00:00+00:00,3403668.93477479
2020-06-22 22:00:00+00:00,3404263.03245033
2020-06-22 23:00:00+00:00,3403900.7289520903
2020-06-23 00:00:00+00:00,3404671.06303482
2020-06-23 01:00:00+00:00,3408525.11758388
2020-06-23 02:00:00+00:00,3408412.88124469
2020-06-23 03:00:00+00:00,3409481.69141191
2020-06-23 04:00:00+00:00,3410237.71952616
2020-06-23 05:00:00+00:00,3410197.45969637
2020-06-23 06:00:00+00:00,3410302.75904314
2020-06-23 07:00:00+00:00,3409847.65716395
2020-06-23 08:00:00+00:00,3408099.13869903
2020-06-23 09:00:00+00:00,3409051.16050019
2020-06-23 10:00:00+00:00,3410335.5074620503
2020-06-23 11:00:00+00:00,3409044.89721961
2020-06-23 12:00:00+00:00,3407898.02029892
2020-06-23 13:00:00+00:00,3408445.79532513
2020-06-23 14:00:00+00:00,3408240.72546482
2020-06-23 15:00:00+00:00,3413065.1313580503
2020-06-23 16:00:00+00:00,3411476.40582473
2020-06-23 17:00:00+00:00,3409548.26667402
2020-06-23 18:00:00+00:00,3399697.3025598
2020-06-23 19:00:00+00:00,3399141.90198767
2020-06-23 20:00:00+00:00,3399223.19828186
2020-06-23 21:00:00+00:00,3401058.90603914
2020-06-23 22:00:00+00:00,3400874.64459122
2020-06-23 23:00:00+00:00,3402130.54114898
2020-06-24 00:00:00+00:00,3402177.20328145
2020-06-24 01:00:00+00:00,3403071.98242551
2020-06-24 02:00:00+00:00,3404377.64660842
2020-06-24 03:00:00+00:00,3404183.9730735603
2020-06-24 04:00:00+00:00,3406387.18313213
2020-06-24 05:00:00+00:00,3404570.3278174703
2020-06-24 06:00:00+00:00,3404742.38681141
2020-06-24 07:00:00+00:00,3404568.01291969
2020-06-24 08:00:00+00:00,3404665.78424983
2020-06-24 09:00:00+00:00,3403694.43334305
2020-06-24 10:00:00+00:00,3402862.7990005
2020-06-24 11:00:00+00:00,3404240.9398371
2020-06-24 12:00:00+00:00,3401546.77269678
2020-06-24 13:00:00+00:00,3402746.44640383
2020-06-24 14:00:00+00:00,3402168.3967898902
2020-06-24 15:00:00+00:00,3398087.09520245
2020-06-24 16:00:00+00:00,3397876.63822055
2020-06-24 17:00:00+00:00,3397739.38208207
2020-06-24 18:00:00+00:00,3397431.91980105
2020-06-24 19:00:00+00:00,3396482.46733083
2020-06-24 20:00:00+00:00,3397285.3675195
2020-06-24 21:00:00+00:00,3395167.81083425
2020-06-24 22:00:00+00:00,3395191.7385752
2020-06-24 23:00:00+00:00,3395322.48194248
2020-06-25 00:00:00+00:00,3395322.01534686
2020-06-25 01:00:00+00:00,3395434.99821907
2020-06-25 02:00:00+00:00,3392107.67055044
2020-06-25 03:00:00+00:00,3393156.7424221
2020-06-25 04:00:00+00:00,3393477.3477513
2020-06-25 05:00:00+00:00,3393763.21568311
2020-06-25 06:00:00+00:00,3393935.93027775
2020-06-25 07:00:00+00:00,3393830.99388084
2020-06-25 08:00:00+00:00,3392231.87128955
2020-06-25 09:00:00+00:00,3392195.6918281103
2020-06-25 10:00:00+00:00,3393085.24166645
2020-06-25 11:00:00+00:00,3391089.23439637
2020-06-25 12:00:00+00:00,3375350.47281955
2020-06-25 13:00:00+00:00,3375434.01815186
2020-06-25 14:00:00+00:00,3373704.92221648
2020-06-25 15:00:00+00:00,3373714.75959177
2020-06-25 16:00:00+00:00,3374722.59461686
2020-06-25 17:00:00+00:00,3374866.2786168
2020-06-25 18:00:00+00:00,3373728.12645763
2020-06-25 19:00:00+00:00,3373887.72886762
2020-06-25 20:00:00+00:00,3375404.8500728
2020-06-25 21:00:00+00:00,3373556.13378334
2020-06-25 22:00:00+00:00,3373649.12407328
2020-06-25 23:00:00+00:00,3372514.76917299
2020-06-26 00:00:00+00:00,3372562.17928663
2020-06-26 01:00:00+00:00,3373897.1832625302
2020-06-26 02:00:00+00:00,3375121.27287832
2020-06-26 03:00:00+00:00,3376072.61648576
2020-06-26 04:00:00+00:00,3376069.31193603
2020-06-26 05:00:00+00:00,3374910.26602332
2020-06-26 06:00:00+00:00,3376800.26982404
2020-06-26 07:00:00+00:00,3374134.87368555
2020-06-26 08:00:00+00:00,3361786.81073221
2020-06-26 09:00:00+00:00,3360468.2027418
2020-06-26 10:00:00+00:00,3359596.80931338
2020-06-26 11:00:00+00:00,3360901.02398823
2020-06-26 12:00:00+00:00,3359602.98573261
2020-06-26 13:00:00+00:00,3362886.31592138
2020-06-26 14:00:00+00:00,3360438.77844203
2020-06-26 15:00:00+00:00,3360613.95887188
2020-06-26 16:00:00+00:00,3364093.4403068502
2020-06-26 17:00:00+00:00,3363751.7618847103
2020-06-26 18:00:00+00:00,3364032.52637012
2020-06-26 19:00:00+00:00,3363539.45933647
2020-06-26 20:00:00+00:00,3361970.0409227503
2020-06-26 21:00:00+00:00,3367341.87476518
2020-06-26 22:00:00+00:00,3367441.6017757
2020-06-26 23:00:00+00:00,3367523.98392415
2020-06-27 00:00:00+00:00,3367734.84309382
2020-06-27 01:00:00+00:00,3368041.6182623203
2020-06-27 02:00:00+00:00,3368211.52698109
2020-06-27 03:00:00+00:00,3368242.41717055
2020-06-27 04:00:00+00:00,3368238.88880084
2020-06-27 05:00:00+00:00,3367911.45748624
2020-06-27 06:00:00+00:00,3368976.65283227
2020-06-27 07:00:00+00:00,3369170.24729484
2020-06-27 08:00:00+00:00,3370162.09090538
2020-06-27 09:00:00+00:00,3370243.76967077
2020-06-27 10:00:00+00:00,3371256.92714226
2020-06-27 11:00:00+00:00,3369590.7532052603
2020-06-27 12:00:00+00:00,3370479.62272577
2020-06-27 13:00:00+00:00,3369581.23577601
2020-06-27 14:00:00+00:00,3370674.08209594
2020-06-27 15:00:00+00:00,3370704.693034
2020-06-27 16:00:00+00:00,3370729.0101612
2020-06-27 17:00:00+00:00,3371106.41033368
2020-06-27 18:00:00+00:00,3372193.88021001
2020-06-27 19:00:00+00:00,3372358.99744667
2020-06-27 20:00:00+00:00,3372000.1223460003
2020-06-27 21:00:00+00:00,3371953.67067662
2020-06-27 22:00:00+00:00,3371936.73737593
2020-06-27 23:00:00+00:00,3371782.81664774
2020-06-28 00:00:00+00:00,3370317.52966181
2020-06-28 01:00:00+00:00,3371502.40859807
2020-06-28 02:00:00+00:00,3370651.89996113
2020-06-28 03:00:00+00:00,3371882.71483928
2020-06-28 04:00:00+00:00,3371923.36117429
2020-06-28 05:00:00+00:00,3371963.19479146
2020-06-28 06:00:00+00:00,3372010.14245381
2020-06-28 07:00:00+00:00,3372009.29296746
2020-06-28 08:00:00+00:00,3371061.12531747
2020-06-28 09:00:00+00:00,3372158.53905415
2020-06-28 10:00:00+00:00,3372279.4561614003
2020-06-28 11:00:00+00:00,3372273.36554672
2020-06-28 12:00:00+00:00,3372358.22954551
2020-06-28 13:00:00+00:00,3373580.6462244103
2020-06-28 14:00:00+00:00,3373654.74928297
2020-06-28 15:00:00+00:00,3374585.80071384
2020-06-28 16:00:00+00:00,3374680.65008764
2020-06-28 17:00:00+00:00,3375042.06228096
2020-06-28 18:00:00+00:00,3373952.05522228
2020-06-28 19:00:00+00:00,3374132.91690212
2020-06-28 20:00:00+00:00,3374236.59344113
2020-06-28 21:00:00+00:00,3374200.63749839
2020-06-28 22:00:00+00:00,3374221.34266046
2020-06-28 23:00:00+00:00,3374227.82800243
2020-06-29 00:00:00+00:00,3373793.60680087
2020-06-29 01:00:00+00:00,3373763.70003633
2020-06-29 02:00:00+00:00,3374075.01517448
2020-06-29 03:00:00+00:00,3374484.82175839
2020-06-29 04:00:00+00:00,3374518.40421576
2020-06-29 05:00:00+00:00,3374757.6882391702
2020-06-29 06:00:00+00:00,3372565.40548569
2020-06-29 07:00:00+00:00,3382496.6999728503
2020-06-29 08:00:00+00:00,3384123.10651577
2020-06-29 09:00:00+00:00,3380764.26519648
2020-06-29 10:00:00+00:00,3378602.27235772
2020-06-29 11:00:00+00:00,3377932.69968477
2020-06-29 12:00:00+00:00,3378528.74113068
2020-06-29 13:00:00+00:00,3378434.15613728
2020-06-29 14:00:00+00:00,3377478.5748316003
2020-06-29 15:00:00+00:00,3378308.2306341003
2020-06-29 16:00:00+00:00,3377239.08973673
2020-06-29 17:00:00+00:00,3375972.89240283
2020-06-29 18:00:00+00:00,3375494.08245039
2020-06-29 19:00:00+00:00,3375768.82388011
2020-06-29 20:00:00+00:00,3376128.12287691
2020-06-29 21:00:00+00:00,3377582.94184317
2020-06-29 22:00:00+00:00,3378285.91615699
2020-06-29 23:00:00+00:00,3377381.62299572
2020-06-30 00:00:00+00:00,3377662.03950832
2020-06-30 01:00:00+00:00,3375759.02769285
2020-06-30 02:00:00+00:00,3377063.58473684
2020-06-30 03:00:00+00:00,3377014.27255754
2020-06-30 04:00:00+00:00,3377251.44826597
2020-06-30 05:00:00+00:00,3377918.99079799
2020-06-30 06:00:00+00:00,3378334.2136023203
2020-06-30 07:00:00+00:00,3379270.98485896
2020-06-30 08:00:00+00:00,3380532.04662732
2020-06-30 09:00:00+00:00,3380768.22935709
2020-06-30 10:00:00+00:00,3380437.95232178
2020-06-30 11:00:00+00:00,3381056.28539423
2020-06-30 12:00:00+00:00,3381531.06111148
2020-06-30 13:00:00+00:00,3382531.3485445003
2020-06-30 14:00:00+00:00,3382720.88900798
2020-06-30 15:00:00+00:00,3383313.41395943
2020-06-30 16:00:00+00:00,3383420.44099253
2020-06-30 17:00:00+00:00,3383306.52272955
2020-06-30 18:00:00+00:00,3381903.7456468903
2020-06-30 19:00:00+00:00,3381842.65706908
2020-06-30 20:00:00+00:00,3382418.27955276
2020-06-30 21:00:00+00:00,3382119.9929002603
2020-06-30 22:00:00+00:00,3381362.29269623
2020-06-30 23:00:00+00:00,3382043.05751393
2020-07-01 00:00:00+00:00,3382069.76263904
2020-07-01 01:00:00+00:00,3381884.65621954
2020-07-01 02:00:00+00:00,3382578.60108189
2020-07-01 03:00:00+00:00,3384223.51993868
2020-07-01 04:00:00+00:00,3385587.14714987
2020-07-01 05:00:00+00:00,3386424.2583793
2020-07-01 06:00:00+00:00,3389099.9919556603
2020-07-01 07:00:00+00:00,3387367.52268749
2020-07-01 08:00:00+00:00,3388293.02313378
2020-07-01 09:00:00+00:00,3388336.3667511703
2020-07-01 10:00:00+00:00,3388546.34182243
2020-07-01 11:00:00+00:00,3387633.30210842
2020-07-01 12:00:00+00:00,3386339.10605921
2020-07-01 13:00:00+00:00,3386344.7848031903
2020-07-01 14:00:00+00:00,3386572.3783736
2020-07-01 15:00:00+00:00,3387338.25476316
2020-07-01 16:00:00+00:00,3387404.30470083
2020-07-01 17:00:00+00:00,3387008.55479072
2020-07-01 18:00:00+00:00,3388714.17948406
2020-07-01 19:00:00+00:00,3388763.99025946
2020-07-01 20:00:00+00:00,3388338.92098754
2020-07-01 21:00:00+00:00,3390152.43492278
2020-07-01 22:00:00+00:00,3390207.45148748
2020-07-01 23:00:00+00:00,3389274.31435954
2020-07-02 00:00:00+00:00,3389155.76023167
2020-07-02 01:00:00+00:00,3389652.0363716
2020-07-02 02:00:00+00:00,3391523.08251111
2020-07-02 03:00:00+00:00,3390189.0623199
2020-07-02 04:00:00+00:00,3389932.02841218
2020-07-02 05:00:00+00:00,3379688.4854798
2020-07-02 06:00:00+00:00,3379923.0219236
2020-07-02 07:00:00+00:00,3378975.3755821
2020-07-02 08:00:00+00:00,3378892.06568297
2020-07-02 09:00:00+00:00,3379440.96510663
2020-07-02 10:00:00+00:00,3379633.61118659
2020-07-02 11:00:00+00:00,3379561.4008887103
2020-07-02 12:00:00+00:00,3381737.25817804
2020-07-02 13:00:00+00:00,3382236.82007311
2020-07-02 14:00:00+00:00,3382276.07334712
2020-07-02 15:00:00+00:00,3382181.9203602
2020-07-02 16:00:00+00:00,3381107.09077418
2020-07-02 17:00:00+00:00,3381582.44195467
2020-07-02 18:00:00+00:00,3379949.35150172
2020-07-02 19:00:00+00:00,3380482.87573546
2020-07-02 20:00:00+00:00,3380589.84167096
2020-07-02 21:00:00+00:00,3382083.36995405
2020-07-02 22:00:00+00:00,3381065.7419383302
2020-07-02 23:00:00+00:00,3381123.59236937
2020-07-03 00:00:00+00:00,3381381.4318604
2020-07-03 01:00:00+00:00,3381129.01638696
2020-07-03 02:00:00+00:00,3381358.60599391
2020-07-03 03:00:00+00:00,3383544.2225201
2020-07-03 04:00:00+00:00,3381181.51003068
2020-07-03 05:00:00+00:00,3380291.69592945
2020-07-03 06:00:00+00:00,3381801.17491531
2020-07-03 07:00:00+00:00,3382583.57908373
2020-07-03 08:00:00+00:00,3382853.75117935
2020-07-03 09:00:00+00:00,3383226.70853926
2020-07-03 10:00:00+00:00,3384426.07393383
2020-07-03 11:00:00+00:00,3385792.2550676903
2020-07-03 12:00:00+00:00,3383413.5336777703
2020-07-03 13:00:00+00:00,3383103.9424836
2020-07-03 14:00:00+00:00,3382935.90646589
2020-07-03 15:00:00+00:00,3383295.1017511003
2020-07-03 16:00:00+00:00,3383298.90692059
2020-07-03 17:00:00+00:00,3383840.38134555
2020-07-03 18:00:00+00:00,3385008.69256054
2020-07-03 19:00:00+00:00,3385081.52568854
2020-07-03 20:00:00+00:00,3384144.37354067
2020-07-03 21:00:00+00:00,3385176.9850116703
2020-07-03 22:00:00+00:00,3383839.90669979
2020-07-03 23:00:00+00:00,3384352.06261941
2020-07-04 00:00:00+00:00,3384162.5454219403
2020-07-04 01:00:00+00:00,3384310.2200467302
2020-07-04 02:00:00+00:00,3384560.49921887
2020-07-04 03:00:00+00:00,3385390.82150423
2020-07-04 04:00:00+00:00,3385363.33334336
2020-07-04 05:00:00+00:00,3385417.87343961
2020-07-04 06:00:00+00:00,3385493.34473299
2020-07-04 07:00:00+00:00,3384500.58937216
2020-07-04 08:00:00+00:00,3382611.99851011
2020-07-04 09:00:00+00:00,3382722.5359246302
2020-07-04 10:00:00+00:00,3382761.32006526
2020-07-04 11:00:00+00:00,3383332.70164979
2020-07-04 12:00:00+00:00,3383328.00850768
2020-07-04 13:00:00+00:00,3383424.12995865
2020-07-04 14:00:00+00:00,3383462.19878466
2020-07-04 15:00:00+00:00,3383558.98902502
2020-07-04 16:00:00+00:00,3384134.46190943
2020-07-04 17:00:00+00:00,3384236.6014063703
2020-07-04 18:00:00+00:00,3384346.40076213
2020-07-04 19:00:00+00:00,3384320.54284613
2020-07-04 20:00:00+00:00,3384399.79568437
2020-07-04 21:00:00+00:00,3384417.4687256203
2020-07-04 22:00:00+00:00,3384487.8786245203
2020-07-04 23:00:00+00:00,3384359.7873562803
2020-07-05 00:00:00+00:00,3384645.21887922
2020-07-05 01:00:00+00:00,3384716.97091058
2020-07-05 02:00:00+00:00,3384735.66347501
2020-07-05 03:00:00+00:00,3384837.7095327103
2020-07-05 04:00:00+00:00,3384953.72372777
2020-07-05 05:00:00+00:00,3386189.4457991603
2020-07-05 06:00:00+00:00,3387449.86476098
2020-07-05 07:00:00+00:00,3387468.68198098
2020-07-05 08:00:00+00:00,3387622.46520697
2020-07-05 09:00:00+00:00,3387822.0483460003
2020-07-05 10:00:00+00:00,3387957.82342265
2020-07-05 11:00:00+00:00,3387821.2660007603
2020-07-05 12:00:00+00:00,3388015.9981857003
2020-07-05 13:00:00+00:00,3388046.39654246
2020-07-05 14:00:00+00:00,3388106.38553663
2020-07-05 15:00:00+00:00,3388079.45007516
2020-07-05 16:00:00+00:00,3388260.67002107
2020-07-05 17:00:00+00:00,3387755.4026077
2020-07-05 18:00:00+00:00,3387901.4016531003
2020-07-05 19:00:00+00:00,3387904.78176205
2020-07-05 20:00:00+00:00,3387991.08707202
2020-07-05 21:00:00+00:00,3388071.61714904
2020-07-05 22:00:00+00:00,3388174.7685586303
2020-07-05 23:00:00+00:00,3388872.28774594
2020-07-06 00:00:00+00:00,3388882.36321653
2020-07-06 01:00:00+00:00,3388886.6002916703
2020-07-06 02:00:00+00:00,3388918.11669349
2020-07-06 03:00:00+00:00,3389097.13898302
2020-07-06 04:00:00+00:00,3388097.25345766
2020-07-06 05:00:00+00:00,3389751.95176836
2020-07-06 06:00:00+00:00,3389016.01420295
2020-07-06 07:00:00+00:00,3390991.14959212
2020-07-06 08:00:00+00:00,3391108.8886168
2020-07-06 09:00:00+00:00,3391933.49316567
2020-07-06 10:00:00+00:00,3392773.61589393
2020-07-06 11:00:00+00:00,3393151.27865894
2020-07-06 12:00:00+00:00,3393537.29438267
2020-07-06 13:00:00+00:00,3393932.2222952
2020-07-06 14:00:00+00:00,3395914.87675369
2020-07-06 15:00:00+00:00,3401511.06488019
2020-07-06 16:00:00+00:00,3388624.80648302
2020-07-06 17:00:00+00:00,3388322.94211907
2020-07-06 18:00:00+00:00,3390617.07500771
2020-07-06 19:00:00+00:00,3390344.77000011
2020-07-06 20:00:00+00:00,3391426.65645402
2020-07-06 21:00:00+00:00,3391790.35641357
2020-07-06 22:00:00+00:00,3392120.46237367
2020-07-06 23:00:00+00:00,3392440.43180857
2020-07-07 00:00:00+00:00,3393088.37117608
2020-07-07 01:00:00+00:00,3393824.9597222502
2020-07-07 02:00:00+00:00,3393999.18939217
2020-07-07 03:00:00+00:00,3394567.3212613403
2020-07-07 04:00:00+00:00,3394753.40549454
2020-07-07 05:00:00+00:00,3394940.6919781403
2020-07-07 06:00:00+00:00,3395022.82607176
2020-07-07 07:00:00+00:00,3394785.68624947
2020-07-07 08:00:00+00:00,3395960.82727873
2020-07-07 09:00:00+00:00,3396404.50455618
2020-07-07 10:00:00+00:00,3396615.8508786303
2020-07-07 11:00:00+00:00,3396433.92990873
2020-07-07 12:00:00+00:00,3397485.70782234
2020-07-07 13:00:00+00:00,3395552.37278127
2020-07-07 14:00:00+00:00,3396244.10224444
2020-07-07 15:00:00+00:00,3395303.43251074
2020-07-07 16:00:00+00:00,3395431.90219641
2020-07-07 17:00:00+00:00,3394806.1150666
2020-07-07 18:00:00+00:00,3393457.36278784
2020-07-07 19:00:00+00:00,3393481.64400659
2020-07-07 20:00:00+00:00,3393340.7569775903
2020-07-07 21:00:00+00:00,3393850.53085542
2020-07-07 22:00:00+00:00,3404047.86825704
2020-07-07 23:00:00+00:00,3405047.84994236
2020-07-08 00:00:00+00:00,3406206.2302117
2020-07-08 01:00:00+00:00,3406662.30025501
2020-07-08 02:00:00+00:00,3406695.39737378
2020-07-08 03:00:00+00:00,3406776.51486011
2020-07-08 04:00:00+00:00,3407028.41190561
2020-07-08 05:00:00+00:00,3405797.03679345
2020-07-08 06:00:00+00:00,3406792.8407903803
2020-07-08 07:00:00+00:00,3406491.21909157
2020-07-08 08:00:00+00:00,3405878.22205882
2020-07-08 09:00:00+00:00,3405734.27474548
2020-07-08 10:00:00+00:00,3405704.9112443803
2020-07-08 11:00:00+00:00,3405832.35090033
2020-07-08 12:00:00+00:00,3411163.96381019
2020-07-08 13:00:00+00:00,3411723.9186988003
2020-07-08 14:00:00+00:00,3409955.1974627
2020-07-08 15:00:00+00:00,3409268.75002515
2020-07-08 16:00:00+00:00,3409145.01006874
2020-07-08 17:00:00+00:00,3408287.75313244
2020-07-08 18:00:00+00:00,3408192.4860113403
2020-07-08 19:00:00+00:00,3408607.25288695
2020-07-08 20:00:00+00:00,3412143.43896048
2020-07-08 21:00:00+00:00,3410741.85911837
2020-07-08 22:00:00+00:00,3411732.86228446
2020-07-08 23:00:00+00:00,3411940.67884306
2020-07-09 00:00:00+00:00,3412440.54695481
2020-07-09 01:00:00+00:00,3412688.57764984
2020-07-09 02:00:00+00:00,3414587.59720097
2020-07-09 03:00:00+00:00,3416031.3724058
2020-07-09 04:00:00+00:00,3414040.22999654
2020-07-09 05:00:00+00:00,3413254.605955
2020-07-09 06:00:00+00:00,3413522.24667251
2020-07-09 07:00:00+00:00,3411803.07147665
2020-07-09 08:00:00+00:00,3411861.1099524
2020-07-09 09:00:00+00:00,3411980.5362588903
2020-07-09 10:00:00+00:00,3412876.04772691
2020-07-09 11:00:00+00:00,3411751.09905629
2020-07-09 12:00:00+00:00,3410428.35805073
2020-07-09 13:00:00+00:00,3412112.2434736
2020-07-09 14:00:00+00:00,3408917.84863159
2020-07-09 15:00:00+00:00,3406441.09425893
2020-07-09 16:00:00+00:00,3407653.21376744
2020-07-09 17:00:00+00:00,3407527.86535101
2020-07-09 18:00:00+00:00,3405713.48249822
2020-07-09 19:00:00+00:00,3406594.03658987
2020-07-09 20:00:00+00:00,3405551.35158181
2020-07-09 21:00:00+00:00,3405507.3551335703
2020-07-09 22:00:00+00:00,3405652.17340571
2020-07-09 23:00:00+00:00,3405617.20374887
2020-07-10 00:00:00+00:00,3405739.9299170203
2020-07-10 01:00:00+00:00,3406458.35976671
2020-07-10 02:00:00+00:00,3406452.53837898
2020-07-10 03:00:00+00:00,3406702.60745333
2020-07-10 04:00:00+00:00,3406769.0484308
2020-07-10 05:00:00+00:00,3406926.87149517
2020-07-10 06:00:00+00:00,3406568.88940247
2020-07-10 07:00:00+00:00,3406754.41350159
2020-07-10 08:00:00+00:00,3405971.78869791
2020-07-10 09:00:00+00:00,3407289.68270637
2020-07-10 10:00:00+00:00,3407348.3535501
2020-07-10 11:00:00+00:00,3406156.1818733
2020-07-10 12:00:00+00:00,3407228.17587993
2020-07-10 13:00:00+00:00,3404511.89667508
2020-07-10 14:00:00+00:00,3404743.77705276
2020-07-10 15:00:00+00:00,3405066.41439172
2020-07-10 16:00:00+00:00,3404872.53666296
2020-07-10 17:00:00+00:00,3406009.10757735
2020-07-10 18:00:00+00:00,3406192.88405984
2020-07-10 19:00:00+00:00,3405320.8753403
2020-07-10 20:00:00+00:00,3403249.7994867703
2020-07-10 21:00:00+00:00,3403234.22139954
2020-07-10 22:00:00+00:00,3400841.10642121
2020-07-10 23:00:00+00:00,3401347.32906795
2020-07-11 00:00:00+00:00,3402400.88240476
2020-07-11 01:00:00+00:00,3402615.38768532
2020-07-11 02:00:00+00:00,3403061.58987846
2020-07-11 03:00:00+00:00,3403051.57331073
2020-07-11 04:00:00+00:00,3403010.53765918
2020-07-11 05:00:00+00:00,3403115.9385467703
2020-07-11 06:00:00+00:00,3403156.45452264
2020-07-11 07:00:00+00:00,3403240.16916754
2020-07-11 08:00:00+00:00,3403112.80482806
2020-07-11 09:00:00+00:00,3403211.00518031
2020-07-11 10:00:00+00:00,3403224.87482143
2020-07-11 11:00:00+00:00,3403209.89296402
2020-07-11 12:00:00+00:00,3400991.8272044803
2020-07-11 13:00:00+00:00,3402187.75351261
2020-07-11 14:00:00+00:00,3402356.72943469
2020-07-11 15:00:00+00:00,3402454.00194886
2020-07-11 16:00:00+00:00,3402507.41226196
2020-07-11 17:00:00+00:00,3402469.50824157
2020-07-11 18:00:00+00:00,3402492.07029392
2020-07-11 19:00:00+00:00,3402447.75920002
2020-07-11 20:00:00+00:00,3402460.29491942
2020-07-11 21:00:00+00:00,3402535.19814258
2020-07-11 22:00:00+00:00,3402537.83587198
2020-07-11 23:00:00+00:00,3402615.43497899
2020-07-12 00:00:00+00:00,3402631.86265345
2020-07-12 01:00:00+00:00,3392823.9980928
2020-07-12 02:00:00+00:00,3393032.63388825
2020-07-12 03:00:00+00:00,3393279.53453419
2020-07-12 04:00:00+00:00,3393341.84386537
2020-07-12 05:00:00+00:00,3393408.31166904
2020-07-12 06:00:00+00:00,3393408.65161196
2020-07-12 07:00:00+00:00,3393447.23091821
2020-07-12 08:00:00+00:00,3393524.7379305703
2020-07-12 09:00:00+00:00,3393575.0009986903
2020-07-12 10:00:00+00:00,3393417.31727583
2020-07-12 11:00:00+00:00,3393569.27336499
2020-07-12 12:00:00+00:00,3393581.93993151
2020-07-12 13:00:00+00:00,3393633.27447997
2020-07-12 14:00:00+00:00,3393668.93201817
2020-07-12 15:00:00+00:00,3394215.21773068
2020-07-12 16:00:00+00:00,3394284.42251507
2020-07-12 17:00:00+00:00,3394430.44482805
2020-07-12 18:00:00+00:00,3394468.22112993
2020-07-12 19:00:00+00:00,3394468.5498987
2020-07-12 20:00:00+00:00,3394493.32908271
2020-07-12 21:00:00+00:00,3394555.22765542
2020-07-12 22:00:00+00:00,3394604.57609159
2020-07-12 23:00:00+00:00,3393378.3090404
2020-07-13 00:00:00+00:00,3388666.94001726
2020-07-13 01:00:00+00:00,3387047.01476615
2020-07-13 02:00:00+00:00,3397326.2897923603
2020-07-13 03:00:00+00:00,3398598.03669293
2020-07-13 04:00:00+00:00,3397322.79898793
2020-07-13 05:00:00+00:00,3396235.41878623
2020-07-13 06:00:00+00:00,3395534.46835236
2020-07-13 07:00:00+00:00,3395528.51561683
2020-07-13 08:00:00+00:00,3396997.61630505
2020-07-13 09:00:00+00:00,3396668.55359744
2020-07-13 10:00:00+00:00,3395952.05983173
2020-07-13 11:00:00+00:00,3394924.1146330303
2020-07-13 12:00:00+00:00,3394150.19095462
2020-07-13 13:00:00+00:00,3394131.58798989
2020-07-13 14:00:00+00:00,3394347.71101377
2020-07-13 15:00:00+00:00,3394841.20971961
2020-07-13 16:00:00+00:00,3394634.65309178
2020-07-13 17:00:00+00:00,3393962.7580759902
2020-07-13 18:00:00+00:00,3397451.64473601
2020-07-13 19:00:00+00:00,3395507.52851328
2020-07-13 20:00:00+00:00,3395580.99195868
2020-07-13 21:00:00+00:00,3395536.77663391
2020-07-13 22:00:00+00:00,3395549.19687317
2020-07-13 23:00:00+00:00,3395204.75124903
2020-07-14 00:00:00+00:00,3394271.11346443
2020-07-14 01:00:00+00:00,3394026.23024571
2020-07-14 02:00:00+00:00,3394069.41947519
2020-07-14 03:00:00+00:00,3393109.66996465
2020-07-14 04:00:00+00:00,3393109.66996465
2020-07-14 05:00:00+00:00,3393268.87572414
2020-07-14 06:00:00+00:00,3393299.85647506
2020-07-14 07:00:00+00:00,3393503.59040355
2020-07-14 08:00:00+00:00,3393439.52815749
2020-07-14 09:00:00+00:00,3394786.5836139303
2020-07-14 10:00:00+00:00,3394808.87336747
2020-07-14 11:00:00+00:00,3396363.93315768
2020-07-14 12:00:00+00:00,3396433.5538035403
2020-07-14 13:00:00+00:00,3398324.32162236
2020-07-14 14:00:00+00:00,3399491.3412765
2020-07-14 15:00:00+00:00,3403415.92538602
2020-07-14 16:00:00+00:00,3402036.7156031
2020-07-14 17:00:00+00:00,3402108.62406006
2020-07-14 18:00:00+00:00,3402802.95989567
2020-07-14 19:00:00+00:00,3405338.04721375
2020-07-14 20:00:00+00:00,3405186.6090171
2020-07-14 21:00:00+00:00,3405775.82882935
2020-07-14 22:00:00+00:00,3405794.2785322
2020-07-14 23:00:00+00:00,3405950.0013406
2020-07-15 00:00:00+00:00,3406952.6579473
2020-07-15 01:00:00+00:00,3406887.22022376
2020-07-15 02:00:00+00:00,3407138.25859372
2020-07-15 03:00:00+00:00,3407280.32341084
2020-07-15 04:00:00+00:00,3408428.2310749
2020-07-15 05:00:00+00:00,3408557.69255425
2020-07-15 06:00:00+00:00,3408570.04302548
2020-07-15 07:00:00+00:00,3408870.1540625403
2020-07-15 08:00:00+00:00,3408805.80491791
2020-07-15 09:00:00+00:00,3408928.903737
2020-07-15 10:00:00+00:00,3407077.13218932
2020-07-15 11:00:00+00:00,3407936.3345738403
2020-07-15 12:00:00+00:00,3407956.58830948
2020-07-15 13:00:00+00:00,3407711.5326564
2020-07-15 14:00:00+00:00,3408363.40561611
2020-07-15 15:00:00+00:00,3408439.69771217
2020-07-15 16:00:00+00:00,3409050.9840316
2020-07-15 17:00:00+00:00,3409329.31361825
2020-07-15 18:00:00+00:00,3409409.67705777
2020-07-15 19:00:00+00:00,3409500.95067809
2020-07-15 20:00:00+00:00,3408841.43849635
2020-07-15 21:00:00+00:00,3409245.26188007
2020-07-15 22:00:00+00:00,3408923.48025267
2020-07-15 23:00:00+00:00,3408930.71902836
2020-07-16 00:00:00+00:00,3410835.54214166
2020-07-16 01:00:00+00:00,3410942.27514533
2020-07-16 02:00:00+00:00,3411101.44320955
2020-07-16 03:00:00+00:00,3411731.5908227703
2020-07-16 04:00:00+00:00,3411122.08452362
2020-07-16 05:00:00+00:00,3412596.6205608
2020-07-16 06:00:00+00:00,3412617.1173675302
2020-07-16 07:00:00+00:00,3412663.37219751
2020-07-16 08:00:00+00:00,3414643.40566174
2020-07-16 09:00:00+00:00,3413199.52003284
2020-07-16 10:00:00+00:00,3412485.24532811
2020-07-16 11:00:00+00:00,3412505.34796256
2020-07-16 12:00:00+00:00,3412453.93839369
2020-07-16 13:00:00+00:00,3411931.04020392
2020-07-16 14:00:00+00:00,3413806.0659495
2020-07-16 15:00:00+00:00,3413916.46594379
2020-07-16 16:00:00+00:00,3412328.51852412
2020-07-16 17:00:00+00:00,3410325.60806217
2020-07-16 18:00:00+00:00,3410321.48115012
2020-07-16 19:00:00+00:00,3409879.4990699403
2020-07-16 20:00:00+00:00,3409812.40960661
2020-07-16 21:00:00+00:00,3409829.02524803
2020-07-16 22:00:00+00:00,3408664.45627607
2020-07-16 23:00:00+00:00,3409177.0939352
2020-07-17 00:00:00+00:00,3409228.80966656
2020-07-17 01:00:00+00:00,3411449.40014175
2020-07-17 02:00:00+00:00,3411623.4371452
2020-07-17 03:00:00+00:00,3410508.5005802102
2020-07-17 04:00:00+00:00,3411024.80268072
2020-07-17 05:00:00+00:00,3411445.34035907
2020-07-17 06:00:00+00:00,3411520.37596153
2020-07-17 07:00:00+00:00,3412335.93470605
2020-07-17 08:00:00+00:00,3412565.449606
2020-07-17 09:00:00+00:00,3411117.51445882
2020-07-17 10:00:00+00:00,3411198.6593028
2020-07-17 11:00:00+00:00,3411570.0205429
2020-07-17 12:00:00+00:00,3411103.45142854
2020-07-17 13:00:00+00:00,3411368.90117297
2020-07-17 14:00:00+00:00,3410910.87180475
2020-07-17 15:00:00+00:00,3421515.87430281
2020-07-17 16:00:00+00:00,3421824.68532719
2020-07-17 17:00:00+00:00,3421866.38506548
2020-07-17 18:00:00+00:00,3420374.69776016
2020-07-17 19:00:00+00:00,3420949.47623016
2020-07-17 20:00:00+00:00,3420786.63983277
2020-07-17 21:00:00+00:00,3420422.73046095
2020-07-17 22:00:00+00:00,3420396.30515177
2020-07-17 23:00:00+00:00,3420534.34760172
2020-07-18 00:00:00+00:00,3420515.6135334303
2020-07-18 01:00:00+00:00,3420550.76589652
2020-07-18 02:00:00+00:00,3420557.4190830803
2020-07-18 03:00:00+00:00,3420792.97844844
2020-07-18 04:00:00+00:00,3420644.3950230503
2020-07-18 05:00:00+00:00,3421719.75689374
2020-07-18 06:00:00+00:00,3421665.31892377
2020-07-18 07:00:00+00:00,3421997.0549385003
2020-07-18 08:00:00+00:00,3421885.5425004703
2020-07-18 09:00:00+00:00,3421863.12954514
2020-07-18 10:00:00+00:00,3422069.35967986
2020-07-18 11:00:00+00:00,3423207.00294056
2020-07-18 12:00:00+00:00,3422756.06480427
2020-07-18 13:00:00+00:00,3422819.37794485
2020-07-18 14:00:00+00:00,3421762.99655846
2020-07-18 15:00:00+00:00,3421710.37397398
2020-07-18 16:00:00+00:00,3421793.0985756502
2020-07-18 17:00:00+00:00,3423233.81033043
2020-07-18 18:00:00+00:00,3423268.84564644
2020-07-18 19:00:00+00:00,3424378.3097283
2020-07-18 20:00:00+00:00,3424414.61989638
2020-07-18 21:00:00+00:00,3424466.9587333403
2020-07-18 22:00:00+00:00,3424537.3343777
2020-07-18 23:00:00+00:00,3424527.85564117
2020-07-19 00:00:00+00:00,3424602.15042199
2020-07-19 01:00:00+00:00,3424710.81810776
2020-07-19 02:00:00+00:00,3424920.11056353
2020-07-19 03:00:00+00:00,3425334.9539897
2020-07-19 04:00:00+00:00,3425308.4731068
2020-07-19 05:00:00+00:00,3425900.72203446
2020-07-19 06:00:00+00:00,3425785.81260162
2020-07-19 07:00:00+00:00,3425759.52113841
2020-07-19 08:00:00+00:00,3425801.79087644
2020-07-19 09:00:00+00:00,3427117.30383647
2020-07-19 10:00:00+00:00,3427188.09331475
2020-07-19 11:00:00+00:00,3429071.16824208
2020-07-19 12:00:00+00:00,3429283.66336001
2020-07-19 13:00:00+00:00,3428891.03460434
2020-07-19 14:00:00+00:00,3429033.43588886
2020-07-19 15:00:00+00:00,3429112.23538294
2020-07-19 16:00:00+00:00,3430227.98644286
2020-07-19 17:00:00+00:00,3430303.1054646
2020-07-19 18:00:00+00:00,3431483.17196364
2020-07-19 19:00:00+00:00,3431592.47668772
2020-07-19 20:00:00+00:00,3431619.8235376203
2020-07-19 21:00:00+00:00,3431723.39140061
2020-07-19 22:00:00+00:00,3431713.81412291
2020-07-19 23:00:00+00:00,3431795.07286355
2020-07-20 00:00:00+00:00,3432742.8479936803
2020-07-20 01:00:00+00:00,3433964.52241913
2020-07-20 02:00:00+00:00,3432916.59456844
2020-07-20 03:00:00+00:00,3432609.04375073
2020-07-20 04:00:00+00:00,3432006.17612133
2020-07-20 05:00:00+00:00,3433116.5700137103
2020-07-20 06:00:00+00:00,3434047.3715443
2020-07-20 07:00:00+00:00,3432589.57132287
2020-07-20 08:00:00+00:00,3430775.25719423
2020-07-20 09:00:00+00:00,3430751.27100773
2020-07-20 10:00:00+00:00,3431788.25228934
2020-07-20 11:00:00+00:00,3432474.5861060303
2020-07-20 12:00:00+00:00,3431737.47645073
2020-07-20 13:00:00+00:00,3431911.94098886
2020-07-20 14:00:00+00:00,3431523.94287035
2020-07-20 15:00:00+00:00,3431553.70193348
2020-07-20 16:00:00+00:00,3429777.36305344
2020-07-20 17:00:00+00:00,3430257.64336653
2020-07-20 18:00:00+00:00,3430224.36260794
2020-07-20 19:00:00+00:00,3430554.66257704
2020-07-20 20:00:00+00:00,3431039.9634298403
2020-07-20 21:00:00+00:00,3430643.53735843
2020-07-20 22:00:00+00:00,3431104.00976981
2020-07-20 23:00:00+00:00,3431197.93088944
2020-07-21 00:00:00+00:00,3431506.76552872
2020-07-21 01:00:00+00:00,3431210.53406605
2020-07-21 02:00:00+00:00,3421820.0088171503
2020-07-21 03:00:00+00:00,3422025.02261526
2020-07-21 04:00:00+00:00,3423847.9612195003
2020-07-21 05:00:00+00:00,3419318.20422829
2020-07-21 06:00:00+00:00,3418214.03482411
2020-07-21 07:00:00+00:00,3418581.97027594
2020-07-21 08:00:00+00:00,3418972.57705903
2020-07-21 09:00:00+00:00,3418029.3256964
2020-07-21 10:00:00+00:00,3417757.64563532
2020-07-21 11:00:00+00:00,3417807.68167254
2020-07-21 12:00:00+00:00,3419165.56928726
2020-07-21 13:00:00+00:00,3420052.81909219
2020-07-21 14:00:00+00:00,3419618.99902065
2020-07-21 15:00:00+00:00,3420372.77673497
2020-07-21 16:00:00+00:00,3421355.22605966
2020-07-21 17:00:00+00:00,3420424.01390461
2020-07-21 18:00:00+00:00,3421964.17679025
2020-07-21 19:00:00+00:00,3423164.26470151
2020-07-21 20:00:00+00:00,3423334.1879489003
2020-07-21 21:00:00+00:00,3423618.06720889
2020-07-21 22:00:00+00:00,3424177.0043336903
2020-07-21 23:00:00+00:00,3424071.3142869
2020-07-22 00:00:00+00:00,3423740.80314413
2020-07-22 01:00:00+00:00,3423799.55843753
2020-07-22 02:00:00+00:00,3422748.34241601
2020-07-22 03:00:00+00:00,3422706.2466832
2020-07-22 04:00:00+00:00,3422579.98743335
2020-07-22 05:00:00+00:00,3420551.77489629
2020-07-22 06:00:00+00:00,3416819.46077521
2020-07-22 07:00:00+00:00,3417623.63741994
2020-07-22 08:00:00+00:00,3417458.0647145403
2020-07-22 09:00:00+00:00,3416656.8461604603
2020-07-22 10:00:00+00:00,3416756.56693854
2020-07-22 11:00:00+00:00,3416352.54596957
2020-07-22 12:00:00+00:00,3415044.5511524
2020-07-22 13:00:00+00:00,3415643.5895997
2020-07-22 14:00:00+00:00,3414546.32620571
2020-07-22 15:00:00+00:00,3414717.57274506
2020-07-22 16:00:00+00:00,3413693.97656381
2020-07-22 17:00:00+00:00,3414809.79250511
2020-07-22 18:00:00+00:00,3414086.59992897
2020-07-22 19:00:00+00:00,3414988.92837126
2020-07-22 20:00:00+00:00,3414482.22440063
2020-07-22 21:00:00+00:00,3415057.7986877
2020-07-22 22:00:00+00:00,3415087.1051049503
2020-07-22 23:00:00+00:00,3416403.0376007203
2020-07-23 00:00:00+00:00,3416104.86232471
2020-07-23 01:00:00+00:00,3416407.84241705
2020-07-23 02:00:00+00:00,3416368.798351
2020-07-23 03:00:00+00:00,3416280.6560394303
2020-07-23 04:00:00+00:00,3416556.0263073
2020-07-23 05:00:00+00:00,3418402.4311261303
2020-07-23 06:00:00+00:00,3418963.58567533
2020-07-23 07:00:00+00:00,3419059.99242928
2020-07-23 08:00:00+00:00,3420041.78151026
2020-07-23 09:00:00+00:00,3419034.70123295
2020-07-23 10:00:00+00:00,3416832.82790239
2020-07-23 11:00:00+00:00,3414543.8875869303
2020-07-23 12:00:00+00:00,3413968.74705246
2020-07-23 13:00:00+00:00,3403058.17827648
2020-07-23 14:00:00+00:00,3401850.88473261
2020-07-23 15:00:00+00:00,3403821.84064214
2020-07-23 16:00:00+00:00,3405282.22451575
2020-07-23 17:00:00+00:00,3404426.16598096
2020-07-23 18:00:00+00:00,3404487.22793601
2020-07-23 19:00:00+00:00,3405427.24533212
2020-07-23 20:00:00+00:00,3405060.51429605
2020-07-23 21:00:00+00:00,3405378.25332225
2020-07-23 22:00:00+00:00,3403610.17284615
2020-07-23 23:00:00+00:00,3404687.17563455
2020-07-24 00:00:00+00:00,3404826.2065005503
2020-07-24 01:00:00+00:00,3405391.43746198
2020-07-24 02:00:00+00:00,3405270.20762851
2020-07-24 03:00:00+00:00,3408135.08054473
2020-07-24 04:00:00+00:00,3405385.41325154
2020-07-24 05:00:00+00:00,3407769.7608589903
2020-07-24 06:00:00+00:00,3406844.67518993
2020-07-24 07:00:00+00:00,3406546.92909514
2020-07-24 08:00:00+00:00,3407043.10824303
2020-07-24 09:00:00+00:00,3408347.3853553203
2020-07-24 10:00:00+00:00,3408323.57512685
2020-07-24 11:00:00+00:00,3406886.56359794
2020-07-24 12:00:00+00:00,3406788.83247442
2020-07-24 13:00:00+00:00,3405104.40023929
2020-07-24 14:00:00+00:00,3404649.33985147
2020-07-24 15:00:00+00:00,3404623.9420411503
2020-07-24 16:00:00+00:00,3404373.96589863
2020-07-24 17:00:00+00:00,3403639.99014048
2020-07-24 18:00:00+00:00,3404033.65829818
2020-07-24 19:00:00+00:00,3405046.27357112
2020-07-24 20:00:00+00:00,3404273.45461947
2020-07-24 21:00:00+00:00,3406273.74848411
2020-07-24 22:00:00+00:00,3405337.22986572
2020-07-24 23:00:00+00:00,3405214.3337799
2020-07-25 00:00:00+00:00,3405191.8344067
2020-07-25 01:00:00+00:00,3405635.20247635
2020-07-25 02:00:00+00:00,3406742.21483217
2020-07-25 03:00:00+00:00,3405672.9334308603
2020-07-25 04:00:00+00:00,3405789.08795242
2020-07-25 05:00:00+00:00,3405786.68992233
2020-07-25 06:00:00+00:00,3405635.7300948203
2020-07-25 07:00:00+00:00,3406360.45398178
2020-07-25 08:00:00+00:00,3408302.18677968
2020-07-25 09:00:00+00:00,3410357.50588875
2020-07-25 10:00:00+00:00,3410421.22928604
2020-07-25 11:00:00+00:00,3410688.8856247
2020-07-25 12:00:00+00:00,3410828.03836684
2020-07-25 13:00:00+00:00,3411084.93537866
2020-07-25 14:00:00+00:00,3412438.72076844
2020-07-25 15:00:00+00:00,3413031.50931596
2020-07-25 16:00:00+00:00,3412917.52513908
2020-07-25 17:00:00+00:00,3412966.3544806703
2020-07-25 18:00:00+00:00,3412356.93229334
2020-07-25 19:00:00+00:00,3411600.91498304
2020-07-25 20:00:00+00:00,3411637.5041723102
2020-07-25 21:00:00+00:00,3411965.40308055
2020-07-25 22:00:00+00:00,3412024.33428023
2020-07-25 23:00:00+00:00,3410643.13599129
2020-07-26 00:00:00+00:00,3409750.92633961
2020-07-26 01:00:00+00:00,3409601.53544868
2020-07-26 02:00:00+00:00,3409895.97196422
2020-07-26 03:00:00+00:00,3410173.77183856
2020-07-26 04:00:00+00:00,3411141.34470771
2020-07-26 05:00:00+00:00,3410225.34745353
2020-07-26 06:00:00+00:00,3410216.94938312
2020-07-26 07:00:00+00:00,3410371.92242856
2020-07-26 08:00:00+00:00,3409411.10813687
2020-07-26 09:00:00+00:00,3409530.3423869
2020-07-26 10:00:00+00:00,3409356.41729612
2020-07-26 11:00:00+00:00,3409518.63309203
2020-07-26 12:00:00+00:00,3408815.79703845
2020-07-26 13:00:00+00:00,3408809.68682592
2020-07-26 14:00:00+00:00,3408827.20149198
2020-07-26 15:00:00+00:00,3408201.9583627502
2020-07-26 16:00:00+00:00,3407468.12844047
2020-07-26 17:00:00+00:00,3407328.12462092
2020-07-26 18:00:00+00:00,3406966.8075255603
2020-07-26 19:00:00+00:00,3407562.15964572
2020-07-26 20:00:00+00:00,3407752.43565381
2020-07-26 21:00:00+00:00,3409167.5395096303
2020-07-26 22:00:00+00:00,3409731.23661539
2020-07-26 23:00:00+00:00,3410347.47411766
2020-07-27 00:00:00+00:00,3410751.2088245703
2020-07-27 01:00:00+00:00,3411415.11901098
2020-07-27 02:00:00+00:00,3408925.039076
2020-07-27 03:00:00+00:00,3407507.70146107
2020-07-27 04:00:00+00:00,3407498.0914981603
2020-07-27 05:00:00+00:00,3407034.21176163
2020-07-27 06:00:00+00:00,3405374.21086672
2020-07-27 07:00:00+00:00,3405758.41366748
2020-07-27 08:00:00+00:00,3403038.39655877
2020-07-27 09:00:00+00:00,3399784.01635573
2020-07-27 10:00:00+00:00,3400303.64286693
2020-07-27 11:00:00+00:00,3399645.47671867
2020-07-27 12:00:00+00:00,3399934.6858059103
2020-07-27 13:00:00+00:00,3402222.80804175
2020-07-27 14:00:00+00:00,3402240.59897636
2020-07-27 15:00:00+00:00,3401782.56131345
2020-07-27 16:00:00+00:00,3400359.3497825703
2020-07-27 17:00:00+00:00,3402571.7057566303
2020-07-27 18:00:00+00:00,3404117.16203582
2020-07-27 19:00:00+00:00,3403251.36120535
2020-07-27 20:00:00+00:00,3403167.63026649
2020-07-27 21:00:00+00:00,3403533.9517848003
2020-07-27 22:00:00+00:00,3402808.8081362
2020-07-27 23:00:00+00:00,3400344.5474389703
2020-07-28 00:00:00+00:00,3400037.09329052
2020-07-28 01:00:00+00:00,3399655.32081368
2020-07-28 02:00:00+00:00,3399646.0587758203
2020-07-28 03:00:00+00:00,3400956.65304973
2020-07-28 04:00:00+00:00,3400797.50795862
2020-07-28 05:00:00+00:00,3399562.84368026
2020-07-28 06:00:00+00:00,3410960.42904734
2020-07-28 07:00:00+00:00,3410988.04610198
2020-07-28 08:00:00+00:00,3409853.72120049
2020-07-28 09:00:00+00:00,3409477.06978433
2020-07-28 10:00:00+00:00,3408950.07602322
2020-07-28 11:00:00+00:00,3409963.70890178
2020-07-28 12:00:00+00:00,3410066.28562835
2020-07-28 13:00:00+00:00,3410388.74416599
2020-07-28 14:00:00+00:00,3414961.95766269
2020-07-28 15:00:00+00:00,3415149.18602999
2020-07-28 16:00:00+00:00,3417484.08701553
2020-07-28 17:00:00+00:00,3417989.71570442
2020-07-28 18:00:00+00:00,3416447.1936412803
2020-07-28 19:00:00+00:00,3415500.46478706
2020-07-28 20:00:00+00:00,3416018.29014494
2020-07-28 21:00:00+00:00,3415542.08686496
2020-07-28 22:00:00+00:00,3417433.4990858003
2020-07-28 23:00:00+00:00,3419705.52449938
2020-07-29 00:00:00+00:00,3418977.8898067703
2020-07-29 01:00:00+00:00,3418338.27722462
2020-07-29 02:00:00+00:00,3418398.2686685403
2020-07-29 03:00:00+00:00,3419507.8518508603
2020-07-29 04:00:00+00:00,3419327.09081833
2020-07-29 05:00:00+00:00,3421546.65234834
2020-07-29 06:00:00+00:00,3420525.42214241
2020-07-29 07:00:00+00:00,3421582.00824963
2020-07-29 08:00:00+00:00,3422093.20172347
2020-07-29 09:00:00+00:00,3422833.96410549
2020-07-29 10:00:00+00:00,3424154.28668006
2020-07-29 11:00:00+00:00,3424954.6172515303
2020-07-29 12:00:00+00:00,3420996.46868385
2020-07-29 13:00:00+00:00,3421971.90762656
2020-07-29 14:00:00+00:00,3420569.09859299
2020-07-29 15:00:00+00:00,3422092.74816765
2020-07-29 16:00:00+00:00,3422101.61003068
2020-07-29 17:00:00+00:00,3422837.73122979
2020-07-29 18:00:00+00:00,3422663.78565195
2020-07-29 19:00:00+00:00,3422110.54955743
2020-07-29 20:00:00+00:00,3423607.05720023
2020-07-29 21:00:00+00:00,3426007.44339817
2020-07-29 22:00:00+00:00,3427319.97632724
2020-07-29 23:00:00+00:00,3427796.81866009
2020-07-30 00:00:00+00:00,3428667.87652882
2020-07-30 01:00:00+00:00,3428625.26795744
2020-07-30 02:00:00+00:00,3429777.0792359803
2020-07-30 03:00:00+00:00,3425082.71881965
2020-07-30 04:00:00+00:00,3425029.02104113
2020-07-30 05:00:00+00:00,3420056.54420426
2020-07-30 06:00:00+00:00,3419522.85417643
2020-07-30 07:00:00+00:00,3420525.35064918
2020-07-30 08:00:00+00:00,3420536.61128913
2020-07-30 09:00:00+00:00,3421883.9292247
2020-07-30 10:00:00+00:00,3424857.05978707
2020-07-30 11:00:00+00:00,3427762.11760294
2020-07-30 12:00:00+00:00,3426982.79026662
2020-07-30 13:00:00+00:00,3427745.68835648
2020-07-30 14:00:00+00:00,3428465.2443613
2020-07-30 15:00:00+00:00,3430468.25208661
2020-07-30 16:00:00+00:00,3431849.7648287
2020-07-30 17:00:00+00:00,3432344.18570801
2020-07-30 18:00:00+00:00,3432993.83371176
2020-07-30 19:00:00+00:00,3432158.6314707003
2020-07-30 20:00:00+00:00,3430177.16092158
2020-07-30 21:00:00+00:00,3429003.12472062
2020-07-30 22:00:00+00:00,3429963.44560643
2020-07-30 23:00:00+00:00,3430426.08930614
2020-07-31 00:00:00+00:00,3431245.2103318903
2020-07-31 01:00:00+00:00,3431286.41816189
2020-07-31 02:00:00+00:00,3432345.40945346
2020-07-31 03:00:00+00:00,3432495.76541901
2020-07-31 04:00:00+00:00,3432924.94947303
2020-07-31 05:00:00+00:00,3432558.0978253502
2020-07-31 06:00:00+00:00,3432614.32856159
2020-07-31 07:00:00+00:00,3433159.66098451
2020-07-31 08:00:00+00:00,3431771.64954435
2020-07-31 09:00:00+00:00,3431831.094567
2020-07-31 10:00:00+00:00,3433541.61549474
2020-07-31 11:00:00+00:00,3431602.26156412
2020-07-31 12:00:00+00:00,3430778.12425367
2020-07-31 13:00:00+00:00,3432928.66976032
2020-07-31 14:00:00+00:00,3433537.42993544
2020-07-31 15:00:00+00:00,3432786.28051559
2020-07-31 16:00:00+00:00,3435736.51941698
2020-07-31 17:00:00+00:00,3437181.40547275
2020-07-31 18:00:00+00:00,3437847.46183698
2020-07-31 19:00:00+00:00,3438143.69907696
2020-07-31 20:00:00+00:00,3438754.88963998
2020-07-31 21:00:00+00:00,3440972.96534712
2020-07-31 22:00:00+00:00,3441629.03665721
2020-07-31 23:00:00+00:00,3442901.42468439
2020-08-01 00:00:00+00:00,3442916.8295028103
2020-08-01 01:00:00+00:00,3441272.61871703
2020-08-01 02:00:00+00:00,3441555.42290942
2020-08-01 03:00:00+00:00,3441582.68174728
2020-08-01 04:00:00+00:00,3441461.90025331
2020-08-01 05:00:00+00:00,3441403.80566252
2020-08-01 06:00:00+00:00,3442038.51681488
2020-08-01 07:00:00+00:00,3441008.56342485
2020-08-01 08:00:00+00:00,3441164.44231398
2020-08-01 09:00:00+00:00,3441425.54369549
2020-08-01 10:00:00+00:00,3441423.4202747103
2020-08-01 11:00:00+00:00,3441435.43320541
2020-08-01 12:00:00+00:00,3441080.91522847
2020-08-01 13:00:00+00:00,3441786.22579725
2020-08-01 14:00:00+00:00,3440600.04701634
2020-08-01 15:00:00+00:00,3440629.20180514
2020-08-01 16:00:00+00:00,3440332.70402471
2020-08-01 17:00:00+00:00,3441810.34195402
2020-08-01 18:00:00+00:00,3441702.27339647
2020-08-01 19:00:00+00:00,3441380.16843063
2020-08-01 20:00:00+00:00,3440100.11903841
2020-08-01 21:00:00+00:00,3439975.15745468
2020-08-01 22:00:00+00:00,3441031.0544212903
2020-08-01 23:00:00+00:00,3443348.19335106
2020-08-02 00:00:00+00:00,3444995.56923089
2020-08-02 01:00:00+00:00,3456767.80233882
2020-08-02 02:00:00+00:00,3455375.87118066
2020-08-02 03:00:00+00:00,3455364.22771055
2020-08-02 04:00:00+00:00,3455670.16918089
2020-08-02 05:00:00+00:00,3455599.88305124
2020-08-02 06:00:00+00:00,3455206.64797757
2020-08-02 07:00:00+00:00,3455234.03032276
2020-08-02 08:00:00+00:00,3457035.56033508
2020-08-02 09:00:00+00:00,3457299.45891372
2020-08-02 10:00:00+00:00,3457973.51265518
2020-08-02 11:00:00+00:00,3458995.02390667
2020-08-02 12:00:00+00:00,3457807.25871683
2020-08-02 13:00:00+00:00,3458041.99898797
2020-08-02 14:00:00+00:00,3458108.8604327003
2020-08-02 15:00:00+00:00,3458230.05716022
2020-08-02 16:00:00+00:00,3458051.616723
2020-08-02 17:00:00+00:00,3457931.82357631
2020-08-02 18:00:00+00:00,3456367.7413822003
2020-08-02 19:00:00+00:00,3455879.6963851303
2020-08-02 20:00:00+00:00,3455786.08462846
2020-08-02 21:00:00+00:00,3455913.2670308
2020-08-02 22:00:00+00:00,3456451.50772181
2020-08-02 23:00:00+00:00,3456457.85802218
2020-08-03 00:00:00+00:00,3455299.2518982403
2020-08-03 01:00:00+00:00,3455539.99278698
2020-08-03 02:00:00+00:00,3456308.01604202
2020-08-03 03:00:00+00:00,3454625.55462063
2020-08-03 04:00:00+00:00,3455114.5106308
2020-08-03 05:00:00+00:00,3454900.93936309
2020-08-03 06:00:00+00:00,3453007.95102183
2020-08-03 07:00:00+00:00,3454315.31165316
2020-08-03 08:00:00+00:00,3454266.04220792
2020-08-03 09:00:00+00:00,3455357.767556
2020-08-03 10:00:00+00:00,3452667.44831615
2020-08-03 11:00:00+00:00,3454913.99764222
2020-08-03 12:00:00+00:00,3455728.62958507
2020-08-03 13:00:00+00:00,3456364.78629434
2020-08-03 14:00:00+00:00,3458861.46480775
2020-08-03 15:00:00+00:00,3455157.6665479
2020-08-03 16:00:00+00:00,3457533.83634543
2020-08-03 17:00:00+00:00,3456665.53690135
2020-08-03 18:00:00+00:00,3454653.73137776
2020-08-03 19:00:00+00:00,3454560.50603363
2020-08-03 20:00:00+00:00,3454420.73159394
2020-08-03 21:00:00+00:00,3454404.10852086
2020-08-03 22:00:00+00:00,3444370.27196992
2020-08-03 23:00:00+00:00,3442805.46519463
2020-08-04 00:00:00+00:00,3441358.67868864
2020-08-04 01:00:00+00:00,3441969.77487991
2020-08-04 02:00:00+00:00,3441783.65970849
2020-08-04 03:00:00+00:00,3442575.23717814
2020-08-04 04:00:00+00:00,3442519.20130153
2020-08-04 05:00:00+00:00,3436325.75192035
2020-08-04 06:00:00+00:00,3437145.88064695
2020-08-04 07:00:00+00:00,3440901.74656273
2020-08-04 08:00:00+00:00,3440641.72385159
2020-08-04 09:00:00+00:00,3442719.29815996
2020-08-04 10:00:00+00:00,3440197.42003247
2020-08-04 11:00:00+00:00,3441110.21186482
2020-08-04 12:00:00+00:00,3440217.51092342
2020-08-04 13:00:00+00:00,3440265.67987519
2020-08-04 14:00:00+00:00,3441112.02064169
2020-08-04 15:00:00+00:00,3441498.1368247103
2020-08-04 16:00:00+00:00,3441754.0748385
2020-08-04 17:00:00+00:00,3440754.79195698
2020-08-04 18:00:00+00:00,3440785.73036267
2020-08-04 19:00:00+00:00,3440735.98571621
2020-08-04 20:00:00+00:00,3437461.6987957703
2020-08-04 21:00:00+00:00,3448928.3492654
2020-08-04 22:00:00+00:00,3448473.5043495703
2020-08-04 23:00:00+00:00,3450899.00938986
2020-08-05 00:00:00+00:00,3450252.48923515
2020-08-05 01:00:00+00:00,3449797.99786865
2020-08-05 02:00:00+00:00,3450865.81190883
2020-08-05 03:00:00+00:00,3453698.06218315
2020-08-05 04:00:00+00:00,3457066.62685336
2020-08-05 05:00:00+00:00,3457444.97869196
2020-08-05 06:00:00+00:00,3457592.67239208
2020-08-05 07:00:00+00:00,3457461.95456908
2020-08-05 08:00:00+00:00,3457795.00379611
2020-08-05 09:00:00+00:00,3458026.31581549
2020-08-05 10:00:00+00:00,3456905.9647323303
2020-08-05 11:00:00+00:00,3457922.42712522
2020-08-05 12:00:00+00:00,3458110.87378937
2020-08-05 13:00:00+00:00,3458083.30824142
2020-08-05 14:00:00+00:00,3456036.7352667702
2020-08-05 15:00:00+00:00,3462190.38185646
2020-08-05 16:00:00+00:00,3462875.45729103
2020-08-05 17:00:00+00:00,3463184.69347583
2020-08-05 18:00:00+00:00,3462597.6991768503
2020-08-05 19:00:00+00:00,3463241.10878638
2020-08-05 20:00:00+00:00,3462810.2640832
2020-08-05 21:00:00+00:00,3463043.46633141
2020-08-05 22:00:00+00:00,3453265.27598371
2020-08-05 23:00:00+00:00,3455568.53327035
2020-08-06 00:00:00+00:00,3454951.0405686903
2020-08-06 01:00:00+00:00,3452577.64332903
2020-08-06 02:00:00+00:00,3450200.32984964
2020-08-06 03:00:00+00:00,3449931.7456091302
2020-08-06 04:00:00+00:00,3451137.82623406
2020-08-06 05:00:00+00:00,3453270.42338325
2020-08-06 06:00:00+00:00,3454275.03904699
2020-08-06 07:00:00+00:00,3453878.56542831
2020-08-06 08:00:00+00:00,3453880.83584782
2020-08-06 09:00:00+00:00,3453825.1468368303
2020-08-06 10:00:00+00:00,3453695.84993058
2020-08-06 11:00:00+00:00,3454199.27270983
2020-08-06 12:00:00+00:00,3452103.05509261
2020-08-06 13:00:00+00:00,3453128.96199196
2020-08-06 14:00:00+00:00,3451915.98260246
2020-08-06 15:00:00+00:00,3449458.6719650403
2020-08-06 16:00:00+00:00,3449382.83262967
2020-08-06 17:00:00+00:00,3449618.84120181
2020-08-06 18:00:00+00:00,3448485.66137658
2020-08-06 19:00:00+00:00,3448485.15257374
2020-08-06 20:00:00+00:00,3448911.24424029
2020-08-06 21:00:00+00:00,3448853.36262991
2020-08-06 22:00:00+00:00,3449584.53202432
2020-08-06 23:00:00+00:00,3449238.3686805
2020-08-07 00:00:00+00:00,3450058.91071463
2020-08-07 01:00:00+00:00,3451333.20546412
2020-08-07 02:00:00+00:00,3450440.3315567
2020-08-07 03:00:00+00:00,3450430.86058555
2020-08-07 04:00:00+00:00,3452409.18649549
2020-08-07 05:00:00+00:00,3453055.4726048303
2020-08-07 06:00:00+00:00,3452696.63615633
2020-08-07 07:00:00+00:00,3451576.51021962
2020-08-07 08:00:00+00:00,3451368.42460617
2020-08-07 09:00:00+00:00,3453630.40977408
2020-08-07 10:00:00+00:00,3451816.20354896
2020-08-07 11:00:00+00:00,3451877.38829358
2020-08-07 12:00:00+00:00,3452353.14456905
2020-08-07 13:00:00+00:00,3451351.88612298
2020-08-07 14:00:00+00:00,3449813.38246926
2020-08-07 15:00:00+00:00,3450363.69197535
2020-08-07 16:00:00+00:00,3449448.37156536
2020-08-07 17:00:00+00:00,3452243.7150768302
2020-08-07 18:00:00+00:00,3453126.85515382
2020-08-07 19:00:00+00:00,3452033.2483305302
2020-08-07 20:00:00+00:00,3452971.05525601
2020-08-07 21:00:00+00:00,3453942.17499431
2020-08-07 22:00:00+00:00,3456771.99563158
2020-08-07 23:00:00+00:00,3458460.66894942
2020-08-08 00:00:00+00:00,3457725.0465525403
2020-08-08 01:00:00+00:00,3456782.42202671
2020-08-08 02:00:00+00:00,3455150.38410496
2020-08-08 03:00:00+00:00,3455451.91762551
2020-08-08 04:00:00+00:00,3455794.46747125
2020-08-08 05:00:00+00:00,3456022.94312994
2020-08-08 06:00:00+00:00,3456241.850432
2020-08-08 07:00:00+00:00,3457816.79243521
2020-08-08 08:00:00+00:00,3457874.46927128
2020-08-08 09:00:00+00:00,3457833.53022298
2020-08-08 10:00:00+00:00,3458748.29154575
2020-08-08 11:00:00+00:00,3458919.17678332
2020-08-08 12:00:00+00:00,3460739.1544928
2020-08-08 13:00:00+00:00,3460427.04698952
2020-08-08 14:00:00+00:00,3461750.24076307
2020-08-08 15:00:00+00:00,3461277.15349435
2020-08-08 16:00:00+00:00,3458493.07604174
2020-08-08 17:00:00+00:00,3459561.70202563
2020-08-08 18:00:00+00:00,3458862.02569926
2020-08-08 19:00:00+00:00,3458872.6449343
2020-08-08 20:00:00+00:00,3459011.99706722
2020-08-08 21:00:00+00:00,3459014.21121327
2020-08-08 22:00:00+00:00,3459100.61404003
2020-08-08 23:00:00+00:00,3459548.64832809
2020-08-09 00:00:00+00:00,3459792.75194905
2020-08-09 01:00:00+00:00,3460613.51796267
2020-08-09 02:00:00+00:00,3459372.04835898
2020-08-09 03:00:00+00:00,3459386.79503478
2020-08-09 04:00:00+00:00,3459511.0450642603
2020-08-09 05:00:00+00:00,3465838.46802309
2020-08-09 06:00:00+00:00,3465957.77310507
2020-08-09 07:00:00+00:00,3466273.306507
2020-08-09 08:00:00+00:00,3466307.85928193
2020-08-09 09:00:00+00:00,3465043.0481665903
2020-08-09 10:00:00+00:00,3465981.14078031
2020-08-09 11:00:00+00:00,3467051.12174787
2020-08-09 12:00:00+00:00,3465561.05999632
2020-08-09 13:00:00+00:00,3468516.50064709
2020-08-09 14:00:00+00:00,3468382.07400408
2020-08-09 15:00:00+00:00,3467235.12239173
2020-08-09 16:00:00+00:00,3467270.86913268
2020-08-09 17:00:00+00:00,3467556.1790107302
2020-08-09 18:00:00+00:00,3468860.37859385
2020-08-09 19:00:00+00:00,3468898.00037118
2020-08-09 20:00:00+00:00,3468925.0292217103
2020-08-09 21:00:00+00:00,3467863.61795281
2020-08-09 22:00:00+00:00,3466785.42313311
2020-08-09 23:00:00+00:00,3467407.95581295
2020-08-10 00:00:00+00:00,3467218.72131568
2020-08-10 01:00:00+00:00,3466983.5109298
2020-08-10 02:00:00+00:00,3461504.07573989
2020-08-10 03:00:00+00:00,3451092.86750704
2020-08-10 04:00:00+00:00,3460833.28008556
2020-08-10 05:00:00+00:00,3459126.32327865
2020-08-10 06:00:00+00:00,3460170.78735492
2020-08-10 07:00:00+00:00,3458938.63084471
2020-08-10 08:00:00+00:00,3459170.28640778
2020-08-10 09:00:00+00:00,3459747.66779337
2020-08-10 10:00:00+00:00,3459589.11817376
2020-08-10 11:00:00+00:00,3454231.41921673
2020-08-10 12:00:00+00:00,3455553.15614548
2020-08-10 13:00:00+00:00,3455495.0208844603
2020-08-10 14:00:00+00:00,3457740.16280936
2020-08-10 15:00:00+00:00,3458007.75751674
2020-08-10 16:00:00+00:00,3457366.7517015003
2020-08-10 17:00:00+00:00,3457170.47628803
2020-08-10 18:00:00+00:00,3456464.8629182
2020-08-10 19:00:00+00:00,3461269.93885914
2020-08-10 20:00:00+00:00,3460152.70699228
2020-08-10 21:00:00+00:00,3458791.03236133
2020-08-10 22:00:00+00:00,3457837.60598002
2020-08-10 23:00:00+00:00,3458561.2048131903
2020-08-11 00:00:00+00:00,3457186.45220367
2020-08-11 01:00:00+00:00,3457664.97770072
2020-08-11 02:00:00+00:00,3456336.51729639
2020-08-11 03:00:00+00:00,3456660.3710451
2020-08-11 04:00:00+00:00,3456687.01472706
2020-08-11 05:00:00+00:00,3456998.56094311
2020-08-11 06:00:00+00:00,3457240.11850458
2020-08-11 07:00:00+00:00,3456517.48025765
2020-08-11 08:00:00+00:00,3457583.7255807603
2020-08-11 09:00:00+00:00,3457332.95022954
2020-08-11 10:00:00+00:00,3456049.39290564
2020-08-11 11:00:00+00:00,3455885.97464064
2020-08-11 12:00:00+00:00,3455080.91216481
2020-08-11 13:00:00+00:00,3455154.8883497003
2020-08-11 14:00:00+00:00,3453605.20554377
2020-08-11 15:00:00+00:00,3453293.64634327
2020-08-11 16:00:00+00:00,3452218.00883042
2020-08-11 17:00:00+00:00,3451866.5583016803
2020-08-11 18:00:00+00:00,3454584.62689376
2020-08-11 19:00:00+00:00,3455423.83947985
2020-08-11 20:00:00+00:00,3454862.5129654
2020-08-11 21:00:00+00:00,3455303.75702688
2020-08-11 22:00:00+00:00,3456383.4022501702
2020-08-11 23:00:00+00:00,3456308.26377458
2020-08-12 00:00:00+00:00,3456447.34447381
2020-08-12 01:00:00+00:00,3455684.7618289
2020-08-12 02:00:00+00:00,3454278.47417162
2020-08-12 03:00:00+00:00,3453438.35402206
2020-08-12 04:00:00+00:00,3453273.98647804
2020-08-12 05:00:00+00:00,3453333.01857507
2020-08-12 06:00:00+00:00,3453560.75315097
2020-08-12 07:00:00+00:00,3454753.91918062
2020-08-12 08:00:00+00:00,3455268.55289568
2020-08-12 09:00:00+00:00,3456955.77887791
2020-08-12 10:00:00+00:00,3455251.19130587
2020-08-12 11:00:00+00:00,3455824.13790442
2020-08-12 12:00:00+00:00,3457058.34316565
2020-08-12 13:00:00+00:00,3456831.25148714
2020-08-12 14:00:00+00:00,3455857.7215080103
2020-08-12 15:00:00+00:00,3457700.9145898
2020-08-12 16:00:00+00:00,3459236.38920571
2020-08-12 17:00:00+00:00,3460177.90052561
2020-08-12 18:00:00+00:00,3460186.8892309703
2020-08-12 19:00:00+00:00,3459697.6018186403
2020-08-12 20:00:00+00:00,3460401.9504111903
2020-08-12 21:00:00+00:00,3460862.61235973
2020-08-12 22:00:00+00:00,3457617.34964411
2020-08-12 23:00:00+00:00,3458122.61282298
2020-08-13 00:00:00+00:00,3458158.0723654
2020-08-13 01:00:00+00:00,3458103.87386986
2020-08-13 02:00:00+00:00,3453780.62924232
2020-08-13 03:00:00+00:00,3453847.69858995
2020-08-13 04:00:00+00:00,3454734.90827857
2020-08-13 05:00:00+00:00,3453420.46432593
2020-08-13 06:00:00+00:00,3453560.42220044
2020-08-13 07:00:00+00:00,3453337.1043769
2020-08-13 08:00:00+00:00,3453110.6892301203
2020-08-13 09:00:00+00:00,3452913.51750126
2020-08-13 10:00:00+00:00,3452936.27754969
2020-08-13 11:00:00+00:00,3454684.8473471003
2020-08-13 12:00:00+00:00,3454113.90886498
2020-08-13 13:00:00+00:00,3453809.02993367
2020-08-13 14:00:00+00:00,3451390.67926145
2020-08-13 15:00:00+00:00,3450443.91602656
2020-08-13 16:00:00+00:00,3451347.1317199003
2020-08-13 17:00:00+00:00,3450178.2817271203
2020-08-13 18:00:00+00:00,3449248.04439898
2020-08-13 19:00:00+00:00,3449301.86155123
2020-08-13 20:00:00+00:00,3452041.57203959
2020-08-13 21:00:00+00:00,3453047.03320292
2020-08-13 22:00:00+00:00,3454832.2902438203
2020-08-13 23:00:00+00:00,3454764.5394686502
2020-08-14 00:00:00+00:00,3455503.05261249
2020-08-14 01:00:00+00:00,3456408.23547521
2020-08-14 02:00:00+00:00,3456300.0173741
2020-08-14 03:00:00+00:00,3457720.03542563
2020-08-14 04:00:00+00:00,3458018.15958513
2020-08-14 05:00:00+00:00,3458201.04646692
2020-08-14 06:00:00+00:00,3459201.06963105
2020-08-14 07:00:00+00:00,3459466.0291638
2020-08-14 08:00:00+00:00,3459260.70104408
2020-08-14 09:00:00+00:00,3460669.1743207
2020-08-14 10:00:00+00:00,3458554.88300933
2020-08-14 11:00:00+00:00,3459387.3955408502
2020-08-14 12:00:00+00:00,3452621.32174817
2020-08-14 13:00:00+00:00,3453513.44962303
2020-08-14 14:00:00+00:00,3457581.76987636
2020-08-14 15:00:00+00:00,3460874.97594034
2020-08-14 16:00:00+00:00,3462496.16934579
2020-08-14 17:00:00+00:00,3460595.90058513
2020-08-14 18:00:00+00:00,3464139.11856972
2020-08-14 19:00:00+00:00,3459936.5171929803
2020-08-14 20:00:00+00:00,3460805.78165148
2020-08-14 21:00:00+00:00,3457354.52260075
2020-08-14 22:00:00+00:00,3458021.87070166
2020-08-14 23:00:00+00:00,3458196.46144038
2020-08-15 00:00:00+00:00,3458306.12952252
2020-08-15 01:00:00+00:00,3457298.26257214
2020-08-15 02:00:00+00:00,3459329.2628654
2020-08-15 03:00:00+00:00,3458897.3887050203
2020-08-15 04:00:00+00:00,3459429.04988138
2020-08-15 05:00:00+00:00,3459398.51594142
2020-08-15 06:00:00+00:00,3459418.82882434
2020-08-15 07:00:00+00:00,3459415.89045079
2020-08-15 08:00:00+00:00,3458402.9232144
2020-08-15 09:00:00+00:00,3458641.84059677
2020-08-15 10:00:00+00:00,3457620.88788204
2020-08-15 11:00:00+00:00,3457558.51951912
2020-08-15 12:00:00+00:00,3457604.20875168
2020-08-15 13:00:00+00:00,3456988.6853366103
2020-08-15 14:00:00+00:00,3458370.25980064
2020-08-15 15:00:00+00:00,3448997.13874874
2020-08-15 16:00:00+00:00,3451499.22360792
2020-08-15 17:00:00+00:00,3450539.45355725
2020-08-15 18:00:00+00:00,3450385.48315099
2020-08-15 19:00:00+00:00,3451528.17217953
2020-08-15 20:00:00+00:00,3452811.21296294
2020-08-15 21:00:00+00:00,3454108.56745409
2020-08-15 22:00:00+00:00,3454238.43942814
2020-08-15 23:00:00+00:00,3454329.66140398
2020-08-16 00:00:00+00:00,3454449.1481007603
2020-08-16 01:00:00+00:00,3455212.3488159003
2020-08-16 02:00:00+00:00,3456281.73323886
2020-08-16 03:00:00+00:00,3456299.81719983
2020-08-16 04:00:00+00:00,3456475.37184698
2020-08-16 05:00:00+00:00,3456506.83843655
2020-08-16 06:00:00+00:00,3455611.78300742
2020-08-16 07:00:00+00:00,3455651.78144219
2020-08-16 08:00:00+00:00,3456741.75745912
2020-08-16 09:00:00+00:00,3455082.03114322
2020-08-16 10:00:00+00:00,3455985.58037437
2020-08-16 11:00:00+00:00,3456054.0542527903
2020-08-16 12:00:00+00:00,3456169.06199702
2020-08-16 13:00:00+00:00,3459092.81526068
2020-08-16 14:00:00+00:00,3459056.53911469
2020-08-16 15:00:00+00:00,3457962.76201744
2020-08-16 16:00:00+00:00,3457895.6614718703
2020-08-16 17:00:00+00:00,3458567.12386838
2020-08-16 18:00:00+00:00,3448941.9214057303
2020-08-16 19:00:00+00:00,3448780.93819097
2020-08-16 20:00:00+00:00,3448778.59302501
2020-08-16 21:00:00+00:00,3448907.75191716
2020-08-16 22:00:00+00:00,3448906.82006202
2020-08-16 23:00:00+00:00,3450851.5108819
2020-08-17 00:00:00+00:00,3450840.7613893203
2020-08-17 01:00:00+00:00,3451083.03126339
2020-08-17 02:00:00+00:00,3451583.34858251
2020-08-17 03:00:00+00:00,3451278.80963905
2020-08-17 04:00:00+00:00,3451341.86600551
2020-08-17 05:00:00+00:00,3452067.31905625
2020-08-17 06:00:00+00:00,3450863.19678522
2020-08-17 07:00:00+00:00,3450474.11913869
2020-08-17 08:00:00+00:00,3450840.24165274
2020-08-17 09:00:00+00:00,3450816.95325702
2020-08-17 10:00:00+00:00,3450284.17934921
2020-08-17 11:00:00+00:00,3448265.70478551
2020-08-17 12:00:00+00:00,3446934.63174805
2020-08-17 13:00:00+00:00,3447073.18134286
2020-08-17 14:00:00+00:00,3448195.37376183
2020-08-17 15:00:00+00:00,3448748.46735619
2020-08-17 16:00:00+00:00,3447430.24036401
2020-08-17 17:00:00+00:00,3446190.61816188
2020-08-17 18:00:00+00:00,3446290.70703661
2020-08-17 19:00:00+00:00,3446252.94512644
2020-08-17 20:00:00+00:00,3446402.63888364
2020-08-17 21:00:00+00:00,3447584.47069595
2020-08-17 22:00:00+00:00,3447584.47069595
2020-08-17 23:00:00+00:00,3449149.07853502
2020-08-18 00:00:00+00:00,3448310.37379685
2020-08-18 01:00:00+00:00,3448512.5904559
2020-08-18 02:00:00+00:00,3455980.25510711
2020-08-18 03:00:00+00:00,3455841.800928
2020-08-18 04:00:00+00:00,3455532.1190604703
2020-08-18 05:00:00+00:00,3456352.12981248
2020-08-18 06:00:00+00:00,3450577.8043771903
2020-08-18 07:00:00+00:00,3450392.85660664
2020-08-18 08:00:00+00:00,3449223.37371971
2020-08-18 09:00:00+00:00,3448851.8068163902
2020-08-18 10:00:00+00:00,3448434.10193412
2020-08-18 11:00:00+00:00,3450497.7830502503
2020-08-18 12:00:00+00:00,3449158.0507007902
2020-08-18 13:00:00+00:00,3447977.23350795
2020-08-18 14:00:00+00:00,3446786.0809621
2020-08-18 15:00:00+00:00,3446885.9059592
2020-08-18 16:00:00+00:00,3447803.48031349
2020-08-18 17:00:00+00:00,3445208.00575219
2020-08-18 18:00:00+00:00,3442305.38637642
2020-08-18 19:00:00+00:00,3443458.54080439
2020-08-18 20:00:00+00:00,3445087.4492563303
2020-08-18 21:00:00+00:00,3442633.69427674
2020-08-18 22:00:00+00:00,3442626.55831735
2020-08-18 23:00:00+00:00,3442980.89385758
2020-08-19 00:00:00+00:00,3440472.45843682
2020-08-19 01:00:00+00:00,3441561.02605638
2020-08-19 02:00:00+00:00,3441655.81657321
2020-08-19 03:00:00+00:00,3442707.82293694
2020-08-19 04:00:00+00:00,3443484.97044737
2020-08-19 05:00:00+00:00,3441986.56998278
2020-08-19 06:00:00+00:00,3442025.75387684
2020-08-19 07:00:00+00:00,3443175.86869312
2020-08-19 08:00:00+00:00,3443039.19467361
2020-08-19 09:00:00+00:00,3441172.54353386
2020-08-19 10:00:00+00:00,3442540.60844544
2020-08-19 11:00:00+00:00,3444898.08392923
2020-08-19 12:00:00+00:00,3445856.44503629
2020-08-19 13:00:00+00:00,3448989.9426045
2020-08-19 14:00:00+00:00,3448363.77521308
2020-08-19 15:00:00+00:00,3446599.37160607
2020-08-19 16:00:00+00:00,3446189.07018799
2020-08-19 17:00:00+00:00,3448306.56937537
2020-08-19 18:00:00+00:00,3448224.07920127
2020-08-19 19:00:00+00:00,3449383.7547030803
2020-08-19 20:00:00+00:00,3449559.88714732
2020-08-19 21:00:00+00:00,3448568.98096279
2020-08-19 22:00:00+00:00,3447180.69065973
2020-08-19 23:00:00+00:00,3447530.30033245
2020-08-20 00:00:00+00:00,3447530.30033245
2020-08-20 01:00:00+00:00,3443368.2947447
2020-08-20 02:00:00+00:00,3441951.85351407
2020-08-20 03:00:00+00:00,3441837.3483396103
2020-08-20 04:00:00+00:00,3441948.47304292
2020-08-20 05:00:00+00:00,3443508.81359482
2020-08-20 06:00:00+00:00,3442123.48099448
2020-08-20 07:00:00+00:00,3442209.59000085
2020-08-20 08:00:00+00:00,3443012.7550092903
2020-08-20 09:00:00+00:00,3442141.5148560703
2020-08-20 10:00:00+00:00,3443284.32600423
2020-08-20 11:00:00+00:00,3442001.04668034
2020-08-20 12:00:00+00:00,3442267.52256104
2020-08-20 13:00:00+00:00,3442802.23623057
2020-08-20 14:00:00+00:00,3442841.93152253
2020-08-20 15:00:00+00:00,3445680.4832618902
2020-08-20 16:00:00+00:00,3446157.3968085
2020-08-20 17:00:00+00:00,3444984.8727161502
2020-08-20 18:00:00+00:00,3444849.0583344903
2020-08-20 19:00:00+00:00,3446506.69106031
2020-08-20 20:00:00+00:00,3445990.7113682
2020-08-20 21:00:00+00:00,3445967.11059822
2020-08-20 22:00:00+00:00,3447196.38958093
2020-08-20 23:00:00+00:00,3447749.18348495
2020-08-21 00:00:00+00:00,3442518.33689875
2020-08-21 01:00:00+00:00,3442662.6315412703
2020-08-21 02:00:00+00:00,3442515.21234346
2020-08-21 03:00:00+00:00,3438736.26677847
2020-08-21 04:00:00+00:00,3438622.0507455403
2020-08-21 05:00:00+00:00,3438796.26375738
2020-08-21 06:00:00+00:00,3438863.86995766
2020-08-21 07:00:00+00:00,3438734.38527091
2020-08-21 08:00:00+00:00,3438401.20409123
2020-08-21 09:00:00+00:00,3438576.0923233
2020-08-21 10:00:00+00:00,3437763.25219324
2020-08-21 11:00:00+00:00,3437565.85839538
2020-08-21 12:00:00+00:00,3436326.697788
2020-08-21 13:00:00+00:00,3435874.09102201
2020-08-21 14:00:00+00:00,3435201.09944751
2020-08-21 15:00:00+00:00,3434993.62970137
2020-08-21 16:00:00+00:00,3433962.52686646
2020-08-21 17:00:00+00:00,3444329.81735061
2020-08-21 18:00:00+00:00,3444292.0324434103
2020-08-21 19:00:00+00:00,3446062.68736945
2020-08-21 20:00:00+00:00,3444317.09186624
2020-08-21 21:00:00+00:00,3442130.2049185303
2020-08-21 22:00:00+00:00,3441916.70015097
2020-08-21 23:00:00+00:00,3441787.45749665
2020-08-22 00:00:00+00:00,3441748.27178929
2020-08-22 01:00:00+00:00,3442912.3756279503
2020-08-22 02:00:00+00:00,3444456.72832169
2020-08-22 03:00:00+00:00,3444461.7134463103
2020-08-22 04:00:00+00:00,3445579.23538553
2020-08-22 05:00:00+00:00,3444079.60833815
2020-08-22 06:00:00+00:00,3444332.1922479603
2020-08-22 07:00:00+00:00,3444427.42666821
2020-08-22 08:00:00+00:00,3445915.3727956703
2020-08-22 09:00:00+00:00,3447021.2988614
2020-08-22 10:00:00+00:00,3447172.57348767
2020-08-22 11:00:00+00:00,3447200.14319616
2020-08-22 12:00:00+00:00,3448954.1162494803
2020-08-22 13:00:00+00:00,3447906.01137503
2020-08-22 14:00:00+00:00,3447998.4213861
2020-08-22 15:00:00+00:00,3448325.5594001003
2020-08-22 16:00:00+00:00,3448415.50476396
2020-08-22 17:00:00+00:00,3448923.64566983
2020-08-22 18:00:00+00:00,3448911.30490057
2020-08-22 19:00:00+00:00,3447309.98887227
2020-08-22 20:00:00+00:00,3447875.91401548
2020-08-22 21:00:00+00:00,3447961.07001248
2020-08-22 22:00:00+00:00,3448171.4664738
2020-08-22 23:00:00+00:00,3448241.56744525
2020-08-23 00:00:00+00:00,3448002.10753617
2020-08-23 01:00:00+00:00,3448015.99262138
2020-08-23 02:00:00+00:00,3448069.29645642
2020-08-23 03:00:00+00:00,3447907.13812321
2020-08-23 04:00:00+00:00,3447989.64084183
2020-08-23 05:00:00+00:00,3448022.93327339
2020-08-23 06:00:00+00:00,3448097.54112426
2020-08-23 07:00:00+00:00,3448426.64098702
2020-08-23 08:00:00+00:00,3448597.25200601
2020-08-23 09:00:00+00:00,3448683.00556422
2020-08-23 10:00:00+00:00,3448738.5925952
2020-08-23 11:00:00+00:00,3448720.6123313
2020-08-23 12:00:00+00:00,3449320.25076438
2020-08-23 13:00:00+00:00,3449807.65296063
2020-08-23 14:00:00+00:00,3449372.51926449
2020-08-23 15:00:00+00:00,3449440.48807196
2020-08-23 16:00:00+00:00,3449523.13093825
2020-08-23 17:00:00+00:00,3449236.3594058603
2020-08-23 18:00:00+00:00,3447840.14733958
2020-08-23 19:00:00+00:00,3447898.07734427
2020-08-23 20:00:00+00:00,3447883.65176849
2020-08-23 21:00:00+00:00,3447837.03411664
2020-08-23 22:00:00+00:00,3447904.50686971
2020-08-23 23:00:00+00:00,3448014.02623341
2020-08-24 00:00:00+00:00,3446958.24578688
2020-08-24 01:00:00+00:00,3444198.42292863
2020-08-24 02:00:00+00:00,3443287.33969831
2020-08-24 03:00:00+00:00,3443174.7813726203
2020-08-24 04:00:00+00:00,3443020.27372969
2020-08-24 05:00:00+00:00,3443154.28538401
2020-08-24 06:00:00+00:00,3443952.11556371
2020-08-24 07:00:00+00:00,3444287.77423798
2020-08-24 08:00:00+00:00,3443397.86942829
2020-08-24 09:00:00+00:00,3443781.80629082
2020-08-24 10:00:00+00:00,3444863.28829508
2020-08-24 11:00:00+00:00,3445778.6235412
2020-08-24 12:00:00+00:00,3446303.8751546103
2020-08-24 13:00:00+00:00,3448256.42159255
2020-08-24 14:00:00+00:00,3448394.70316318
2020-08-24 15:00:00+00:00,3446758.00789924
2020-08-24 16:00:00+00:00,3446987.31956664
2020-08-24 17:00:00+00:00,3446703.17762863
2020-08-24 18:00:00+00:00,3446683.18980682
2020-08-24 19:00:00+00:00,3446418.62356989
2020-08-24 20:00:00+00:00,3446345.64694274
2020-08-24 21:00:00+00:00,3445980.58852342
2020-08-24 22:00:00+00:00,3447386.03756293
2020-08-24 23:00:00+00:00,3447347.36656707
2020-08-25 00:00:00+00:00,3447824.4679136
2020-08-25 01:00:00+00:00,3445090.14409797
2020-08-25 02:00:00+00:00,3444137.83864335
2020-08-25 03:00:00+00:00,3444101.78681998
2020-08-25 04:00:00+00:00,3444093.39694321
2020-08-25 05:00:00+00:00,3444315.08601527
2020-08-25 06:00:00+00:00,3445594.2476576
2020-08-25 07:00:00+00:00,3445516.31327192
2020-08-25 08:00:00+00:00,3444446.0633077603
2020-08-25 09:00:00+00:00,3445328.2015389
2020-08-25 10:00:00+00:00,3445328.2015389
2020-08-25 11:00:00+00:00,3445192.5427956902
2020-08-25 12:00:00+00:00,3444054.66721733
2020-08-25 13:00:00+00:00,3445217.13552371
2020-08-25 14:00:00+00:00,3444355.84134511
2020-08-25 15:00:00+00:00,3445245.69197034
2020-08-25 16:00:00+00:00,3444277.22488139
2020-08-25 17:00:00+00:00,3445251.57295732
2020-08-25 18:00:00+00:00,3444733.81607422
2020-08-25 19:00:00+00:00,3445380.62593969
2020-08-25 20:00:00+00:00,3442958.00247551
2020-08-25 21:00:00+00:00,3442966.5992260003
2020-08-25 22:00:00+00:00,3443533.2695779502
2020-08-25 23:00:00+00:00,3443742.72137721
2020-08-26 00:00:00+00:00,3443850.66820153
2020-08-26 01:00:00+00:00,3443057.11088886
2020-08-26 02:00:00+00:00,3442056.28993387
2020-08-26 03:00:00+00:00,3442706.8298813603
2020-08-26 04:00:00+00:00,3443017.46056482
2020-08-26 05:00:00+00:00,3442314.2305032
2020-08-26 06:00:00+00:00,3439630.90327756
2020-08-26 07:00:00+00:00,3439900.52946431
2020-08-26 08:00:00+00:00,3441968.76855791
2020-08-26 09:00:00+00:00,3441878.5298712603
2020-08-26 10:00:00+00:00,3442120.3010215303
2020-08-26 11:00:00+00:00,3442910.42088339
2020-08-26 12:00:00+00:00,3442964.54448144
2020-08-26 13:00:00+00:00,3439696.3175480403
2020-08-26 14:00:00+00:00,3440865.2018239703
2020-08-26 15:00:00+00:00,3440430.02552471
2020-08-26 16:00:00+00:00,3442574.00784129
2020-08-26 17:00:00+00:00,3443190.8301272
2020-08-26 18:00:00+00:00,3443446.4235106
2020-08-26 19:00:00+00:00,3444177.91237999
2020-08-26 20:00:00+00:00,3443691.66264658
2020-08-26 21:00:00+00:00,3443911.38309378
2020-08-26 22:00:00+00:00,3443835.21642966
2020-08-26 23:00:00+00:00,3443643.35116665
2020-08-27 00:00:00+00:00,3433419.46625409
2020-08-27 01:00:00+00:00,3433435.75481084
2020-08-27 02:00:00+00:00,3432303.6956078
2020-08-27 03:00:00+00:00,3432446.8743931
2020-08-27 04:00:00+00:00,3431737.81980346
2020-08-27 05:00:00+00:00,3431879.0941160503
2020-08-27 06:00:00+00:00,3432105.36808509
2020-08-27 07:00:00+00:00,3432111.47753946
2020-08-27 08:00:00+00:00,3433188.39856882
2020-08-27 09:00:00+00:00,3430469.49535454
2020-08-27 10:00:00+00:00,3427446.88853063
2020-08-27 11:00:00+00:00,3429552.23466474
2020-08-27 12:00:00+00:00,3429501.95624928
2020-08-27 13:00:00+00:00,3429601.71099727
2020-08-27 14:00:00+00:00,3432678.00412911
2020-08-27 15:00:00+00:00,3432292.44009786
2020-08-27 16:00:00+00:00,3430367.5085296
2020-08-27 17:00:00+00:00,3430340.5955792
2020-08-27 18:00:00+00:00,3430447.80114346
2020-08-27 19:00:00+00:00,3430443.95850968
2020-08-27 20:00:00+00:00,3430247.39133871
2020-08-27 21:00:00+00:00,3430987.8693076
2020-08-27 22:00:00+00:00,3428783.66728415
2020-08-27 23:00:00+00:00,3429009.52329552
2020-08-28 00:00:00+00:00,3430411.26949543
2020-08-28 01:00:00+00:00,3429323.02544758
2020-08-28 02:00:00+00:00,3425460.8012130302
2020-08-28 03:00:00+00:00,3426651.37802066
2020-08-28 04:00:00+00:00,3426055.5803062
2020-08-28 05:00:00+00:00,3427135.54186071
2020-08-28 06:00:00+00:00,3426270.37292983
2020-08-28 07:00:00+00:00,3427336.97643012
2020-08-28 08:00:00+00:00,3427354.11534422
2020-08-28 09:00:00+00:00,3428753.62519641
2020-08-28 10:00:00+00:00,3428604.15988424
2020-08-28 11:00:00+00:00,3428652.43004313
2020-08-28 12:00:00+00:00,3429375.50411821
2020-08-28 13:00:00+00:00,3434223.65480325
2020-08-28 14:00:00+00:00,3434661.11860144
2020-08-28 15:00:00+00:00,3441891.6576913903
2020-08-28 16:00:00+00:00,3444736.5913731502
2020-08-28 17:00:00+00:00,3445352.81357342
2020-08-28 18:00:00+00:00,3445107.97614938
2020-08-28 19:00:00+00:00,3445672.9484024
2020-08-28 20:00:00+00:00,3446699.51927721
2020-08-28 21:00:00+00:00,3443018.57253356
2020-08-28 22:00:00+00:00,3443209.00027458
2020-08-28 23:00:00+00:00,3443260.50155444
2020-08-29 00:00:00+00:00,3445335.53652905
2020-08-29 01:00:00+00:00,3445259.9365875903
2020-08-29 02:00:00+00:00,3446296.4788017003
2020-08-29 03:00:00+00:00,3446455.3915819903
2020-08-29 04:00:00+00:00,3446898.50008477
2020-08-29 05:00:00+00:00,3446990.17049198
2020-08-29 06:00:00+00:00,3446989.1944489502
2020-08-29 07:00:00+00:00,3446969.02095105
2020-08-29 08:00:00+00:00,3447179.50702082
2020-08-29 09:00:00+00:00,3447323.60127614
2020-08-29 10:00:00+00:00,3447153.49843799
2020-08-29 11:00:00+00:00,3447137.36946475
2020-08-29 12:00:00+00:00,3446127.58093496
2020-08-29 13:00:00+00:00,3446349.96508511
2020-08-29 14:00:00+00:00,3445359.30488906
2020-08-29 15:00:00+00:00,3445382.38705254
2020-08-29 16:00:00+00:00,3445176.44913261
2020-08-29 17:00:00+00:00,3445329.87928204
2020-08-29 18:00:00+00:00,3445347.29222032
2020-08-29 19:00:00+00:00,3445365.11720969
2020-08-29 20:00:00+00:00,3445343.12998692
2020-08-29 21:00:00+00:00,3445352.63728718
2020-08-29 22:00:00+00:00,3445582.9508004
2020-08-29 23:00:00+00:00,3445655.01602371
2020-08-30 00:00:00+00:00,3445731.1977485702
2020-08-30 01:00:00+00:00,3445326.8151977803
2020-08-30 02:00:00+00:00,3445354.80964963
2020-08-30 03:00:00+00:00,3445740.6873342
2020-08-30 04:00:00+00:00,3446149.34615216
2020-08-30 05:00:00+00:00,3446261.9731393103
2020-08-30 06:00:00+00:00,3446352.54590807
2020-08-30 07:00:00+00:00,3445574.38325566
2020-08-30 08:00:00+00:00,3445351.57424178
2020-08-30 09:00:00+00:00,3446212.13603757
2020-08-30 10:00:00+00:00,3446425.10886384
2020-08-30 11:00:00+00:00,3446330.2011998203
2020-08-30 12:00:00+00:00,3446719.05502877
2020-08-30 13:00:00+00:00,3445730.7282894403
2020-08-30 14:00:00+00:00,3444511.49982289
2020-08-30 15:00:00+00:00,3445594.25629297
2020-08-30 16:00:00+00:00,3445708.92298271
2020-08-30 17:00:00+00:00,3445754.14448069
2020-08-30 18:00:00+00:00,3445716.22536826
2020-08-30 19:00:00+00:00,3445729.31302205
2020-08-30 20:00:00+00:00,3445233.3509122003
2020-08-30 21:00:00+00:00,3445277.87869907
2020-08-30 22:00:00+00:00,3444134.52994207
2020-08-30 23:00:00+00:00,3444159.4786115102
2020-08-31 00:00:00+00:00,3444312.81097117
2020-08-31 01:00:00+00:00,3444318.4197857203
2020-08-31 02:00:00+00:00,3444262.95814394
2020-08-31 03:00:00+00:00,3444348.1482752203
2020-08-31 04:00:00+00:00,3443448.0510431
2020-08-31 05:00:00+00:00,3438869.8036664403
2020-08-31 06:00:00+00:00,3443799.5339742303
2020-08-31 07:00:00+00:00,3447191.01027033
2020-08-31 08:00:00+00:00,3449355.4182211
2020-08-31 09:00:00+00:00,3449714.76059048
2020-08-31 10:00:00+00:00,3450027.89330126
2020-08-31 11:00:00+00:00,3455646.36847468
2020-08-31 12:00:00+00:00,3457487.63809539
2020-08-31 13:00:00+00:00,3469822.87032483
2020-08-31 14:00:00+00:00,3469360.27380476
2020-08-31 15:00:00+00:00,3468952.7619228703
2020-08-31 16:00:00+00:00,3470391.57888692
2020-08-31 17:00:00+00:00,3469743.65066354
2020-08-31 18:00:00+00:00,3469734.80224664
2020-08-31 19:00:00+00:00,3471345.28938183
2020-08-31 20:00:00+00:00,3469898.5088690203
2020-08-31 21:00:00+00:00,3470175.5016391403
2020-08-31 22:00:00+00:00,3471857.1554993
2020-08-31 23:00:00+00:00,3471934.6743146502
2020-09-01 00:00:00+00:00,3473249.88228403
2020-09-01 01:00:00+00:00,3471949.74086906
2020-09-01 02:00:00+00:00,3471976.16677141
2020-09-01 03:00:00+00:00,3471728.25287545
2020-09-01 04:00:00+00:00,3472946.06552032
2020-09-01 05:00:00+00:00,3474287.02308012
2020-09-01 06:00:00+00:00,3473447.07548594
2020-09-01 07:00:00+00:00,3470373.45739689
2020-09-01 08:00:00+00:00,3469584.96520762
2020-09-01 09:00:00+00:00,3471032.3757933
2020-09-01 10:00:00+00:00,3470809.06317431
2020-09-01 11:00:00+00:00,3471720.40120552
2020-09-01 12:00:00+00:00,3470900.22172786
2020-09-01 13:00:00+00:00,3470201.68552644
2020-09-01 14:00:00+00:00,3469980.86105534
2020-09-01 15:00:00+00:00,3471052.86874875
2020-09-01 16:00:00+00:00,3470709.44839127
2020-09-01 17:00:00+00:00,3472094.3741136
2020-09-01 18:00:00+00:00,3473337.23434789
2020-09-01 19:00:00+00:00,3472572.45032913
2020-09-01 20:00:00+00:00,3472172.7351253303
2020-09-01 21:00:00+00:00,3470165.99719032
2020-09-01 22:00:00+00:00,3468772.86034075
2020-09-01 23:00:00+00:00,3469720.07697551
2020-09-02 00:00:00+00:00,3469110.21727202
2020-09-02 01:00:00+00:00,3469738.74295626
2020-09-02 02:00:00+00:00,3469667.04539716
2020-09-02 03:00:00+00:00,3469483.95266716
2020-09-02 04:00:00+00:00,3469673.65750222
2020-09-02 05:00:00+00:00,3471010.52800324
2020-09-02 06:00:00+00:00,3471438.6370475
2020-09-02 07:00:00+00:00,3471353.1489935103
2020-09-02 08:00:00+00:00,3470823.9846667303
2020-09-02 09:00:00+00:00,3469765.70665722
2020-09-02 10:00:00+00:00,3469757.71043148
2020-09-02 11:00:00+00:00,3468587.62131171
2020-09-02 12:00:00+00:00,3467984.25713197
2020-09-02 13:00:00+00:00,3467635.5933736903
2020-09-02 14:00:00+00:00,3467563.94598765
2020-09-02 15:00:00+00:00,3471511.4304030603
2020-09-02 16:00:00+00:00,3468808.89165314
2020-09-02 17:00:00+00:00,3469712.48453768
2020-09-02 18:00:00+00:00,3469140.00702041
2020-09-02 19:00:00+00:00,3468647.8731278502
2020-09-02 20:00:00+00:00,3468586.98719231
2020-09-02 21:00:00+00:00,3467806.8488904303
2020-09-02 22:00:00+00:00,3467940.77696757
2020-09-02 23:00:00+00:00,3471884.7115636
2020-09-03 00:00:00+00:00,3471792.65818483
2020-09-03 01:00:00+00:00,3472037.68620958
2020-09-03 02:00:00+00:00,3472519.03556658
2020-09-03 03:00:00+00:00,3472701.36679614
2020-09-03 04:00:00+00:00,3471988.30828908
2020-09-03 05:00:00+00:00,3474644.96813532
2020-09-03 06:00:00+00:00,3470421.07105229
2020-09-03 07:00:00+00:00,3470924.5206068703
2020-09-03 08:00:00+00:00,3471318.05152788
2020-09-03 09:00:00+00:00,3471307.5425488
2020-09-03 10:00:00+00:00,3472479.3128652
2020-09-03 11:00:00+00:00,3473510.72929875
2020-09-03 12:00:00+00:00,3474597.05262184
2020-09-03 13:00:00+00:00,3473057.83685702
2020-09-03 14:00:00+00:00,3469287.04709244
2020-09-03 15:00:00+00:00,3470887.05804048
2020-09-03 16:00:00+00:00,3467513.40054532
2020-09-03 17:00:00+00:00,3466396.9603070403
2020-09-03 18:00:00+00:00,3469131.78364737
2020-09-03 19:00:00+00:00,3470036.33353569
2020-09-03 20:00:00+00:00,3470704.26888902
2020-09-03 21:00:00+00:00,3469703.7310847603
2020-09-03 22:00:00+00:00,3471597.03836668
2020-09-03 23:00:00+00:00,3469400.91142072
2020-09-04 00:00:00+00:00,3468361.4175224
2020-09-04 01:00:00+00:00,3468361.4175224
2020-09-04 02:00:00+00:00,3467886.76679148
2020-09-04 03:00:00+00:00,3468134.95457725
2020-09-04 04:00:00+00:00,3466689.34423975
2020-09-04 05:00:00+00:00,3467992.0578335
2020-09-04 06:00:00+00:00,3468386.11694853
2020-09-04 07:00:00+00:00,3467086.8720133803
2020-09-04 08:00:00+00:00,3467412.06118758
2020-09-04 09:00:00+00:00,3469962.4144412703
2020-09-04 10:00:00+00:00,3468440.82964559
2020-09-04 11:00:00+00:00,3468852.99789787
2020-09-04 12:00:00+00:00,3468058.19895276
2020-09-04 13:00:00+00:00,3466419.654846
2020-09-04 14:00:00+00:00,3462971.30472778
2020-09-04 15:00:00+00:00,3472427.27001619
2020-09-04 16:00:00+00:00,3472839.9345823303
2020-09-04 17:00:00+00:00,3477339.30064605
2020-09-04 18:00:00+00:00,3476190.27202245
2020-09-04 19:00:00+00:00,3476168.7194426
2020-09-04 20:00:00+00:00,3473542.15921104
2020-09-04 21:00:00+00:00,3473070.10343288
2020-09-04 22:00:00+00:00,3474380.87186229
2020-09-04 23:00:00+00:00,3470595.77591736
2020-09-05 00:00:00+00:00,3470356.17264454
2020-09-05 01:00:00+00:00,3468556.8128441
2020-09-05 02:00:00+00:00,3469308.2250678902
2020-09-05 03:00:00+00:00,3466917.00736035
2020-09-05 04:00:00+00:00,3468325.95474473
2020-09-05 05:00:00+00:00,3468349.11159537
2020-09-05 06:00:00+00:00,3468851.24770472
2020-09-05 07:00:00+00:00,3468771.15161068
2020-09-05 08:00:00+00:00,3470282.5219796
2020-09-05 09:00:00+00:00,3471599.35082983
2020-09-05 10:00:00+00:00,3472185.87137079
2020-09-05 11:00:00+00:00,3470563.63174748
2020-09-05 12:00:00+00:00,3470995.71206305
2020-09-05 13:00:00+00:00,3472217.15165879
2020-09-05 14:00:00+00:00,3472462.25561658
2020-09-05 15:00:00+00:00,3472540.76642941
2020-09-05 16:00:00+00:00,3471443.109925
2020-09-05 17:00:00+00:00,3471305.20849788
2020-09-05 18:00:00+00:00,3471728.97821483
2020-09-05 19:00:00+00:00,3472926.65391883
2020-09-05 20:00:00+00:00,3472509.59612083
2020-09-05 21:00:00+00:00,3472206.36821567
2020-09-05 22:00:00+00:00,3471959.20620459
2020-09-05 23:00:00+00:00,3471752.41475475
2020-09-06 00:00:00+00:00,3471598.00375016
2020-09-06 01:00:00+00:00,3470446.80043187
2020-09-06 02:00:00+00:00,3471376.02961107
2020-09-06 03:00:00+00:00,3471877.3336069603
2020-09-06 04:00:00+00:00,3470852.5637673703
2020-09-06 05:00:00+00:00,3470994.4538263
2020-09-06 06:00:00+00:00,3472332.35800063
2020-09-06 07:00:00+00:00,3472408.47112718
2020-09-06 08:00:00+00:00,3472548.94893006
2020-09-06 09:00:00+00:00,3472762.5723416503
2020-09-06 10:00:00+00:00,3472646.20832294
2020-09-06 11:00:00+00:00,3473299.38726264
2020-09-06 12:00:00+00:00,3473248.64677022
2020-09-06 13:00:00+00:00,3473269.46091598
2020-09-06 14:00:00+00:00,3471336.64189695
2020-09-06 15:00:00+00:00,3473501.93793398
2020-09-06 16:00:00+00:00,3473205.64998616
2020-09-06 17:00:00+00:00,3473306.68183959
2020-09-06 18:00:00+00:00,3473673.49830436
2020-09-06 19:00:00+00:00,3473703.50180022
2020-09-06 20:00:00+00:00,3473754.13521845
2020-09-06 21:00:00+00:00,3474237.4448072
2020-09-06 22:00:00+00:00,3474268.47835605
2020-09-06 23:00:00+00:00,3474650.9892903003
2020-09-07 00:00:00+00:00,3474691.20863169
2020-09-07 01:00:00+00:00,3474784.8383372203
2020-09-07 02:00:00+00:00,3472420.67622603
2020-09-07 03:00:00+00:00,3473190.97733653
2020-09-07 04:00:00+00:00,3473330.4615678303
2020-09-07 05:00:00+00:00,3467204.75931328
2020-09-07 06:00:00+00:00,3466981.64855474
2020-09-07 07:00:00+00:00,3466638.82940002
2020-09-07 08:00:00+00:00,3466413.50150474
2020-09-07 09:00:00+00:00,3467561.74622577
2020-09-07 10:00:00+00:00,3468696.20467236
2020-09-07 11:00:00+00:00,3470307.52988067
2020-09-07 12:00:00+00:00,3468620.18205147
2020-09-07 13:00:00+00:00,3467712.3766762903
2020-09-07 14:00:00+00:00,3468111.43593234
2020-09-07 15:00:00+00:00,3467888.30940098
2020-09-07 16:00:00+00:00,3468075.30106037
2020-09-07 17:00:00+00:00,3466871.66086944
2020-09-07 18:00:00+00:00,3467168.3737967103
2020-09-07 19:00:00+00:00,3467464.7105101203
2020-09-07 20:00:00+00:00,3468442.31269683
2020-09-07 21:00:00+00:00,3467243.00120511
2020-09-07 22:00:00+00:00,3469063.96149505
2020-09-07 23:00:00+00:00,3468354.20585865
2020-09-08 00:00:00+00:00,3469173.3155490803
2020-09-08 01:00:00+00:00,3470439.1582152
2020-09-08 02:00:00+00:00,3469421.0900446703
2020-09-08 03:00:00+00:00,3469877.4365305
2020-09-08 04:00:00+00:00,3468077.38221792
2020-09-08 05:00:00+00:00,3468487.8459206102
2020-09-08 06:00:00+00:00,3467205.63555024
2020-09-08 07:00:00+00:00,3467440.92452381
2020-09-08 08:00:00+00:00,3465120.11679747
2020-09-08 09:00:00+00:00,3465410.7383931703
2020-09-08 10:00:00+00:00,3464611.51830339
2020-09-08 11:00:00+00:00,3465705.8563808203
2020-09-08 12:00:00+00:00,3465981.11895562
2020-09-08 13:00:00+00:00,3464203.47732797
2020-09-08 14:00:00+00:00,3454159.08919793
2020-09-08 15:00:00+00:00,3455200.84141535
2020-09-08 16:00:00+00:00,3455146.8957423302
2020-09-08 17:00:00+00:00,3456863.77861656
2020-09-08 18:00:00+00:00,3453704.99892891
2020-09-08 19:00:00+00:00,3455426.19089306
2020-09-08 20:00:00+00:00,3456799.77348046
2020-09-08 21:00:00+00:00,3454895.40389016
2020-09-08 22:00:00+00:00,3453890.18113274
2020-09-08 23:00:00+00:00,3453929.09875656
2020-09-09 00:00:00+00:00,3450403.58587997
2020-09-09 01:00:00+00:00,3450287.15288199
2020-09-09 02:00:00+00:00,3450316.92551687
2020-09-09 03:00:00+00:00,3451263.32339669
2020-09-09 04:00:00+00:00,3451798.88717446
2020-09-09 05:00:00+00:00,3453104.08668237
2020-09-09 06:00:00+00:00,3453214.29500514
2020-09-09 07:00:00+00:00,3451047.50502726
2020-09-09 08:00:00+00:00,3452253.84212464
2020-09-09 09:00:00+00:00,3453644.77815673
2020-09-09 10:00:00+00:00,3454001.90559803
2020-09-09 11:00:00+00:00,3454482.62452234
2020-09-09 12:00:00+00:00,3453970.7317478
2020-09-09 13:00:00+00:00,3453090.58105434
2020-09-09 14:00:00+00:00,3454297.53388673
2020-09-09 15:00:00+00:00,3464636.19894288
2020-09-09 16:00:00+00:00,3465825.90460295
2020-09-09 17:00:00+00:00,3464661.24153995
2020-09-09 18:00:00+00:00,3464909.52400713
2020-09-09 19:00:00+00:00,3464743.21404806
2020-09-09 20:00:00+00:00,3465399.10258862
2020-09-09 21:00:00+00:00,3465217.08996177
2020-09-09 22:00:00+00:00,3465055.72515925
2020-09-09 23:00:00+00:00,3464459.69203994
2020-09-10 00:00:00+00:00,3464554.25401234
2020-09-10 01:00:00+00:00,3465678.85058518
2020-09-10 02:00:00+00:00,3460154.96123115
2020-09-10 03:00:00+00:00,3460331.84312131
2020-09-10 04:00:00+00:00,3461598.4008894
2020-09-10 05:00:00+00:00,3462445.68681122
2020-09-10 06:00:00+00:00,3462524.01943227
2020-09-10 07:00:00+00:00,3460869.44979725
2020-09-10 08:00:00+00:00,3461020.19283003
2020-09-10 09:00:00+00:00,3461392.84216073
2020-09-10 10:00:00+00:00,3460306.45427554
2020-09-10 11:00:00+00:00,3461384.77853999
2020-09-10 12:00:00+00:00,3461296.3952971003
2020-09-10 13:00:00+00:00,3461589.44299601
2020-09-10 14:00:00+00:00,3461927.14156058
2020-09-10 15:00:00+00:00,3461690.5264341203
2020-09-10 16:00:00+00:00,3461827.15086122
2020-09-10 17:00:00+00:00,3463959.15557929
2020-09-10 18:00:00+00:00,3464637.59589901
2020-09-10 19:00:00+00:00,3463780.54812756
2020-09-10 20:00:00+00:00,3464100.59666989
2020-09-10 21:00:00+00:00,3464007.6202785103
2020-09-10 22:00:00+00:00,3464012.23767864
2020-09-10 23:00:00+00:00,3464241.16760804
2020-09-11 00:00:00+00:00,3464360.1150078103
2020-09-11 01:00:00+00:00,3464682.36602717
2020-09-11 02:00:00+00:00,3466046.94250146
2020-09-11 03:00:00+00:00,3466888.8430041303
2020-09-11 04:00:00+00:00,3465356.23983037
2020-09-11 05:00:00+00:00,3467270.87487096
2020-09-11 06:00:00+00:00,3467579.2017758
2020-09-11 07:00:00+00:00,3465677.79961194
2020-09-11 08:00:00+00:00,3467975.2523298203
2020-09-11 09:00:00+00:00,3467962.44268945
2020-09-11 10:00:00+00:00,3468431.1676741103
2020-09-11 11:00:00+00:00,3467765.21152907
2020-09-11 12:00:00+00:00,3467371.6629390502
2020-09-11 13:00:00+00:00,3467610.70845483
2020-09-11 14:00:00+00:00,3468781.0145409103
2020-09-11 15:00:00+00:00,3467548.45241425
2020-09-11 16:00:00+00:00,3467666.04295939
2020-09-11 17:00:00+00:00,3467387.51401329
2020-09-11 18:00:00+00:00,3466054.86453945
2020-09-11 19:00:00+00:00,3465926.34049269
2020-09-11 20:00:00+00:00,3465015.2698152
2020-09-11 21:00:00+00:00,3465164.42326188
2020-09-11 22:00:00+00:00,3466437.5678810403
2020-09-11 23:00:00+00:00,3466759.03589587
2020-09-12 00:00:00+00:00,3466919.2674685
2020-09-12 01:00:00+00:00,3467186.16011428
2020-09-12 02:00:00+00:00,3465482.09792221
2020-09-12 03:00:00+00:00,3465714.91892084
2020-09-12 04:00:00+00:00,3467785.65309055
2020-09-12 05:00:00+00:00,3468526.82258591
2020-09-12 06:00:00+00:00,3468597.67992772
2020-09-12 07:00:00+00:00,3468671.93330335
2020-09-12 08:00:00+00:00,3466780.53734194
2020-09-12 09:00:00+00:00,3466867.63699069
2020-09-12 10:00:00+00:00,3467115.75359121
2020-09-12 11:00:00+00:00,3467354.69907312
2020-09-12 12:00:00+00:00,3467465.3273116
2020-09-12 13:00:00+00:00,3467840.74629742
2020-09-12 14:00:00+00:00,3470511.82710121
2020-09-12 15:00:00+00:00,3468903.18099374
2020-09-12 16:00:00+00:00,3468117.46620923
2020-09-12 17:00:00+00:00,3466903.99287148
2020-09-12 18:00:00+00:00,3467971.50617953
2020-09-12 19:00:00+00:00,3467165.20000553
2020-09-12 20:00:00+00:00,3467390.42012055
2020-09-12 21:00:00+00:00,3467659.0868039
2020-09-12 22:00:00+00:00,3468678.80430617
2020-09-12 23:00:00+00:00,3468734.84963458
2020-09-13 00:00:00+00:00,3468779.27755367
2020-09-13 01:00:00+00:00,3468907.5856524003
2020-09-13 02:00:00+00:00,3469056.06962495
2020-09-13 03:00:00+00:00,3469265.31190498
2020-09-13 04:00:00+00:00,3469288.74585525
2020-09-13 05:00:00+00:00,3469501.15122269
2020-09-13 06:00:00+00:00,3468553.31067589
2020-09-13 07:00:00+00:00,3467414.92781365
2020-09-13 08:00:00+00:00,3467434.29914003
2020-09-13 09:00:00+00:00,3467637.76139874
2020-09-13 10:00:00+00:00,3467838.77882854
2020-09-13 11:00:00+00:00,3467331.39168122
2020-09-13 12:00:00+00:00,3467508.50401599
2020-09-13 13:00:00+00:00,3466948.2457496
2020-09-13 14:00:00+00:00,3466963.1958164503
2020-09-13 15:00:00+00:00,3466953.5124299303
2020-09-13 16:00:00+00:00,3466123.8366646003
2020-09-13 17:00:00+00:00,3466083.62144983
2020-09-13 18:00:00+00:00,3465488.69417982
2020-09-13 19:00:00+00:00,3466451.9746562103
2020-09-13 20:00:00+00:00,3466474.12080161
2020-09-13 21:00:00+00:00,3466487.93600274
2020-09-13 22:00:00+00:00,3466580.40623123
2020-09-13 23:00:00+00:00,3466588.1754828403
2020-09-14 00:00:00+00:00,3466626.92418727
2020-09-14 01:00:00+00:00,3466543.3172898903
2020-09-14 02:00:00+00:00,3467428.45388728
2020-09-14 03:00:00+00:00,3466672.37147119
2020-09-14 04:00:00+00:00,3468080.55492681
2020-09-14 05:00:00+00:00,3464228.9616373703
2020-09-14 06:00:00+00:00,3465020.83055597
2020-09-14 07:00:00+00:00,3464454.04208906
2020-09-14 08:00:00+00:00,3463505.2423842703
2020-09-14 09:00:00+00:00,3464365.50389251
2020-09-14 10:00:00+00:00,3465843.87323307
2020-09-14 11:00:00+00:00,3464151.31175803
2020-09-14 12:00:00+00:00,3464916.76607437
2020-09-14 13:00:00+00:00,3464759.06487438
2020-09-14 14:00:00+00:00,3466316.9746200102
2020-09-14 15:00:00+00:00,3467007.3834680403
2020-09-14 16:00:00+00:00,3466559.73241951
2020-09-14 17:00:00+00:00,3466758.59387606
2020-09-14 18:00:00+00:00,3466515.24393645
2020-09-14 19:00:00+00:00,3465354.57363094
2020-09-14 20:00:00+00:00,3463097.8146279403
2020-09-14 21:00:00+00:00,3462612.1556555503
2020-09-14 22:00:00+00:00,3462657.72919776
2020-09-14 23:00:00+00:00,3462979.2957708403
2020-09-15 00:00:00+00:00,3461612.72332577
2020-09-15 01:00:00+00:00,3461791.40097244
2020-09-15 02:00:00+00:00,3460879.65116583
2020-09-15 03:00:00+00:00,3460927.13018532
2020-09-15 04:00:00+00:00,3462249.62352497
2020-09-15 05:00:00+00:00,3462262.3542012903
2020-09-15 06:00:00+00:00,3462413.9160036
2020-09-15 07:00:00+00:00,3462485.0011251
2020-09-15 08:00:00+00:00,3462991.67606998
2020-09-15 09:00:00+00:00,3463319.84612932
2020-09-15 10:00:00+00:00,3465105.5229538702
2020-09-15 11:00:00+00:00,3464871.13287671
2020-09-15 12:00:00+00:00,3465175.82693004
2020-09-15 13:00:00+00:00,3466178.17734724
2020-09-15 14:00:00+00:00,3466620.75302218
2020-09-15 15:00:00+00:00,3465734.87068491
2020-09-15 16:00:00+00:00,3467122.80824874
2020-09-15 17:00:00+00:00,3469129.40473145
2020-09-15 18:00:00+00:00,3470050.16415795
2020-09-15 19:00:00+00:00,3469680.16842716
2020-09-15 20:00:00+00:00,3469507.86436555
2020-09-15 21:00:00+00:00,3469558.50481895
2020-09-15 22:00:00+00:00,3469250.18792814
2020-09-15 23:00:00+00:00,3467947.32383354
2020-09-16 00:00:00+00:00,3468057.65816053
2020-09-16 01:00:00+00:00,3468434.46311958
2020-09-16 02:00:00+00:00,3467381.56334063
2020-09-16 03:00:00+00:00,3467479.90466207
2020-09-16 04:00:00+00:00,3467296.13559223
2020-09-16 05:00:00+00:00,3467555.34376171
2020-09-16 06:00:00+00:00,3466841.99702973
2020-09-16 07:00:00+00:00,3466766.27528373
2020-09-16 08:00:00+00:00,3466717.69546448
2020-09-16 09:00:00+00:00,3471600.11398064
2020-09-16 10:00:00+00:00,3467095.01960466
2020-09-16 11:00:00+00:00,3461605.2716426603
2020-09-16 12:00:00+00:00,3464386.0169126
2020-09-16 13:00:00+00:00,3461406.72778012
2020-09-16 14:00:00+00:00,3462983.98829805
2020-09-16 15:00:00+00:00,3464241.11819018
2020-09-16 16:00:00+00:00,3464484.61582569
2020-09-16 17:00:00+00:00,3463668.97565067
2020-09-16 18:00:00+00:00,3463935.17607346
2020-09-16 19:00:00+00:00,3464168.94760921
2020-09-16 20:00:00+00:00,3462373.89758314
2020-09-16 21:00:00+00:00,3462881.05244471
2020-09-16 22:00:00+00:00,3462778.12809128
2020-09-16 23:00:00+00:00,3462876.4369744803
2020-09-17 00:00:00+00:00,3463188.09256992
2020-09-17 01:00:00+00:00,3464652.5255238903
2020-09-17 02:00:00+00:00,3464078.12165028
2020-09-17 03:00:00+00:00,3464093.46455872
2020-09-17 04:00:00+00:00,3464100.58496996
2020-09-17 05:00:00+00:00,3463728.18454635
2020-09-17 06:00:00+00:00,3459420.31338522
2020-09-17 07:00:00+00:00,3457600.86738771
2020-09-17 08:00:00+00:00,3459718.01797274
2020-09-17 09:00:00+00:00,3459401.5966975302
2020-09-17 10:00:00+00:00,3458883.94414043
2020-09-17 11:00:00+00:00,3461426.89851712
2020-09-17 12:00:00+00:00,3460664.95818761
2020-09-17 13:00:00+00:00,3461611.9038068103
2020-09-17 14:00:00+00:00,3464563.4359654
2020-09-17 15:00:00+00:00,3460121.06611958
2020-09-17 16:00:00+00:00,3459804.37701359
2020-09-17 17:00:00+00:00,3460856.7267620103
2020-09-17 18:00:00+00:00,3460920.70076675
2020-09-17 19:00:00+00:00,3460850.87763889
2020-09-17 20:00:00+00:00,3458746.13309039
2020-09-17 21:00:00+00:00,3458915.55681727
2020-09-17 22:00:00+00:00,3457414.34579619
2020-09-17 23:00:00+00:00,3458362.28963438
2020-09-18 00:00:00+00:00,3458481.64346206
2020-09-18 01:00:00+00:00,3456574.75796899
2020-09-18 02:00:00+00:00,3456743.45596453
2020-09-18 03:00:00+00:00,3456987.68973771
2020-09-18 04:00:00+00:00,3457075.71745435
2020-09-18 05:00:00+00:00,3458664.2759033
2020-09-18 06:00:00+00:00,3458570.1030943403
2020-09-18 07:00:00+00:00,3456802.1956737502
2020-09-18 08:00:00+00:00,3459568.97364111
2020-09-18 09:00:00+00:00,3456547.39199198
2020-09-18 10:00:00+00:00,3448469.8395673
2020-09-18 11:00:00+00:00,3448616.4701942103
2020-09-18 12:00:00+00:00,3457491.86460389
2020-09-18 13:00:00+00:00,3456469.18988532
2020-09-18 14:00:00+00:00,3459692.8670211
2020-09-18 15:00:00+00:00,3458183.52960223
2020-09-18 16:00:00+00:00,3455047.0884574503
2020-09-18 17:00:00+00:00,3454638.81913643
2020-09-18 18:00:00+00:00,3456436.9532392
2020-09-18 19:00:00+00:00,3455398.36870094
2020-09-18 20:00:00+00:00,3456725.61268809
2020-09-18 21:00:00+00:00,3456211.09298158
2020-09-18 22:00:00+00:00,3456393.9338461
2020-09-18 23:00:00+00:00,3458833.72961637
2020-09-19 00:00:00+00:00,3458849.68971722
2020-09-19 01:00:00+00:00,3459029.95238645
2020-09-19 02:00:00+00:00,3459138.37478824
2020-09-19 03:00:00+00:00,3459402.8568952302
2020-09-19 04:00:00+00:00,3459421.39560115
2020-09-19 05:00:00+00:00,3459523.7591855503
2020-09-19 06:00:00+00:00,3459462.2758054403
2020-09-19 07:00:00+00:00,3459924.9741601
2020-09-19 08:00:00+00:00,3459926.9219958703
2020-09-19 09:00:00+00:00,3460032.42442799
2020-09-19 10:00:00+00:00,3461065.53859304
2020-09-19 11:00:00+00:00,3461011.89535185
2020-09-19 12:00:00+00:00,3459460.06924598
2020-09-19 13:00:00+00:00,3460718.07189759
2020-09-19 14:00:00+00:00,3462533.47416465
2020-09-19 15:00:00+00:00,3460640.71407666
2020-09-19 16:00:00+00:00,3461742.50994969
2020-09-19 17:00:00+00:00,3461784.7764398
2020-09-19 18:00:00+00:00,3461830.25239162
2020-09-19 19:00:00+00:00,3461083.25378496
2020-09-19 20:00:00+00:00,3461094.15726189
2020-09-19 21:00:00+00:00,3460991.34410248
2020-09-19 22:00:00+00:00,3460685.63396745
2020-09-19 23:00:00+00:00,3460781.31867013
2020-09-20 00:00:00+00:00,3460951.64123738
2020-09-20 01:00:00+00:00,3460983.3711333103
2020-09-20 02:00:00+00:00,3460236.21009258
2020-09-20 03:00:00+00:00,3460440.97233582
2020-09-20 04:00:00+00:00,3458812.32563086
2020-09-20 05:00:00+00:00,3458868.40813818
2020-09-20 06:00:00+00:00,3458935.59871837
2020-09-20 07:00:00+00:00,3459118.26475226
2020-09-20 08:00:00+00:00,3459894.57560613
2020-09-20 09:00:00+00:00,3459586.50743516
2020-09-20 10:00:00+00:00,3459682.79328598
2020-09-20 11:00:00+00:00,3459997.49420717
2020-09-20 12:00:00+00:00,3460524.59338227
2020-09-20 13:00:00+00:00,3459655.94523434
2020-09-20 14:00:00+00:00,3459699.75899702
2020-09-20 15:00:00+00:00,3459860.83825049
2020-09-20 16:00:00+00:00,3460233.90867192
2020-09-20 17:00:00+00:00,3459107.2792898403
2020-09-20 18:00:00+00:00,3458972.8839256503
2020-09-20 19:00:00+00:00,3459048.27293924
2020-09-20 20:00:00+00:00,3459031.74310879
2020-09-20 21:00:00+00:00,3459087.75798784
2020-09-20 22:00:00+00:00,3459026.46087877
2020-09-20 23:00:00+00:00,3458998.06168089
2020-09-21 00:00:00+00:00,3461037.89326602
2020-09-21 01:00:00+00:00,3461144.5797733
2020-09-21 02:00:00+00:00,3460056.05345221
2020-09-21 03:00:00+00:00,3460178.35310566
2020-09-21 04:00:00+00:00,3460274.43628975
2020-09-21 05:00:00+00:00,3460446.698638
2020-09-21 06:00:00+00:00,3455331.36134982
2020-09-21 07:00:00+00:00,3456451.26739418
2020-09-21 08:00:00+00:00,3456127.14541506
2020-09-21 09:00:00+00:00,3456087.38234067
2020-09-21 10:00:00+00:00,3466728.51540537
2020-09-21 11:00:00+00:00,3465879.74842806
2020-09-21 12:00:00+00:00,3467289.88557442
2020-09-21 13:00:00+00:00,3467289.88557442
2020-09-21 14:00:00+00:00,3466184.07026581
2020-09-21 15:00:00+00:00,3466698.34493396
2020-09-21 16:00:00+00:00,3455683.51818791
2020-09-21 17:00:00+00:00,3457767.94081726
2020-09-21 18:00:00+00:00,3454771.87264756
2020-09-21 19:00:00+00:00,3469172.9867948103
2020-09-21 20:00:00+00:00,3463530.83113279
2020-09-21 21:00:00+00:00,3463722.56888519
2020-09-21 22:00:00+00:00,3461538.91553977
2020-09-21 23:00:00+00:00,3463340.95820032
2020-09-22 00:00:00+00:00,3463656.16725498
2020-09-22 01:00:00+00:00,3463753.3877863
2020-09-22 02:00:00+00:00,3464235.30125486
2020-09-22 03:00:00+00:00,3465019.314804
2020-09-22 04:00:00+00:00,3464002.17798888
2020-09-22 05:00:00+00:00,3464775.50446989
2020-09-22 06:00:00+00:00,3464962.07649422
2020-09-22 07:00:00+00:00,3465785.04032623
2020-09-22 08:00:00+00:00,3465807.52888183
2020-09-22 09:00:00+00:00,3464470.54560678
2020-09-22 10:00:00+00:00,3464362.0997400703
2020-09-22 11:00:00+00:00,3466424.03293394
2020-09-22 12:00:00+00:00,3465518.42016665
2020-09-22 13:00:00+00:00,3466467.23875674
2020-09-22 14:00:00+00:00,3453967.81726216
2020-09-22 15:00:00+00:00,3452493.2114100102
2020-09-22 16:00:00+00:00,3452384.03272887
2020-09-22 17:00:00+00:00,3452668.64323193
2020-09-22 18:00:00+00:00,3456595.11447294
2020-09-22 19:00:00+00:00,3454006.0607359502
2020-09-22 20:00:00+00:00,3454203.7646052
2020-09-22 21:00:00+00:00,3453910.25461528
2020-09-22 22:00:00+00:00,3455454.62349263
2020-09-22 23:00:00+00:00,3454997.38563034
2020-09-23 00:00:00+00:00,3454671.4473954
2020-09-23 01:00:00+00:00,3455055.58414326
2020-09-23 02:00:00+00:00,3444007.21933936
2020-09-23 03:00:00+00:00,3444150.26238369
2020-09-23 04:00:00+00:00,3444079.32231576
2020-09-23 05:00:00+00:00,3444098.0720469803
2020-09-23 06:00:00+00:00,3445106.69181262
2020-09-23 07:00:00+00:00,3443894.09640242
2020-09-23 08:00:00+00:00,3443856.28348248
2020-09-23 09:00:00+00:00,3443608.61235408
2020-09-23 10:00:00+00:00,3442257.30184145
2020-09-23 11:00:00+00:00,3443728.1127594803
2020-09-23 12:00:00+00:00,3445140.56057692
2020-09-23 13:00:00+00:00,3444894.62882603
2020-09-23 14:00:00+00:00,3447130.18855231
2020-09-23 15:00:00+00:00,3446000.87815524
2020-09-23 16:00:00+00:00,3433831.85985138
2020-09-23 17:00:00+00:00,3443889.74265987
2020-09-23 18:00:00+00:00,3443931.52362097
2020-09-23 19:00:00+00:00,3442825.87231988
2020-09-23 20:00:00+00:00,3443803.0084825703
2020-09-23 21:00:00+00:00,3443957.0396615
2020-09-23 22:00:00+00:00,3443565.0495884
2020-09-23 23:00:00+00:00,3443654.07996478
2020-09-24 00:00:00+00:00,3443788.41083512
2020-09-24 01:00:00+00:00,3444086.5212796703
2020-09-24 02:00:00+00:00,3445228.32370014
2020-09-24 03:00:00+00:00,3445535.6025922103
2020-09-24 04:00:00+00:00,3446521.16112721
2020-09-24 05:00:00+00:00,3447894.20904062
2020-09-24 06:00:00+00:00,3448323.82768609
2020-09-24 07:00:00+00:00,3447151.30664645
2020-09-24 08:00:00+00:00,3446432.09891264
2020-09-24 09:00:00+00:00,3436500.5587163502
2020-09-24 10:00:00+00:00,3436241.66855241
2020-09-24 11:00:00+00:00,3435932.92691868
2020-09-24 12:00:00+00:00,3436810.5190855
2020-09-24 13:00:00+00:00,3443596.61815854
2020-09-24 14:00:00+00:00,3440661.47998708
2020-09-24 15:00:00+00:00,3441087.8967964
2020-09-24 16:00:00+00:00,3442982.79230307
2020-09-24 17:00:00+00:00,3443461.53728325
2020-09-24 18:00:00+00:00,3443553.31304802
2020-09-24 19:00:00+00:00,3443448.49257234
2020-09-24 20:00:00+00:00,3442902.0044849203
2020-09-24 21:00:00+00:00,3443820.84212793
2020-09-24 22:00:00+00:00,3442687.68895148
2020-09-24 23:00:00+00:00,3444090.24693098
2020-09-25 00:00:00+00:00,3444571.8680272102
2020-09-25 01:00:00+00:00,3445302.16252308
2020-09-25 02:00:00+00:00,3445825.29525335
2020-09-25 03:00:00+00:00,3444650.75331674
2020-09-25 04:00:00+00:00,3445535.03451864
2020-09-25 05:00:00+00:00,3444617.25524119
2020-09-25 06:00:00+00:00,3441138.91919968
2020-09-25 07:00:00+00:00,3439441.43639029
2020-09-25 08:00:00+00:00,3439247.5889510103
2020-09-25 09:00:00+00:00,3438791.69072441
2020-09-25 10:00:00+00:00,3438364.1242603003
2020-09-25 11:00:00+00:00,3436535.21490505
2020-09-25 12:00:00+00:00,3438087.00034267
2020-09-25 13:00:00+00:00,3441163.28842053
2020-09-25 14:00:00+00:00,3442988.81936365
2020-09-25 15:00:00+00:00,3443237.93630617
2020-09-25 16:00:00+00:00,3445656.06448862
2020-09-25 17:00:00+00:00,3446003.06242567
2020-09-25 18:00:00+00:00,3444326.70069997
2020-09-25 19:00:00+00:00,3444708.43203243
2020-09-25 20:00:00+00:00,3434778.69808602
2020-09-25 21:00:00+00:00,3434822.44213975
2020-09-25 22:00:00+00:00,3434832.81532331
2020-09-25 23:00:00+00:00,3433497.9478195203
2020-09-26 00:00:00+00:00,3433656.99587469
2020-09-26 01:00:00+00:00,3433753.59815913
2020-09-26 02:00:00+00:00,3434741.405438
2020-09-26 03:00:00+00:00,3434633.98770396
2020-09-26 04:00:00+00:00,3434792.33442217
2020-09-26 05:00:00+00:00,3435881.95626092
2020-09-26 06:00:00+00:00,3436001.06251862
2020-09-26 07:00:00+00:00,3436174.8280638
2020-09-26 08:00:00+00:00,3436180.97572844
2020-09-26 09:00:00+00:00,3435832.35613348
2020-09-26 10:00:00+00:00,3435870.48745363
2020-09-26 11:00:00+00:00,3436093.57544173
2020-09-26 12:00:00+00:00,3437746.27422524
2020-09-26 13:00:00+00:00,3437038.11952527
2020-09-26 14:00:00+00:00,3437160.9211078403
2020-09-26 15:00:00+00:00,3437279.55330052
2020-09-26 16:00:00+00:00,3437426.1644707
2020-09-26 17:00:00+00:00,3437711.52854446
2020-09-26 18:00:00+00:00,3437804.26948049
2020-09-26 19:00:00+00:00,3437812.45470809
2020-09-26 20:00:00+00:00,3439145.0581362
2020-09-26 21:00:00+00:00,3439349.75103166
2020-09-26 22:00:00+00:00,3438930.1943181
2020-09-26 23:00:00+00:00,3437651.05784244
2020-09-27 00:00:00+00:00,3437669.26323659
2020-09-27 01:00:00+00:00,3437684.30830176
2020-09-27 02:00:00+00:00,3436022.43634817
2020-09-27 03:00:00+00:00,3436150.11354037
2020-09-27 04:00:00+00:00,3435522.49713179
2020-09-27 05:00:00+00:00,3435540.51575052
2020-09-27 06:00:00+00:00,3435587.81427229
2020-09-27 07:00:00+00:00,3435240.10206675
2020-09-27 08:00:00+00:00,3434744.78337863
2020-09-27 09:00:00+00:00,3434900.50460489
2020-09-27 10:00:00+00:00,3435099.20110093
2020-09-27 11:00:00+00:00,3435154.2765180003
2020-09-27 12:00:00+00:00,3435279.43745993
2020-09-27 13:00:00+00:00,3435331.63630147
2020-09-27 14:00:00+00:00,3435440.90937916
2020-09-27 15:00:00+00:00,3435526.58327148
2020-09-27 16:00:00+00:00,3435532.56658863
2020-09-27 17:00:00+00:00,3435678.0557183903
2020-09-27 18:00:00+00:00,3435522.2704556403
2020-09-27 19:00:00+00:00,3435440.08655403
2020-09-27 20:00:00+00:00,3435486.3921496803
2020-09-27 21:00:00+00:00,3434978.03547501
2020-09-27 22:00:00+00:00,3435028.02565371
2020-09-27 23:00:00+00:00,3435120.96916977
2020-09-28 00:00:00+00:00,3435298.3370784
2020-09-28 01:00:00+00:00,3435554.50719936
2020-09-28 02:00:00+00:00,3436105.35351279
2020-09-28 03:00:00+00:00,3439365.00665937
2020-09-28 04:00:00+00:00,3439696.41658845
2020-09-28 05:00:00+00:00,3439529.3615706903
2020-09-28 06:00:00+00:00,3438121.87623165
2020-09-28 07:00:00+00:00,3435598.78686904
2020-09-28 08:00:00+00:00,3435197.81924426
2020-09-28 09:00:00+00:00,3433756.49606506
2020-09-28 10:00:00+00:00,3433816.11825499
2020-09-28 11:00:00+00:00,3433361.81467884
2020-09-28 12:00:00+00:00,3434662.41172192
2020-09-28 13:00:00+00:00,3436620.22086347
2020-09-28 14:00:00+00:00,3436039.8512213603
2020-09-28 15:00:00+00:00,3432742.85191489
2020-09-28 16:00:00+00:00,3430403.6376896403
2020-09-28 17:00:00+00:00,3428896.36936663
2020-09-28 18:00:00+00:00,3428517.64327599
2020-09-28 19:00:00+00:00,3427329.78799263
2020-09-28 20:00:00+00:00,3429166.87557749
2020-09-28 21:00:00+00:00,3428695.17624095
2020-09-28 22:00:00+00:00,3422990.4605472
2020-09-28 23:00:00+00:00,3422074.82913322
2020-09-29 00:00:00+00:00,3422293.1067123
2020-09-29 01:00:00+00:00,3421244.3770387
2020-09-29 02:00:00+00:00,3419970.83955531
2020-09-29 03:00:00+00:00,3418802.83132061
2020-09-29 04:00:00+00:00,3419852.87940593
2020-09-29 05:00:00+00:00,3419857.74765885
2020-09-29 06:00:00+00:00,3420050.3427148303
2020-09-29 07:00:00+00:00,3417457.21522396
2020-09-29 08:00:00+00:00,3419002.32383376
2020-09-29 09:00:00+00:00,3419839.02100555
2020-09-29 10:00:00+00:00,3421827.27967596
2020-09-29 11:00:00+00:00,3421426.47641278
2020-09-29 12:00:00+00:00,3423867.91894672
2020-09-29 13:00:00+00:00,3423947.8558685803
2020-09-29 14:00:00+00:00,3423067.68158305
2020-09-29 15:00:00+00:00,3423299.19660733
2020-09-29 16:00:00+00:00,3423256.78823764
2020-09-29 17:00:00+00:00,3425263.48067775
2020-09-29 18:00:00+00:00,3425270.0869977702
2020-09-29 19:00:00+00:00,3425450.91659983
2020-09-29 20:00:00+00:00,3423939.86415726
2020-09-29 21:00:00+00:00,3428670.10549527
2020-09-29 22:00:00+00:00,3427253.41351044
2020-09-29 23:00:00+00:00,3427437.39949512
2020-09-30 00:00:00+00:00,3427339.20286258
2020-09-30 01:00:00+00:00,3428798.95719436
2020-09-30 02:00:00+00:00,3428880.6473929803
2020-09-30 03:00:00+00:00,3427205.88194172
2020-09-30 04:00:00+00:00,3427148.50753998
2020-09-30 05:00:00+00:00,3427178.19044233
2020-09-30 06:00:00+00:00,3417112.93268047
2020-09-30 07:00:00+00:00,3417122.4604142
2020-09-30 08:00:00+00:00,3419052.30308008
2020-09-30 09:00:00+00:00,3418985.81845676
2020-09-30 10:00:00+00:00,3417540.4058093103
2020-09-30 11:00:00+00:00,3410556.75092217
2020-09-30 12:00:00+00:00,3410403.74464238
2020-09-30 13:00:00+00:00,3409029.48978705
2020-09-30 14:00:00+00:00,3410225.78128901
2020-09-30 15:00:00+00:00,3411468.66188093
2020-09-30 16:00:00+00:00,3410394.46683355
2020-09-30 17:00:00+00:00,3409014.09123792
2020-09-30 18:00:00+00:00,3409286.12497068
2020-09-30 19:00:00+00:00,3409722.6897151
2020-09-30 20:00:00+00:00,3407844.6580996
2020-09-30 21:00:00+00:00,3409460.47759429
2020-09-30 22:00:00+00:00,3409951.1646995703
2020-09-30 23:00:00+00:00,3410599.19647778
2020-10-01 00:00:00+00:00,3406339.0171022
2020-10-01 01:00:00+00:00,3406010.33923247
2020-10-01 02:00:00+00:00,3406791.29628799
2020-10-01 03:00:00+00:00,3404404.60416676
2020-10-01 04:00:00+00:00,3403222.32962253
2020-10-01 05:00:00+00:00,3403237.71041972
2020-10-01 06:00:00+00:00,3403370.40307934
2020-10-01 07:00:00+00:00,3405867.78842773
2020-10-01 08:00:00+00:00,3404810.79149537
2020-10-01 09:00:00+00:00,3405029.57678035
2020-10-01 10:00:00+00:00,3405106.86700881
2020-10-01 11:00:00+00:00,3403816.48979927
2020-10-01 12:00:00+00:00,3404275.79030277
2020-10-01 13:00:00+00:00,3401658.65873094
2020-10-01 14:00:00+00:00,3401856.4817370903
2020-10-01 15:00:00+00:00,3403297.60976882
2020-10-01 16:00:00+00:00,3398331.88032429
2020-10-01 17:00:00+00:00,3398407.36773808
2020-10-01 18:00:00+00:00,3397274.4299273
2020-10-01 19:00:00+00:00,3397338.1033937302
2020-10-01 20:00:00+00:00,3397715.74965315
2020-10-01 21:00:00+00:00,3402265.7700147
2020-10-01 22:00:00+00:00,3405044.70330007
2020-10-01 23:00:00+00:00,3403743.55129304
2020-10-02 00:00:00+00:00,3403783.61164979
2020-10-02 01:00:00+00:00,3408312.72146473
2020-10-02 02:00:00+00:00,3408587.4032476502
2020-10-02 03:00:00+00:00,3407575.69439941
2020-10-02 04:00:00+00:00,3407786.1985137
2020-10-02 05:00:00+00:00,3407795.84094328
2020-10-02 06:00:00+00:00,3407446.6562526203
2020-10-02 07:00:00+00:00,3407394.11729333
2020-10-02 08:00:00+00:00,3408513.49354435
2020-10-02 09:00:00+00:00,3407530.65812731
2020-10-02 10:00:00+00:00,3410330.62733212
2020-10-02 11:00:00+00:00,3408044.28176325
2020-10-02 12:00:00+00:00,3409104.18730299
2020-10-02 13:00:00+00:00,3407244.22279935
2020-10-02 14:00:00+00:00,3409455.1784357
2020-10-02 15:00:00+00:00,3408339.2332698302
2020-10-02 16:00:00+00:00,3416138.03765027
2020-10-02 17:00:00+00:00,3416736.39351385
2020-10-02 18:00:00+00:00,3417430.70232374
2020-10-02 19:00:00+00:00,3416703.78002225
2020-10-02 20:00:00+00:00,3418280.05190937
2020-10-02 21:00:00+00:00,3418753.67098547
2020-10-02 22:00:00+00:00,3420628.55773659
2020-10-02 23:00:00+00:00,3421045.9050838603
2020-10-03 00:00:00+00:00,3420822.64960491
2020-10-03 01:00:00+00:00,3422046.10963464
2020-10-03 02:00:00+00:00,3421997.85587922
2020-10-03 03:00:00+00:00,3421059.98316402
2020-10-03 04:00:00+00:00,3420084.33626054
2020-10-03 05:00:00+00:00,3420705.86847546
2020-10-03 06:00:00+00:00,3420592.40562674
2020-10-03 07:00:00+00:00,3421518.21973348
2020-10-03 08:00:00+00:00,3421565.36985516
2020-10-03 09:00:00+00:00,3421667.70167459
2020-10-03 10:00:00+00:00,3421687.39691105
2020-10-03 11:00:00+00:00,3421853.3086975003
2020-10-03 12:00:00+00:00,3419748.99270202
2020-10-03 13:00:00+00:00,3419978.32795164
2020-10-03 14:00:00+00:00,3420076.31327759
2020-10-03 15:00:00+00:00,3420131.96270572
2020-10-03 16:00:00+00:00,3420261.71206673
2020-10-03 17:00:00+00:00,3420528.79214421
2020-10-03 18:00:00+00:00,3420651.98284493
2020-10-03 19:00:00+00:00,3420671.89159767
2020-10-03 20:00:00+00:00,3420712.01752508
2020-10-03 21:00:00+00:00,3420733.93888591
2020-10-03 22:00:00+00:00,3421912.84658131
2020-10-03 23:00:00+00:00,3421941.5866409
2020-10-04 00:00:00+00:00,3420232.56610237
2020-10-04 01:00:00+00:00,3420333.27397578
2020-10-04 02:00:00+00:00,3420624.92629521
2020-10-04 03:00:00+00:00,3420639.32397425
2020-10-04 04:00:00+00:00,3420799.02759239
2020-10-04 05:00:00+00:00,3420898.72189553
2020-10-04 06:00:00+00:00,3421084.28197304
2020-10-04 07:00:00+00:00,3421194.44522497
2020-10-04 08:00:00+00:00,3422445.27155295
2020-10-04 09:00:00+00:00,3422280.9297615
2020-10-04 10:00:00+00:00,3421413.47813247
2020-10-04 11:00:00+00:00,3421516.3236173
2020-10-04 12:00:00+00:00,3421506.95541748
2020-10-04 13:00:00+00:00,3421798.94442272
2020-10-04 14:00:00+00:00,3421794.65770136
2020-10-04 15:00:00+00:00,3421805.48204239
2020-10-04 16:00:00+00:00,3421860.08870017
2020-10-04 17:00:00+00:00,3421928.05589444
2020-10-04 18:00:00+00:00,3422008.69923459
2020-10-04 19:00:00+00:00,3419334.00144048
2020-10-04 20:00:00+00:00,3419376.59673125
2020-10-04 21:00:00+00:00,3418058.77334856
2020-10-04 22:00:00+00:00,3418267.69819212
2020-10-04 23:00:00+00:00,3418306.13548315
2020-10-05 00:00:00+00:00,3419178.38272705
2020-10-05 01:00:00+00:00,3419332.81886025
2020-10-05 02:00:00+00:00,3417804.16185557
2020-10-05 03:00:00+00:00,3418102.12962198
2020-10-05 04:00:00+00:00,3418261.97767065
2020-10-05 05:00:00+00:00,3416250.36302785
2020-10-05 06:00:00+00:00,3416320.58114948
2020-10-05 07:00:00+00:00,3417834.18595657
2020-10-05 08:00:00+00:00,3416501.31390933
2020-10-05 09:00:00+00:00,3415913.27826002
2020-10-05 10:00:00+00:00,3415075.92110689
2020-10-05 11:00:00+00:00,3415259.408708
2020-10-05 12:00:00+00:00,3417918.087651
2020-10-05 13:00:00+00:00,3417971.17801977
2020-10-05 14:00:00+00:00,3419805.97283047
2020-10-05 15:00:00+00:00,3420579.54569647
2020-10-05 16:00:00+00:00,3420944.36974704
2020-10-05 17:00:00+00:00,3414456.9525498003
2020-10-05 18:00:00+00:00,3414216.77024828
2020-10-05 19:00:00+00:00,3414810.03306091
2020-10-05 20:00:00+00:00,3416827.42779764
2020-10-05 21:00:00+00:00,3420034.00001632
2020-10-05 22:00:00+00:00,3418992.937786
2020-10-05 23:00:00+00:00,3419363.64522962
2020-10-06 00:00:00+00:00,3417015.23702224
2020-10-06 01:00:00+00:00,3417477.21928049
2020-10-06 02:00:00+00:00,3417400.6457510903
2020-10-06 03:00:00+00:00,3417707.6943143
2020-10-06 04:00:00+00:00,3417711.1537809
2020-10-06 05:00:00+00:00,3418454.5591992103
2020-10-06 06:00:00+00:00,3419627.97490256
2020-10-06 07:00:00+00:00,3419957.30573005
2020-10-06 08:00:00+00:00,3420402.4428132502
2020-10-06 09:00:00+00:00,3420342.33566906
2020-10-06 10:00:00+00:00,3421038.82277835
2020-10-06 11:00:00+00:00,3421814.01498407
2020-10-06 12:00:00+00:00,3424311.91362573
2020-10-06 13:00:00+00:00,3424168.65765876
2020-10-06 14:00:00+00:00,3423018.2611481403
2020-10-06 15:00:00+00:00,3422230.69862691
2020-10-06 16:00:00+00:00,3423733.77433791
2020-10-06 17:00:00+00:00,3423104.4652458
2020-10-06 18:00:00+00:00,3423022.78285253
2020-10-06 19:00:00+00:00,3421558.594822
2020-10-06 20:00:00+00:00,3417913.16549463
2020-10-06 21:00:00+00:00,3419087.37796016
2020-10-06 22:00:00+00:00,3419792.67541584
2020-10-06 23:00:00+00:00,3422688.10869416
2020-10-07 00:00:00+00:00,3422904.98314384
2020-10-07 01:00:00+00:00,3422515.3420368303
2020-10-07 02:00:00+00:00,3421505.81986771
2020-10-07 03:00:00+00:00,3422165.24267372
2020-10-07 04:00:00+00:00,3422441.80001799
2020-10-07 05:00:00+00:00,3422870.22035899
2020-10-07 06:00:00+00:00,3421678.9580795
2020-10-07 07:00:00+00:00,3425148.16132745
2020-10-07 08:00:00+00:00,3427658.54738744
2020-10-07 09:00:00+00:00,3425956.13349839
2020-10-07 10:00:00+00:00,3421264.04850238
2020-10-07 11:00:00+00:00,3423945.8164672
2020-10-07 12:00:00+00:00,3426801.23296342
2020-10-07 13:00:00+00:00,3437928.673531
2020-10-07 14:00:00+00:00,3435348.01947382
2020-10-07 15:00:00+00:00,3437211.24754499
2020-10-07 16:00:00+00:00,3435616.80389764
2020-10-07 17:00:00+00:00,3440029.16565666
2020-10-07 18:00:00+00:00,3440507.75480231
2020-10-07 19:00:00+00:00,3440505.62529745
2020-10-07 20:00:00+00:00,3439572.50604678
2020-10-07 21:00:00+00:00,3437296.90064324
2020-10-07 22:00:00+00:00,3437025.13683042
2020-10-07 23:00:00+00:00,3437062.71283821
2020-10-08 00:00:00+00:00,3440032.53468992
2020-10-08 01:00:00+00:00,3440332.2789468803
2020-10-08 02:00:00+00:00,3440205.79129636
2020-10-08 03:00:00+00:00,3437669.06016841
2020-10-08 04:00:00+00:00,3437877.92167282
2020-10-08 05:00:00+00:00,3437509.62190652
2020-10-08 06:00:00+00:00,3437033.5303412
2020-10-08 07:00:00+00:00,3436014.17470122
2020-10-08 08:00:00+00:00,3437383.83483905
2020-10-08 09:00:00+00:00,3437356.78710709
2020-10-08 10:00:00+00:00,3436999.9491869
2020-10-08 11:00:00+00:00,3437344.39580073
2020-10-08 12:00:00+00:00,3436591.39867065
2020-10-08 13:00:00+00:00,3436833.23563026
2020-10-08 14:00:00+00:00,3427543.86986351
2020-10-08 15:00:00+00:00,3426847.22962348
2020-10-08 16:00:00+00:00,3425424.65320224
2020-10-08 17:00:00+00:00,3425724.42481688
2020-10-08 18:00:00+00:00,3426323.86494403
2020-10-08 19:00:00+00:00,3426557.3105769
2020-10-08 20:00:00+00:00,3426898.80751618
2020-10-08 21:00:00+00:00,3426453.86870297
2020-10-08 22:00:00+00:00,3437703.35958972
2020-10-08 23:00:00+00:00,3438366.88219503
2020-10-09 00:00:00+00:00,3434886.80593517
2020-10-09 01:00:00+00:00,3434975.77170583
2020-10-09 02:00:00+00:00,3432875.64668317
2020-10-09 03:00:00+00:00,3432053.8288403302
2020-10-09 04:00:00+00:00,3432144.05116067
2020-10-09 05:00:00+00:00,3431976.5034468803
2020-10-09 06:00:00+00:00,3430559.57292066
2020-10-09 07:00:00+00:00,3430400.98124004
2020-10-09 08:00:00+00:00,3431122.8644785
2020-10-09 09:00:00+00:00,3432059.1776312003
2020-10-09 10:00:00+00:00,3432690.69188161
2020-10-09 11:00:00+00:00,3432269.47289285
2020-10-09 12:00:00+00:00,3429343.60029677
2020-10-09 13:00:00+00:00,3429744.93749712
2020-10-09 14:00:00+00:00,3429264.29108824
2020-10-09 15:00:00+00:00,3425870.88743974
2020-10-09 16:00:00+00:00,3424483.5137260403
2020-10-09 17:00:00+00:00,3424557.88747948
2020-10-09 18:00:00+00:00,3424826.4023094303
2020-10-09 19:00:00+00:00,3424411.14543061
2020-10-09 20:00:00+00:00,3427558.89027885
2020-10-09 21:00:00+00:00,3426500.01110641
2020-10-09 22:00:00+00:00,3429042.45267091
2020-10-09 23:00:00+00:00,3428206.37239758
2020-10-10 00:00:00+00:00,3429957.36034104
2020-10-10 01:00:00+00:00,3426706.4717582
2020-10-10 02:00:00+00:00,3425677.98415042
2020-10-10 03:00:00+00:00,3424946.42422252
2020-10-10 04:00:00+00:00,3426877.5037169303
2020-10-10 05:00:00+00:00,3427805.88839235
2020-10-10 06:00:00+00:00,3425083.66310532
2020-10-10 07:00:00+00:00,3424921.68570072
2020-10-10 08:00:00+00:00,3425546.89142521
2020-10-10 09:00:00+00:00,3426065.2463512
2020-10-10 10:00:00+00:00,3426588.5435457
2020-10-10 11:00:00+00:00,3426948.93100629
2020-10-10 12:00:00+00:00,3426723.7482141303
2020-10-10 13:00:00+00:00,3423720.7759164902
2020-10-10 14:00:00+00:00,3424483.15609341
2020-10-10 15:00:00+00:00,3427504.70757565
2020-10-10 16:00:00+00:00,3427661.83414526
2020-10-10 17:00:00+00:00,3428106.87679145
2020-10-10 18:00:00+00:00,3428452.69257173
2020-10-10 19:00:00+00:00,3426200.04650919
2020-10-10 20:00:00+00:00,3427338.6755003403
2020-10-10 21:00:00+00:00,3427044.98701631
2020-10-10 22:00:00+00:00,3424351.96747983
2020-10-10 23:00:00+00:00,3427630.950094
2020-10-11 00:00:00+00:00,3426442.4971850603
2020-10-11 01:00:00+00:00,3426488.74476464
2020-10-11 02:00:00+00:00,3427675.9782566703
2020-10-11 03:00:00+00:00,3426503.86901073
2020-10-11 04:00:00+00:00,3428292.44389003
2020-10-11 05:00:00+00:00,3427905.76126011
2020-10-11 06:00:00+00:00,3425029.39312439
2020-10-11 07:00:00+00:00,3423726.44747871
2020-10-11 08:00:00+00:00,3427855.79136779
2020-10-11 09:00:00+00:00,3427636.74001407
2020-10-11 10:00:00+00:00,3427851.7591927303
2020-10-11 11:00:00+00:00,3427569.42690233
2020-10-11 12:00:00+00:00,3427021.1258186
2020-10-11 13:00:00+00:00,3427967.85703207
2020-10-11 14:00:00+00:00,3428448.69881095
2020-10-11 15:00:00+00:00,3428727.9574157503
2020-10-11 16:00:00+00:00,3429356.6032723603
2020-10-11 17:00:00+00:00,3424811.07547725
2020-10-11 18:00:00+00:00,3425153.41390211
2020-10-11 19:00:00+00:00,3426229.95107462
2020-10-11 20:00:00+00:00,3427539.57061075
2020-10-11 21:00:00+00:00,3426759.12080138
2020-10-11 22:00:00+00:00,3426751.77466539
2020-10-11 23:00:00+00:00,3427207.17775573
2020-10-12 00:00:00+00:00,3427283.69196241
2020-10-12 01:00:00+00:00,3425938.6034136503
2020-10-12 02:00:00+00:00,3425469.41561478
2020-10-12 03:00:00+00:00,3424250.59935911
2020-10-12 04:00:00+00:00,3424477.451106
2020-10-12 05:00:00+00:00,3422679.1609731
2020-10-12 06:00:00+00:00,3423968.6606323
2020-10-12 07:00:00+00:00,3425519.31905385
2020-10-12 08:00:00+00:00,3426276.50280881
2020-10-12 09:00:00+00:00,3424684.05547804
2020-10-12 10:00:00+00:00,3424789.64951726
2020-10-12 11:00:00+00:00,3423889.0817888603
2020-10-12 12:00:00+00:00,3423366.6547430903
2020-10-12 13:00:00+00:00,3423454.86609696
2020-10-12 14:00:00+00:00,3423156.73276481
2020-10-12 15:00:00+00:00,3423723.42517063
2020-10-12 16:00:00+00:00,3424345.61854292
2020-10-12 17:00:00+00:00,3424829.75417189
2020-10-12 18:00:00+00:00,3424411.3396746702
2020-10-12 19:00:00+00:00,3425879.20393764
2020-10-12 20:00:00+00:00,3425471.21866331
2020-10-12 21:00:00+00:00,3422444.29865632
2020-10-12 22:00:00+00:00,3421587.32957637
2020-10-12 23:00:00+00:00,3421397.74345432
2020-10-13 00:00:00+00:00,3423619.29799705
2020-10-13 01:00:00+00:00,3422385.12373236
2020-10-13 02:00:00+00:00,3423698.71443383
2020-10-13 03:00:00+00:00,3422853.95328765
2020-10-13 04:00:00+00:00,3422627.1393126003
2020-10-13 05:00:00+00:00,3422941.6173162903
2020-10-13 06:00:00+00:00,3423131.12114144
2020-10-13 07:00:00+00:00,3422334.70746452
2020-10-13 08:00:00+00:00,3422883.1306335703
2020-10-13 09:00:00+00:00,3422855.47025569
2020-10-13 10:00:00+00:00,3421722.4418541403
2020-10-13 11:00:00+00:00,3422272.69786676
2020-10-13 12:00:00+00:00,3422573.07245132
2020-10-13 13:00:00+00:00,3420562.59470736
2020-10-13 14:00:00+00:00,3424231.70161092
2020-10-13 15:00:00+00:00,3423621.04717439
2020-10-13 16:00:00+00:00,3424732.07955536
2020-10-13 17:00:00+00:00,3424271.24838519
2020-10-13 18:00:00+00:00,3422933.50754765
2020-10-13 19:00:00+00:00,3423877.69736992
2020-10-13 20:00:00+00:00,3421539.57268407
2020-10-13 21:00:00+00:00,3418428.07664681
2020-10-13 22:00:00+00:00,3418592.97361632
2020-10-13 23:00:00+00:00,3418860.29897652
2020-10-14 00:00:00+00:00,3419972.42689034
2020-10-14 01:00:00+00:00,3420096.3325891
2020-10-14 02:00:00+00:00,3421464.75887727
2020-10-14 03:00:00+00:00,3419567.16129296
2020-10-14 04:00:00+00:00,3419781.79610496
2020-10-14 05:00:00+00:00,3421301.08606079
2020-10-14 06:00:00+00:00,3418841.71199858
2020-10-14 07:00:00+00:00,3418769.18837335
2020-10-14 08:00:00+00:00,3418521.0596254
2020-10-14 09:00:00+00:00,3417749.14149094
2020-10-14 10:00:00+00:00,3417815.0514782
2020-10-14 11:00:00+00:00,3417311.71780533
2020-10-14 12:00:00+00:00,3418386.13871441
2020-10-14 13:00:00+00:00,3416251.84626806
2020-10-14 14:00:00+00:00,3418270.71125909
2020-10-14 15:00:00+00:00,3417106.33577844
2020-10-14 16:00:00+00:00,3417952.5735632502
2020-10-14 17:00:00+00:00,3423895.6814333
2020-10-14 18:00:00+00:00,3423195.0593896
2020-10-14 19:00:00+00:00,3425735.57829917
2020-10-14 20:00:00+00:00,3425653.69292114
2020-10-14 21:00:00+00:00,3420086.3667915403
2020-10-14 22:00:00+00:00,3417808.42586835
2020-10-14 23:00:00+00:00,3417849.20081629
2020-10-15 00:00:00+00:00,3418627.01411495
2020-10-15 01:00:00+00:00,3407663.13446719
2020-10-15 02:00:00+00:00,3406191.20927977
2020-10-15 03:00:00+00:00,3406882.40000284
2020-10-15 04:00:00+00:00,3406865.73724481
2020-10-15 05:00:00+00:00,3407238.08606403
2020-10-15 06:00:00+00:00,3407443.36735898
2020-10-15 07:00:00+00:00,3404972.52843178
2020-10-15 08:00:00+00:00,3404962.10722801
2020-10-15 09:00:00+00:00,3404816.6757908203
2020-10-15 10:00:00+00:00,3404822.59395439
2020-10-15 11:00:00+00:00,3405289.7684146003
2020-10-15 12:00:00+00:00,3405267.7650499
2020-10-15 13:00:00+00:00,3416352.85078752
2020-10-15 14:00:00+00:00,3416088.82702296
2020-10-15 15:00:00+00:00,3420913.4239675603
2020-10-15 16:00:00+00:00,3417125.99987163
2020-10-15 17:00:00+00:00,3421181.8868874903
2020-10-15 18:00:00+00:00,3422377.7326151
2020-10-15 19:00:00+00:00,3425241.60958995
2020-10-15 20:00:00+00:00,3424918.3454278302
2020-10-15 21:00:00+00:00,3421844.09815198
2020-10-15 22:00:00+00:00,3421716.3218920203
2020-10-15 23:00:00+00:00,3422200.5504403403
2020-10-16 00:00:00+00:00,3426246.25247273
2020-10-16 01:00:00+00:00,3425064.52078083
2020-10-16 02:00:00+00:00,3423936.1163639
2020-10-16 03:00:00+00:00,3443138.98018197
2020-10-16 04:00:00+00:00,3440931.86258574
2020-10-16 05:00:00+00:00,3443591.37531421
2020-10-16 06:00:00+00:00,3444100.62325422
2020-10-16 07:00:00+00:00,3444742.46008197
2020-10-16 08:00:00+00:00,3445280.2460391
2020-10-16 09:00:00+00:00,3445276.59025893
2020-10-16 10:00:00+00:00,3445621.52615722
2020-10-16 11:00:00+00:00,3445414.60377617
2020-10-16 12:00:00+00:00,3445780.13110547
2020-10-16 13:00:00+00:00,3444742.99546206
2020-10-16 14:00:00+00:00,3436998.07841786
2020-10-16 15:00:00+00:00,3439577.21754478
2020-10-16 16:00:00+00:00,3437021.9015724403
2020-10-16 17:00:00+00:00,3437216.6124177403
2020-10-16 18:00:00+00:00,3438291.6960354
2020-10-16 19:00:00+00:00,3437805.04319244
2020-10-16 20:00:00+00:00,3439739.93526949
2020-10-16 21:00:00+00:00,3439377.1960272603
2020-10-16 22:00:00+00:00,3439327.26927434
2020-10-16 23:00:00+00:00,3439315.4587246003
2020-10-17 00:00:00+00:00,3439359.03361649
2020-10-17 01:00:00+00:00,3439364.92810461
2020-10-17 02:00:00+00:00,3439905.46305467
2020-10-17 03:00:00+00:00,3441845.80927898
2020-10-17 04:00:00+00:00,3439911.09016573
2020-10-17 05:00:00+00:00,3440105.31111439
2020-10-17 06:00:00+00:00,3440041.3910458502
2020-10-17 07:00:00+00:00,3440730.76869102
2020-10-17 08:00:00+00:00,3441596.89097828
2020-10-17 09:00:00+00:00,3441531.89937052
2020-10-17 10:00:00+00:00,3440527.68054926
2020-10-17 11:00:00+00:00,3440460.18025912
2020-10-17 12:00:00+00:00,3440514.0199600603
2020-10-17 13:00:00+00:00,3440697.45040676
2020-10-17 14:00:00+00:00,3443008.7810572903
2020-10-17 15:00:00+00:00,3443112.17698805
2020-10-17 16:00:00+00:00,3441900.06167889
2020-10-17 17:00:00+00:00,3441969.1534481
2020-10-17 18:00:00+00:00,3441875.05726828
2020-10-17 19:00:00+00:00,3440871.53863741
2020-10-17 20:00:00+00:00,3441009.51995528
2020-10-17 21:00:00+00:00,3440998.82872082
2020-10-17 22:00:00+00:00,3441636.72164182
2020-10-17 23:00:00+00:00,3440596.36439573
2020-10-18 00:00:00+00:00,3440638.20758782
2020-10-18 01:00:00+00:00,3440626.34952995
2020-10-18 02:00:00+00:00,3440698.2683317303
2020-10-18 03:00:00+00:00,3440696.38715794
2020-10-18 04:00:00+00:00,3440754.11017811
2020-10-18 05:00:00+00:00,3440822.87479576
2020-10-18 06:00:00+00:00,3441502.59618935
2020-10-18 07:00:00+00:00,3441589.97154788
2020-10-18 08:00:00+00:00,3441351.48320108
2020-10-18 09:00:00+00:00,3441352.47111501
2020-10-18 10:00:00+00:00,3440386.84099915
2020-10-18 11:00:00+00:00,3440401.1812179103
2020-10-18 12:00:00+00:00,3439503.03891446
2020-10-18 13:00:00+00:00,3439673.2134411503
2020-10-18 14:00:00+00:00,3440651.71501662
2020-10-18 15:00:00+00:00,3441593.86559363
2020-10-18 16:00:00+00:00,3441805.71789275
2020-10-18 17:00:00+00:00,3440822.35068889
2020-10-18 18:00:00+00:00,3440870.77671141
2020-10-18 19:00:00+00:00,3440925.7400274603
2020-10-18 20:00:00+00:00,3440945.66910483
2020-10-18 21:00:00+00:00,3440951.15814848
2020-10-18 22:00:00+00:00,3440961.94681616
2020-10-18 23:00:00+00:00,3440985.0897785
2020-10-19 00:00:00+00:00,3440870.50584963
2020-10-19 01:00:00+00:00,3441567.68435353
2020-10-19 02:00:00+00:00,3442548.55021483
2020-10-19 03:00:00+00:00,3442689.82373766
2020-10-19 04:00:00+00:00,3442807.70467555
2020-10-19 05:00:00+00:00,3440345.70189223
2020-10-19 06:00:00+00:00,3443089.9571089703
2020-10-19 07:00:00+00:00,3442956.66052122
2020-10-19 08:00:00+00:00,3443456.76071996
2020-10-19 09:00:00+00:00,3443963.14441188
2020-10-19 10:00:00+00:00,3442851.40548439
2020-10-19 11:00:00+00:00,3443351.0890666
2020-10-19 12:00:00+00:00,3443738.75741069
2020-10-19 13:00:00+00:00,3443910.2266402403
2020-10-19 14:00:00+00:00,3446102.46468297
2020-10-19 15:00:00+00:00,3446360.57485292
2020-10-19 16:00:00+00:00,3446242.44666585
2020-10-19 17:00:00+00:00,3447914.0271321
2020-10-19 18:00:00+00:00,3447058.0092717703
2020-10-19 19:00:00+00:00,3448685.60427828
2020-10-19 20:00:00+00:00,3449117.6080933
2020-10-19 21:00:00+00:00,3449280.23802005
2020-10-19 22:00:00+00:00,3449320.7922336203
2020-10-19 23:00:00+00:00,3450768.38797257
2020-10-20 00:00:00+00:00,3450563.45467165
2020-10-20 01:00:00+00:00,3451602.34858271
2020-10-20 02:00:00+00:00,3452294.80775441
2020-10-20 03:00:00+00:00,3452515.95480934
2020-10-20 04:00:00+00:00,3452134.3409948302
2020-10-20 05:00:00+00:00,3452207.49792315
2020-10-20 06:00:00+00:00,3451112.5247910903
2020-10-20 07:00:00+00:00,3452944.4080790803
2020-10-20 08:00:00+00:00,3450999.02844713
2020-10-20 09:00:00+00:00,3451339.76965289
2020-10-20 10:00:00+00:00,3451568.40139762
2020-10-20 11:00:00+00:00,3451459.52386903
2020-10-20 12:00:00+00:00,3450350.01384082
2020-10-20 13:00:00+00:00,3451866.92063845
2020-10-20 14:00:00+00:00,3451866.92063845
2020-10-20 15:00:00+00:00,3453419.60646097
2020-10-20 16:00:00+00:00,3451490.04506833
2020-10-20 17:00:00+00:00,3448992.10877759
2020-10-20 18:00:00+00:00,3448855.87203319
2020-10-20 19:00:00+00:00,3448824.24523074
2020-10-20 20:00:00+00:00,3450485.8063686
2020-10-20 21:00:00+00:00,3450001.19623756
2020-10-20 22:00:00+00:00,3449745.42252388
2020-10-20 23:00:00+00:00,3449798.61159124
2020-10-21 00:00:00+00:00,3449375.57615733
2020-10-21 01:00:00+00:00,3449878.57085875
2020-10-21 02:00:00+00:00,3449514.02821007
2020-10-21 03:00:00+00:00,3448642.85699433
2020-10-21 04:00:00+00:00,3449607.25801789
2020-10-21 05:00:00+00:00,3450342.95166305
2020-10-21 06:00:00+00:00,3449506.01953532
2020-10-21 07:00:00+00:00,3449947.01363998
2020-10-21 08:00:00+00:00,3449024.88939974
2020-10-21 09:00:00+00:00,3451786.78382983
2020-10-21 10:00:00+00:00,3450825.46960876
2020-10-21 11:00:00+00:00,3451536.24588849
2020-10-21 12:00:00+00:00,3452399.03128281
2020-10-21 13:00:00+00:00,3452278.93677049
2020-10-21 14:00:00+00:00,3453330.15464997
2020-10-21 15:00:00+00:00,3453594.71632388
2020-10-21 16:00:00+00:00,3453033.97566647
2020-10-21 17:00:00+00:00,3451992.07720077
2020-10-21 18:00:00+00:00,3452346.6994165103
2020-10-21 19:00:00+00:00,3452727.97216421
2020-10-21 20:00:00+00:00,3456561.3424364203
2020-10-21 21:00:00+00:00,3445438.10213671
2020-10-21 22:00:00+00:00,3445129.0857225503
2020-10-21 23:00:00+00:00,3446088.58261542
2020-10-22 00:00:00+00:00,3445726.23372422
2020-10-22 01:00:00+00:00,3448698.27764972
2020-10-22 02:00:00+00:00,3457634.06726212
2020-10-22 03:00:00+00:00,3456690.33027963
2020-10-22 04:00:00+00:00,3457672.01810774
2020-10-22 05:00:00+00:00,3457406.51210644
2020-10-22 06:00:00+00:00,3456913.53312026
2020-10-22 07:00:00+00:00,3455218.22202428
2020-10-22 08:00:00+00:00,3456800.24167799
2020-10-22 09:00:00+00:00,3456063.82788556
2020-10-22 10:00:00+00:00,3454492.42332082
2020-10-22 11:00:00+00:00,3453757.6736073
2020-10-22 12:00:00+00:00,3453236.35286294
2020-10-22 13:00:00+00:00,3452147.31063809
2020-10-22 14:00:00+00:00,3452125.37295949
2020-10-22 15:00:00+00:00,3449556.10919008
2020-10-22 16:00:00+00:00,3449780.36325775
2020-10-22 17:00:00+00:00,3450518.58966887
2020-10-22 18:00:00+00:00,3454390.67904875
2020-10-22 19:00:00+00:00,3455473.46140099
2020-10-22 20:00:00+00:00,3453683.7213038
2020-10-22 21:00:00+00:00,3452442.62294426
2020-10-22 22:00:00+00:00,3452515.28980619
2020-10-22 23:00:00+00:00,3453128.74871254
2020-10-23 00:00:00+00:00,3453229.05160504
2020-10-23 01:00:00+00:00,3454662.3123418903
2020-10-23 02:00:00+00:00,3456838.21795002
2020-10-23 03:00:00+00:00,3456463.69527979
2020-10-23 04:00:00+00:00,3456966.31611207
2020-10-23 05:00:00+00:00,3457063.58523106
2020-10-23 06:00:00+00:00,3457091.35880789
2020-10-23 07:00:00+00:00,3458612.35546171
2020-10-23 08:00:00+00:00,3457427.38679413
2020-10-23 09:00:00+00:00,3447895.00213689
2020-10-23 10:00:00+00:00,3458118.2987117902
2020-10-23 11:00:00+00:00,3458203.21483299
2020-10-23 12:00:00+00:00,3458755.345551
2020-10-23 13:00:00+00:00,3459765.38310726
2020-10-23 14:00:00+00:00,3460495.84079652
2020-10-23 15:00:00+00:00,3459514.28533332
2020-10-23 16:00:00+00:00,3459821.4361763103
2020-10-23 17:00:00+00:00,3459989.10814355
2020-10-23 18:00:00+00:00,3458558.1427539103
2020-10-23 19:00:00+00:00,3459185.48769285
2020-10-23 20:00:00+00:00,3461595.10290972
2020-10-23 21:00:00+00:00,3461984.09414157
2020-10-23 22:00:00+00:00,3461117.86636794
2020-10-23 23:00:00+00:00,3461299.85298976
2020-10-24 00:00:00+00:00,3461549.74400214
2020-10-24 01:00:00+00:00,3461675.49075534
2020-10-24 02:00:00+00:00,3461665.9742128
2020-10-24 03:00:00+00:00,3460600.69826177
2020-10-24 04:00:00+00:00,3460657.14444955
2020-10-24 05:00:00+00:00,3460753.81626315
2020-10-24 06:00:00+00:00,3460763.87084244
2020-10-24 07:00:00+00:00,3459295.96155483
2020-10-24 08:00:00+00:00,3459151.66698335
2020-10-24 09:00:00+00:00,3460137.79761883
2020-10-24 10:00:00+00:00,3460253.56774048
2020-10-24 11:00:00+00:00,3460145.83020646
2020-10-24 12:00:00+00:00,3461208.15651614
2020-10-24 13:00:00+00:00,3461148.05433217
2020-10-24 14:00:00+00:00,3461679.90002276
2020-10-24 15:00:00+00:00,3460275.67363366
2020-10-24 16:00:00+00:00,3461353.82160732
2020-10-24 17:00:00+00:00,3461341.61328569
2020-10-24 18:00:00+00:00,3461489.43966305
2020-10-24 19:00:00+00:00,3461521.78780622
2020-10-24 20:00:00+00:00,3462731.8722256003
2020-10-24 21:00:00+00:00,3462725.51789148
2020-10-24 22:00:00+00:00,3462735.12499355
2020-10-24 23:00:00+00:00,3463076.85435841
2020-10-25 00:00:00+00:00,3463324.5849595503
2020-10-25 01:00:00+00:00,3463374.61399356
2020-10-25 02:00:00+00:00,3463409.67152791
2020-10-25 03:00:00+00:00,3463169.0980803003
2020-10-25 04:00:00+00:00,3463400.5469774
2020-10-25 05:00:00+00:00,3463408.5873914
2020-10-25 06:00:00+00:00,3466362.94137388
2020-10-25 07:00:00+00:00,3466763.76826232
2020-10-25 08:00:00+00:00,3467344.48111983
2020-10-25 09:00:00+00:00,3466390.59896447
2020-10-25 10:00:00+00:00,3466791.41452683
2020-10-25 11:00:00+00:00,3469351.67803747
2020-10-25 12:00:00+00:00,3469438.26146051
2020-10-25 13:00:00+00:00,3469127.83935387
2020-10-25 14:00:00+00:00,3468993.8700151
2020-10-25 15:00:00+00:00,3470487.63113007
2020-10-25 16:00:00+00:00,3469723.67554418
2020-10-25 17:00:00+00:00,3469814.014691
2020-10-25 18:00:00+00:00,3470906.70111112
2020-10-25 19:00:00+00:00,3469864.59843429
2020-10-25 20:00:00+00:00,3470599.99543614
2020-10-25 21:00:00+00:00,3468889.06632135
2020-10-25 22:00:00+00:00,3470977.63259379
2020-10-25 23:00:00+00:00,3469962.71222541
2020-10-26 00:00:00+00:00,3471418.8811360803
2020-10-26 01:00:00+00:00,3469943.49480139
2020-10-26 02:00:00+00:00,3468579.68275222
2020-10-26 03:00:00+00:00,3468628.4414992
2020-10-26 04:00:00+00:00,3470033.56523705
2020-10-26 05:00:00+00:00,3468306.7152429502
2020-10-26 06:00:00+00:00,3468050.89646425
2020-10-26 07:00:00+00:00,3467774.41307629
2020-10-26 08:00:00+00:00,3467601.63610844
2020-10-26 09:00:00+00:00,3464250.87388376
2020-10-26 10:00:00+00:00,3464273.20934572
2020-10-26 11:00:00+00:00,3464382.7226719903
2020-10-26 12:00:00+00:00,3464250.5270739
2020-10-26 13:00:00+00:00,3464752.17054545
2020-10-26 14:00:00+00:00,3464655.02773544
2020-10-26 15:00:00+00:00,3468128.81937251
2020-10-26 16:00:00+00:00,3465344.70560644
2020-10-26 17:00:00+00:00,3468198.55903759
2020-10-26 18:00:00+00:00,3464768.37587461
2020-10-26 19:00:00+00:00,3466059.10296246
2020-10-26 20:00:00+00:00,3466402.91234188
2020-10-26 21:00:00+00:00,3459733.1738753403
2020-10-26 22:00:00+00:00,3460368.19643143
2020-10-26 23:00:00+00:00,3460869.4869800103
2020-10-27 00:00:00+00:00,3462108.3706381
2020-10-27 01:00:00+00:00,3462058.1745924
2020-10-27 02:00:00+00:00,3462012.78009259
2020-10-27 03:00:00+00:00,3459650.81417043
2020-10-27 04:00:00+00:00,3460051.95609908
2020-10-27 05:00:00+00:00,3460435.68459538
2020-10-27 06:00:00+00:00,3460447.65565479
2020-10-27 07:00:00+00:00,3461719.74120817
2020-10-27 08:00:00+00:00,3460264.568938
2020-10-27 09:00:00+00:00,3461099.38664299
2020-10-27 10:00:00+00:00,3461099.38664299
2020-10-27 11:00:00+00:00,3461910.5194416502
2020-10-27 12:00:00+00:00,3462431.79881738
2020-10-27 13:00:00+00:00,3462339.77009653
2020-10-27 14:00:00+00:00,3462750.40124285
2020-10-27 15:00:00+00:00,3462795.70732033
2020-10-27 16:00:00+00:00,3462374.28585977
2020-10-27 17:00:00+00:00,3458902.9150713603
2020-10-27 18:00:00+00:00,3458829.41946685
2020-10-27 19:00:00+00:00,3460508.50152137
2020-10-27 20:00:00+00:00,3458191.10263571
2020-10-27 21:00:00+00:00,3457652.00016669
2020-10-27 22:00:00+00:00,3457815.28631703
2020-10-27 23:00:00+00:00,3458098.76539475
2020-10-28 00:00:00+00:00,3458299.18768308
2020-10-28 01:00:00+00:00,3447369.01898874
2020-10-28 02:00:00+00:00,3447237.03749779
2020-10-28 03:00:00+00:00,3447535.90534607
2020-10-28 04:00:00+00:00,3447635.75906446
2020-10-28 05:00:00+00:00,3447855.17091467
2020-10-28 06:00:00+00:00,3447842.95396596
2020-10-28 07:00:00+00:00,3447842.95396596
2020-10-28 08:00:00+00:00,3446668.69633881
2020-10-28 09:00:00+00:00,3447547.06762995
2020-10-28 10:00:00+00:00,3447947.00323973
2020-10-28 11:00:00+00:00,3445515.39414053
2020-10-28 12:00:00+00:00,3444340.1692765
2020-10-28 13:00:00+00:00,3444289.53541964
2020-10-28 14:00:00+00:00,3446101.74200956
2020-10-28 15:00:00+00:00,3446543.2618520902
2020-10-28 16:00:00+00:00,3445116.19802979
2020-10-28 17:00:00+00:00,3442799.9906905103
2020-10-28 18:00:00+00:00,3443967.6904507303
2020-10-28 19:00:00+00:00,3434209.4153874503
2020-10-28 20:00:00+00:00,3433216.74397836
2020-10-28 21:00:00+00:00,3444787.29879869
2020-10-28 22:00:00+00:00,3446255.00600463
2020-10-28 23:00:00+00:00,3446302.46433528
2020-10-29 00:00:00+00:00,3446931.6511242
2020-10-29 01:00:00+00:00,3444701.91270696
2020-10-29 02:00:00+00:00,3445177.87272144
2020-10-29 03:00:00+00:00,3443856.01866441
2020-10-29 04:00:00+00:00,3443194.48658632
2020-10-29 05:00:00+00:00,3444555.36084353
2020-10-29 06:00:00+00:00,3444788.59769034
2020-10-29 07:00:00+00:00,3444680.71064355
2020-10-29 08:00:00+00:00,3444253.99423091
2020-10-29 09:00:00+00:00,3444488.09840741
2020-10-29 10:00:00+00:00,3445512.2764774603
2020-10-29 11:00:00+00:00,3445229.92906343
2020-10-29 12:00:00+00:00,3445354.7355926502
2020-10-29 13:00:00+00:00,3444748.44029319
2020-10-29 14:00:00+00:00,3441613.8506614403
2020-10-29 15:00:00+00:00,3441934.40383133
2020-10-29 16:00:00+00:00,3443420.54621384
2020-10-29 17:00:00+00:00,3442106.4910297203
2020-10-29 18:00:00+00:00,3443204.28044172
2020-10-29 19:00:00+00:00,3442457.77838537
2020-10-29 20:00:00+00:00,3443826.79417917
2020-10-29 21:00:00+00:00,3443544.03581983
2020-10-29 22:00:00+00:00,3444124.452379
2020-10-29 23:00:00+00:00,3446229.33586188
2020-10-30 00:00:00+00:00,3444932.59642242
2020-10-30 01:00:00+00:00,3444568.0786815
2020-10-30 02:00:00+00:00,3445522.94690864
2020-10-30 03:00:00+00:00,3445777.68973434
2020-10-30 04:00:00+00:00,3445648.13964416
2020-10-30 05:00:00+00:00,3445187.07279763
2020-10-30 06:00:00+00:00,3447313.97068702
2020-10-30 07:00:00+00:00,3448942.52658591
2020-10-30 08:00:00+00:00,3448355.4248761903
2020-10-30 09:00:00+00:00,3448113.47243604
2020-10-30 10:00:00+00:00,3448153.54165632
2020-10-30 11:00:00+00:00,3446375.71643751
2020-10-30 12:00:00+00:00,3443977.8661661902
2020-10-30 13:00:00+00:00,3443811.42880363
2020-10-30 14:00:00+00:00,3444930.31400733
2020-10-30 15:00:00+00:00,3444983.4544436103
2020-10-30 16:00:00+00:00,3445099.1701038103
2020-10-30 17:00:00+00:00,3448720.56459962
2020-10-30 18:00:00+00:00,3447402.30139443
2020-10-30 19:00:00+00:00,3446604.49460258
2020-10-30 20:00:00+00:00,3450426.68297903
2020-10-30 21:00:00+00:00,3450071.6181776603
2020-10-30 22:00:00+00:00,3448904.86763029
2020-10-30 23:00:00+00:00,3447679.36957584
2020-10-31 00:00:00+00:00,3448045.2780569303
2020-10-31 01:00:00+00:00,3448367.17757889
2020-10-31 02:00:00+00:00,3448223.62996075
2020-10-31 03:00:00+00:00,3448300.2049908503
2020-10-31 04:00:00+00:00,3447824.54340873
2020-10-31 05:00:00+00:00,3446794.2922552503
2020-10-31 06:00:00+00:00,3446783.78553829
2020-10-31 07:00:00+00:00,3446702.38813645
2020-10-31 08:00:00+00:00,3446635.08064332
2020-10-31 09:00:00+00:00,3448734.8356591803
2020-10-31 10:00:00+00:00,3446802.52214683
2020-10-31 11:00:00+00:00,3446528.96048008
2020-10-31 12:00:00+00:00,3447559.56549639
2020-10-31 13:00:00+00:00,3447674.02240529
2020-10-31 14:00:00+00:00,3448323.08166099
2020-10-31 15:00:00+00:00,3448917.45325266
2020-10-31 16:00:00+00:00,3448818.21621618
2020-10-31 17:00:00+00:00,3448845.35065183
2020-10-31 18:00:00+00:00,3448859.07631652
2020-10-31 19:00:00+00:00,3449851.31818063
2020-10-31 20:00:00+00:00,3450142.5232713
2020-10-31 21:00:00+00:00,3450291.2070074403
2020-10-31 22:00:00+00:00,3450292.31027401
2020-10-31 23:00:00+00:00,3449662.37738718
2020-11-01 00:00:00+00:00,3449748.94589051
2020-11-01 01:00:00+00:00,3449790.25798283
2020-11-01 02:00:00+00:00,3451013.22160519
2020-11-01 03:00:00+00:00,3450202.10841741
2020-11-01 04:00:00+00:00,3451536.85377067
2020-11-01 05:00:00+00:00,3452641.95971662
2020-11-01 06:00:00+00:00,3450649.39942861
2020-11-01 07:00:00+00:00,3452992.13414446
2020-11-01 08:00:00+00:00,3454376.03084451
2020-11-01 09:00:00+00:00,3454429.14433735
2020-11-01 10:00:00+00:00,3455639.01273311
2020-11-01 11:00:00+00:00,3452034.65142109
2020-11-01 12:00:00+00:00,3452045.68862103
2020-11-01 13:00:00+00:00,3451725.61433786
2020-11-01 14:00:00+00:00,3452124.86721325
2020-11-01 15:00:00+00:00,3452294.72990164
2020-11-01 16:00:00+00:00,3452780.22811983
2020-11-01 17:00:00+00:00,3451752.0169002702
2020-11-01 18:00:00+00:00,3452450.59916942
2020-11-01 19:00:00+00:00,3452417.05874557
2020-11-01 20:00:00+00:00,3451624.40269642
2020-11-01 21:00:00+00:00,3451622.49685509
2020-11-01 22:00:00+00:00,3451654.39841606
2020-11-01 23:00:00+00:00,3451867.1367963003
2020-11-02 00:00:00+00:00,3452147.11401881
2020-11-02 01:00:00+00:00,3451538.5469467
2020-11-02 02:00:00+00:00,3451703.43790898
2020-11-02 03:00:00+00:00,3448241.71716666
2020-11-02 04:00:00+00:00,3448695.6215449
2020-11-02 05:00:00+00:00,3448768.8119501
2020-11-02 06:00:00+00:00,3448916.2734428
2020-11-02 07:00:00+00:00,3448014.54706374
2020-11-02 08:00:00+00:00,3447614.22049173
2020-11-02 09:00:00+00:00,3447872.91306046
2020-11-02 10:00:00+00:00,3447775.87707004
2020-11-02 11:00:00+00:00,3449733.1295995302
2020-11-02 12:00:00+00:00,3448677.33831048
2020-11-02 13:00:00+00:00,3441338.85996926
2020-11-02 14:00:00+00:00,3442747.18501692
2020-11-02 15:00:00+00:00,3443449.81784786
2020-11-02 16:00:00+00:00,3442894.4011631003
2020-11-02 17:00:00+00:00,3444693.32804506
2020-11-02 18:00:00+00:00,3451917.81851186
2020-11-02 19:00:00+00:00,3442468.98538475
2020-11-02 20:00:00+00:00,3451324.53635204
2020-11-02 21:00:00+00:00,3452882.73105677
2020-11-02 22:00:00+00:00,3450965.4038488
2020-11-02 23:00:00+00:00,3450833.35288076
2020-11-03 00:00:00+00:00,3450955.76184032
2020-11-03 01:00:00+00:00,3449616.99454703
2020-11-03 02:00:00+00:00,3449732.16225191
2020-11-03 03:00:00+00:00,3453048.54330172
2020-11-03 04:00:00+00:00,3452703.14104881
2020-11-03 05:00:00+00:00,3453892.1935661
2020-11-03 06:00:00+00:00,3453607.93109474
2020-11-03 07:00:00+00:00,3455728.59568844
2020-11-03 08:00:00+00:00,3455784.98670948
2020-11-03 09:00:00+00:00,3454133.63904282
2020-11-03 10:00:00+00:00,3453988.22240246
2020-11-03 11:00:00+00:00,3454347.3464283203
2020-11-03 12:00:00+00:00,3456424.46693149
2020-11-03 13:00:00+00:00,3457500.13552375
2020-11-03 14:00:00+00:00,3458063.47703157
2020-11-03 15:00:00+00:00,3458833.4784790003
2020-11-03 16:00:00+00:00,3458756.1812574
2020-11-03 17:00:00+00:00,3455437.80908027
2020-11-03 18:00:00+00:00,3454869.48520675
2020-11-03 19:00:00+00:00,3456436.52295018
2020-11-03 20:00:00+00:00,3455329.13787283
2020-11-03 21:00:00+00:00,3454390.86081924
2020-11-03 22:00:00+00:00,3456945.44546959
2020-11-03 23:00:00+00:00,3457161.15940968
2020-11-04 00:00:00+00:00,3454347.18596924
2020-11-04 01:00:00+00:00,3455048.72114172
2020-11-04 02:00:00+00:00,3454812.8911743
2020-11-04 03:00:00+00:00,3454787.44490807
2020-11-04 04:00:00+00:00,3454936.89967548
2020-11-04 05:00:00+00:00,3455413.06056018
2020-11-04 06:00:00+00:00,3455740.21187327
2020-11-04 07:00:00+00:00,3456889.6303981203
2020-11-04 08:00:00+00:00,3457058.9584009503
2020-11-04 09:00:00+00:00,3456974.23627911
2020-11-04 10:00:00+00:00,3458193.57632991
2020-11-04 11:00:00+00:00,3456700.36666681
2020-11-04 12:00:00+00:00,3456880.98576333
2020-11-04 13:00:00+00:00,3456594.57565928
2020-11-04 14:00:00+00:00,3457435.13931828
2020-11-04 15:00:00+00:00,3455597.44142109
2020-11-04 16:00:00+00:00,3454408.04462026
2020-11-04 17:00:00+00:00,3454207.2379476903
2020-11-04 18:00:00+00:00,3455175.83883434
2020-11-04 19:00:00+00:00,3453904.76707221
2020-11-04 20:00:00+00:00,3454268.42453971
2020-11-04 21:00:00+00:00,3456447.87128527
2020-11-04 22:00:00+00:00,3458249.4460066003
2020-11-04 23:00:00+00:00,3459113.69279104
2020-11-05 00:00:00+00:00,3457662.6689511
2020-11-05 01:00:00+00:00,3453515.99987804
2020-11-05 02:00:00+00:00,3452161.13839738
2020-11-05 03:00:00+00:00,3451692.50657388
2020-11-05 04:00:00+00:00,3451861.8621999403
2020-11-05 05:00:00+00:00,3451803.1156318
2020-11-05 06:00:00+00:00,3449764.21936739
2020-11-05 07:00:00+00:00,3451833.61448267
2020-11-05 08:00:00+00:00,3452293.44469868
2020-11-05 09:00:00+00:00,3449394.26116725
2020-11-05 10:00:00+00:00,3450831.6508544
2020-11-05 11:00:00+00:00,3449231.14407107
2020-11-05 12:00:00+00:00,3448774.71887533
2020-11-05 13:00:00+00:00,3441669.04798316
2020-11-05 14:00:00+00:00,3442115.91849093
2020-11-05 15:00:00+00:00,3433171.61961225
2020-11-05 16:00:00+00:00,3433406.75458946
2020-11-05 17:00:00+00:00,3434626.24532736
2020-11-05 18:00:00+00:00,3436178.73973714
2020-11-05 19:00:00+00:00,3435738.80911234
2020-11-05 20:00:00+00:00,3440970.75685522
2020-11-05 21:00:00+00:00,3439702.50537435
2020-11-05 22:00:00+00:00,3439170.2309820103
2020-11-05 23:00:00+00:00,3439046.12435698
2020-11-06 00:00:00+00:00,3439626.48000477
2020-11-06 01:00:00+00:00,3441370.19195441
2020-11-06 02:00:00+00:00,3440953.60920408
2020-11-06 03:00:00+00:00,3439826.4462422803
2020-11-06 04:00:00+00:00,3440138.57298482
2020-11-06 05:00:00+00:00,3436747.12806945
2020-11-06 06:00:00+00:00,3437423.0894072503
2020-11-06 07:00:00+00:00,3437072.19816082
2020-11-06 08:00:00+00:00,3439022.19983989
2020-11-06 09:00:00+00:00,3438711.66787661
2020-11-06 10:00:00+00:00,3441542.85658658
2020-11-06 11:00:00+00:00,3441444.1933142003
2020-11-06 12:00:00+00:00,3448504.72923859
2020-11-06 13:00:00+00:00,3447144.4425418
2020-11-06 14:00:00+00:00,3439342.64515248
2020-11-06 15:00:00+00:00,3438153.08092328
2020-11-06 16:00:00+00:00,3437104.05829203
2020-11-06 17:00:00+00:00,3440027.41908985
2020-11-06 18:00:00+00:00,3440546.03722748
2020-11-06 19:00:00+00:00,3440669.97681918
2020-11-06 20:00:00+00:00,3441694.67971324
2020-11-06 21:00:00+00:00,3442221.66860655
2020-11-06 22:00:00+00:00,3445035.30529613
2020-11-06 23:00:00+00:00,3445201.78820341
2020-11-07 00:00:00+00:00,3445646.25154345
2020-11-07 01:00:00+00:00,3446751.47022714
2020-11-07 02:00:00+00:00,3444759.59563362
2020-11-07 03:00:00+00:00,3444830.2429423
2020-11-07 04:00:00+00:00,3444951.10163715
2020-11-07 05:00:00+00:00,3445186.85132726
2020-11-07 06:00:00+00:00,3445397.96952809
2020-11-07 07:00:00+00:00,3445465.10260124
2020-11-07 08:00:00+00:00,3445112.49425077
2020-11-07 09:00:00+00:00,3444262.84365266
2020-11-07 10:00:00+00:00,3444190.76225696
2020-11-07 11:00:00+00:00,3445955.39799355
2020-11-07 12:00:00+00:00,3446007.5644429
2020-11-07 13:00:00+00:00,3446009.56741584
2020-11-07 14:00:00+00:00,3447553.50427225
2020-11-07 15:00:00+00:00,3447782.6909457203
2020-11-07 16:00:00+00:00,3447295.87278399
2020-11-07 17:00:00+00:00,3445197.74157304
2020-11-07 18:00:00+00:00,3445511.53989993
2020-11-07 19:00:00+00:00,3445342.8213062403
2020-11-07 20:00:00+00:00,3445235.99396965
2020-11-07 21:00:00+00:00,3445226.88138464
2020-11-07 22:00:00+00:00,3448179.51770382
2020-11-07 23:00:00+00:00,3446666.4259277103
2020-11-08 00:00:00+00:00,3445244.38317948
2020-11-08 01:00:00+00:00,3445971.31536214
2020-11-08 02:00:00+00:00,3447001.72909889
2020-11-08 03:00:00+00:00,3446892.41479525
2020-11-08 04:00:00+00:00,3446352.04199016
2020-11-08 05:00:00+00:00,3445907.3870009403
2020-11-08 06:00:00+00:00,3446329.42873448
2020-11-08 07:00:00+00:00,3445079.53989285
2020-11-08 08:00:00+00:00,3444173.16667193
2020-11-08 09:00:00+00:00,3445730.53783835
2020-11-08 10:00:00+00:00,3446081.03097898
2020-11-08 11:00:00+00:00,3444362.52954293
2020-11-08 12:00:00+00:00,3444401.07491429
2020-11-08 13:00:00+00:00,3445136.58429011
2020-11-08 14:00:00+00:00,3443786.51613356
2020-11-08 15:00:00+00:00,3443789.17900347
2020-11-08 16:00:00+00:00,3442163.02144635
2020-11-08 17:00:00+00:00,3442058.29664878
2020-11-08 18:00:00+00:00,3442731.8284699903
2020-11-08 19:00:00+00:00,3442738.9854064
2020-11-08 20:00:00+00:00,3442813.91714587
2020-11-08 21:00:00+00:00,3443980.38065384
2020-11-08 22:00:00+00:00,3444515.01413764
2020-11-08 23:00:00+00:00,3444752.91470565
2020-11-09 00:00:00+00:00,3443300.80503922
2020-11-09 01:00:00+00:00,3440636.9807143
2020-11-09 02:00:00+00:00,3442202.4168415503
2020-11-09 03:00:00+00:00,3440685.60398841
2020-11-09 04:00:00+00:00,3440970.42095888
2020-11-09 05:00:00+00:00,3437461.69396753
2020-11-09 06:00:00+00:00,3437567.63543903
2020-11-09 07:00:00+00:00,3439009.464428
2020-11-09 08:00:00+00:00,3437905.9728643303
2020-11-09 09:00:00+00:00,3437024.29555971
2020-11-09 10:00:00+00:00,3438674.09314237
2020-11-09 11:00:00+00:00,3438165.04146849
2020-11-09 12:00:00+00:00,3438321.16421359
2020-11-09 13:00:00+00:00,3434940.51993814
2020-11-09 14:00:00+00:00,3433025.1666631
2020-11-09 15:00:00+00:00,3430457.26474683
2020-11-09 16:00:00+00:00,3426302.279566
2020-11-09 17:00:00+00:00,3425480.16332451
2020-11-09 18:00:00+00:00,3424751.71875174
2020-11-09 19:00:00+00:00,3426213.17314255
2020-11-09 20:00:00+00:00,3426179.48501022
2020-11-09 21:00:00+00:00,3426004.29931378
2020-11-09 22:00:00+00:00,3424584.64221159
2020-11-09 23:00:00+00:00,3425553.50187689
2020-11-10 00:00:00+00:00,3426752.06094871
2020-11-10 01:00:00+00:00,3425291.2547011003
2020-11-10 02:00:00+00:00,3426274.12846349
2020-11-10 03:00:00+00:00,3427245.5226751403
2020-11-10 04:00:00+00:00,3427153.78212327
2020-11-10 05:00:00+00:00,3426633.89410759
2020-11-10 06:00:00+00:00,3425414.15101673
2020-11-10 07:00:00+00:00,3426461.60645416
2020-11-10 08:00:00+00:00,3429133.53350432
2020-11-10 09:00:00+00:00,3426558.68636455
2020-11-10 10:00:00+00:00,3424072.4244465902
2020-11-10 11:00:00+00:00,3423570.52357586
2020-11-10 12:00:00+00:00,3425418.45786779
2020-11-10 13:00:00+00:00,3427042.20591153
2020-11-10 14:00:00+00:00,3426469.07359748
2020-11-10 15:00:00+00:00,3423244.03697957
2020-11-10 16:00:00+00:00,3429200.61161286
2020-11-10 17:00:00+00:00,3429052.31909524
2020-11-10 18:00:00+00:00,3431473.0144880703
2020-11-10 19:00:00+00:00,3429808.9909689203
2020-11-10 20:00:00+00:00,3432244.77563221
2020-11-10 21:00:00+00:00,3435177.39015872
2020-11-10 22:00:00+00:00,3435015.42391136
2020-11-10 23:00:00+00:00,3435670.09443057
2020-11-11 00:00:00+00:00,3432980.26404154
2020-11-11 01:00:00+00:00,3434523.23772461
2020-11-11 02:00:00+00:00,3438100.23065823
2020-11-11 03:00:00+00:00,3438179.41053857
2020-11-11 04:00:00+00:00,3439342.33573673
2020-11-11 05:00:00+00:00,3441102.72846054
2020-11-11 06:00:00+00:00,3441467.46734573
2020-11-11 07:00:00+00:00,3441637.75836321
2020-11-11 08:00:00+00:00,3439524.60120017
2020-11-11 09:00:00+00:00,3441292.81535561
2020-11-11 10:00:00+00:00,3441673.87232476
2020-11-11 11:00:00+00:00,3440334.2919550403
2020-11-11 12:00:00+00:00,3441870.11366887
2020-11-11 13:00:00+00:00,3440826.32617629
2020-11-11 14:00:00+00:00,3439935.86109873
2020-11-11 15:00:00+00:00,3441527.1812206903
2020-11-11 16:00:00+00:00,3438162.31583656
2020-11-11 17:00:00+00:00,3438638.86906246
2020-11-11 18:00:00+00:00,3440854.06113466
2020-11-11 19:00:00+00:00,3441186.72002516
2020-11-11 20:00:00+00:00,3441313.50833921
2020-11-11 21:00:00+00:00,3440563.11233084
2020-11-11 22:00:00+00:00,3442179.62790215
2020-11-11 23:00:00+00:00,3443978.72242522
2020-11-12 00:00:00+00:00,3447326.4378393
2020-11-12 01:00:00+00:00,3447357.0149132702
2020-11-12 02:00:00+00:00,3447624.23986682
2020-11-12 03:00:00+00:00,3447617.67998765
2020-11-12 04:00:00+00:00,3447963.07258065
2020-11-12 05:00:00+00:00,3446940.43643754
2020-11-12 06:00:00+00:00,3447411.77268079
2020-11-12 07:00:00+00:00,3447139.03742818
2020-11-12 08:00:00+00:00,3449349.6028225203
2020-11-12 09:00:00+00:00,3449344.4983334
2020-11-12 10:00:00+00:00,3447037.71623561
2020-11-12 11:00:00+00:00,3448051.63923698
2020-11-12 12:00:00+00:00,3447955.13471653
2020-11-12 13:00:00+00:00,3448086.11019568
2020-11-12 14:00:00+00:00,3448472.5599092003
2020-11-12 15:00:00+00:00,3448716.7710203
2020-11-12 16:00:00+00:00,3449644.95458973
2020-11-12 17:00:00+00:00,3449442.3043425702
2020-11-12 18:00:00+00:00,3448890.6643051403
2020-11-12 19:00:00+00:00,3448879.1418001503
2020-11-12 20:00:00+00:00,3450890.3487749803
2020-11-12 21:00:00+00:00,3452029.89037403
2020-11-12 22:00:00+00:00,3453503.28131325
2020-11-12 23:00:00+00:00,3452551.83966202
2020-11-13 00:00:00+00:00,3452942.3828327
2020-11-13 01:00:00+00:00,3462844.66225463
2020-11-13 02:00:00+00:00,3461703.51080104
2020-11-13 03:00:00+00:00,3461772.61541914
2020-11-13 04:00:00+00:00,3462168.6658087303
2020-11-13 05:00:00+00:00,3461754.88404552
2020-11-13 06:00:00+00:00,3462182.10960382
2020-11-13 07:00:00+00:00,3461463.21159296
2020-11-13 08:00:00+00:00,3463758.67104403
2020-11-13 09:00:00+00:00,3462301.6987858
2020-11-13 10:00:00+00:00,3462280.4652566
2020-11-13 11:00:00+00:00,3462469.58860237
2020-11-13 12:00:00+00:00,3458223.82397708
2020-11-13 13:00:00+00:00,3457360.50276207
2020-11-13 14:00:00+00:00,3456638.0911724702
2020-11-13 15:00:00+00:00,3462195.02487112
2020-11-13 16:00:00+00:00,3461665.72716787
2020-11-13 17:00:00+00:00,3460189.21226144
2020-11-13 18:00:00+00:00,3461098.01277379
2020-11-13 19:00:00+00:00,3460998.63091601
2020-11-13 20:00:00+00:00,3460408.40844842
2020-11-13 21:00:00+00:00,3459559.05688609
2020-11-13 22:00:00+00:00,3458800.20687857
2020-11-13 23:00:00+00:00,3460386.43223205
2020-11-14 00:00:00+00:00,3459218.11893028
2020-11-14 01:00:00+00:00,3459089.16602284
2020-11-14 02:00:00+00:00,3459012.97735532
2020-11-14 03:00:00+00:00,3458698.93478605
2020-11-14 04:00:00+00:00,3458785.68756238
2020-11-14 05:00:00+00:00,3459267.21334382
2020-11-14 06:00:00+00:00,3459375.34349517
2020-11-14 07:00:00+00:00,3459359.63851599
2020-11-14 08:00:00+00:00,3459403.12248855
2020-11-14 09:00:00+00:00,3459604.55853652
2020-11-14 10:00:00+00:00,3458161.25534316
2020-11-14 11:00:00+00:00,3458320.06250162
2020-11-14 12:00:00+00:00,3458415.15446001
2020-11-14 13:00:00+00:00,3458972.3727705
2020-11-14 14:00:00+00:00,3459008.57645949
2020-11-14 15:00:00+00:00,3459013.9903591103
2020-11-14 16:00:00+00:00,3458588.22463539
2020-11-14 17:00:00+00:00,3458645.04881792
2020-11-14 18:00:00+00:00,3459831.68423271
2020-11-14 19:00:00+00:00,3459824.60741893
2020-11-14 20:00:00+00:00,3459832.0751486
2020-11-14 21:00:00+00:00,3460483.41319454
2020-11-14 22:00:00+00:00,3460501.45605691
2020-11-14 23:00:00+00:00,3460550.16790647
2020-11-15 00:00:00+00:00,3460671.82552253
2020-11-15 01:00:00+00:00,3460686.26651915
2020-11-15 02:00:00+00:00,3462770.90495047
2020-11-15 03:00:00+00:00,3462741.3705502
2020-11-15 04:00:00+00:00,3461334.12227322
2020-11-15 05:00:00+00:00,3461355.21324536
2020-11-15 06:00:00+00:00,3461366.24353102
2020-11-15 07:00:00+00:00,3462892.12739724
2020-11-15 08:00:00+00:00,3463686.95378276
2020-11-15 09:00:00+00:00,3463686.67236592
2020-11-15 10:00:00+00:00,3463718.94506008
2020-11-15 11:00:00+00:00,3462096.46844811
2020-11-15 12:00:00+00:00,3462117.38987152
2020-11-15 13:00:00+00:00,3462172.93963257
2020-11-15 14:00:00+00:00,3462103.41458352
2020-11-15 15:00:00+00:00,3463350.21437578
2020-11-15 16:00:00+00:00,3463910.42894864
2020-11-15 17:00:00+00:00,3464077.37531652
2020-11-15 18:00:00+00:00,3464275.23412224
2020-11-15 19:00:00+00:00,3463502.0810519
2020-11-15 20:00:00+00:00,3462375.600307
2020-11-15 21:00:00+00:00,3463615.02061507
2020-11-15 22:00:00+00:00,3463557.16618161
2020-11-15 23:00:00+00:00,3464614.1956316503
2020-11-16 00:00:00+00:00,3464253.90809469
2020-11-16 01:00:00+00:00,3462975.01937257
2020-11-16 02:00:00+00:00,3462315.88186388
2020-11-16 03:00:00+00:00,3463370.8219231702
2020-11-16 04:00:00+00:00,3461829.70702737
2020-11-16 05:00:00+00:00,3461497.25061098
2020-11-16 06:00:00+00:00,3458692.0148501303
2020-11-16 07:00:00+00:00,3457759.88659404
2020-11-16 08:00:00+00:00,3460893.5566275
2020-11-16 09:00:00+00:00,3460906.95881071
2020-11-16 10:00:00+00:00,3460928.4413394
2020-11-16 11:00:00+00:00,3459987.87992386
2020-11-16 12:00:00+00:00,3458796.60023666
2020-11-16 13:00:00+00:00,3458106.76810177
2020-11-16 14:00:00+00:00,3459481.31013658
2020-11-16 15:00:00+00:00,3461750.11094483
2020-11-16 16:00:00+00:00,3462931.9289046302
2020-11-16 17:00:00+00:00,3461517.14907155
2020-11-16 18:00:00+00:00,3461535.6043205103
2020-11-16 19:00:00+00:00,3457878.97624702
2020-11-16 20:00:00+00:00,3458167.24362627
2020-11-16 21:00:00+00:00,3458152.65083658
2020-11-16 22:00:00+00:00,3449240.7847419
2020-11-16 23:00:00+00:00,3448241.28312923
2020-11-17 00:00:00+00:00,3446162.7944361903
2020-11-17 01:00:00+00:00,3447755.1355031603
2020-11-17 02:00:00+00:00,3447633.80062757
2020-11-17 03:00:00+00:00,3447539.0536256
2020-11-17 04:00:00+00:00,3448312.16181164
2020-11-17 05:00:00+00:00,3445203.4432526003
2020-11-17 06:00:00+00:00,3444670.85044433
2020-11-17 07:00:00+00:00,3442408.84353189
2020-11-17 08:00:00+00:00,3443915.14287933
2020-11-17 09:00:00+00:00,3444063.52659138
2020-11-17 10:00:00+00:00,3446745.91077849
2020-11-17 11:00:00+00:00,3442095.50970087
2020-11-17 12:00:00+00:00,3441250.02166876
2020-11-17 13:00:00+00:00,3443368.78669857
2020-11-17 14:00:00+00:00,3442619.75924691
2020-11-17 15:00:00+00:00,3442926.44317348
2020-11-17 16:00:00+00:00,3441548.87672384
2020-11-17 17:00:00+00:00,3442035.1921452503
2020-11-17 18:00:00+00:00,3439854.60532689
2020-11-17 19:00:00+00:00,3439051.19860007
2020-11-17 20:00:00+00:00,3438408.28738042
2020-11-17 21:00:00+00:00,3438583.18202956
2020-11-17 22:00:00+00:00,3440162.83105401
2020-11-17 23:00:00+00:00,3440377.04985306
2020-11-18 00:00:00+00:00,3440887.52435926
2020-11-18 01:00:00+00:00,3439271.56683359
2020-11-18 02:00:00+00:00,3436786.00929198
2020-11-18 03:00:00+00:00,3438161.0490450603
2020-11-18 04:00:00+00:00,3437656.21204524
2020-11-18 05:00:00+00:00,3439227.9080259902
2020-11-18 06:00:00+00:00,3435590.01616526
2020-11-18 07:00:00+00:00,3435425.82959155
2020-11-18 08:00:00+00:00,3432644.12951861
2020-11-18 09:00:00+00:00,3431940.39259557
2020-11-18 10:00:00+00:00,3430114.4860681
2020-11-18 11:00:00+00:00,3429919.35563918
2020-11-18 12:00:00+00:00,3428868.52694171
2020-11-18 13:00:00+00:00,3441640.06489354
2020-11-18 14:00:00+00:00,3432259.74408815
2020-11-18 15:00:00+00:00,3433026.09343703
2020-11-18 16:00:00+00:00,3428510.86364444
2020-11-18 17:00:00+00:00,3428195.02561562
2020-11-18 18:00:00+00:00,3428569.63422494
2020-11-18 19:00:00+00:00,3430029.31232678
2020-11-18 20:00:00+00:00,3431973.78542648
2020-11-18 21:00:00+00:00,3431938.04392168
2020-11-18 22:00:00+00:00,3432324.32508073
2020-11-18 23:00:00+00:00,3433831.99993592
2020-11-19 00:00:00+00:00,3435108.6546133603
2020-11-19 01:00:00+00:00,3435614.9846296
2020-11-19 02:00:00+00:00,3436091.04030028
2020-11-19 03:00:00+00:00,3434868.70054811
2020-11-19 04:00:00+00:00,3435855.63657467
2020-11-19 05:00:00+00:00,3431550.29287411
2020-11-19 06:00:00+00:00,3431647.5285703
2020-11-19 07:00:00+00:00,3431999.1503211
2020-11-19 08:00:00+00:00,3432115.55791517
2020-11-19 09:00:00+00:00,3428762.58724467
2020-11-19 10:00:00+00:00,3428245.64281053
2020-11-19 11:00:00+00:00,3429501.54454897
2020-11-19 12:00:00+00:00,3430795.28849396
2020-11-19 13:00:00+00:00,3429252.19180656
2020-11-19 14:00:00+00:00,3428916.80881033
2020-11-19 15:00:00+00:00,3427739.0540385703
2020-11-19 16:00:00+00:00,3427673.84859693
2020-11-19 17:00:00+00:00,3427088.88633232
2020-11-19 18:00:00+00:00,3428007.48698958
2020-11-19 19:00:00+00:00,3428752.65348706
2020-11-19 20:00:00+00:00,3429287.61099008
2020-11-19 21:00:00+00:00,3429698.18474635
2020-11-19 22:00:00+00:00,3430562.61261478
2020-11-19 23:00:00+00:00,3431688.42613807
2020-11-20 00:00:00+00:00,3432810.85453885
2020-11-20 01:00:00+00:00,3432838.63479474
2020-11-20 02:00:00+00:00,3431954.9212566903
2020-11-20 03:00:00+00:00,3431812.92470355
2020-11-20 04:00:00+00:00,3432258.89026654
2020-11-20 05:00:00+00:00,3432735.5539561203
2020-11-20 06:00:00+00:00,3430315.5865967
2020-11-20 07:00:00+00:00,3430349.96343317
2020-11-20 08:00:00+00:00,3429011.41121826
2020-11-20 09:00:00+00:00,3431511.13706586
2020-11-20 10:00:00+00:00,3431716.47083396
2020-11-20 11:00:00+00:00,3433034.89129502
2020-11-20 12:00:00+00:00,3433022.3185566403
2020-11-20 13:00:00+00:00,3433163.6865713
2020-11-20 14:00:00+00:00,3430175.94643311
2020-11-20 15:00:00+00:00,3429697.88522707
2020-11-20 16:00:00+00:00,3430578.3736337703
2020-11-20 17:00:00+00:00,3430058.22085216
2020-11-20 18:00:00+00:00,3429291.08006918
2020-11-20 19:00:00+00:00,3430443.21014061
2020-11-20 20:00:00+00:00,3432831.88405376
2020-11-20 21:00:00+00:00,3434139.6918732403
2020-11-20 22:00:00+00:00,3435509.07347312
2020-11-20 23:00:00+00:00,3436467.471823
2020-11-21 00:00:00+00:00,3437378.57917989
2020-11-21 01:00:00+00:00,3434344.46021325
2020-11-21 02:00:00+00:00,3431419.17598828
2020-11-21 03:00:00+00:00,3429735.27851889
2020-11-21 04:00:00+00:00,3428866.88899613
2020-11-21 05:00:00+00:00,3428979.80617366
2020-11-21 06:00:00+00:00,3430362.5711045
2020-11-21 07:00:00+00:00,3430343.19641181
2020-11-21 08:00:00+00:00,3430620.86124894
2020-11-21 09:00:00+00:00,3430833.04631897
2020-11-21 10:00:00+00:00,3430985.00473675
2020-11-21 11:00:00+00:00,3430533.1976878103
2020-11-21 12:00:00+00:00,3428437.0030723503
2020-11-21 13:00:00+00:00,3431315.33641673
2020-11-21 14:00:00+00:00,3430073.21312922
2020-11-21 15:00:00+00:00,3430348.53580365
2020-11-21 16:00:00+00:00,3430402.1155150803
2020-11-21 17:00:00+00:00,3429134.32715525
2020-11-21 18:00:00+00:00,3429136.80695192
2020-11-21 19:00:00+00:00,3429972.52734911
2020-11-21 20:00:00+00:00,3440607.60607567
2020-11-21 21:00:00+00:00,3440623.26859051
2020-11-21 22:00:00+00:00,3440695.6109575103
2020-11-21 23:00:00+00:00,3440857.1771886703
2020-11-22 00:00:00+00:00,3431071.5630246103
2020-11-22 01:00:00+00:00,3429233.92250374
2020-11-22 02:00:00+00:00,3429359.77598067
2020-11-22 03:00:00+00:00,3429451.99653321
2020-11-22 04:00:00+00:00,3429483.07935333
2020-11-22 05:00:00+00:00,3429470.67448815
2020-11-22 06:00:00+00:00,3429807.49358558
2020-11-22 07:00:00+00:00,3428870.02375399
2020-11-22 08:00:00+00:00,3429016.37777655
2020-11-22 09:00:00+00:00,3429184.56799322
2020-11-22 10:00:00+00:00,3429067.75611599
2020-11-22 11:00:00+00:00,3429119.84742152
2020-11-22 12:00:00+00:00,3429035.7293596403
2020-11-22 13:00:00+00:00,3432329.87966959
2020-11-22 14:00:00+00:00,3430448.35866422
2020-11-22 15:00:00+00:00,3430636.7899443703
2020-11-22 16:00:00+00:00,3430745.84951727
2020-11-22 17:00:00+00:00,3431186.90877746
2020-11-22 18:00:00+00:00,3433500.45890259
2020-11-22 19:00:00+00:00,3433661.21689512
2020-11-22 20:00:00+00:00,3433067.5281642303
2020-11-22 21:00:00+00:00,3431904.90603646
2020-11-22 22:00:00+00:00,3431880.02976621
2020-11-22 23:00:00+00:00,3432012.90004375
2020-11-23 00:00:00+00:00,3431734.67159996
2020-11-23 01:00:00+00:00,3431175.8315987
2020-11-23 02:00:00+00:00,3431219.5088392203
2020-11-23 03:00:00+00:00,3431429.1747796
2020-11-23 04:00:00+00:00,3431970.61538879
2020-11-23 05:00:00+00:00,3427961.90124663
2020-11-23 06:00:00+00:00,3428596.1012747902
2020-11-23 07:00:00+00:00,3438585.68437133
2020-11-23 08:00:00+00:00,3438709.08965393
2020-11-23 09:00:00+00:00,3439248.46971664
2020-11-23 10:00:00+00:00,3440120.0396973
2020-11-23 11:00:00+00:00,3439704.90662914
2020-11-23 12:00:00+00:00,3439492.06904795
2020-11-23 13:00:00+00:00,3435850.89236737
2020-11-23 14:00:00+00:00,3426757.24794194
2020-11-23 15:00:00+00:00,3429548.91357092
2020-11-23 16:00:00+00:00,3431760.94786967
2020-11-23 17:00:00+00:00,3427730.9999437
2020-11-23 18:00:00+00:00,3428232.04425248
2020-11-23 19:00:00+00:00,3430205.7199673
2020-11-23 20:00:00+00:00,3430221.68192747
2020-11-23 21:00:00+00:00,3430096.68448425
2020-11-23 22:00:00+00:00,3429113.27571592
2020-11-23 23:00:00+00:00,3427943.24504313
2020-11-24 00:00:00+00:00,3429260.21282478
2020-11-24 01:00:00+00:00,3428866.41148868
2020-11-24 02:00:00+00:00,3430324.81564462
2020-11-24 03:00:00+00:00,3431044.0044735703
2020-11-24 04:00:00+00:00,3428429.39114373
2020-11-24 05:00:00+00:00,3428629.3188643
2020-11-24 06:00:00+00:00,3429226.44154033
2020-11-24 07:00:00+00:00,3431561.71543959
2020-11-24 08:00:00+00:00,3433404.24529227
2020-11-24 09:00:00+00:00,3431353.44954773
2020-11-24 10:00:00+00:00,3429365.10090889
2020-11-24 11:00:00+00:00,3431661.2551028
2020-11-24 12:00:00+00:00,3435375.37725918
2020-11-24 13:00:00+00:00,3435358.25547177
2020-11-24 14:00:00+00:00,3434880.51793716
2020-11-24 15:00:00+00:00,3433764.68234107
2020-11-24 16:00:00+00:00,3432463.97671382
2020-11-24 17:00:00+00:00,3444692.11709823
2020-11-24 18:00:00+00:00,3445215.68776843
2020-11-24 19:00:00+00:00,3444450.00210511
2020-11-24 20:00:00+00:00,3445160.47154266
2020-11-24 21:00:00+00:00,3443490.8129206
2020-11-24 22:00:00+00:00,3443642.85324689
2020-11-24 23:00:00+00:00,3443225.6957161203
2020-11-25 00:00:00+00:00,3442391.02919782
2020-11-25 01:00:00+00:00,3443757.73942847
2020-11-25 02:00:00+00:00,3443645.32740329
2020-11-25 03:00:00+00:00,3445808.22777385
2020-11-25 04:00:00+00:00,3446300.18233197
2020-11-25 05:00:00+00:00,3446235.25423439
2020-11-25 06:00:00+00:00,3446365.8627026803
2020-11-25 07:00:00+00:00,3447518.05336144
2020-11-25 08:00:00+00:00,3447761.07368876
2020-11-25 09:00:00+00:00,3447007.30366914
2020-11-25 10:00:00+00:00,3445400.13552959
2020-11-25 11:00:00+00:00,3445599.0424779803
2020-11-25 12:00:00+00:00,3446176.72234595
2020-11-25 13:00:00+00:00,3442404.32571219
2020-11-25 14:00:00+00:00,3441066.78307874
2020-11-25 15:00:00+00:00,3440629.2369235
2020-11-25 16:00:00+00:00,3440243.40997551
2020-11-25 17:00:00+00:00,3437945.18992644
2020-11-25 18:00:00+00:00,3437764.68935836
2020-11-25 19:00:00+00:00,3437578.30058064
2020-11-25 20:00:00+00:00,3438953.5172245903
2020-11-25 21:00:00+00:00,3440454.16477955
2020-11-25 22:00:00+00:00,3448819.2923045503
2020-11-25 23:00:00+00:00,3448236.11734933
2020-11-26 00:00:00+00:00,3448333.60370412
2020-11-26 01:00:00+00:00,3459903.3859261703
2020-11-26 02:00:00+00:00,3460604.73388001
2020-11-26 03:00:00+00:00,3460473.73221737
2020-11-26 04:00:00+00:00,3461971.71684554
2020-11-26 05:00:00+00:00,3461883.06903199
2020-11-26 06:00:00+00:00,3462306.58384918
2020-11-26 07:00:00+00:00,3460470.6860972303
2020-11-26 08:00:00+00:00,3459531.12201012
2020-11-26 09:00:00+00:00,3460020.6987583702
2020-11-26 10:00:00+00:00,3452381.16000738
2020-11-26 11:00:00+00:00,3453316.15314547
2020-11-26 12:00:00+00:00,3449992.2165343203
2020-11-26 13:00:00+00:00,3451722.2326868502
2020-11-26 14:00:00+00:00,3450307.2569179703
2020-11-26 15:00:00+00:00,3445610.9129081
2020-11-26 16:00:00+00:00,3445840.54788569
2020-11-26 17:00:00+00:00,3444907.45262542
2020-11-26 18:00:00+00:00,3443141.34075427
2020-11-26 19:00:00+00:00,3442421.87944066
2020-11-26 20:00:00+00:00,3443556.96255774
2020-11-26 21:00:00+00:00,3443639.14667449
2020-11-26 22:00:00+00:00,3444799.31413791
2020-11-26 23:00:00+00:00,3443984.01590268
2020-11-27 00:00:00+00:00,3444054.76732875
2020-11-27 01:00:00+00:00,3443997.67209472
2020-11-27 02:00:00+00:00,3444026.05458675
2020-11-27 03:00:00+00:00,3442982.45556016
2020-11-27 04:00:00+00:00,3443828.08845298
2020-11-27 05:00:00+00:00,3443999.81526717
2020-11-27 06:00:00+00:00,3444311.97147439
2020-11-27 07:00:00+00:00,3443084.23107483
2020-11-27 08:00:00+00:00,3443444.69466236
2020-11-27 09:00:00+00:00,3441605.8724179
2020-11-27 10:00:00+00:00,3441536.96282689
2020-11-27 11:00:00+00:00,3441050.58938423
2020-11-27 12:00:00+00:00,3439965.66491287
2020-11-27 13:00:00+00:00,3438020.34605145
2020-11-27 14:00:00+00:00,3439299.29193797
2020-11-27 15:00:00+00:00,3436556.61334881
2020-11-27 16:00:00+00:00,3441384.00195221
2020-11-27 17:00:00+00:00,3441750.4693484
2020-11-27 18:00:00+00:00,3441613.94433296
2020-11-27 19:00:00+00:00,3443172.75091577
2020-11-27 20:00:00+00:00,3442058.23534813
2020-11-27 21:00:00+00:00,3440436.71016163
2020-11-27 22:00:00+00:00,3439576.2452602102
2020-11-27 23:00:00+00:00,3439893.52727027
2020-11-28 00:00:00+00:00,3440283.50597868
2020-11-28 01:00:00+00:00,3440576.05452182
2020-11-28 02:00:00+00:00,3441688.71903492
2020-11-28 03:00:00+00:00,3440747.57735084
2020-11-28 04:00:00+00:00,3440875.85538367
2020-11-28 05:00:00+00:00,3441147.1368669
2020-11-28 06:00:00+00:00,3440047.60509847
2020-11-28 07:00:00+00:00,3440156.2233199403
2020-11-28 08:00:00+00:00,3440314.85283078
2020-11-28 09:00:00+00:00,3440652.2332785
2020-11-28 10:00:00+00:00,3440686.70181434
2020-11-28 11:00:00+00:00,3442031.58995016
2020-11-28 12:00:00+00:00,3440976.29224078
2020-11-28 13:00:00+00:00,3440747.1925219903
2020-11-28 14:00:00+00:00,3441067.51322559
2020-11-28 15:00:00+00:00,3441165.09189186
2020-11-28 16:00:00+00:00,3442423.60928875
2020-11-28 17:00:00+00:00,3443432.27422532
2020-11-28 18:00:00+00:00,3443340.14489578
2020-11-28 19:00:00+00:00,3444202.91709614
2020-11-28 20:00:00+00:00,3444207.45359285
2020-11-28 21:00:00+00:00,3444203.15872476
2020-11-28 22:00:00+00:00,3443086.3632169003
2020-11-28 23:00:00+00:00,3443294.27795347
2020-11-29 00:00:00+00:00,3445686.60495244
2020-11-29 01:00:00+00:00,3445398.3902708
2020-11-29 02:00:00+00:00,3446404.50061994
2020-11-29 03:00:00+00:00,3447320.26501795
2020-11-29 04:00:00+00:00,3449201.84283758
2020-11-29 05:00:00+00:00,3446554.1253793603
2020-11-29 06:00:00+00:00,3444444.67708077
2020-11-29 07:00:00+00:00,3444602.1050117603
2020-11-29 08:00:00+00:00,3445902.95175011
2020-11-29 09:00:00+00:00,3444645.66502261
2020-11-29 10:00:00+00:00,3446807.27634462
2020-11-29 11:00:00+00:00,3446649.40802097
2020-11-29 12:00:00+00:00,3445656.7069452
2020-11-29 13:00:00+00:00,3446311.97614305
2020-11-29 14:00:00+00:00,3445608.50525702
2020-11-29 15:00:00+00:00,3445282.85773119
2020-11-29 16:00:00+00:00,3447728.41416199
2020-11-29 17:00:00+00:00,3446117.02097569
2020-11-29 18:00:00+00:00,3447703.70700172
2020-11-29 19:00:00+00:00,3445280.52962489
2020-11-29 20:00:00+00:00,3445274.35765144
2020-11-29 21:00:00+00:00,3446652.5494004
2020-11-29 22:00:00+00:00,3445989.29219427
2020-11-29 23:00:00+00:00,3446028.18176045
2020-11-30 00:00:00+00:00,3444054.99371022
2020-11-30 01:00:00+00:00,3443012.72412629
2020-11-30 02:00:00+00:00,3438240.95574714
2020-11-30 03:00:00+00:00,3439732.13450879
2020-11-30 04:00:00+00:00,3439082.29431782
2020-11-30 05:00:00+00:00,3438414.05627778
2020-11-30 06:00:00+00:00,3437852.9240034
2020-11-30 07:00:00+00:00,3437258.39950151
2020-11-30 08:00:00+00:00,3437371.14760547
2020-11-30 09:00:00+00:00,3437381.06650954
2020-11-30 10:00:00+00:00,3437630.14934019
2020-11-30 11:00:00+00:00,3438803.4219789803
2020-11-30 12:00:00+00:00,3440306.49011929
2020-11-30 13:00:00+00:00,3439983.91335173
2020-11-30 14:00:00+00:00,3436341.64346692
2020-11-30 15:00:00+00:00,3436528.63757205
2020-11-30 16:00:00+00:00,3436378.92073562
2020-11-30 17:00:00+00:00,3433071.08660937
2020-11-30 18:00:00+00:00,3435634.83139604
2020-11-30 19:00:00+00:00,3435693.34426775
2020-11-30 20:00:00+00:00,3438191.82339312
2020-11-30 21:00:00+00:00,3438279.20702744
2020-11-30 22:00:00+00:00,3438526.14947293
2020-11-30 23:00:00+00:00,3440078.93859154
2020-12-01 00:00:00+00:00,3442124.95485549
2020-12-01 01:00:00+00:00,3440764.03534612
2020-12-01 02:00:00+00:00,3446751.38865634
2020-12-01 03:00:00+00:00,3440806.63073098
2020-12-01 04:00:00+00:00,3440840.27166001
2020-12-01 05:00:00+00:00,3443859.91411072
2020-12-01 06:00:00+00:00,3441781.28133369
2020-12-01 07:00:00+00:00,3432400.47409277
2020-12-01 08:00:00+00:00,3432410.33278544
2020-12-01 09:00:00+00:00,3430827.2000815
2020-12-01 10:00:00+00:00,3431099.65757551
2020-12-01 11:00:00+00:00,3430032.9901224603
2020-12-01 12:00:00+00:00,3427591.7671228
2020-12-01 13:00:00+00:00,3428044.6172266
2020-12-01 14:00:00+00:00,3428415.92275553
2020-12-01 15:00:00+00:00,3429191.54532919
2020-12-01 16:00:00+00:00,3430480.96440004
2020-12-01 17:00:00+00:00,3430677.6227624803
2020-12-01 18:00:00+00:00,3431383.85294165
2020-12-01 19:00:00+00:00,3429564.89354241
2020-12-01 20:00:00+00:00,3430273.54585654
2020-12-01 21:00:00+00:00,3431566.86010554
2020-12-01 22:00:00+00:00,3434957.94827213
2020-12-01 23:00:00+00:00,3432668.1339272102
2020-12-02 00:00:00+00:00,3429872.52950226
2020-12-02 01:00:00+00:00,3430545.22308236
2020-12-02 02:00:00+00:00,3429288.86515817
2020-12-02 03:00:00+00:00,3429317.85994525
2020-12-02 04:00:00+00:00,3427225.50988271
2020-12-02 05:00:00+00:00,3428924.35822232
2020-12-02 06:00:00+00:00,3429119.40551182
2020-12-02 07:00:00+00:00,3429437.9704371
2020-12-02 08:00:00+00:00,3430366.56759082
2020-12-02 09:00:00+00:00,3430750.49157295
2020-12-02 10:00:00+00:00,3427918.28988594
2020-12-02 11:00:00+00:00,3428276.74782854
2020-12-02 12:00:00+00:00,3429289.78841369
2020-12-02 13:00:00+00:00,3430613.1085391203
2020-12-02 14:00:00+00:00,3435567.1144621703
2020-12-02 15:00:00+00:00,3439757.96953324
2020-12-02 16:00:00+00:00,3437705.87230572
2020-12-02 17:00:00+00:00,3436138.25062826
2020-12-02 18:00:00+00:00,3437549.00027815
2020-12-02 19:00:00+00:00,3437616.65519637
2020-12-02 20:00:00+00:00,3439044.15716776
2020-12-02 21:00:00+00:00,3439488.3878807
2020-12-02 22:00:00+00:00,3438983.46234418
2020-12-02 23:00:00+00:00,3439065.67961782
2020-12-03 00:00:00+00:00,3439239.46181901
2020-12-03 01:00:00+00:00,3440396.99449035
2020-12-03 02:00:00+00:00,3438842.15412657
2020-12-03 03:00:00+00:00,3438581.48769539
2020-12-03 04:00:00+00:00,3440035.6453830902
2020-12-03 05:00:00+00:00,3440008.93128687
2020-12-03 06:00:00+00:00,3440943.2129257102
2020-12-03 07:00:00+00:00,3441028.1982209003
2020-12-03 08:00:00+00:00,3441803.21988882
2020-12-03 09:00:00+00:00,3437781.33553552
2020-12-03 10:00:00+00:00,3437217.16577785
2020-12-03 11:00:00+00:00,3436695.425473
2020-12-03 12:00:00+00:00,3436560.5789687103
2020-12-03 13:00:00+00:00,3436188.8326227902
2020-12-03 14:00:00+00:00,3431661.0078527
2020-12-03 15:00:00+00:00,3431721.0140175703
2020-12-03 16:00:00+00:00,3426095.52624822
2020-12-03 17:00:00+00:00,3427096.95783259
2020-12-03 18:00:00+00:00,3427445.74847889
2020-12-03 19:00:00+00:00,3427769.25476783
2020-12-03 20:00:00+00:00,3427880.30076354
2020-12-03 21:00:00+00:00,3427032.98931985
2020-12-03 22:00:00+00:00,3427707.55306072
2020-12-03 23:00:00+00:00,3427825.43062687
2020-12-04 00:00:00+00:00,3427874.73261089
2020-12-04 01:00:00+00:00,3430056.30702491
2020-12-04 02:00:00+00:00,3429987.06837555
2020-12-04 03:00:00+00:00,3429051.80631578
2020-12-04 04:00:00+00:00,3429497.02114635
2020-12-04 05:00:00+00:00,3426890.82659479
2020-12-04 06:00:00+00:00,3425947.28385601
2020-12-04 07:00:00+00:00,3424231.71547013
2020-12-04 08:00:00+00:00,3425499.88100014
2020-12-04 09:00:00+00:00,3427823.7919998
2020-12-04 10:00:00+00:00,3429132.86665854
2020-12-04 11:00:00+00:00,3426358.5436179303
2020-12-04 12:00:00+00:00,3425812.70003417
2020-12-04 13:00:00+00:00,3425330.56639069
2020-12-04 14:00:00+00:00,3424336.54468122
2020-12-04 15:00:00+00:00,3419529.66357309
2020-12-04 16:00:00+00:00,3422895.56197972
2020-12-04 17:00:00+00:00,3424914.63523642
2020-12-04 18:00:00+00:00,3427161.45400769
2020-12-04 19:00:00+00:00,3427893.45646852
2020-12-04 20:00:00+00:00,3429795.87252022
2020-12-04 21:00:00+00:00,3429315.38954659
2020-12-04 22:00:00+00:00,3430766.41397413
2020-12-04 23:00:00+00:00,3428652.1241048
2020-12-05 00:00:00+00:00,3428979.54530488
2020-12-05 01:00:00+00:00,3426709.69242249
2020-12-05 02:00:00+00:00,3426776.28314866
2020-12-05 03:00:00+00:00,3424998.19480129
2020-12-05 04:00:00+00:00,3425105.2608934003
2020-12-05 05:00:00+00:00,3425308.03348654
2020-12-05 06:00:00+00:00,3425211.01078333
2020-12-05 07:00:00+00:00,3426336.84420517
2020-12-05 08:00:00+00:00,3426371.34647708
2020-12-05 09:00:00+00:00,3426351.82327779
2020-12-05 10:00:00+00:00,3426462.32567552
2020-12-05 11:00:00+00:00,3426527.49886697
2020-12-05 12:00:00+00:00,3424904.0265564
2020-12-05 13:00:00+00:00,3425001.35705765
2020-12-05 14:00:00+00:00,3425122.0037389603
2020-12-05 15:00:00+00:00,3425087.8284358
2020-12-05 16:00:00+00:00,3423958.13557123
2020-12-05 17:00:00+00:00,3422771.76555752
2020-12-05 18:00:00+00:00,3422892.1706206203
2020-12-05 19:00:00+00:00,3422866.66314214
2020-12-05 20:00:00+00:00,3422924.22647057
2020-12-05 21:00:00+00:00,3423232.35121277
2020-12-05 22:00:00+00:00,3423269.12559765
2020-12-05 23:00:00+00:00,3423396.2283506403
2020-12-06 00:00:00+00:00,3423345.69890106
2020-12-06 01:00:00+00:00,3423354.31076158
2020-12-06 02:00:00+00:00,3423384.53585493
2020-12-06 03:00:00+00:00,3423224.37408027
2020-12-06 04:00:00+00:00,3423271.80954917
2020-12-06 05:00:00+00:00,3423318.60661532
2020-12-06 06:00:00+00:00,3423452.23590119
2020-12-06 07:00:00+00:00,3423500.71945045
2020-12-06 08:00:00+00:00,3423699.20417184
2020-12-06 09:00:00+00:00,3422587.78747488
2020-12-06 10:00:00+00:00,3422611.8444806803
2020-12-06 11:00:00+00:00,3422633.1348820003
2020-12-06 12:00:00+00:00,3422595.6317618103
2020-12-06 13:00:00+00:00,3422541.0487791803
2020-12-06 14:00:00+00:00,3421238.35701662
2020-12-06 15:00:00+00:00,3421251.75493605
2020-12-06 16:00:00+00:00,3421740.39197626
2020-12-06 17:00:00+00:00,3421794.72733041
2020-12-06 18:00:00+00:00,3423342.1339964103
2020-12-06 19:00:00+00:00,3423326.12150452
2020-12-06 20:00:00+00:00,3424765.5545051303
2020-12-06 21:00:00+00:00,3422957.07568601
2020-12-06 22:00:00+00:00,3423070.21709216
2020-12-06 23:00:00+00:00,3423187.36263351
2020-12-07 00:00:00+00:00,3426062.88701171
2020-12-07 01:00:00+00:00,3425528.71563633
2020-12-07 02:00:00+00:00,3425181.95487146
2020-12-07 03:00:00+00:00,3425285.63445564
2020-12-07 04:00:00+00:00,3426546.5462089702
2020-12-07 05:00:00+00:00,3426261.63154279
2020-12-07 06:00:00+00:00,3426289.23122931
2020-12-07 07:00:00+00:00,3425614.05551363
2020-12-07 08:00:00+00:00,3425369.59768904
2020-12-07 09:00:00+00:00,3425396.83762242
2020-12-07 10:00:00+00:00,3424105.16453806
2020-12-07 11:00:00+00:00,3422854.81386144
2020-12-07 12:00:00+00:00,3421781.38056794
2020-12-07 13:00:00+00:00,3423563.97349428
2020-12-07 14:00:00+00:00,3420922.14391845
2020-12-07 15:00:00+00:00,3420624.43604667
2020-12-07 16:00:00+00:00,3419786.12144346
2020-12-07 17:00:00+00:00,3419806.9142830903
2020-12-07 18:00:00+00:00,3419754.4385889303
2020-12-07 19:00:00+00:00,3419080.43182116
2020-12-07 20:00:00+00:00,3419625.83748358
2020-12-07 21:00:00+00:00,3419872.0956931403
2020-12-07 22:00:00+00:00,3419341.22738658
2020-12-07 23:00:00+00:00,3421191.7434675703
2020-12-08 00:00:00+00:00,3420090.6220528902
2020-12-08 01:00:00+00:00,3429415.87120861
2020-12-08 02:00:00+00:00,3429731.50191447
2020-12-08 03:00:00+00:00,3429690.57675331
2020-12-08 04:00:00+00:00,3429861.18807495
2020-12-08 05:00:00+00:00,3430187.3327728603
2020-12-08 06:00:00+00:00,3429029.28545561
2020-12-08 07:00:00+00:00,3428881.46571815
2020-12-08 08:00:00+00:00,3429394.84305696
2020-12-08 09:00:00+00:00,3429792.19921002
2020-12-08 10:00:00+00:00,3428821.8661141302
2020-12-08 11:00:00+00:00,3428411.59465798
2020-12-08 12:00:00+00:00,3428472.0462700003
2020-12-08 13:00:00+00:00,3427161.08933178
2020-12-08 14:00:00+00:00,3426639.03309944
2020-12-08 15:00:00+00:00,3427726.47466141
2020-12-08 16:00:00+00:00,3429099.88739147
2020-12-08 17:00:00+00:00,3426516.74219226
2020-12-08 18:00:00+00:00,3431073.10095974
2020-12-08 19:00:00+00:00,3430703.28039874
2020-12-08 20:00:00+00:00,3429808.06163247
2020-12-08 21:00:00+00:00,3425775.76400804
2020-12-08 22:00:00+00:00,3438098.26441242
2020-12-08 23:00:00+00:00,3437055.3805507203
2020-12-09 00:00:00+00:00,3436553.22464411
2020-12-09 01:00:00+00:00,3437531.98994844
2020-12-09 02:00:00+00:00,3436018.56923044
2020-12-09 03:00:00+00:00,3438946.00940306
2020-12-09 04:00:00+00:00,3439702.6155776302
2020-12-09 05:00:00+00:00,3436763.01313468
2020-12-09 06:00:00+00:00,3435696.1249058302
2020-12-09 07:00:00+00:00,3435692.81424796
2020-12-09 08:00:00+00:00,3438064.60786744
2020-12-09 09:00:00+00:00,3438022.5405893
2020-12-09 10:00:00+00:00,3438637.37736601
2020-12-09 11:00:00+00:00,3436643.0351167503
2020-12-09 12:00:00+00:00,3436729.6582348403
2020-12-09 13:00:00+00:00,3437205.60478591
2020-12-09 14:00:00+00:00,3434932.21398549
2020-12-09 15:00:00+00:00,3431208.1256654803
2020-12-09 16:00:00+00:00,3432265.69342115
2020-12-09 17:00:00+00:00,3431688.15529834
2020-12-09 18:00:00+00:00,3430874.22162971
2020-12-09 19:00:00+00:00,3432549.09536794
2020-12-09 20:00:00+00:00,3431647.04546254
2020-12-09 21:00:00+00:00,3432331.41142982
2020-12-09 22:00:00+00:00,3433261.89847772
2020-12-09 23:00:00+00:00,3435909.09927417
2020-12-10 00:00:00+00:00,3434140.03681678
2020-12-10 01:00:00+00:00,3431926.59261779
2020-12-10 02:00:00+00:00,3431014.55649463
2020-12-10 03:00:00+00:00,3430886.220723
2020-12-10 04:00:00+00:00,3430918.6504213703
2020-12-10 05:00:00+00:00,3429656.5058125
2020-12-10 06:00:00+00:00,3429579.63247362
2020-12-10 07:00:00+00:00,3427712.51165872
2020-12-10 08:00:00+00:00,3427912.7588211
2020-12-10 09:00:00+00:00,3427880.9316902403
2020-12-10 10:00:00+00:00,3430944.78226765
2020-12-10 11:00:00+00:00,3430178.6477917
2020-12-10 12:00:00+00:00,3430400.99991192
2020-12-10 13:00:00+00:00,3430102.96516525
2020-12-10 14:00:00+00:00,3429532.18826515
2020-12-10 15:00:00+00:00,3429222.4470501603
2020-12-10 16:00:00+00:00,3431221.52741814
2020-12-10 17:00:00+00:00,3436251.33812364
2020-12-10 18:00:00+00:00,3435576.5608493
2020-12-10 19:00:00+00:00,3438907.75673356
2020-12-10 20:00:00+00:00,3440307.75582173
2020-12-10 21:00:00+00:00,3437841.45833843
2020-12-10 22:00:00+00:00,3433642.61983822
2020-12-10 23:00:00+00:00,3435632.79235257
2020-12-11 00:00:00+00:00,3434431.79515472
2020-12-11 01:00:00+00:00,3431027.98332277
2020-12-11 02:00:00+00:00,3430832.23469382
2020-12-11 03:00:00+00:00,3431317.3017885
2020-12-11 04:00:00+00:00,3431904.83286981
2020-12-11 05:00:00+00:00,3432099.0280778003
2020-12-11 06:00:00+00:00,3431731.48498792
2020-12-11 07:00:00+00:00,3433047.77224132
2020-12-11 08:00:00+00:00,3433357.85538499
2020-12-11 09:00:00+00:00,3432243.8367440603
2020-12-11 10:00:00+00:00,3435170.54125053
2020-12-11 11:00:00+00:00,3434882.99483005
2020-12-11 12:00:00+00:00,3435076.2652351502
2020-12-11 13:00:00+00:00,3438186.24669174
2020-12-11 14:00:00+00:00,3442112.84453613
2020-12-11 15:00:00+00:00,3443053.3583706203
2020-12-11 16:00:00+00:00,3439853.5330907702
2020-12-11 17:00:00+00:00,3440030.12204707
2020-12-11 18:00:00+00:00,3439874.32004721
2020-12-11 19:00:00+00:00,3443373.04708524
2020-12-11 20:00:00+00:00,3446173.10055528
2020-12-11 21:00:00+00:00,3443746.2571119103
2020-12-11 22:00:00+00:00,3443924.94735772
2020-12-11 23:00:00+00:00,3445051.87419721
2020-12-12 00:00:00+00:00,3443745.00956158
2020-12-12 01:00:00+00:00,3442459.89986632
2020-12-12 02:00:00+00:00,3440570.85604038
2020-12-12 03:00:00+00:00,3440851.69444589
2020-12-12 04:00:00+00:00,3441986.03731789
2020-12-12 05:00:00+00:00,3441764.9147555
2020-12-12 06:00:00+00:00,3441816.6414504102
2020-12-12 07:00:00+00:00,3441964.68840827
2020-12-12 08:00:00+00:00,3450928.1631554803
2020-12-12 09:00:00+00:00,3453818.55105273
2020-12-12 10:00:00+00:00,3452045.39983214
2020-12-12 11:00:00+00:00,3449990.0979795703
2020-12-12 12:00:00+00:00,3449469.24333858
2020-12-12 13:00:00+00:00,3446640.48586989
2020-12-12 14:00:00+00:00,3442749.07486406
2020-12-12 15:00:00+00:00,3444057.19020107
2020-12-12 16:00:00+00:00,3444192.59019415
2020-12-12 17:00:00+00:00,3441677.4705643803
2020-12-12 18:00:00+00:00,3439952.92091837
2020-12-12 19:00:00+00:00,3440992.8236762
2020-12-12 20:00:00+00:00,3442063.63871031
2020-12-12 21:00:00+00:00,3442114.70804606
2020-12-12 22:00:00+00:00,3441868.7373937103
2020-12-12 23:00:00+00:00,3442000.2690394702
2020-12-13 00:00:00+00:00,3440807.04617108
2020-12-13 01:00:00+00:00,3440935.24136918
2020-12-13 02:00:00+00:00,3440960.36435629
2020-12-13 03:00:00+00:00,3440971.88645388
2020-12-13 04:00:00+00:00,3441080.1376192
2020-12-13 05:00:00+00:00,3441156.88074917
2020-12-13 06:00:00+00:00,3441192.15202665
2020-12-13 07:00:00+00:00,3441580.34973921
2020-12-13 08:00:00+00:00,3441540.1132232803
2020-12-13 09:00:00+00:00,3441804.90566479
2020-12-13 10:00:00+00:00,3440351.93617068
2020-12-13 11:00:00+00:00,3437536.56332074
2020-12-13 12:00:00+00:00,3436786.05773137
2020-12-13 13:00:00+00:00,3437059.66430087
2020-12-13 14:00:00+00:00,3435868.57325599
2020-12-13 15:00:00+00:00,3437519.76628883
2020-12-13 16:00:00+00:00,3435817.31454075
2020-12-13 17:00:00+00:00,3438092.9787357
2020-12-13 18:00:00+00:00,3436278.84921366
2020-12-13 19:00:00+00:00,3436290.8794123502
2020-12-13 20:00:00+00:00,3436713.92502545
2020-12-13 21:00:00+00:00,3439355.14754207
2020-12-13 22:00:00+00:00,3437308.01699201
2020-12-13 23:00:00+00:00,3438119.27630299
2020-12-14 00:00:00+00:00,3440802.12791215
2020-12-14 01:00:00+00:00,3439461.51818406
2020-12-14 02:00:00+00:00,3436396.06527595
2020-12-14 03:00:00+00:00,3437909.5752385003
2020-12-14 04:00:00+00:00,3436171.00305684
2020-12-14 05:00:00+00:00,3438619.32513913
2020-12-14 06:00:00+00:00,3440205.77979302
2020-12-14 07:00:00+00:00,3439464.0158060403
2020-12-14 08:00:00+00:00,3437473.10844089
2020-12-14 09:00:00+00:00,3433580.53344082
2020-12-14 10:00:00+00:00,3435131.21612671
2020-12-14 11:00:00+00:00,3436880.85803849
2020-12-14 12:00:00+00:00,3424582.91643743
2020-12-14 13:00:00+00:00,3426248.8149516103
2020-12-14 14:00:00+00:00,3425677.6799227903
2020-12-14 15:00:00+00:00,3424732.61107898
2020-12-14 16:00:00+00:00,3424267.10042573
2020-12-14 17:00:00+00:00,3420422.31318092
2020-12-14 18:00:00+00:00,3421914.37995116
2020-12-14 19:00:00+00:00,3421314.57083403
2020-12-14 20:00:00+00:00,3420559.55282622
2020-12-14 21:00:00+00:00,3430450.57808503
2020-12-14 22:00:00+00:00,3428973.102677
2020-12-14 23:00:00+00:00,3432138.6017119703
2020-12-15 00:00:00+00:00,3432362.5311336
2020-12-15 01:00:00+00:00,3432910.87120777
2020-12-15 02:00:00+00:00,3431531.99709194
2020-12-15 03:00:00+00:00,3431234.35595443
2020-12-15 04:00:00+00:00,3437255.07082013
2020-12-15 05:00:00+00:00,3435957.31509232
2020-12-15 06:00:00+00:00,3438774.9076347803
2020-12-15 07:00:00+00:00,3438929.3927137703
2020-12-15 08:00:00+00:00,3431069.99422347
2020-12-15 09:00:00+00:00,3428884.09501521
2020-12-15 10:00:00+00:00,3429285.25226021
2020-12-15 11:00:00+00:00,3430934.19202522
2020-12-15 12:00:00+00:00,3431122.52606461
2020-12-15 13:00:00+00:00,3431189.3512821803
2020-12-15 14:00:00+00:00,3431664.29180738
2020-12-15 15:00:00+00:00,3436367.10466595
2020-12-15 16:00:00+00:00,3431732.9163617003
2020-12-15 17:00:00+00:00,3428833.8445553803
2020-12-15 18:00:00+00:00,3430096.62884436
2020-12-15 19:00:00+00:00,3431411.8090994502
2020-12-15 20:00:00+00:00,3428601.71208737
2020-12-15 21:00:00+00:00,3428274.42631848
2020-12-15 22:00:00+00:00,3426759.06450572
2020-12-15 23:00:00+00:00,3424046.08329572
2020-12-16 00:00:00+00:00,3424063.08149679
2020-12-16 01:00:00+00:00,3423511.83375466
2020-12-16 02:00:00+00:00,3425995.58430125
2020-12-16 03:00:00+00:00,3428433.20978206
2020-12-16 04:00:00+00:00,3430184.36824824
2020-12-16 05:00:00+00:00,3430637.30992496
2020-12-16 06:00:00+00:00,3429571.2207171703
2020-12-16 07:00:00+00:00,3428944.83455403
2020-12-16 08:00:00+00:00,3429302.59986665
2020-12-16 09:00:00+00:00,3428032.8722392903
2020-12-16 10:00:00+00:00,3428601.93537575
2020-12-16 11:00:00+00:00,3426781.762437
2020-12-16 12:00:00+00:00,3428096.6716632
2020-12-16 13:00:00+00:00,3429035.5752003603
2020-12-16 14:00:00+00:00,3428163.00183673
2020-12-16 15:00:00+00:00,3429774.63313766
2020-12-16 16:00:00+00:00,3431228.14598763
2020-12-16 17:00:00+00:00,3424330.38229895
2020-12-16 18:00:00+00:00,3423297.4137517903
2020-12-16 19:00:00+00:00,3423736.0835735803
2020-12-16 20:00:00+00:00,3424634.87571046
2020-12-16 21:00:00+00:00,3424261.4059321
2020-12-16 22:00:00+00:00,3423866.193005
2020-12-16 23:00:00+00:00,3425866.34964398
2020-12-17 00:00:00+00:00,3426049.01349886
2020-12-17 01:00:00+00:00,3427364.93047236
2020-12-17 02:00:00+00:00,3427824.20351343
2020-12-17 03:00:00+00:00,3426713.18445578
2020-12-17 04:00:00+00:00,3424328.54979676
2020-12-17 05:00:00+00:00,3422355.32716454
2020-12-17 06:00:00+00:00,3423998.38859753
2020-12-17 07:00:00+00:00,3423113.2348158
2020-12-17 08:00:00+00:00,3423235.8375561303
2020-12-17 09:00:00+00:00,3420545.70756802
2020-12-17 10:00:00+00:00,3417194.27469754
2020-12-17 11:00:00+00:00,3416488.48991777
2020-12-17 12:00:00+00:00,3416647.6378491
2020-12-17 13:00:00+00:00,3415695.3257865
2020-12-17 14:00:00+00:00,3417180.57668229
2020-12-17 15:00:00+00:00,3417176.0291627003
2020-12-17 16:00:00+00:00,3416147.50228081
2020-12-17 17:00:00+00:00,3415657.7176068
2020-12-17 18:00:00+00:00,3417087.73552846
2020-12-17 19:00:00+00:00,3416890.83805931
2020-12-17 20:00:00+00:00,3415435.32180881
2020-12-17 21:00:00+00:00,3414647.63419866
2020-12-17 22:00:00+00:00,3415811.67134505
2020-12-17 23:00:00+00:00,3416057.36868325
2020-12-18 00:00:00+00:00,3417178.8481514
2020-12-18 01:00:00+00:00,3415789.62534947
2020-12-18 02:00:00+00:00,3415773.41339862
2020-12-18 03:00:00+00:00,3414540.73803643
2020-12-18 04:00:00+00:00,3415267.66349973
2020-12-18 05:00:00+00:00,3415110.19649791
2020-12-18 06:00:00+00:00,3409906.9616481103
2020-12-18 07:00:00+00:00,3409872.46119639
2020-12-18 08:00:00+00:00,3409775.29615329
2020-12-18 09:00:00+00:00,3410153.30044496
2020-12-18 10:00:00+00:00,3424599.22260079
2020-12-18 11:00:00+00:00,3435355.23926822
2020-12-18 12:00:00+00:00,3434846.72969754
2020-12-18 13:00:00+00:00,3434992.32213137
2020-12-18 14:00:00+00:00,3440781.22365957
2020-12-18 15:00:00+00:00,3440812.77539417
2020-12-18 16:00:00+00:00,3456561.42337857
2020-12-18 17:00:00+00:00,3454949.03012055
2020-12-18 18:00:00+00:00,3452604.88789585
2020-12-18 19:00:00+00:00,3451185.61142569
2020-12-18 20:00:00+00:00,3451503.74690285
2020-12-18 21:00:00+00:00,3449718.19690165
2020-12-18 22:00:00+00:00,3445321.40635755
2020-12-18 23:00:00+00:00,3445794.74823703
2020-12-19 00:00:00+00:00,3446138.36262291
2020-12-19 01:00:00+00:00,3446202.16008722
2020-12-19 02:00:00+00:00,3445181.3399657803
2020-12-19 03:00:00+00:00,3444854.11922756
2020-12-19 04:00:00+00:00,3444797.21716654
2020-12-19 05:00:00+00:00,3444056.93104078
2020-12-19 06:00:00+00:00,3444182.40050263
2020-12-19 07:00:00+00:00,3443985.88393772
2020-12-19 08:00:00+00:00,3443738.3546166
2020-12-19 09:00:00+00:00,3442821.0296612
2020-12-19 10:00:00+00:00,3441292.20028191
2020-12-19 11:00:00+00:00,3439748.99813595
2020-12-19 12:00:00+00:00,3439852.3769203
2020-12-19 13:00:00+00:00,3439885.64630778
2020-12-19 14:00:00+00:00,3439396.0383237
2020-12-19 15:00:00+00:00,3439981.75153661
2020-12-19 16:00:00+00:00,3440039.3859404903
2020-12-19 17:00:00+00:00,3440206.47830765
2020-12-19 18:00:00+00:00,3440162.74319948
2020-12-19 19:00:00+00:00,3441560.56037371
2020-12-19 20:00:00+00:00,3442090.92960195
2020-12-19 21:00:00+00:00,3440695.06196186
2020-12-19 22:00:00+00:00,3440252.88793815
2020-12-19 23:00:00+00:00,3440344.69015011
2020-12-20 00:00:00+00:00,3440876.66214173
2020-12-20 01:00:00+00:00,3440776.98328639
2020-12-20 02:00:00+00:00,3440396.50561407
2020-12-20 03:00:00+00:00,3441534.04638525
2020-12-20 04:00:00+00:00,3442446.96568988
2020-12-20 05:00:00+00:00,3442819.97092981
2020-12-20 06:00:00+00:00,3442450.40961272
2020-12-20 07:00:00+00:00,3441659.98775237
2020-12-20 08:00:00+00:00,3441588.13209438
2020-12-20 09:00:00+00:00,3441664.88745589
2020-12-20 10:00:00+00:00,3442124.36383304
2020-12-20 11:00:00+00:00,3441906.87359774
2020-12-20 12:00:00+00:00,3442224.01648596
2020-12-20 13:00:00+00:00,3442198.76274154
2020-12-20 14:00:00+00:00,3444750.45921348
2020-12-20 15:00:00+00:00,3446499.60751447
2020-12-20 16:00:00+00:00,3447404.8790094303
2020-12-20 17:00:00+00:00,3447550.43977377
2020-12-20 18:00:00+00:00,3447577.65049804
2020-12-20 19:00:00+00:00,3447555.83310671
2020-12-20 20:00:00+00:00,3447765.65452941
2020-12-20 21:00:00+00:00,3447759.41827993
2020-12-20 22:00:00+00:00,3448418.1521035703
2020-12-20 23:00:00+00:00,3447400.27473921
2020-12-21 00:00:00+00:00,3448013.762233
2020-12-21 01:00:00+00:00,3446681.7095526
2020-12-21 02:00:00+00:00,3446637.28674378
2020-12-21 03:00:00+00:00,3446637.92707758
2020-12-21 04:00:00+00:00,3447381.9068630203
2020-12-21 05:00:00+00:00,3444061.2993893703
2020-12-21 06:00:00+00:00,3443732.40609531
2020-12-21 07:00:00+00:00,3442910.26472193
2020-12-21 08:00:00+00:00,3444628.36350798
2020-12-21 09:00:00+00:00,3444111.06136238
2020-12-21 10:00:00+00:00,3444116.97015936
2020-12-21 11:00:00+00:00,3444839.45307046
2020-12-21 12:00:00+00:00,3443672.28827974
2020-12-21 13:00:00+00:00,3444291.68232251
2020-12-21 14:00:00+00:00,3444740.78122999
2020-12-21 15:00:00+00:00,3445774.82371359
2020-12-21 16:00:00+00:00,3443198.91145943
2020-12-21 17:00:00+00:00,3444792.69676898
2020-12-21 18:00:00+00:00,3444791.10936536
2020-12-21 19:00:00+00:00,3446637.31051922
2020-12-21 20:00:00+00:00,3457543.3582105
2020-12-21 21:00:00+00:00,3456875.47994263
2020-12-21 22:00:00+00:00,3447312.84375191
2020-12-21 23:00:00+00:00,3445036.01133559
2020-12-22 00:00:00+00:00,3446847.50645505
2020-12-22 01:00:00+00:00,3448091.25875134
2020-12-22 02:00:00+00:00,3447159.30528309
2020-12-22 03:00:00+00:00,3449395.8701479603
2020-12-22 04:00:00+00:00,3449297.41919852
2020-12-22 05:00:00+00:00,3449320.4485145803
2020-12-22 06:00:00+00:00,3450844.79959831
2020-12-22 07:00:00+00:00,3452249.1791894003
2020-12-22 08:00:00+00:00,3451985.29422386
2020-12-22 09:00:00+00:00,3449192.9193155603
2020-12-22 10:00:00+00:00,3450149.54738402
2020-12-22 11:00:00+00:00,3449058.0894972603
2020-12-22 12:00:00+00:00,3448649.58028992
2020-12-22 13:00:00+00:00,3450943.77759072
2020-12-22 14:00:00+00:00,3451266.40972719
2020-12-22 15:00:00+00:00,3450642.44277221
2020-12-22 16:00:00+00:00,3450206.99534504
2020-12-22 17:00:00+00:00,3450581.98467538
2020-12-22 18:00:00+00:00,3449331.78002492
2020-12-22 19:00:00+00:00,3450005.17553862
2020-12-22 20:00:00+00:00,3467544.27864359
2020-12-22 21:00:00+00:00,3466771.54688307
2020-12-22 22:00:00+00:00,3465614.68059205
2020-12-22 23:00:00+00:00,3460387.41125448
2020-12-23 00:00:00+00:00,3459309.48635243
2020-12-23 01:00:00+00:00,3459424.81709588
2020-12-23 02:00:00+00:00,3458978.18571286
2020-12-23 03:00:00+00:00,3461109.27427032
2020-12-23 04:00:00+00:00,3459129.87853913
2020-12-23 05:00:00+00:00,3457699.39123094
2020-12-23 06:00:00+00:00,3459211.36154454
2020-12-23 07:00:00+00:00,3459906.23294072
2020-12-23 08:00:00+00:00,3458156.8101708503
2020-12-23 09:00:00+00:00,3459531.8992965403
2020-12-23 10:00:00+00:00,3459273.13254317
2020-12-23 11:00:00+00:00,3461821.37280571
2020-12-23 12:00:00+00:00,3460834.15501471
2020-12-23 13:00:00+00:00,3461920.31633261
2020-12-23 14:00:00+00:00,3462470.06264378
2020-12-23 15:00:00+00:00,3463664.69455517
2020-12-23 16:00:00+00:00,3493889.00803295
2020-12-23 17:00:00+00:00,3501195.84994988
2020-12-23 18:00:00+00:00,3498868.3266065
2020-12-23 19:00:00+00:00,3497442.89807148
2020-12-23 20:00:00+00:00,3498051.03914985
2020-12-23 21:00:00+00:00,3493999.41256596
2020-12-23 22:00:00+00:00,3490381.06418236
2020-12-23 23:00:00+00:00,3491739.83869176
2020-12-24 00:00:00+00:00,3492210.63624849
2020-12-24 01:00:00+00:00,3483081.03176394
2020-12-24 02:00:00+00:00,3481616.6767769
2020-12-24 03:00:00+00:00,3481543.4764023
2020-12-24 04:00:00+00:00,3482688.5825620303
2020-12-24 05:00:00+00:00,3480247.70341666
2020-12-24 06:00:00+00:00,3480022.0292105703
2020-12-24 07:00:00+00:00,3479871.8355846703
2020-12-24 08:00:00+00:00,3480148.82747606
2020-12-24 09:00:00+00:00,3479848.86377313
2020-12-24 10:00:00+00:00,3480180.0104605
2020-12-24 11:00:00+00:00,3481412.20462614
2020-12-24 12:00:00+00:00,3482134.43238024
2020-12-24 13:00:00+00:00,3482099.4421502003
2020-12-24 14:00:00+00:00,3487920.17030641
2020-12-24 15:00:00+00:00,3485656.18490153
2020-12-24 16:00:00+00:00,3487030.72948973
2020-12-24 17:00:00+00:00,3486721.60747757
2020-12-24 18:00:00+00:00,3485876.50215647
2020-12-24 19:00:00+00:00,3486128.5301799
2020-12-24 20:00:00+00:00,3485111.69738277
2020-12-24 21:00:00+00:00,3500436.0888709403
2020-12-24 22:00:00+00:00,3497659.60452697
2020-12-24 23:00:00+00:00,3497604.6001278
2020-12-25 00:00:00+00:00,3498287.27004745
2020-12-25 01:00:00+00:00,3499682.13802195
2020-12-25 02:00:00+00:00,3500330.53288997
2020-12-25 03:00:00+00:00,3501387.66216242
2020-12-25 04:00:00+00:00,3501215.15520833
2020-12-25 05:00:00+00:00,3501389.96564798
2020-12-25 06:00:00+00:00,3501311.5295243203
2020-12-25 07:00:00+00:00,3500330.12298736
2020-12-25 08:00:00+00:00,3500492.67421365
2020-12-25 09:00:00+00:00,3500737.7776618
2020-12-25 10:00:00+00:00,3500325.41726427
2020-12-25 11:00:00+00:00,3500016.70575033
2020-12-25 12:00:00+00:00,3499650.96307083
2020-12-25 13:00:00+00:00,3499979.42561672
2020-12-25 14:00:00+00:00,3500947.22485196
2020-12-25 15:00:00+00:00,3500765.76435124
2020-12-25 16:00:00+00:00,3500829.63354908
2020-12-25 17:00:00+00:00,3501723.8753104103
2020-12-25 18:00:00+00:00,3501693.08830278
2020-12-25 19:00:00+00:00,3501629.63057115
2020-12-25 20:00:00+00:00,3501662.27587662
2020-12-25 21:00:00+00:00,3502274.77692165
2020-12-25 22:00:00+00:00,3502312.7615976003
2020-12-25 23:00:00+00:00,3502432.6137773
2020-12-26 00:00:00+00:00,3502435.4890653803
2020-12-26 01:00:00+00:00,3501240.23155548
2020-12-26 02:00:00+00:00,3501317.7899004803
2020-12-26 03:00:00+00:00,3500465.9240351203
2020-12-26 04:00:00+00:00,3500412.9120292403
2020-12-26 05:00:00+00:00,3500408.9734123102
2020-12-26 06:00:00+00:00,3491368.77745985
2020-12-26 07:00:00+00:00,3490495.23925677
2020-12-26 08:00:00+00:00,3490465.11363948
2020-12-26 09:00:00+00:00,3490543.12273446
2020-12-26 10:00:00+00:00,3490850.86933752
2020-12-26 11:00:00+00:00,3491875.8119974
2020-12-26 12:00:00+00:00,3491911.0190476
2020-12-26 13:00:00+00:00,3492572.33151463
2020-12-26 14:00:00+00:00,3493826.4299955103
2020-12-26 15:00:00+00:00,3493685.93625227
2020-12-26 16:00:00+00:00,3494308.58603386
2020-12-26 17:00:00+00:00,3502284.83285356
2020-12-26 18:00:00+00:00,3502360.37393032
2020-12-26 19:00:00+00:00,3502331.63054174
2020-12-26 20:00:00+00:00,3502033.42948385
2020-12-26 21:00:00+00:00,3502086.48743336
2020-12-26 22:00:00+00:00,3502138.14493013
2020-12-26 23:00:00+00:00,3509265.28447518
2020-12-27 00:00:00+00:00,3509291.32256604
2020-12-27 01:00:00+00:00,3509889.12752779
2020-12-27 02:00:00+00:00,3509637.16326506
2020-12-27 03:00:00+00:00,3509670.7094661603
2020-12-27 04:00:00+00:00,3508827.67359693
2020-12-27 05:00:00+00:00,3508820.97735668
2020-12-27 06:00:00+00:00,3508820.15450976
2020-12-27 07:00:00+00:00,3509374.67676709
2020-12-27 08:00:00+00:00,3508344.44628995
2020-12-27 09:00:00+00:00,3507871.2625557003
2020-12-27 10:00:00+00:00,3509339.86140314
2020-12-27 11:00:00+00:00,3508710.68295726
2020-12-27 12:00:00+00:00,3505053.72610289
2020-12-27 13:00:00+00:00,3505354.44831667
2020-12-27 14:00:00+00:00,3505111.73431129
2020-12-27 15:00:00+00:00,3505249.9431714
2020-12-27 16:00:00+00:00,3505518.73731629
2020-12-27 17:00:00+00:00,3505656.08921553
2020-12-27 18:00:00+00:00,3503440.19923277
2020-12-27 19:00:00+00:00,3502739.57595532
2020-12-27 20:00:00+00:00,3502795.0283799
2020-12-27 21:00:00+00:00,3502804.36544084
2020-12-27 22:00:00+00:00,3502465.07689592
2020-12-27 23:00:00+00:00,3502442.13719885
2020-12-28 00:00:00+00:00,3503263.7919796403
2020-12-28 01:00:00+00:00,3502631.58474457
2020-12-28 02:00:00+00:00,3504554.2356742
2020-12-28 03:00:00+00:00,3503696.32557762
2020-12-28 04:00:00+00:00,3503751.07340654
2020-12-28 05:00:00+00:00,3503748.1555176103
2020-12-28 06:00:00+00:00,3502379.83859521
2020-12-28 07:00:00+00:00,3502342.34375265
2020-12-28 08:00:00+00:00,3502041.9267628
2020-12-28 09:00:00+00:00,3501486.46357339
2020-12-28 10:00:00+00:00,3501840.4381835503
2020-12-28 11:00:00+00:00,3500185.21834295
2020-12-28 12:00:00+00:00,3499182.14037298
2020-12-28 13:00:00+00:00,3498326.72643204
2020-12-28 14:00:00+00:00,3501869.6825752
2020-12-28 15:00:00+00:00,3502344.64954133
2020-12-28 16:00:00+00:00,3500035.99558522
2020-12-28 17:00:00+00:00,3502212.65814267
2020-12-28 18:00:00+00:00,3500978.05313564
2020-12-28 19:00:00+00:00,3554536.07309204
2020-12-28 20:00:00+00:00,3553672.86956935
2020-12-28 21:00:00+00:00,3559485.33528746
2020-12-28 22:00:00+00:00,3557677.12124284
2020-12-28 23:00:00+00:00,3557932.12463779
2020-12-29 00:00:00+00:00,3560401.7971099
2020-12-29 01:00:00+00:00,3560663.97803441
2020-12-29 02:00:00+00:00,3558997.10582734
2020-12-29 03:00:00+00:00,3559060.38635565
2020-12-29 04:00:00+00:00,3559017.97379212
2020-12-29 05:00:00+00:00,3559605.6524463403
2020-12-29 06:00:00+00:00,3559372.63981937
2020-12-29 07:00:00+00:00,3559127.82153833
2020-12-29 08:00:00+00:00,3559160.9954519
2020-12-29 09:00:00+00:00,3560057.38055903
2020-12-29 10:00:00+00:00,3558020.74644186
2020-12-29 11:00:00+00:00,3558629.2624748102
2020-12-29 12:00:00+00:00,3557869.93105842
2020-12-29 13:00:00+00:00,3558583.80300895
2020-12-29 14:00:00+00:00,3558620.52281094
2020-12-29 15:00:00+00:00,3557758.13422662
2020-12-29 16:00:00+00:00,3558414.37652516
2020-12-29 17:00:00+00:00,3557613.16544415
2020-12-29 18:00:00+00:00,3557987.07537827
2020-12-29 19:00:00+00:00,3558831.5380884
2020-12-29 20:00:00+00:00,3559864.74177573
2020-12-29 21:00:00+00:00,3560222.1419138
2020-12-29 22:00:00+00:00,3559876.24677203
2020-12-29 23:00:00+00:00,3561612.3987900503
2020-12-30 00:00:00+00:00,3561375.91642693
2020-12-30 01:00:00+00:00,3559891.15679414
2020-12-30 02:00:00+00:00,3560040.36712394
2020-12-30 03:00:00+00:00,3562521.25298848
2020-12-30 04:00:00+00:00,3562384.69812916
2020-12-30 05:00:00+00:00,3560426.64448392
2020-12-30 06:00:00+00:00,3560795.59219523
2020-12-30 07:00:00+00:00,3560617.72473435
2020-12-30 08:00:00+00:00,3558480.2986245
2020-12-30 09:00:00+00:00,3557645.10400305
2020-12-30 10:00:00+00:00,3557248.81599564
2020-12-30 11:00:00+00:00,3556330.44639236
2020-12-30 12:00:00+00:00,3556409.5044954303
2020-12-30 13:00:00+00:00,3557081.74958385
2020-12-30 14:00:00+00:00,3558527.61086631
2020-12-30 15:00:00+00:00,3560599.40249925
2020-12-30 16:00:00+00:00,3560162.2910284
2020-12-30 17:00:00+00:00,3559389.3235031
2020-12-30 18:00:00+00:00,3559432.9017071403
2020-12-30 19:00:00+00:00,3558256.24833463
2020-12-30 20:00:00+00:00,3562856.36117654
2020-12-30 21:00:00+00:00,3552938.6039517303
2020-12-30 22:00:00+00:00,3551900.14445229
2020-12-30 23:00:00+00:00,3559132.17813641
2020-12-31 00:00:00+00:00,3556629.11060182
2020-12-31 01:00:00+00:00,3554489.73112262
2020-12-31 02:00:00+00:00,3564715.21140406
2020-12-31 03:00:00+00:00,3564475.12037495
2020-12-31 04:00:00+00:00,3564423.2052737903
2020-12-31 05:00:00+00:00,3564645.93938398
2020-12-31 06:00:00+00:00,3564851.69591919
2020-12-31 07:00:00+00:00,3564897.08081127
2020-12-31 08:00:00+00:00,3564705.56362451
2020-12-31 09:00:00+00:00,3565401.19500487
2020-12-31 10:00:00+00:00,3564931.37566539
2020-12-31 11:00:00+00:00,3562030.77311676
2020-12-31 12:00:00+00:00,3560428.82992999
2020-12-31 13:00:00+00:00,3561884.5922200503
2020-12-31 14:00:00+00:00,3562419.1976803
2020-12-31 15:00:00+00:00,3565647.7530844803
2020-12-31 16:00:00+00:00,3563838.47979894
2020-12-31 17:00:00+00:00,3563363.26290339
2020-12-31 18:00:00+00:00,3565820.03985544
2020-12-31 19:00:00+00:00,3566608.84664478
2020-12-31 20:00:00+00:00,3566690.60326971
2020-12-31 21:00:00+00:00,3568368.09181218
2020-12-31 22:00:00+00:00,3570383.5872072103
2020-12-31 23:00:00+00:00,3570629.97193524
2021-01-01 00:00:00+00:00,3570007.05080899
2021-01-01 01:00:00+00:00,3573640.42950934
2021-01-01 02:00:00+00:00,3573326.09850662
2021-01-01 03:00:00+00:00,3573282.57962796
2021-01-01 04:00:00+00:00,3575027.8735881
2021-01-01 05:00:00+00:00,3575106.3457034803
2021-01-01 06:00:00+00:00,3575134.77880298
2021-01-01 07:00:00+00:00,3576497.07506602
2021-01-01 08:00:00+00:00,3576619.1337801903
2021-01-01 09:00:00+00:00,3577747.73689486
2021-01-01 10:00:00+00:00,3576553.23462792
2021-01-01 11:00:00+00:00,3576283.9427349903
2021-01-01 12:00:00+00:00,3575941.23019066
2021-01-01 13:00:00+00:00,3574808.54970517
2021-01-01 14:00:00+00:00,3572529.68928492
2021-01-01 15:00:00+00:00,3576280.7123020203
2021-01-01 16:00:00+00:00,3576183.71368767
2021-01-01 17:00:00+00:00,3575451.68199062
2021-01-01 18:00:00+00:00,3575494.56626708
2021-01-01 19:00:00+00:00,3575620.95251302
2021-01-01 20:00:00+00:00,3575776.45486952
2021-01-01 21:00:00+00:00,3575642.66924557
2021-01-01 22:00:00+00:00,3578633.92844531
2021-01-01 23:00:00+00:00,3578694.67432147
2021-01-02 00:00:00+00:00,3577586.35961004
2021-01-02 01:00:00+00:00,3576829.5224428503
2021-01-02 02:00:00+00:00,3576960.2099719
2021-01-02 03:00:00+00:00,3567477.19094809
2021-01-02 04:00:00+00:00,3568414.75693146
2021-01-02 05:00:00+00:00,3567381.58143752
2021-01-02 06:00:00+00:00,3567164.46462547
2021-01-02 07:00:00+00:00,3566895.21517732
2021-01-02 08:00:00+00:00,3565972.60504164
2021-01-02 09:00:00+00:00,3565581.8644416
2021-01-02 10:00:00+00:00,3566157.40857976
2021-01-02 11:00:00+00:00,3564676.62560457
2021-01-02 12:00:00+00:00,3564496.01988139
2021-01-02 13:00:00+00:00,3562960.57229679
2021-01-02 14:00:00+00:00,3563047.66162793
2021-01-02 15:00:00+00:00,3563344.50121659
2021-01-02 16:00:00+00:00,3562331.68403613
2021-01-02 17:00:00+00:00,3563062.79397021
2021-01-02 18:00:00+00:00,3565261.5760112302
2021-01-02 19:00:00+00:00,3567077.5016085403
2021-01-02 20:00:00+00:00,3566484.78492579
2021-01-02 21:00:00+00:00,3563576.69891274
2021-01-02 22:00:00+00:00,3565106.29617572
2021-01-02 23:00:00+00:00,3564955.65033192
2021-01-03 00:00:00+00:00,3563449.57282694
2021-01-03 01:00:00+00:00,3563099.72658211
2021-01-03 02:00:00+00:00,3563192.74879525
2021-01-03 03:00:00+00:00,3565995.10991383
2021-01-03 04:00:00+00:00,3566414.99488399
2021-01-03 05:00:00+00:00,3566727.47304215
2021-01-03 06:00:00+00:00,3566787.26832582
2021-01-03 07:00:00+00:00,3573545.36688347
2021-01-03 08:00:00+00:00,3573320.14056798
2021-01-03 09:00:00+00:00,3571982.33321537
2021-01-03 10:00:00+00:00,3571627.0700213
2021-01-03 11:00:00+00:00,3573263.00495945
2021-01-03 12:00:00+00:00,3572490.87447676
2021-01-03 13:00:00+00:00,3572990.8704512003
2021-01-03 14:00:00+00:00,3571362.38793432
2021-01-03 15:00:00+00:00,3571405.70227027
2021-01-03 16:00:00+00:00,3571456.23217019
2021-01-03 17:00:00+00:00,3572182.03075055
2021-01-03 18:00:00+00:00,3572347.70816521
2021-01-03 19:00:00+00:00,3571963.2587591303
2021-01-03 20:00:00+00:00,3572258.9021054
2021-01-03 21:00:00+00:00,3571941.60915029
2021-01-03 22:00:00+00:00,3573565.05853689
2021-01-03 23:00:00+00:00,3573919.4276321903
2021-01-04 00:00:00+00:00,3569064.71473278
2021-01-04 01:00:00+00:00,3568791.68120036
2021-01-04 02:00:00+00:00,3568645.10939497
2021-01-04 03:00:00+00:00,3568708.08464364
2021-01-04 04:00:00+00:00,3568811.67591099
2021-01-04 05:00:00+00:00,3569185.30082627
2021-01-04 06:00:00+00:00,3568779.36986572
2021-01-04 07:00:00+00:00,3568225.68073331
2021-01-04 08:00:00+00:00,3568814.52638363
2021-01-04 09:00:00+00:00,3570982.70029721
2021-01-04 10:00:00+00:00,3570703.49378693
2021-01-04 11:00:00+00:00,3569851.19275241
2021-01-04 12:00:00+00:00,3569630.0033207103
2021-01-04 13:00:00+00:00,3571799.59674825
2021-01-04 14:00:00+00:00,3572478.97195714
2021-01-04 15:00:00+00:00,3573897.90912098
2021-01-04 16:00:00+00:00,3577393.14219634
2021-01-04 17:00:00+00:00,3581436.7925859
2021-01-04 18:00:00+00:00,3579160.06080747
2021-01-04 19:00:00+00:00,3579479.88828804
2021-01-04 20:00:00+00:00,3578252.36243411
2021-01-04 21:00:00+00:00,3573178.03844128
2021-01-04 22:00:00+00:00,3574260.22513417
2021-01-04 23:00:00+00:00,3570391.02987053
2021-01-05 00:00:00+00:00,3575661.02916757
2021-01-05 01:00:00+00:00,3578640.71676277
2021-01-05 02:00:00+00:00,3578421.85729693
2021-01-05 03:00:00+00:00,3573748.25985058
2021-01-05 04:00:00+00:00,3573827.10342271
2021-01-05 05:00:00+00:00,3574409.01365098
2021-01-05 06:00:00+00:00,3574744.50030911
2021-01-05 07:00:00+00:00,3574941.91837679
2021-01-05 08:00:00+00:00,3571283.02655065
2021-01-05 09:00:00+00:00,3572186.4881533403
2021-01-05 10:00:00+00:00,3570248.02108381
2021-01-05 11:00:00+00:00,3570201.02721682
2021-01-05 12:00:00+00:00,3569880.46929349
2021-01-05 13:00:00+00:00,3571412.55398482
2021-01-05 14:00:00+00:00,3571939.09227494
2021-01-05 15:00:00+00:00,3572808.8149744
2021-01-05 16:00:00+00:00,3572551.5243909
2021-01-05 17:00:00+00:00,3571890.57051829
2021-01-05 18:00:00+00:00,3572126.10104557
2021-01-05 19:00:00+00:00,3572072.55677661
2021-01-05 20:00:00+00:00,3572337.86845857
2021-01-05 21:00:00+00:00,3572119.41050575
2021-01-05 22:00:00+00:00,3573582.81253663
2021-01-05 23:00:00+00:00,3573410.91372418
2021-01-06 00:00:00+00:00,3576381.91812487
2021-01-06 01:00:00+00:00,3576700.19359837
2021-01-06 02:00:00+00:00,3577752.90450837
2021-01-06 03:00:00+00:00,3579251.2214005003
2021-01-06 04:00:00+00:00,3579047.56025496
2021-01-06 05:00:00+00:00,3579004.19852114
2021-01-06 06:00:00+00:00,3577906.8883874803
2021-01-06 07:00:00+00:00,3577963.33933659
2021-01-06 08:00:00+00:00,3578394.24005753
2021-01-06 09:00:00+00:00,3578448.63790905
2021-01-06 10:00:00+00:00,3578422.56482286
2021-01-06 11:00:00+00:00,3577261.82834969
2021-01-06 12:00:00+00:00,3579058.94046298
2021-01-06 13:00:00+00:00,3582966.88505998
2021-01-06 14:00:00+00:00,3584093.28495561
2021-01-06 15:00:00+00:00,3587366.25957733
2021-01-06 16:00:00+00:00,3588922.75448684
2021-01-06 17:00:00+00:00,3588397.77138985
2021-01-06 18:00:00+00:00,3588004.27493485
2021-01-06 19:00:00+00:00,3584996.46653241
2021-01-06 20:00:00+00:00,3584665.3653026703
2021-01-06 21:00:00+00:00,3587307.22862024
2021-01-06 22:00:00+00:00,3589612.66777197
2021-01-06 23:00:00+00:00,3588699.17065589
2021-01-07 00:00:00+00:00,3586479.26893289
2021-01-07 01:00:00+00:00,3586627.08746094
2021-01-07 02:00:00+00:00,3586186.4203211
2021-01-07 03:00:00+00:00,3586456.94179721
2021-01-07 04:00:00+00:00,3583569.39833456
2021-01-07 05:00:00+00:00,3582952.2307320703
2021-01-07 06:00:00+00:00,3583113.9349061903
2021-01-07 07:00:00+00:00,3584740.11933475
2021-01-07 08:00:00+00:00,3583697.23403394
2021-01-07 09:00:00+00:00,3580087.60511811
2021-01-07 10:00:00+00:00,3581875.51903801
2021-01-07 11:00:00+00:00,3582094.58759218
2021-01-07 12:00:00+00:00,3581019.31347842
2021-01-07 13:00:00+00:00,3582824.03177254
2021-01-07 14:00:00+00:00,3582143.66220635
2021-01-07 15:00:00+00:00,3582752.24349032
2021-01-07 16:00:00+00:00,3580521.27165916
2021-01-07 17:00:00+00:00,3582054.68793326
2021-01-07 18:00:00+00:00,3569923.10868407
2021-01-07 19:00:00+00:00,3572192.12052963
2021-01-07 20:00:00+00:00,3577575.37224179
2021-01-07 21:00:00+00:00,3575346.0015129503
2021-01-07 22:00:00+00:00,3574921.13205797
2021-01-07 23:00:00+00:00,3574734.87571468
2021-01-08 00:00:00+00:00,3575961.95520729
2021-01-08 01:00:00+00:00,3574561.1678511403
2021-01-08 02:00:00+00:00,3573169.9156670203
2021-01-08 03:00:00+00:00,3570376.8763595102
2021-01-08 04:00:00+00:00,3570299.73434302
2021-01-08 05:00:00+00:00,3569984.32003816
2021-01-08 06:00:00+00:00,3569538.58836473
2021-01-08 07:00:00+00:00,3570553.94607847
2021-01-08 08:00:00+00:00,3565867.32683555
2021-01-08 09:00:00+00:00,3565675.45197809
2021-01-08 10:00:00+00:00,3567720.6318576
2021-01-08 11:00:00+00:00,3565517.0401091003
2021-01-08 12:00:00+00:00,3564885.76639536
2021-01-08 13:00:00+00:00,3563518.12441845
2021-01-08 14:00:00+00:00,3565333.43955352
2021-01-08 15:00:00+00:00,3564516.56580912
2021-01-08 16:00:00+00:00,3564486.60284221
2021-01-08 17:00:00+00:00,3567043.6773090903
2021-01-08 18:00:00+00:00,3565665.64099335
2021-01-08 19:00:00+00:00,3565047.75348749
2021-01-08 20:00:00+00:00,3562209.90255872
2021-01-08 21:00:00+00:00,3559434.30735815
2021-01-08 22:00:00+00:00,3561612.89093433
2021-01-08 23:00:00+00:00,3575890.5517217
2021-01-09 00:00:00+00:00,3576037.28497764
2021-01-09 01:00:00+00:00,3567213.90247181
2021-01-09 02:00:00+00:00,3565455.7035327903
2021-01-09 03:00:00+00:00,3562137.51449439
2021-01-09 04:00:00+00:00,3562414.33649497
2021-01-09 05:00:00+00:00,3561954.3522643
2021-01-09 06:00:00+00:00,3561836.51026676
2021-01-09 07:00:00+00:00,3561843.98333551
2021-01-09 08:00:00+00:00,3560651.36058773
2021-01-09 09:00:00+00:00,3559966.38105134
2021-01-09 10:00:00+00:00,3560216.02609498
2021-01-09 11:00:00+00:00,3559617.60538234
2021-01-09 12:00:00+00:00,3568719.49246101
2021-01-09 13:00:00+00:00,3568763.49375853
2021-01-09 14:00:00+00:00,3568823.1877924
2021-01-09 15:00:00+00:00,3569197.24142401
2021-01-09 16:00:00+00:00,3569203.99336567
2021-01-09 17:00:00+00:00,3567609.70230299
2021-01-09 18:00:00+00:00,3567748.59492071
2021-01-09 19:00:00+00:00,3568939.42453206
2021-01-09 20:00:00+00:00,3569235.01769183
2021-01-09 21:00:00+00:00,3566841.33783795
2021-01-09 22:00:00+00:00,3569297.18002263
2021-01-09 23:00:00+00:00,3567147.99010305
2021-01-10 00:00:00+00:00,3566676.26418294
2021-01-10 01:00:00+00:00,3567370.37907066
2021-01-10 02:00:00+00:00,3567289.85935093
2021-01-10 03:00:00+00:00,3568917.65897415
2021-01-10 04:00:00+00:00,3568767.09413478
2021-01-10 05:00:00+00:00,3568438.14179719
2021-01-10 06:00:00+00:00,3567451.48603601
2021-01-10 07:00:00+00:00,3568859.4719447
2021-01-10 08:00:00+00:00,3569510.18763281
2021-01-10 09:00:00+00:00,3569996.67920267
2021-01-10 10:00:00+00:00,3567359.99069618
2021-01-10 11:00:00+00:00,3569178.58205477
2021-01-10 12:00:00+00:00,3569652.15156398
2021-01-10 13:00:00+00:00,3570123.78147953
2021-01-10 14:00:00+00:00,3570232.21050137
2021-01-10 15:00:00+00:00,3567770.75177991
2021-01-10 16:00:00+00:00,3569424.90635239
2021-01-10 17:00:00+00:00,3567786.78383422
2021-01-10 18:00:00+00:00,3570381.59327767
2021-01-10 19:00:00+00:00,3568517.95636327
2021-01-10 20:00:00+00:00,3570147.81954367
2021-01-10 21:00:00+00:00,3569158.06257392
2021-01-10 22:00:00+00:00,3570078.54775544
2021-01-10 23:00:00+00:00,3570291.1615042603
2021-01-11 00:00:00+00:00,3570025.7788719903
2021-01-11 01:00:00+00:00,3568406.89105332
2021-01-11 02:00:00+00:00,3568068.1550434
2021-01-11 03:00:00+00:00,3566932.16150165
2021-01-11 04:00:00+00:00,3565290.82844219
2021-01-11 05:00:00+00:00,3564836.67105541
2021-01-11 06:00:00+00:00,3566173.43836393
2021-01-11 07:00:00+00:00,3565421.91573607
2021-01-11 08:00:00+00:00,3568451.03477493
2021-01-11 09:00:00+00:00,3566449.13569865
2021-01-11 10:00:00+00:00,3566952.88728642
2021-01-11 11:00:00+00:00,3568272.96562307
2021-01-11 12:00:00+00:00,3577297.36930094
2021-01-11 13:00:00+00:00,3579758.71996857
2021-01-11 14:00:00+00:00,3571117.12932937
2021-01-11 15:00:00+00:00,3572051.71269809
2021-01-11 16:00:00+00:00,3572038.22361552
2021-01-11 17:00:00+00:00,3574134.17856891
2021-01-11 18:00:00+00:00,3588409.6444527903
2021-01-11 19:00:00+00:00,3590495.54532193
2021-01-11 20:00:00+00:00,3577372.13573335
2021-01-11 21:00:00+00:00,3574015.0185874403
2021-01-11 22:00:00+00:00,3575330.27756029
2021-01-11 23:00:00+00:00,3564479.67777937
2021-01-12 00:00:00+00:00,3561131.77929153
2021-01-12 01:00:00+00:00,3561533.52342552
2021-01-12 02:00:00+00:00,3562289.03524454
2021-01-12 03:00:00+00:00,3562765.51392603
2021-01-12 04:00:00+00:00,3564185.95086751
2021-01-12 05:00:00+00:00,3565545.41400579
2021-01-12 06:00:00+00:00,3565969.58151457
2021-01-12 07:00:00+00:00,3563346.4229638
2021-01-12 08:00:00+00:00,3559549.07718459
2021-01-12 09:00:00+00:00,3551218.23178879
2021-01-12 10:00:00+00:00,3551356.69805902
2021-01-12 11:00:00+00:00,3555844.27059067
2021-01-12 12:00:00+00:00,3555769.78209582
2021-01-12 13:00:00+00:00,3555629.16676929
2021-01-12 14:00:00+00:00,3553092.3887984003
2021-01-12 15:00:00+00:00,3554864.67407854
2021-01-12 16:00:00+00:00,3554955.21412074
2021-01-12 17:00:00+00:00,3552707.55538129
2021-01-12 18:00:00+00:00,3557127.78260522
2021-01-12 19:00:00+00:00,3557717.7293660203
2021-01-12 20:00:00+00:00,3560018.77460866
2021-01-12 21:00:00+00:00,3555436.50651355
2021-01-12 22:00:00+00:00,3555574.3513853
2021-01-12 23:00:00+00:00,3556149.85899765
2021-01-13 00:00:00+00:00,3557325.90524608
2021-01-13 01:00:00+00:00,3554003.91833858
2021-01-13 02:00:00+00:00,3553787.4092146
2021-01-13 03:00:00+00:00,3557824.82285138
2021-01-13 04:00:00+00:00,3558330.28183016
2021-01-13 05:00:00+00:00,3555949.24457857
2021-01-13 06:00:00+00:00,3558094.21733912
2021-01-13 07:00:00+00:00,3556030.7968752203
2021-01-13 08:00:00+00:00,3558029.49608706
2021-01-13 09:00:00+00:00,3546280.7088348
2021-01-13 10:00:00+00:00,3547416.16718997
2021-01-13 11:00:00+00:00,3540021.12299929
2021-01-13 12:00:00+00:00,3536335.25328146
2021-01-13 13:00:00+00:00,3533744.16876572
2021-01-13 14:00:00+00:00,3531267.07381806
2021-01-13 15:00:00+00:00,3530900.3647177
2021-01-13 16:00:00+00:00,3531813.5743608503
2021-01-13 17:00:00+00:00,3533176.38618829
2021-01-13 18:00:00+00:00,3530691.55408409
2021-01-13 19:00:00+00:00,3530795.76997616
2021-01-13 20:00:00+00:00,3534916.75948989
2021-01-13 21:00:00+00:00,3531866.87532797
2021-01-13 22:00:00+00:00,3533399.29741714
2021-01-13 23:00:00+00:00,3533159.75783607
2021-01-14 00:00:00+00:00,3533054.85184445
2021-01-14 01:00:00+00:00,3533153.22843776
2021-01-14 02:00:00+00:00,3533649.12465872
2021-01-14 03:00:00+00:00,3536973.4674022603
2021-01-14 04:00:00+00:00,3535327.74877356
2021-01-14 05:00:00+00:00,3536286.12360373
2021-01-14 06:00:00+00:00,3536465.00777092
2021-01-14 07:00:00+00:00,3537189.53698228
2021-01-14 08:00:00+00:00,3535479.46376081
2021-01-14 09:00:00+00:00,3533228.6843731003
2021-01-14 10:00:00+00:00,3534671.13253262
2021-01-14 11:00:00+00:00,3534687.44552695
2021-01-14 12:00:00+00:00,3536675.86339699
2021-01-14 13:00:00+00:00,3537709.08272362
2021-01-14 14:00:00+00:00,3538117.56269805
2021-01-14 15:00:00+00:00,3537663.35107381
2021-01-14 16:00:00+00:00,3536104.76962781
2021-01-14 17:00:00+00:00,3538917.5159004503
2021-01-14 18:00:00+00:00,3550684.3910904103
2021-01-14 19:00:00+00:00,3550709.67461926
2021-01-14 20:00:00+00:00,3549023.43129268
2021-01-14 21:00:00+00:00,3547715.5632367
2021-01-14 22:00:00+00:00,3541231.1085216203
2021-01-14 23:00:00+00:00,3543974.33735037
2021-01-15 00:00:00+00:00,3545413.18893271
2021-01-15 01:00:00+00:00,3544317.91351239
2021-01-15 02:00:00+00:00,3540250.0275861
2021-01-15 03:00:00+00:00,3539663.45413187
2021-01-15 04:00:00+00:00,3539920.61535683
2021-01-15 05:00:00+00:00,3543235.93786081
2021-01-15 06:00:00+00:00,3530217.67980525
2021-01-15 07:00:00+00:00,3530350.70207483
2021-01-15 08:00:00+00:00,3528259.55705423
2021-01-15 09:00:00+00:00,3525977.71844286
2021-01-15 10:00:00+00:00,3525745.53178905
2021-01-15 11:00:00+00:00,3526479.3905133703
2021-01-15 12:00:00+00:00,3523653.06891634
2021-01-15 13:00:00+00:00,3523904.21475867
2021-01-15 14:00:00+00:00,3524012.3435983
2021-01-15 15:00:00+00:00,3526836.75419981
2021-01-15 16:00:00+00:00,3526924.13809005
2021-01-15 17:00:00+00:00,3525589.1204348
2021-01-15 18:00:00+00:00,3524466.5285407
2021-01-15 19:00:00+00:00,3520353.54715032
2021-01-15 20:00:00+00:00,3521829.84856317
2021-01-15 21:00:00+00:00,3522302.56914859
2021-01-15 22:00:00+00:00,3522111.47601994
2021-01-15 23:00:00+00:00,3513532.425098
2021-01-16 00:00:00+00:00,3515784.29227569
2021-01-16 01:00:00+00:00,3516242.10943455
2021-01-16 02:00:00+00:00,3515047.18953943
2021-01-16 03:00:00+00:00,3516095.95011293
2021-01-16 04:00:00+00:00,3517024.70530889
2021-01-16 05:00:00+00:00,3514515.79504636
2021-01-16 06:00:00+00:00,3514771.28468166
2021-01-16 07:00:00+00:00,3515319.76825951
2021-01-16 08:00:00+00:00,3515971.8209754
2021-01-16 09:00:00+00:00,3516474.71280762
2021-01-16 10:00:00+00:00,3514990.60303181
2021-01-16 11:00:00+00:00,3517042.68991216
2021-01-16 12:00:00+00:00,3514952.91949471
2021-01-16 13:00:00+00:00,3515513.1127692102
2021-01-16 14:00:00+00:00,3517301.6744283102
2021-01-16 15:00:00+00:00,3517126.93087844
2021-01-16 16:00:00+00:00,3518325.63916606
2021-01-16 17:00:00+00:00,3516299.95080767
2021-01-16 18:00:00+00:00,3516312.88196243
2021-01-16 19:00:00+00:00,3526360.74244876
2021-01-16 20:00:00+00:00,3526869.65451008
2021-01-16 21:00:00+00:00,3527143.66905896
2021-01-16 22:00:00+00:00,3526846.09614484
2021-01-16 23:00:00+00:00,3526880.96980767
2021-01-17 00:00:00+00:00,3524459.98144297
2021-01-17 01:00:00+00:00,3527450.43735314
2021-01-17 02:00:00+00:00,3526928.04825312
2021-01-17 03:00:00+00:00,3526951.7847465603
2021-01-17 04:00:00+00:00,3530209.03605622
2021-01-17 05:00:00+00:00,3529608.96108381
2021-01-17 06:00:00+00:00,3529821.46189981
2021-01-17 07:00:00+00:00,3529867.02030133
2021-01-17 08:00:00+00:00,3529865.74803332
2021-01-17 09:00:00+00:00,3530957.94834266
2021-01-17 10:00:00+00:00,3527696.0448462903
2021-01-17 11:00:00+00:00,3527703.60956972
2021-01-17 12:00:00+00:00,3527590.2012644103
2021-01-17 13:00:00+00:00,3527572.56097966
2021-01-17 14:00:00+00:00,3529512.60726936
2021-01-17 15:00:00+00:00,3529072.0295304
2021-01-17 16:00:00+00:00,3529295.47196498
2021-01-17 17:00:00+00:00,3528787.68572528
2021-01-17 18:00:00+00:00,3528687.6699024
2021-01-17 19:00:00+00:00,3528708.37064115
2021-01-17 20:00:00+00:00,3527826.4059495903
2021-01-17 21:00:00+00:00,3526573.5376813803
2021-01-17 22:00:00+00:00,3525423.28197991
2021-01-17 23:00:00+00:00,3527584.82502292
2021-01-18 00:00:00+00:00,3526850.17372537
2021-01-18 01:00:00+00:00,3527048.137755
2021-01-18 02:00:00+00:00,3526320.39331723
2021-01-18 03:00:00+00:00,3527330.2596773603
2021-01-18 04:00:00+00:00,3529390.3514579902
2021-01-18 05:00:00+00:00,3526632.2408471103
2021-01-18 06:00:00+00:00,3528218.66226984
2021-01-18 07:00:00+00:00,3529596.61299711
2021-01-18 08:00:00+00:00,3529572.8028006
2021-01-18 09:00:00+00:00,3530460.55496999
2021-01-18 10:00:00+00:00,3524934.53156558
2021-01-18 11:00:00+00:00,3526369.09525509
2021-01-18 12:00:00+00:00,3526188.9896347
2021-01-18 13:00:00+00:00,3523575.4327589
2021-01-18 14:00:00+00:00,3522995.85795456
2021-01-18 15:00:00+00:00,3524553.5097496
2021-01-18 16:00:00+00:00,3528360.9783509
2021-01-18 17:00:00+00:00,3527314.8377872403
2021-01-18 18:00:00+00:00,3527472.2980474
2021-01-18 19:00:00+00:00,3520246.49120004
2021-01-18 20:00:00+00:00,3516964.29735505
2021-01-18 21:00:00+00:00,3519993.98896845
2021-01-18 22:00:00+00:00,3518400.79412271
2021-01-18 23:00:00+00:00,3517832.5684832903
2021-01-19 00:00:00+00:00,3517888.13939917
2021-01-19 01:00:00+00:00,3516955.05174351
2021-01-19 02:00:00+00:00,3516900.8541784
2021-01-19 03:00:00+00:00,3527202.7495381
2021-01-19 04:00:00+00:00,3527420.9800806
2021-01-19 05:00:00+00:00,3526708.87344565
2021-01-19 06:00:00+00:00,3528066.27071687
2021-01-19 07:00:00+00:00,3527252.35708889
2021-01-19 08:00:00+00:00,3527252.16711462
2021-01-19 09:00:00+00:00,3527352.52474035
2021-01-19 10:00:00+00:00,3528052.99171656
2021-01-19 11:00:00+00:00,3527864.73026189
2021-01-19 12:00:00+00:00,3527415.2618123703
2021-01-19 13:00:00+00:00,3526483.18031814
2021-01-19 14:00:00+00:00,3536544.57924361
2021-01-19 15:00:00+00:00,3536397.19115605
2021-01-19 16:00:00+00:00,3536184.98441485
2021-01-19 17:00:00+00:00,3542573.34846122
2021-01-19 18:00:00+00:00,3537712.50600153
2021-01-19 19:00:00+00:00,3536839.1377418702
2021-01-19 20:00:00+00:00,3539899.96821603
2021-01-19 21:00:00+00:00,3537520.12527467
2021-01-19 22:00:00+00:00,3540954.32853568
2021-01-19 23:00:00+00:00,3540867.69288743
2021-01-20 00:00:00+00:00,3541613.59556281
2021-01-20 01:00:00+00:00,3539727.11927405
2021-01-20 02:00:00+00:00,3539868.9039411503
2021-01-20 03:00:00+00:00,3540086.4302631603
2021-01-20 04:00:00+00:00,3542448.14977034
2021-01-20 05:00:00+00:00,3539334.34323447
2021-01-20 06:00:00+00:00,3539835.33240718
2021-01-20 07:00:00+00:00,3538475.85925945
2021-01-20 08:00:00+00:00,3539901.55545744
2021-01-20 09:00:00+00:00,3542433.21095338
2021-01-20 10:00:00+00:00,3542087.4142262503
2021-01-20 11:00:00+00:00,3540020.9448022703
2021-01-20 12:00:00+00:00,3540583.1415563
2021-01-20 13:00:00+00:00,3532331.78119362
2021-01-20 14:00:00+00:00,3531130.01879995
2021-01-20 15:00:00+00:00,3530081.7136126203
2021-01-20 16:00:00+00:00,3529556.6798738
2021-01-20 17:00:00+00:00,3530724.17016636
2021-01-20 18:00:00+00:00,3529182.5754153803
2021-01-20 19:00:00+00:00,3528471.73891283
2021-01-20 20:00:00+00:00,3530680.43994078
2021-01-20 21:00:00+00:00,3531449.01098003
2021-01-20 22:00:00+00:00,3532147.6989811
2021-01-20 23:00:00+00:00,3532462.85959643
2021-01-21 00:00:00+00:00,3530518.1991917803
2021-01-21 01:00:00+00:00,3517871.83188663
2021-01-21 02:00:00+00:00,3517871.83188663
2021-01-21 03:00:00+00:00,3516997.52988349
2021-01-21 04:00:00+00:00,3516917.69240832
2021-01-21 05:00:00+00:00,3517004.20385194
2021-01-21 06:00:00+00:00,3516876.33223989
2021-01-21 07:00:00+00:00,3516999.86587391
2021-01-21 08:00:00+00:00,3517515.30958096
2021-01-21 09:00:00+00:00,3518234.3443936203
2021-01-21 10:00:00+00:00,3518399.8082580003
2021-01-21 11:00:00+00:00,3518001.65944445
2021-01-21 12:00:00+00:00,3522832.66163671
2021-01-21 13:00:00+00:00,3521808.0576632
2021-01-21 14:00:00+00:00,3524960.05124473
2021-01-21 15:00:00+00:00,3522164.8034339
2021-01-21 16:00:00+00:00,3517992.98791376
2021-01-21 17:00:00+00:00,3528791.79508823
2021-01-21 18:00:00+00:00,3517225.09507394
2021-01-21 19:00:00+00:00,3515952.57700293
2021-01-21 20:00:00+00:00,3528249.6907165903
2021-01-21 21:00:00+00:00,3528430.32207093
2021-01-21 22:00:00+00:00,3524654.6402886603
2021-01-21 23:00:00+00:00,3526296.68077888
2021-01-22 00:00:00+00:00,3525201.38080063
2021-01-22 01:00:00+00:00,3524732.2032736903
2021-01-22 02:00:00+00:00,3525862.9996892703
2021-01-22 03:00:00+00:00,3525720.59217512
2021-01-22 04:00:00+00:00,3525280.09223108
2021-01-22 05:00:00+00:00,3525437.29180456
2021-01-22 06:00:00+00:00,3525584.39325308
2021-01-22 07:00:00+00:00,3521871.03849113
2021-01-22 08:00:00+00:00,3521295.22100427
2021-01-22 09:00:00+00:00,3523928.3586072302
2021-01-22 10:00:00+00:00,3523928.28469282
2021-01-22 11:00:00+00:00,3525658.92966992
2021-01-22 12:00:00+00:00,3527269.5151623
2021-01-22 13:00:00+00:00,3529361.29784041
2021-01-22 14:00:00+00:00,3528143.78864956
2021-01-22 15:00:00+00:00,3526751.58625794
2021-01-22 16:00:00+00:00,3526212.10537649
2021-01-22 17:00:00+00:00,3525908.33199396
2021-01-22 18:00:00+00:00,3527429.66233144
2021-01-22 19:00:00+00:00,3528882.28896051
2021-01-22 20:00:00+00:00,3528875.03211973
2021-01-22 21:00:00+00:00,3528209.932813
2021-01-22 22:00:00+00:00,3527337.08320711
2021-01-22 23:00:00+00:00,3527337.08320711
2021-01-23 00:00:00+00:00,3528285.04710697
2021-01-23 01:00:00+00:00,3527942.75274583
2021-01-23 02:00:00+00:00,3528874.90905492
2021-01-23 03:00:00+00:00,3528551.92841629
2021-01-23 04:00:00+00:00,3527434.09241114
2021-01-23 05:00:00+00:00,3527500.51658276
2021-01-23 06:00:00+00:00,3527547.10409869
2021-01-23 07:00:00+00:00,3527641.05269585
2021-01-23 08:00:00+00:00,3527658.57795984
2021-01-23 09:00:00+00:00,3529092.61181864
2021-01-23 10:00:00+00:00,3529250.47142553
2021-01-23 11:00:00+00:00,3527259.71401283
2021-01-23 12:00:00+00:00,3527386.16371697
2021-01-23 13:00:00+00:00,3527618.98193505
2021-01-23 14:00:00+00:00,3527646.80124081
2021-01-23 15:00:00+00:00,3526842.13835657
2021-01-23 16:00:00+00:00,3527014.07841685
2021-01-23 17:00:00+00:00,3524453.14725455
2021-01-23 18:00:00+00:00,3524481.86429651
2021-01-23 19:00:00+00:00,3523955.88608607
2021-01-23 20:00:00+00:00,3523968.85766299
2021-01-23 21:00:00+00:00,3523995.75981137
2021-01-23 22:00:00+00:00,3523780.37327193
2021-01-23 23:00:00+00:00,3523759.3021421502
2021-01-24 00:00:00+00:00,3523769.33581139
2021-01-24 01:00:00+00:00,3524152.6642302503
2021-01-24 02:00:00+00:00,3524364.6937552
2021-01-24 03:00:00+00:00,3524810.21073819
2021-01-24 04:00:00+00:00,3525009.54042864
2021-01-24 05:00:00+00:00,3525061.4599432503
2021-01-24 06:00:00+00:00,3524979.58372223
2021-01-24 07:00:00+00:00,3525022.13953869
2021-01-24 08:00:00+00:00,3525190.0377632603
2021-01-24 09:00:00+00:00,3525203.00483663
2021-01-24 10:00:00+00:00,3525198.3317048303
2021-01-24 11:00:00+00:00,3525211.487646
2021-01-24 12:00:00+00:00,3523527.8027410503
2021-01-24 13:00:00+00:00,3523614.59614831
2021-01-24 14:00:00+00:00,3523373.4432075
2021-01-24 15:00:00+00:00,3524225.33070862
2021-01-24 16:00:00+00:00,3524531.2767860303
2021-01-24 17:00:00+00:00,3524769.92564689
2021-01-24 18:00:00+00:00,3525106.64978114
2021-01-24 19:00:00+00:00,3525167.6243819003
2021-01-24 20:00:00+00:00,3526527.43784321
2021-01-24 21:00:00+00:00,3527493.47136471
2021-01-24 22:00:00+00:00,3527605.03894238
2021-01-24 23:00:00+00:00,3527790.96932731
2021-01-25 00:00:00+00:00,3528039.49170761
2021-01-25 01:00:00+00:00,3529057.35933219
2021-01-25 02:00:00+00:00,3528755.0170477503
2021-01-25 03:00:00+00:00,3528844.13653573
2021-01-25 04:00:00+00:00,3527580.8768213503
2021-01-25 05:00:00+00:00,3526967.02467672
2021-01-25 06:00:00+00:00,3526726.35671897
2021-01-25 07:00:00+00:00,3526877.67791815
2021-01-25 08:00:00+00:00,3526904.94515719
2021-01-25 09:00:00+00:00,3526643.2669670302
2021-01-25 10:00:00+00:00,3526466.39744728
2021-01-25 11:00:00+00:00,3526557.24892596
2021-01-25 12:00:00+00:00,3525012.7028536103
2021-01-25 13:00:00+00:00,3524779.27266909
2021-01-25 14:00:00+00:00,3522551.86662864
2021-01-25 15:00:00+00:00,3521595.9726135
2021-01-25 16:00:00+00:00,3519717.7233451703
2021-01-25 17:00:00+00:00,3519109.28893546
2021-01-25 18:00:00+00:00,3519937.03537024
2021-01-25 19:00:00+00:00,3518792.02135103
2021-01-25 20:00:00+00:00,3517952.41549701
2021-01-25 21:00:00+00:00,3518140.69286791
2021-01-25 22:00:00+00:00,3517471.5040627
2021-01-25 23:00:00+00:00,3517505.09969579
2021-01-26 00:00:00+00:00,3505053.17850362
2021-01-26 01:00:00+00:00,3506624.7174525303
2021-01-26 02:00:00+00:00,3505622.07007884
2021-01-26 03:00:00+00:00,3502943.15734478
2021-01-26 04:00:00+00:00,3503268.62235716
2021-01-26 05:00:00+00:00,3503374.30152007
2021-01-26 06:00:00+00:00,3503521.31992348
2021-01-26 07:00:00+00:00,3503597.35160125
2021-01-26 08:00:00+00:00,3501493.7321025203
2021-01-26 09:00:00+00:00,3502348.31826682
2021-01-26 10:00:00+00:00,3504548.30988934
2021-01-26 11:00:00+00:00,3505555.76420784
2021-01-26 12:00:00+00:00,3507043.70300351
2021-01-26 13:00:00+00:00,3506406.71013108
2021-01-26 14:00:00+00:00,3505236.9229879803
2021-01-26 15:00:00+00:00,3504563.09438616
2021-01-26 16:00:00+00:00,3504939.98133407
2021-01-26 17:00:00+00:00,3507242.43365933
2021-01-26 18:00:00+00:00,3507559.49044999
2021-01-26 19:00:00+00:00,3507919.51578156
2021-01-26 20:00:00+00:00,3507774.29088082
2021-01-26 21:00:00+00:00,3508598.46825741
2021-01-26 22:00:00+00:00,3508055.84884163
2021-01-26 23:00:00+00:00,3506767.03452356
2021-01-27 00:00:00+00:00,3506367.545928
2021-01-27 01:00:00+00:00,3506318.10604642
2021-01-27 02:00:00+00:00,3506648.54902829
2021-01-27 03:00:00+00:00,3507610.40179487
2021-01-27 04:00:00+00:00,3507854.16729717
2021-01-27 05:00:00+00:00,3510015.94061621
2021-01-27 06:00:00+00:00,3519332.2202488403
2021-01-27 07:00:00+00:00,3517868.24745716
2021-01-27 08:00:00+00:00,3518489.68897649
2021-01-27 09:00:00+00:00,3519491.30504659
2021-01-27 10:00:00+00:00,3518871.07389613
2021-01-27 11:00:00+00:00,3518881.50733046
2021-01-27 12:00:00+00:00,3518101.8010196
2021-01-27 13:00:00+00:00,3518709.3751524603
2021-01-27 14:00:00+00:00,3516625.74459326
2021-01-27 15:00:00+00:00,3514124.75747467
2021-01-27 16:00:00+00:00,3513158.18237113
2021-01-27 17:00:00+00:00,3515962.08713565
2021-01-27 18:00:00+00:00,3513196.1247151
2021-01-27 19:00:00+00:00,3513536.24857292
2021-01-27 20:00:00+00:00,3512182.04072977
2021-01-27 21:00:00+00:00,3500425.83776493
2021-01-27 22:00:00+00:00,3498291.82325852
2021-01-27 23:00:00+00:00,3497071.58969694
2021-01-28 00:00:00+00:00,3496062.00349843
2021-01-28 01:00:00+00:00,3495564.98125845
2021-01-28 02:00:00+00:00,3494001.4284365303
2021-01-28 03:00:00+00:00,3495940.35487175
2021-01-28 04:00:00+00:00,3496493.4356779302
2021-01-28 05:00:00+00:00,3497478.81295845
2021-01-28 06:00:00+00:00,3497654.13284899
2021-01-28 07:00:00+00:00,3498820.78935563
2021-01-28 08:00:00+00:00,3497860.2471812703
2021-01-28 09:00:00+00:00,3497895.46688363
2021-01-28 10:00:00+00:00,3499377.249314
2021-01-28 11:00:00+00:00,3498354.0361019
2021-01-28 12:00:00+00:00,3497610.0247209603
2021-01-28 13:00:00+00:00,3498184.92810596
2021-01-28 14:00:00+00:00,3501918.1700189
2021-01-28 15:00:00+00:00,3504472.96336895
2021-01-28 16:00:00+00:00,3502790.35126146
2021-01-28 17:00:00+00:00,3502618.60730018
2021-01-28 18:00:00+00:00,3505993.9546162803
2021-01-28 19:00:00+00:00,3509519.22333219
2021-01-28 20:00:00+00:00,3507054.3390577403
2021-01-28 21:00:00+00:00,3507240.4173275502
2021-01-28 22:00:00+00:00,3505817.85209449
2021-01-28 23:00:00+00:00,3505637.33804082
2021-01-29 00:00:00+00:00,3503250.198814
2021-01-29 01:00:00+00:00,3503250.198814
2021-01-29 02:00:00+00:00,3503852.17157805
2021-01-29 03:00:00+00:00,3504523.69981596
2021-01-29 04:00:00+00:00,3507846.4433855303
2021-01-29 05:00:00+00:00,3508915.4875202803
2021-01-29 06:00:00+00:00,3507065.2782654
2021-01-29 07:00:00+00:00,3504986.12897128
2021-01-29 08:00:00+00:00,3503679.35848943
2021-01-29 09:00:00+00:00,3502526.61570677
2021-01-29 10:00:00+00:00,3501620.1572487103
2021-01-29 11:00:00+00:00,3500657.79690869
2021-01-29 12:00:00+00:00,3511615.7698797
2021-01-29 13:00:00+00:00,3511398.61444919
2021-01-29 14:00:00+00:00,3506794.14282379
2021-01-29 15:00:00+00:00,3504073.78563983
2021-01-29 16:00:00+00:00,3504769.66496944
2021-01-29 17:00:00+00:00,3506581.78416753
2021-01-29 18:00:00+00:00,3513107.1278116303
2021-01-29 19:00:00+00:00,3505357.91396322
2021-01-29 20:00:00+00:00,3505420.13926127
2021-01-29 21:00:00+00:00,3505442.51981
2021-01-29 22:00:00+00:00,3506901.51022053
2021-01-29 23:00:00+00:00,3504626.96601472
2021-01-30 00:00:00+00:00,3506640.36746664
2021-01-30 01:00:00+00:00,3507201.61936882
2021-01-30 02:00:00+00:00,3507218.75057512
2021-01-30 03:00:00+00:00,3505473.45405166
2021-01-30 04:00:00+00:00,3506723.74573128
2021-01-30 05:00:00+00:00,3507078.96910856
2021-01-30 06:00:00+00:00,3506687.26304117
2021-01-30 07:00:00+00:00,3506958.6454701503
2021-01-30 08:00:00+00:00,3507004.2595565203
2021-01-30 09:00:00+00:00,3507155.42689197
2021-01-30 10:00:00+00:00,3509060.22277468
2021-01-30 11:00:00+00:00,3508227.1753429603
2021-01-30 12:00:00+00:00,3508438.11316806
2021-01-30 13:00:00+00:00,3508462.40728905
2021-01-30 14:00:00+00:00,3507403.72907528
2021-01-30 15:00:00+00:00,3507399.94765909
2021-01-30 16:00:00+00:00,3506873.10679557
2021-01-30 17:00:00+00:00,3506919.5921540703
2021-01-30 18:00:00+00:00,3506919.5921540703
2021-01-30 19:00:00+00:00,3506927.47204913
2021-01-30 20:00:00+00:00,3507003.76885165
2021-01-30 21:00:00+00:00,3506812.80348177
2021-01-30 22:00:00+00:00,3506613.77546273
2021-01-30 23:00:00+00:00,3505945.12130732
2021-01-31 00:00:00+00:00,3505987.2684553103
2021-01-31 01:00:00+00:00,3505448.68427584
2021-01-31 02:00:00+00:00,3505603.1510495
2021-01-31 03:00:00+00:00,3506598.0740928003
2021-01-31 04:00:00+00:00,3506809.65101206
2021-01-31 05:00:00+00:00,3507218.95176191
2021-01-31 06:00:00+00:00,3507264.65691262
2021-01-31 07:00:00+00:00,3507273.91107221
2021-01-31 08:00:00+00:00,3507552.9006576203
2021-01-31 09:00:00+00:00,3507545.1690007
2021-01-31 10:00:00+00:00,3509845.75480166
2021-01-31 11:00:00+00:00,3508864.51908591
2021-01-31 12:00:00+00:00,3511465.88394774
2021-01-31 13:00:00+00:00,3511314.92362834
2021-01-31 14:00:00+00:00,3509403.9335657503
2021-01-31 15:00:00+00:00,3509135.11031882
2021-01-31 16:00:00+00:00,3509175.1689853
2021-01-31 17:00:00+00:00,3509652.91768557
2021-01-31 18:00:00+00:00,3509800.7435729
2021-01-31 19:00:00+00:00,3509931.97832786
2021-01-31 20:00:00+00:00,3510351.8920906303
2021-01-31 21:00:00+00:00,3510395.86369096
2021-01-31 22:00:00+00:00,3510512.50995428
2021-01-31 23:00:00+00:00,3510136.45788272
2021-02-01 00:00:00+00:00,3508512.87304174
2021-02-01 01:00:00+00:00,3508872.99340325
2021-02-01 02:00:00+00:00,3508867.57854553
2021-02-01 03:00:00+00:00,3507885.83802609
2021-02-01 04:00:00+00:00,3507892.00938339
2021-02-01 05:00:00+00:00,3507136.02868716
2021-02-01 06:00:00+00:00,3508444.40613013
2021-02-01 07:00:00+00:00,3507271.96559444
2021-02-01 08:00:00+00:00,3507273.14408633
2021-02-01 09:00:00+00:00,3507714.83241586
2021-02-01 10:00:00+00:00,3507610.69737909
2021-02-01 11:00:00+00:00,3507487.19852103
2021-02-01 12:00:00+00:00,3507680.65357466
2021-02-01 13:00:00+00:00,3511607.08560481
2021-02-01 14:00:00+00:00,3510748.27138968
2021-02-01 15:00:00+00:00,3514442.78656397
2021-02-01 16:00:00+00:00,3509456.78819218
2021-02-01 17:00:00+00:00,3506810.17779527
2021-02-01 18:00:00+00:00,3508291.48248481
2021-02-01 19:00:00+00:00,3505291.02899485
2021-02-01 20:00:00+00:00,3505351.43893419
2021-02-01 21:00:00+00:00,3504492.7888274803
2021-02-01 22:00:00+00:00,3505166.53304632
2021-02-01 23:00:00+00:00,3505166.53304632
2021-02-02 00:00:00+00:00,3503307.03141571
2021-02-02 01:00:00+00:00,3503640.6786437603
2021-02-02 02:00:00+00:00,3503624.91487076
2021-02-02 03:00:00+00:00,3505991.2408039803
2021-02-02 04:00:00+00:00,3506192.83913069
2021-02-02 05:00:00+00:00,3506171.03876381
2021-02-02 06:00:00+00:00,3506128.82846013
2021-02-02 07:00:00+00:00,3507920.16336363
2021-02-02 08:00:00+00:00,3506469.35146711
2021-02-02 09:00:00+00:00,3506458.0327378
2021-02-02 10:00:00+00:00,3506930.7582867
2021-02-02 11:00:00+00:00,3506482.12081811
2021-02-02 12:00:00+00:00,3505464.65575372
2021-02-02 13:00:00+00:00,3507230.86320113
2021-02-02 14:00:00+00:00,3508107.87754111
2021-02-02 15:00:00+00:00,3506682.2943698
2021-02-02 16:00:00+00:00,3506587.6602459
2021-02-02 17:00:00+00:00,3507770.99222239
2021-02-02 18:00:00+00:00,3507609.1735836603
2021-02-02 19:00:00+00:00,3507387.30218421
2021-02-02 20:00:00+00:00,3508586.94622354
2021-02-02 21:00:00+00:00,3508494.36006326
2021-02-02 22:00:00+00:00,3507733.79838802
2021-02-02 23:00:00+00:00,3507849.57680223
2021-02-03 00:00:00+00:00,3507868.48879858
2021-02-03 01:00:00+00:00,3507524.96740001
2021-02-03 02:00:00+00:00,3507370.25869758
2021-02-03 03:00:00+00:00,3506603.07232148
2021-02-03 04:00:00+00:00,3505761.87368603
2021-02-03 05:00:00+00:00,3505510.5422472702
2021-02-03 06:00:00+00:00,3505668.80656514
2021-02-03 07:00:00+00:00,3507809.88105458
2021-02-03 08:00:00+00:00,3507879.56978642
2021-02-03 09:00:00+00:00,3507847.8605124103
2021-02-03 10:00:00+00:00,3507803.74103798
2021-02-03 11:00:00+00:00,3508319.3248591702
2021-02-03 12:00:00+00:00,3510871.76278405
2021-02-03 13:00:00+00:00,3511703.31481321
2021-02-03 14:00:00+00:00,3503356.44288747
2021-02-03 15:00:00+00:00,3502539.44077163
2021-02-03 16:00:00+00:00,3502695.35847803
2021-02-03 17:00:00+00:00,3501112.74057244
2021-02-03 18:00:00+00:00,3500355.0338580003
2021-02-03 19:00:00+00:00,3500062.83970623
2021-02-03 20:00:00+00:00,3499912.10616732
2021-02-03 21:00:00+00:00,3499220.57181628
2021-02-03 22:00:00+00:00,3509446.18623725
2021-02-03 23:00:00+00:00,3511582.36967959
2021-02-04 00:00:00+00:00,3511724.2424954
2021-02-04 01:00:00+00:00,3510020.17932878
2021-02-04 02:00:00+00:00,3509858.07448589
2021-02-04 03:00:00+00:00,3496406.02583668
2021-02-04 04:00:00+00:00,3497723.20393195
2021-02-04 05:00:00+00:00,3498586.6154866
2021-02-04 06:00:00+00:00,3498054.70247981
2021-02-04 07:00:00+00:00,3497849.33174063
2021-02-04 08:00:00+00:00,3493040.28056591
2021-02-04 09:00:00+00:00,3492137.21950727
2021-02-04 10:00:00+00:00,3492696.94580646
2021-02-04 11:00:00+00:00,3495307.76560733
2021-02-04 12:00:00+00:00,3496563.60864497
2021-02-04 13:00:00+00:00,3496820.33011663
2021-02-04 14:00:00+00:00,3496322.85060135
2021-02-04 15:00:00+00:00,3497338.89246091
2021-02-04 16:00:00+00:00,3495125.2705277503
2021-02-04 17:00:00+00:00,3493221.71746073
2021-02-04 18:00:00+00:00,3494327.04927391
2021-02-04 19:00:00+00:00,3491474.50888604
2021-02-04 20:00:00+00:00,3489762.29200929
2021-02-04 21:00:00+00:00,3491012.90699489
2021-02-04 22:00:00+00:00,3498731.58208966
2021-02-04 23:00:00+00:00,3498007.0230288003
2021-02-05 00:00:00+00:00,3500760.4439223
2021-02-05 01:00:00+00:00,3499438.17446398
2021-02-05 02:00:00+00:00,3501663.9253869
2021-02-05 03:00:00+00:00,3501493.20209919
2021-02-05 04:00:00+00:00,3501509.99768937
2021-02-05 05:00:00+00:00,3501292.9578867
2021-02-05 06:00:00+00:00,3499577.57506628
2021-02-05 07:00:00+00:00,3499577.57506628
2021-02-05 08:00:00+00:00,3500492.79252239
2021-02-05 09:00:00+00:00,3496179.57686432
2021-02-05 10:00:00+00:00,3495372.75873193
2021-02-05 11:00:00+00:00,3495952.81541046
2021-02-05 12:00:00+00:00,3493454.93222256
2021-02-05 13:00:00+00:00,3494751.1975761503
2021-02-05 14:00:00+00:00,3493363.67978895
2021-02-05 15:00:00+00:00,3495933.08814367
2021-02-05 16:00:00+00:00,3492545.03555986
2021-02-05 17:00:00+00:00,3492916.64539456
2021-02-05 18:00:00+00:00,3492459.93527278
2021-02-05 19:00:00+00:00,3491234.04080844
2021-02-05 20:00:00+00:00,3491350.78214354
2021-02-05 21:00:00+00:00,3493113.61375
2021-02-05 22:00:00+00:00,3492078.42465711
2021-02-05 23:00:00+00:00,3491591.8468700503
2021-02-06 00:00:00+00:00,3491672.08221973
2021-02-06 01:00:00+00:00,3490040.44083534
2021-02-06 02:00:00+00:00,3491048.26281742
2021-02-06 03:00:00+00:00,3489841.4935705
2021-02-06 04:00:00+00:00,3488743.75720759
2021-02-06 05:00:00+00:00,3488356.57652367
2021-02-06 06:00:00+00:00,3489689.41046619
2021-02-06 07:00:00+00:00,3487039.07352223
2021-02-06 08:00:00+00:00,3486971.96725706
2021-02-06 09:00:00+00:00,3485891.93388671
2021-02-06 10:00:00+00:00,3485185.78933026
2021-02-06 11:00:00+00:00,3482844.04589198
2021-02-06 12:00:00+00:00,3482831.84541994
2021-02-06 13:00:00+00:00,3484931.36377015
2021-02-06 14:00:00+00:00,3483719.51957232
2021-02-06 15:00:00+00:00,3483502.36769742
2021-02-06 16:00:00+00:00,3487642.2524291603
2021-02-06 17:00:00+00:00,3487624.62188659
2021-02-06 18:00:00+00:00,3490999.88536057
2021-02-06 19:00:00+00:00,3489999.7042063503
2021-02-06 20:00:00+00:00,3490306.39660529
2021-02-06 21:00:00+00:00,3490827.40316702
2021-02-06 22:00:00+00:00,3490570.97116751
2021-02-06 23:00:00+00:00,3490607.10881838
2021-02-07 00:00:00+00:00,3491713.54778447
2021-02-07 01:00:00+00:00,3492191.26286318
2021-02-07 02:00:00+00:00,3492087.13938506
2021-02-07 03:00:00+00:00,3493539.0600363603
2021-02-07 04:00:00+00:00,3493494.88497404
2021-02-07 05:00:00+00:00,3492761.14435012
2021-02-07 06:00:00+00:00,3493379.62510392
2021-02-07 07:00:00+00:00,3493473.82642866
2021-02-07 08:00:00+00:00,3493441.88557498
2021-02-07 09:00:00+00:00,3493726.35935494
2021-02-07 10:00:00+00:00,3497339.38448922
2021-02-07 11:00:00+00:00,3497398.0749136
2021-02-07 12:00:00+00:00,3497202.62694483
2021-02-07 13:00:00+00:00,3497521.71254238
2021-02-07 14:00:00+00:00,3498858.54771685
2021-02-07 15:00:00+00:00,3500668.64665314
2021-02-07 16:00:00+00:00,3502275.0126461
2021-02-07 17:00:00+00:00,3502375.56534054
2021-02-07 18:00:00+00:00,3504725.81966188
2021-02-07 19:00:00+00:00,3503798.42779981
2021-02-07 20:00:00+00:00,3502848.8205088302
2021-02-07 21:00:00+00:00,3500115.37761874
2021-02-07 22:00:00+00:00,3499998.26682295
2021-02-07 23:00:00+00:00,3498955.79055546
2021-02-08 00:00:00+00:00,3500150.86354946
2021-02-08 01:00:00+00:00,3500175.13172767
2021-02-08 02:00:00+00:00,3510042.60259243
2021-02-08 03:00:00+00:00,3509143.0140779302
2021-02-08 04:00:00+00:00,3509261.58768121
2021-02-08 05:00:00+00:00,3509348.38997971
2021-02-08 06:00:00+00:00,3509443.7466199403
2021-02-08 07:00:00+00:00,3509590.47314564
2021-02-08 08:00:00+00:00,3510582.13141932
2021-02-08 09:00:00+00:00,3510611.89628023
2021-02-08 10:00:00+00:00,3510923.90496711
2021-02-08 11:00:00+00:00,3510743.95896371
2021-02-08 12:00:00+00:00,3509678.4114122703
2021-02-08 13:00:00+00:00,3501685.04009656
2021-02-08 14:00:00+00:00,3504488.09457792
2021-02-08 15:00:00+00:00,3506860.3963563703
2021-02-08 16:00:00+00:00,3504816.33525385
2021-02-08 17:00:00+00:00,3506336.7370926803
2021-02-08 18:00:00+00:00,3510053.87565878
2021-02-08 19:00:00+00:00,3522315.70574178
2021-02-08 20:00:00+00:00,3521681.61459694
2021-02-08 21:00:00+00:00,3520068.012246
2021-02-08 22:00:00+00:00,3520018.08947911
2021-02-08 23:00:00+00:00,3519130.6656156
2021-02-09 00:00:00+00:00,3519454.8033353
2021-02-09 01:00:00+00:00,3518397.91903276
2021-02-09 02:00:00+00:00,3518532.64706937
2021-02-09 03:00:00+00:00,3521957.4482123503
2021-02-09 04:00:00+00:00,3513358.10421264
2021-02-09 05:00:00+00:00,3513665.07408514
2021-02-09 06:00:00+00:00,3512627.4561445103
2021-02-09 07:00:00+00:00,3512996.76916332
2021-02-09 08:00:00+00:00,3513328.28745695
2021-02-09 09:00:00+00:00,3512442.9312512
2021-02-09 10:00:00+00:00,3512834.66558359
2021-02-09 11:00:00+00:00,3512823.47713124
2021-02-09 12:00:00+00:00,3513700.91721687
2021-02-09 13:00:00+00:00,3510723.64188551
2021-02-09 14:00:00+00:00,3509515.29872367
2021-02-09 15:00:00+00:00,3509088.07335675
2021-02-09 16:00:00+00:00,3507643.97508563
2021-02-09 17:00:00+00:00,3510498.20828238
2021-02-09 18:00:00+00:00,3510382.81692396
2021-02-09 19:00:00+00:00,3511682.23998234
2021-02-09 20:00:00+00:00,3510859.10285139
2021-02-09 21:00:00+00:00,3514627.36176445
2021-02-09 22:00:00+00:00,3515271.13149215
2021-02-09 23:00:00+00:00,3516232.09923654
2021-02-10 00:00:00+00:00,3516508.9381279503
2021-02-10 01:00:00+00:00,3516386.57898608
2021-02-10 02:00:00+00:00,3517997.47222479
2021-02-10 03:00:00+00:00,3520136.81149154
2021-02-10 04:00:00+00:00,3519862.21314246
2021-02-10 05:00:00+00:00,3519915.49015863
2021-02-10 06:00:00+00:00,3520159.9413178903
2021-02-10 07:00:00+00:00,3520474.43342299
2021-02-10 08:00:00+00:00,3519670.2987750103
2021-02-10 09:00:00+00:00,3519872.4437431
2021-02-10 10:00:00+00:00,3519924.15013752
2021-02-10 11:00:00+00:00,3516109.08055083
2021-02-10 12:00:00+00:00,3516011.25614004
2021-02-10 13:00:00+00:00,3516514.0687145
2021-02-10 14:00:00+00:00,3515341.04137076
2021-02-10 15:00:00+00:00,3515091.38685806
2021-02-10 16:00:00+00:00,3513198.28802661
2021-02-10 17:00:00+00:00,3513294.10727699
2021-02-10 18:00:00+00:00,3514239.13550121
2021-02-10 19:00:00+00:00,3516007.2241371
2021-02-10 20:00:00+00:00,3513483.85759485
2021-02-10 21:00:00+00:00,3512213.28069703
2021-02-10 22:00:00+00:00,3510712.32730053
2021-02-10 23:00:00+00:00,3511851.1730250902
2021-02-11 00:00:00+00:00,3511075.82463801
2021-02-11 01:00:00+00:00,3511319.4527954003
2021-02-11 02:00:00+00:00,3511101.3518459
2021-02-11 03:00:00+00:00,3510989.35822807
2021-02-11 04:00:00+00:00,3504339.44495953
2021-02-11 05:00:00+00:00,3504024.0277536903
2021-02-11 06:00:00+00:00,3503743.2459743703
2021-02-11 07:00:00+00:00,3503998.28483689
2021-02-11 08:00:00+00:00,3504205.7099531703
2021-02-11 09:00:00+00:00,3505546.12216868
2021-02-11 10:00:00+00:00,3505176.17991204
2021-02-11 11:00:00+00:00,3506083.40079094
2021-02-11 12:00:00+00:00,3506180.81372567
2021-02-11 13:00:00+00:00,3506753.71857951
2021-02-11 14:00:00+00:00,3507162.79516607
2021-02-11 15:00:00+00:00,3507879.98586375
2021-02-11 16:00:00+00:00,3518993.76749013
2021-02-11 17:00:00+00:00,3519304.09586986
2021-02-11 18:00:00+00:00,3518893.72601221
2021-02-11 19:00:00+00:00,3519181.0260564
2021-02-11 20:00:00+00:00,3518868.5189616103
2021-02-11 21:00:00+00:00,3517364.04758485
2021-02-11 22:00:00+00:00,3516827.43870702
2021-02-11 23:00:00+00:00,3516798.53294386
2021-02-12 00:00:00+00:00,3514898.96126875
2021-02-12 01:00:00+00:00,3514575.97964503
2021-02-12 02:00:00+00:00,3514587.86148381
2021-02-12 03:00:00+00:00,3514691.42925725
2021-02-12 04:00:00+00:00,3515085.36198966
2021-02-12 05:00:00+00:00,3515070.87268049
2021-02-12 06:00:00+00:00,3515279.92501829
2021-02-12 07:00:00+00:00,3515287.20529859
2021-02-12 08:00:00+00:00,3516732.73686757
2021-02-12 09:00:00+00:00,3515516.58410724
2021-02-12 10:00:00+00:00,3515633.56712344
2021-02-12 11:00:00+00:00,3515651.93996083
2021-02-12 12:00:00+00:00,3515696.87848838
2021-02-12 13:00:00+00:00,3513523.2118628
2021-02-12 14:00:00+00:00,3513240.44617762
2021-02-12 15:00:00+00:00,3512889.23346743
2021-02-12 16:00:00+00:00,3513123.4869553503
2021-02-12 17:00:00+00:00,3513635.20533647
2021-02-12 18:00:00+00:00,3512865.53663652
2021-02-12 19:00:00+00:00,3513800.85532405
2021-02-12 20:00:00+00:00,3513316.93499233
2021-02-12 21:00:00+00:00,3518275.3692686902
2021-02-12 22:00:00+00:00,3517307.92738862
2021-02-12 23:00:00+00:00,3517211.99946699
2021-02-13 00:00:00+00:00,3517757.99002698
2021-02-13 01:00:00+00:00,3517760.34405491
2021-02-13 02:00:00+00:00,3516986.06347222
2021-02-13 03:00:00+00:00,3517105.46534586
2021-02-13 04:00:00+00:00,3517554.4029130503
2021-02-13 05:00:00+00:00,3517672.40928564
2021-02-13 06:00:00+00:00,3517881.1311349003
2021-02-13 07:00:00+00:00,3518751.00299557
2021-02-13 08:00:00+00:00,3518736.9170302
2021-02-13 09:00:00+00:00,3518909.35733109
2021-02-13 10:00:00+00:00,3520259.22776642
2021-02-13 11:00:00+00:00,3520359.53728728
2021-02-13 12:00:00+00:00,3519379.78322856
2021-02-13 13:00:00+00:00,3518641.19333373
2021-02-13 14:00:00+00:00,3509975.45942077
2021-02-13 15:00:00+00:00,3511170.34416567
2021-02-13 16:00:00+00:00,3511546.06739554
2021-02-13 17:00:00+00:00,3511553.33788418
2021-02-13 18:00:00+00:00,3511550.91362163
2021-02-13 19:00:00+00:00,3511672.71825241
2021-02-13 20:00:00+00:00,3510794.10407846
2021-02-13 21:00:00+00:00,3510800.2083806503
2021-02-13 22:00:00+00:00,3510864.4914515703
2021-02-13 23:00:00+00:00,3511059.40945428
2021-02-14 00:00:00+00:00,3510026.96630455
2021-02-14 01:00:00+00:00,3510046.02388342
2021-02-14 02:00:00+00:00,3511313.89991317
2021-02-14 03:00:00+00:00,3511230.27439526
2021-02-14 04:00:00+00:00,3511294.10799008
2021-02-14 05:00:00+00:00,3511310.7251489
2021-02-14 06:00:00+00:00,3511289.83637355
2021-02-14 07:00:00+00:00,3512456.95888237
2021-02-14 08:00:00+00:00,3512630.69144868
2021-02-14 09:00:00+00:00,3511582.49655763
2021-02-14 10:00:00+00:00,3510308.30282316
2021-02-14 11:00:00+00:00,3510303.03834129
2021-02-14 12:00:00+00:00,3510403.7196946703
2021-02-14 13:00:00+00:00,3510263.4965520003
2021-02-14 14:00:00+00:00,3510310.82916615
2021-02-14 15:00:00+00:00,3510276.8861103803
2021-02-14 16:00:00+00:00,3510156.81752749
2021-02-14 17:00:00+00:00,3510031.8974885303
2021-02-14 18:00:00+00:00,3510216.57552425
2021-02-14 19:00:00+00:00,3509120.78541918
2021-02-14 20:00:00+00:00,3509647.9660035903
2021-02-14 21:00:00+00:00,3509656.78938844
2021-02-14 22:00:00+00:00,3509940.38110138
2021-02-14 23:00:00+00:00,3509940.38110138
2021-02-15 00:00:00+00:00,3510907.47587547
2021-02-15 01:00:00+00:00,3510810.56841387
2021-02-15 02:00:00+00:00,3513143.9308634503
2021-02-15 03:00:00+00:00,3512310.6389547503
2021-02-15 04:00:00+00:00,3514124.70545392
2021-02-15 05:00:00+00:00,3514582.64701075
2021-02-15 06:00:00+00:00,3515222.9451526003
2021-02-15 07:00:00+00:00,3515694.79481033
2021-02-15 08:00:00+00:00,3514236.00111802
2021-02-15 09:00:00+00:00,3513873.5938329003
2021-02-15 10:00:00+00:00,3514762.85870374
2021-02-15 11:00:00+00:00,3514761.14875342
2021-02-15 12:00:00+00:00,3513580.2640034
2021-02-15 13:00:00+00:00,3514633.05258445
2021-02-15 14:00:00+00:00,3515555.31458782
2021-02-15 15:00:00+00:00,3515634.843632
2021-02-15 16:00:00+00:00,3515648.1848647003
2021-02-15 17:00:00+00:00,3516608.50635057
2021-02-15 18:00:00+00:00,3516681.3554928303
2021-02-15 19:00:00+00:00,3515342.4888479803
2021-02-15 20:00:00+00:00,3515364.45181339
2021-02-15 21:00:00+00:00,3516480.61249551
2021-02-15 22:00:00+00:00,3516475.7458956703
2021-02-15 23:00:00+00:00,3515193.2025353103
2021-02-16 00:00:00+00:00,3515097.93736865
2021-02-16 01:00:00+00:00,3515148.76492338
2021-02-16 02:00:00+00:00,3515252.42156182
2021-02-16 03:00:00+00:00,3505188.1906835902
2021-02-16 04:00:00+00:00,3505465.43177386
2021-02-16 05:00:00+00:00,3504793.3314101
2021-02-16 06:00:00+00:00,3504784.68722877
2021-02-16 07:00:00+00:00,3506304.03428426
2021-02-16 08:00:00+00:00,3506304.03428426
2021-02-16 09:00:00+00:00,3505347.4944410003
2021-02-16 10:00:00+00:00,3505130.86066954
2021-02-16 11:00:00+00:00,3505430.09035502
2021-02-16 12:00:00+00:00,3504339.59191635
2021-02-16 13:00:00+00:00,3514096.5458401
2021-02-16 14:00:00+00:00,3514695.60207691
2021-02-16 15:00:00+00:00,3514345.37370664
2021-02-16 16:00:00+00:00,3514574.35867874
2021-02-16 17:00:00+00:00,3515132.7223526603
2021-02-16 18:00:00+00:00,3510867.00559525
2021-02-16 19:00:00+00:00,3510949.4920671103
2021-02-16 20:00:00+00:00,3510842.7513669003
2021-02-16 21:00:00+00:00,3511119.47295875
2021-02-16 22:00:00+00:00,3508393.37915092
2021-02-16 23:00:00+00:00,3507882.39650303
2021-02-17 00:00:00+00:00,3508027.76727717
2021-02-17 01:00:00+00:00,3509183.49491879
2021-02-17 02:00:00+00:00,3509055.27922189
2021-02-17 03:00:00+00:00,3506627.6477695103
2021-02-17 04:00:00+00:00,3506414.0362727
2021-02-17 05:00:00+00:00,3507743.14589241
2021-02-17 06:00:00+00:00,3505710.84659217
2021-02-17 07:00:00+00:00,3505529.38622351
2021-02-17 08:00:00+00:00,3507015.91892462
2021-02-17 09:00:00+00:00,3505791.18783207
2021-02-17 10:00:00+00:00,3505474.11200964
2021-02-17 11:00:00+00:00,3505693.00732052
2021-02-17 12:00:00+00:00,3504540.85232375
2021-02-17 13:00:00+00:00,3504607.68877438
2021-02-17 14:00:00+00:00,3504772.36408826
2021-02-17 15:00:00+00:00,3505297.5267083603
2021-02-17 16:00:00+00:00,3503281.27250951
2021-02-17 17:00:00+00:00,3503144.15320688
2021-02-17 18:00:00+00:00,3479246.9920218303
2021-02-17 19:00:00+00:00,3480000.72696142
2021-02-17 20:00:00+00:00,3481638.26069212
2021-02-17 21:00:00+00:00,3477274.62375966
2021-02-17 22:00:00+00:00,3487324.15711122
2021-02-17 23:00:00+00:00,3484310.6644100603
2021-02-18 00:00:00+00:00,3484406.20643086
2021-02-18 01:00:00+00:00,3471283.17560587
2021-02-18 02:00:00+00:00,3471633.43608429
2021-02-18 03:00:00+00:00,3471986.3601004803
2021-02-18 04:00:00+00:00,3472064.0175866303
2021-02-18 05:00:00+00:00,3471905.23186523
2021-02-18 06:00:00+00:00,3473218.4422485
2021-02-18 07:00:00+00:00,3473736.96994761
2021-02-18 08:00:00+00:00,3473671.28115251
2021-02-18 09:00:00+00:00,3476134.57820743
2021-02-18 10:00:00+00:00,3475829.83133714
2021-02-18 11:00:00+00:00,3476296.20562527
2021-02-18 12:00:00+00:00,3475918.92713518
2021-02-18 13:00:00+00:00,3475211.31060588
2021-02-18 14:00:00+00:00,3474298.44389222
2021-02-18 15:00:00+00:00,3472908.5688811
2021-02-18 16:00:00+00:00,3482934.33958524
2021-02-18 17:00:00+00:00,3484963.90006861
2021-02-18 18:00:00+00:00,3484305.41441233
2021-02-18 19:00:00+00:00,3484160.17800218
2021-02-18 20:00:00+00:00,3482196.34260162
2021-02-18 21:00:00+00:00,3473302.6776949503
2021-02-18 22:00:00+00:00,3471317.62382572
2021-02-18 23:00:00+00:00,3471961.82898019
2021-02-19 00:00:00+00:00,3472067.81055101
2021-02-19 01:00:00+00:00,3469117.554898
2021-02-19 02:00:00+00:00,3469002.4447541703
2021-02-19 03:00:00+00:00,3469123.26306175
2021-02-19 04:00:00+00:00,3469848.91593022
2021-02-19 05:00:00+00:00,3469610.3942082203
2021-02-19 06:00:00+00:00,3469479.65587096
2021-02-19 07:00:00+00:00,3469539.48036519
2021-02-19 08:00:00+00:00,3469574.6993699903
2021-02-19 09:00:00+00:00,3470881.42633122
2021-02-19 10:00:00+00:00,3470977.59731976
2021-02-19 11:00:00+00:00,3470168.19102993
2021-02-19 12:00:00+00:00,3471266.0659747003
2021-02-19 13:00:00+00:00,3470437.52984349
2021-02-19 14:00:00+00:00,3469213.7906827303
2021-02-19 15:00:00+00:00,3469584.06199603
2021-02-19 16:00:00+00:00,3468115.71616324
2021-02-19 17:00:00+00:00,3467812.3331505503
2021-02-19 18:00:00+00:00,3475605.60275429
2021-02-19 19:00:00+00:00,3475795.02375036
2021-02-19 20:00:00+00:00,3475807.12791641
2021-02-19 21:00:00+00:00,3460352.0016818503
2021-02-19 22:00:00+00:00,3461165.2247408503
2021-02-19 23:00:00+00:00,3460981.3418203
2021-02-20 00:00:00+00:00,3457559.41900212
2021-02-20 01:00:00+00:00,3459859.55366283
2021-02-20 02:00:00+00:00,3458870.10323554
2021-02-20 03:00:00+00:00,3458026.4875767003
2021-02-20 04:00:00+00:00,3468433.90685005
2021-02-20 05:00:00+00:00,3469698.9729986
2021-02-20 06:00:00+00:00,3469842.06489334
2021-02-20 07:00:00+00:00,3470086.78992405
2021-02-20 08:00:00+00:00,3470239.01741964
2021-02-20 09:00:00+00:00,3470256.3272171803
2021-02-20 10:00:00+00:00,3470185.43519229
2021-02-20 11:00:00+00:00,3470333.43775756
2021-02-20 12:00:00+00:00,3470355.10480705
2021-02-20 13:00:00+00:00,3469544.95694808
2021-02-20 14:00:00+00:00,3469903.45612422
2021-02-20 15:00:00+00:00,3469758.66505772
2021-02-20 16:00:00+00:00,3467272.2663662
2021-02-20 17:00:00+00:00,3467196.59201568
2021-02-20 18:00:00+00:00,3465063.98850427
2021-02-20 19:00:00+00:00,3464150.51385286
2021-02-20 20:00:00+00:00,3464128.551454
2021-02-20 21:00:00+00:00,3466071.97075854
2021-02-20 22:00:00+00:00,3466087.68694612
2021-02-20 23:00:00+00:00,3465013.22678868
2021-02-21 00:00:00+00:00,3465047.8139523
2021-02-21 01:00:00+00:00,3467020.8253060603
2021-02-21 02:00:00+00:00,3468141.6599322
2021-02-21 03:00:00+00:00,3468100.1947514303
2021-02-21 04:00:00+00:00,3467961.08043847
2021-02-21 05:00:00+00:00,3467954.51896459
2021-02-21 06:00:00+00:00,3467089.8523519803
2021-02-21 07:00:00+00:00,3468179.84448543
2021-02-21 08:00:00+00:00,3470174.89247187
2021-02-21 09:00:00+00:00,3470133.4339466
2021-02-21 10:00:00+00:00,3468788.3274188
2021-02-21 11:00:00+00:00,3468805.24760871
2021-02-21 12:00:00+00:00,3468858.68867328
2021-02-21 13:00:00+00:00,3470885.55954748
2021-02-21 14:00:00+00:00,3470625.76101596
2021-02-21 15:00:00+00:00,3470526.55255421
2021-02-21 16:00:00+00:00,3470679.31963576
2021-02-21 17:00:00+00:00,3470715.35217143
2021-02-21 18:00:00+00:00,3470781.38391675
2021-02-21 19:00:00+00:00,3470325.58122836
2021-02-21 20:00:00+00:00,3470355.54613496
2021-02-21 21:00:00+00:00,3469375.09148914
2021-02-21 22:00:00+00:00,3468453.46426105
2021-02-21 23:00:00+00:00,3468522.8587175603
2021-02-22 00:00:00+00:00,3469325.79878635
2021-02-22 01:00:00+00:00,3468158.05596009
2021-02-22 02:00:00+00:00,3467897.37341716
2021-02-22 03:00:00+00:00,3466215.26741922
2021-02-22 04:00:00+00:00,3468938.8283694102
2021-02-22 05:00:00+00:00,3469032.53271429
2021-02-22 06:00:00+00:00,3467673.39327405
2021-02-22 07:00:00+00:00,3468335.76879576
2021-02-22 08:00:00+00:00,3468387.1926674503
2021-02-22 09:00:00+00:00,3466494.02384132
2021-02-22 10:00:00+00:00,3466352.80368592
2021-02-22 11:00:00+00:00,3464926.11569375
2021-02-22 12:00:00+00:00,3466084.11177847
2021-02-22 13:00:00+00:00,3465983.34512378
2021-02-22 14:00:00+00:00,3469052.18557791
2021-02-22 15:00:00+00:00,3467874.40860709
2021-02-22 16:00:00+00:00,3467804.39538767
2021-02-22 17:00:00+00:00,3467895.10992558
2021-02-22 18:00:00+00:00,3470519.14383138
2021-02-22 19:00:00+00:00,3470347.9950053003
2021-02-22 20:00:00+00:00,3456800.03728302
2021-02-22 21:00:00+00:00,3456369.18273642
2021-02-22 22:00:00+00:00,3456193.69639449
2021-02-22 23:00:00+00:00,3456684.63384805
2021-02-23 00:00:00+00:00,3457657.01827434
2021-02-23 01:00:00+00:00,3458339.26589156
2021-02-23 02:00:00+00:00,3458370.13479413
2021-02-23 03:00:00+00:00,3458627.78215945
2021-02-23 04:00:00+00:00,3455582.8112132
2021-02-23 05:00:00+00:00,3455514.7480837703
2021-02-23 06:00:00+00:00,3454695.57455587
2021-02-23 07:00:00+00:00,3455899.49876264
2021-02-23 08:00:00+00:00,3455527.5269507803
2021-02-23 09:00:00+00:00,3455970.40142801
2021-02-23 10:00:00+00:00,3454935.93065697
2021-02-23 11:00:00+00:00,3453665.60322623
2021-02-23 12:00:00+00:00,3452905.23688725
2021-02-23 13:00:00+00:00,3453189.54091429
2021-02-23 14:00:00+00:00,3454058.18634663
2021-02-23 15:00:00+00:00,3455175.06702861
2021-02-23 16:00:00+00:00,3455165.55687728
2021-02-23 17:00:00+00:00,3453323.23003071
2021-02-23 18:00:00+00:00,3452424.4185777702
2021-02-23 19:00:00+00:00,3450714.75317699
2021-02-23 20:00:00+00:00,3460336.02629926
2021-02-23 21:00:00+00:00,3467257.59334442
2021-02-23 22:00:00+00:00,3476180.5441381303
2021-02-23 23:00:00+00:00,3472454.8057949003
2021-02-24 00:00:00+00:00,3473953.2125104303
2021-02-24 01:00:00+00:00,3471105.01332256
2021-02-24 02:00:00+00:00,3471130.27692257
2021-02-24 03:00:00+00:00,3471972.07131388
2021-02-24 04:00:00+00:00,3473699.92522924
2021-02-24 05:00:00+00:00,3474279.50159149
2021-02-24 06:00:00+00:00,3473222.17440618
2021-02-24 07:00:00+00:00,3472480.97390579
2021-02-24 08:00:00+00:00,3473972.93639995
2021-02-24 09:00:00+00:00,3471939.1409227103
2021-02-24 10:00:00+00:00,3472316.93504516
2021-02-24 11:00:00+00:00,3473495.84058304
2021-02-24 12:00:00+00:00,3474383.70985626
2021-02-24 13:00:00+00:00,3472701.2693805
2021-02-24 14:00:00+00:00,3473277.74011156
2021-02-24 15:00:00+00:00,3473651.48594427
2021-02-24 16:00:00+00:00,3477573.6721161
2021-02-24 17:00:00+00:00,3475586.29699024
2021-02-24 18:00:00+00:00,3475537.31772025
2021-02-24 19:00:00+00:00,3475579.82097538
2021-02-24 20:00:00+00:00,3476050.32300604
2021-02-24 21:00:00+00:00,3473686.8672193103
2021-02-24 22:00:00+00:00,3473745.52931258
2021-02-24 23:00:00+00:00,3472217.03228192
2021-02-25 00:00:00+00:00,3461179.49625977
2021-02-25 01:00:00+00:00,3460118.0003598803
2021-02-25 02:00:00+00:00,3460312.18143638
2021-02-25 03:00:00+00:00,3461141.30961481
2021-02-25 04:00:00+00:00,3451627.66910231
2021-02-25 05:00:00+00:00,3460404.7608554503
2021-02-25 06:00:00+00:00,3450496.2749822
2021-02-25 07:00:00+00:00,3451664.22291565
2021-02-25 08:00:00+00:00,3449585.36247092
2021-02-25 09:00:00+00:00,3449949.18591018
2021-02-25 10:00:00+00:00,3452506.45597006
2021-02-25 11:00:00+00:00,3452777.61882398
2021-02-25 12:00:00+00:00,3453641.6406683503
2021-02-25 13:00:00+00:00,3450980.17207745
2021-02-25 14:00:00+00:00,3451509.35091329
2021-02-25 15:00:00+00:00,3451436.40103287
2021-02-25 16:00:00+00:00,3450451.76986153
2021-02-25 17:00:00+00:00,3449685.94224058
2021-02-25 18:00:00+00:00,3449616.87130569
2021-02-25 19:00:00+00:00,3452849.05536666
2021-02-25 20:00:00+00:00,3451503.51806119
2021-02-25 21:00:00+00:00,3451318.43401489
2021-02-25 22:00:00+00:00,3452818.65494348
2021-02-25 23:00:00+00:00,3453106.89674257
2021-02-26 00:00:00+00:00,3452444.61009079
2021-02-26 01:00:00+00:00,3449221.44094006
2021-02-26 02:00:00+00:00,3449422.97802746
2021-02-26 03:00:00+00:00,3450210.14991972
2021-02-26 04:00:00+00:00,3451058.7606680403
2021-02-26 05:00:00+00:00,3453418.35152048
2021-02-26 06:00:00+00:00,3453622.29556491
2021-02-26 07:00:00+00:00,3452364.26378882
2021-02-26 08:00:00+00:00,3452712.00566884
2021-02-26 09:00:00+00:00,3451769.44035753
2021-02-26 10:00:00+00:00,3452263.94668511
2021-02-26 11:00:00+00:00,3453530.2385469703
2021-02-26 12:00:00+00:00,3453561.64437667
2021-02-26 13:00:00+00:00,3452078.3961661803
2021-02-26 14:00:00+00:00,3457148.75646233
2021-02-26 15:00:00+00:00,3457164.31472203
2021-02-26 16:00:00+00:00,3456543.93823244
2021-02-26 17:00:00+00:00,3458120.61958346
2021-02-26 18:00:00+00:00,3457483.85134331
2021-02-26 19:00:00+00:00,3457635.92116235
2021-02-26 20:00:00+00:00,3458548.79860069
2021-02-26 21:00:00+00:00,3454692.38117436
2021-02-26 22:00:00+00:00,3456419.7404974103
2021-02-26 23:00:00+00:00,3456736.52990892
2021-02-27 00:00:00+00:00,3456839.08334207
2021-02-27 01:00:00+00:00,3455838.00802579
2021-02-27 02:00:00+00:00,3456513.90049697
2021-02-27 03:00:00+00:00,3456531.6569311
2021-02-27 04:00:00+00:00,3456634.3232338103
2021-02-27 05:00:00+00:00,3456530.09634548
2021-02-27 06:00:00+00:00,3456566.87192833
2021-02-27 07:00:00+00:00,3456573.6257868703
2021-02-27 08:00:00+00:00,3456645.15980135
2021-02-27 09:00:00+00:00,3455630.10467293
2021-02-27 10:00:00+00:00,3455219.48198575
2021-02-27 11:00:00+00:00,3454773.7244173503
2021-02-27 12:00:00+00:00,3454739.9631411103
2021-02-27 13:00:00+00:00,3454789.73811591
2021-02-27 14:00:00+00:00,3454790.08984885
2021-02-27 15:00:00+00:00,3454836.7716965103
2021-02-27 16:00:00+00:00,3454401.15853859
2021-02-27 17:00:00+00:00,3454261.27273732
2021-02-27 18:00:00+00:00,3454974.3975756
2021-02-27 19:00:00+00:00,3455073.48213636
2021-02-27 20:00:00+00:00,3454956.57473366
2021-02-27 21:00:00+00:00,3454943.37497512
2021-02-27 22:00:00+00:00,3454973.58345503
2021-02-27 23:00:00+00:00,3454648.04218899
2021-02-28 00:00:00+00:00,3454789.7852239
2021-02-28 01:00:00+00:00,3453813.21493664
2021-02-28 02:00:00+00:00,3453861.15507966
2021-02-28 03:00:00+00:00,3453993.49840044
2021-02-28 04:00:00+00:00,3454091.47122969
2021-02-28 05:00:00+00:00,3453951.90058924
2021-02-28 06:00:00+00:00,3454060.91339167
2021-02-28 07:00:00+00:00,3453064.01307772
2021-02-28 08:00:00+00:00,3453078.7302699103
2021-02-28 09:00:00+00:00,3452980.06599732
2021-02-28 10:00:00+00:00,3452456.09770656
2021-02-28 11:00:00+00:00,3452443.72353279
2021-02-28 12:00:00+00:00,3452347.15544753
2021-02-28 13:00:00+00:00,3452375.07021851
2021-02-28 14:00:00+00:00,3452517.65925731
2021-02-28 15:00:00+00:00,3452346.11026931
2021-02-28 16:00:00+00:00,3452392.60772865
2021-02-28 17:00:00+00:00,3451468.34255078
2021-02-28 18:00:00+00:00,3451435.2382604
2021-02-28 19:00:00+00:00,3451592.06410238
2021-02-28 20:00:00+00:00,3451876.83118535
2021-02-28 21:00:00+00:00,3452094.12845308
2021-02-28 22:00:00+00:00,3451050.70842043
2021-02-28 23:00:00+00:00,3450963.5797472
2021-03-01 00:00:00+00:00,3451037.69734109
2021-03-01 01:00:00+00:00,3437103.81019027
2021-03-01 02:00:00+00:00,3436183.68040037
2021-03-01 03:00:00+00:00,3437409.3339958102
2021-03-01 04:00:00+00:00,3437384.47741328
2021-03-01 05:00:00+00:00,3437439.43556623
2021-03-01 06:00:00+00:00,3437611.3148852
2021-03-01 07:00:00+00:00,3437594.8048810703
2021-03-01 08:00:00+00:00,3438620.2984785503
2021-03-01 09:00:00+00:00,3437755.24339943
2021-03-01 10:00:00+00:00,3437256.2746378803
2021-03-01 11:00:00+00:00,3436171.2113123
2021-03-01 12:00:00+00:00,3423794.97929188
2021-03-01 13:00:00+00:00,3423965.96145652
2021-03-01 14:00:00+00:00,3428642.3792120703
2021-03-01 15:00:00+00:00,3431608.75664166
2021-03-01 16:00:00+00:00,3431692.82349905
2021-03-01 17:00:00+00:00,3431309.47945711
2021-03-01 18:00:00+00:00,3429417.25455855
2021-03-01 19:00:00+00:00,3431069.13971586
2021-03-01 20:00:00+00:00,3427626.0714453203
2021-03-01 21:00:00+00:00,3429855.41878197
2021-03-01 22:00:00+00:00,3429982.20008058
2021-03-01 23:00:00+00:00,3432210.32566251
2021-03-02 00:00:00+00:00,3431917.12003797
2021-03-02 01:00:00+00:00,3432942.54582056
2021-03-02 02:00:00+00:00,3430040.76582056
2021-03-02 03:00:00+00:00,3431104.3501504
2021-03-02 04:00:00+00:00,3429780.3275547903
2021-03-02 05:00:00+00:00,3430940.49542272
2021-03-02 06:00:00+00:00,3430951.9642512803
2021-03-02 07:00:00+00:00,3428972.6804652303
2021-03-02 08:00:00+00:00,3429851.97318127
2021-03-02 09:00:00+00:00,3429823.58977154
2021-03-02 10:00:00+00:00,3430181.64725856
2021-03-02 11:00:00+00:00,3429914.86912435
2021-03-02 12:00:00+00:00,3429990.5988257
2021-03-02 13:00:00+00:00,3427983.83009213
2021-03-02 14:00:00+00:00,3427861.36007427
2021-03-02 15:00:00+00:00,3427598.67232248
2021-03-02 16:00:00+00:00,3427052.4577652803
2021-03-02 17:00:00+00:00,3425772.80100383
2021-03-02 18:00:00+00:00,3426826.79971759
2021-03-02 19:00:00+00:00,3426749.14090446
2021-03-02 20:00:00+00:00,3426714.38342968
2021-03-02 21:00:00+00:00,3426816.6059967303
2021-03-02 22:00:00+00:00,3426816.6059967303
2021-03-02 23:00:00+00:00,3425631.03582468
2021-03-03 00:00:00+00:00,3423388.94631779
2021-03-03 01:00:00+00:00,3423641.88309781
2021-03-03 02:00:00+00:00,3423471.89999583
2021-03-03 03:00:00+00:00,3424974.47333012
2021-03-03 04:00:00+00:00,3424957.98229272
2021-03-03 05:00:00+00:00,3424927.92170718
2021-03-03 06:00:00+00:00,3423703.82583036
2021-03-03 07:00:00+00:00,3423634.48447487
2021-03-03 08:00:00+00:00,3422058.05675286
2021-03-03 09:00:00+00:00,3423210.50578632
2021-03-03 10:00:00+00:00,3420995.87324941
2021-03-03 11:00:00+00:00,3419840.34493893
2021-03-03 12:00:00+00:00,3420144.98894797
2021-03-03 13:00:00+00:00,3419284.1419582
2021-03-03 14:00:00+00:00,3419444.49995088
2021-03-03 15:00:00+00:00,3419535.7447804003
2021-03-03 16:00:00+00:00,3419278.45452577
2021-03-03 17:00:00+00:00,3419278.78445962
2021-03-03 18:00:00+00:00,3417718.5737190703
2021-03-03 19:00:00+00:00,3418413.97357278
2021-03-03 20:00:00+00:00,3421148.29766798
2021-03-03 21:00:00+00:00,3420209.1326896
2021-03-03 22:00:00+00:00,3432739.19584578
2021-03-03 23:00:00+00:00,3432789.80737449
2021-03-04 00:00:00+00:00,3433912.9308310403
2021-03-04 01:00:00+00:00,3434811.84499534
2021-03-04 02:00:00+00:00,3434272.56359532
2021-03-04 03:00:00+00:00,3433219.97783934
2021-03-04 04:00:00+00:00,3433484.90641066
2021-03-04 05:00:00+00:00,3432250.94764914
2021-03-04 06:00:00+00:00,3432110.4644370303
2021-03-04 07:00:00+00:00,3434394.46250004
2021-03-04 08:00:00+00:00,3433649.59950108
2021-03-04 09:00:00+00:00,3433912.5990106403
2021-03-04 10:00:00+00:00,3434834.13211564
2021-03-04 11:00:00+00:00,3435263.75593378
2021-03-04 12:00:00+00:00,3436529.7418646403
2021-03-04 13:00:00+00:00,3436576.5237874
2021-03-04 14:00:00+00:00,3437114.4237300903
2021-03-04 15:00:00+00:00,3436866.06845268
2021-03-04 16:00:00+00:00,3437308.0460134
2021-03-04 17:00:00+00:00,3437447.33232046
2021-03-04 18:00:00+00:00,3437296.984968
2021-03-04 19:00:00+00:00,3436355.92958802
2021-03-04 20:00:00+00:00,3435739.43881373
2021-03-04 21:00:00+00:00,3436879.39203494
2021-03-04 22:00:00+00:00,3437000.90838797
2021-03-04 23:00:00+00:00,3436445.86402908
2021-03-05 00:00:00+00:00,3437610.51660132
2021-03-05 01:00:00+00:00,3437408.22465116
2021-03-05 02:00:00+00:00,3437574.80801394
2021-03-05 03:00:00+00:00,3437643.82970279
2021-03-05 04:00:00+00:00,3437629.0272440403
2021-03-05 05:00:00+00:00,3437638.6574410703
2021-03-05 06:00:00+00:00,3437938.47697832
2021-03-05 07:00:00+00:00,3438226.4173242203
2021-03-05 08:00:00+00:00,3438318.85349049
2021-03-05 09:00:00+00:00,3437119.4400503803
2021-03-05 10:00:00+00:00,3437797.46327719
2021-03-05 11:00:00+00:00,3436146.4523171103
2021-03-05 12:00:00+00:00,3437331.14971256
2021-03-05 13:00:00+00:00,3436786.41597438
2021-03-05 14:00:00+00:00,3437881.93825015
2021-03-05 15:00:00+00:00,3431301.52132626
2021-03-05 16:00:00+00:00,3430975.31652566
2021-03-05 17:00:00+00:00,3430094.69445077
2021-03-05 18:00:00+00:00,3427704.8399256403
2021-03-05 19:00:00+00:00,3429941.69647353
2021-03-05 20:00:00+00:00,3429928.09663685
2021-03-05 21:00:00+00:00,3426990.5681872
2021-03-05 22:00:00+00:00,3425483.4925684603
2021-03-05 23:00:00+00:00,3425266.02120959
2021-03-06 00:00:00+00:00,3426383.80769938
2021-03-06 01:00:00+00:00,3420755.53265075
2021-03-06 02:00:00+00:00,3420816.4562552
2021-03-06 03:00:00+00:00,3419739.38017128
2021-03-06 04:00:00+00:00,3420903.0359574603
2021-03-06 05:00:00+00:00,3419138.95986536
2021-03-06 06:00:00+00:00,3419120.60553289
2021-03-06 07:00:00+00:00,3419114.74297335
2021-03-06 08:00:00+00:00,3418998.9514368
2021-03-06 09:00:00+00:00,3418994.50605255
2021-03-06 10:00:00+00:00,3418522.59626229
2021-03-06 11:00:00+00:00,3419932.69724257
2021-03-06 12:00:00+00:00,3418852.08520146
2021-03-06 13:00:00+00:00,3418739.35839394
2021-03-06 14:00:00+00:00,3418991.45871082
2021-03-06 15:00:00+00:00,3418985.1699744803
2021-03-06 16:00:00+00:00,3419003.46721185
2021-03-06 17:00:00+00:00,3420016.73091857
2021-03-06 18:00:00+00:00,3419770.24932387
2021-03-06 19:00:00+00:00,3420053.03094487
2021-03-06 20:00:00+00:00,3420277.12825985
2021-03-06 21:00:00+00:00,3420405.36842148
2021-03-06 22:00:00+00:00,3419441.90708287
2021-03-06 23:00:00+00:00,3419181.76538521
2021-03-07 00:00:00+00:00,3419389.34610224
2021-03-07 01:00:00+00:00,3419252.04744631
2021-03-07 02:00:00+00:00,3419005.76540594
2021-03-07 03:00:00+00:00,3418816.2571693
2021-03-07 04:00:00+00:00,3419040.2185946302
2021-03-07 05:00:00+00:00,3419066.23460787
2021-03-07 06:00:00+00:00,3419026.02156507
2021-03-07 07:00:00+00:00,3419026.02156507
2021-03-07 08:00:00+00:00,3419163.5720291203
2021-03-07 09:00:00+00:00,3419155.32556321
2021-03-07 10:00:00+00:00,3418715.01963257
2021-03-07 11:00:00+00:00,3418529.6117219003
2021-03-07 12:00:00+00:00,3418540.92048595
2021-03-07 13:00:00+00:00,3418552.32327941
2021-03-07 14:00:00+00:00,3419738.45380149
2021-03-07 15:00:00+00:00,3421194.32108278
2021-03-07 16:00:00+00:00,3424283.76864879
2021-03-07 17:00:00+00:00,3424260.03851763
2021-03-07 18:00:00+00:00,3424733.63256989
2021-03-07 19:00:00+00:00,3424310.38832298
2021-03-07 20:00:00+00:00,3425411.1694568
2021-03-07 21:00:00+00:00,3424922.9949683
2021-03-07 22:00:00+00:00,3424960.2561615403
2021-03-07 23:00:00+00:00,3425044.63996388
2021-03-08 00:00:00+00:00,3425178.14111435
2021-03-08 01:00:00+00:00,3424836.33484514
2021-03-08 02:00:00+00:00,3424501.35831711
2021-03-08 03:00:00+00:00,3424913.0261003203
2021-03-08 04:00:00+00:00,3425243.69560896
2021-03-08 05:00:00+00:00,3423075.40386155
2021-03-08 06:00:00+00:00,3423770.31201468
2021-03-08 07:00:00+00:00,3423724.41656567
2021-03-08 08:00:00+00:00,3424042.27292539
2021-03-08 09:00:00+00:00,3424238.38785893
2021-03-08 10:00:00+00:00,3422343.8502171403
2021-03-08 11:00:00+00:00,3421768.0624249103
2021-03-08 12:00:00+00:00,3421988.77967606
2021-03-08 13:00:00+00:00,3422054.22677347
2021-03-08 14:00:00+00:00,3421968.16671411
2021-03-08 15:00:00+00:00,3419710.42873607
2021-03-08 16:00:00+00:00,3422076.99741061
2021-03-08 17:00:00+00:00,3422058.74808309
2021-03-08 18:00:00+00:00,3419936.3896921603
2021-03-08 19:00:00+00:00,3420152.59804941
2021-03-08 20:00:00+00:00,3420383.76600003
2021-03-08 21:00:00+00:00,3431521.54461588
2021-03-08 22:00:00+00:00,3433398.9080951903
2021-03-08 23:00:00+00:00,3432410.17068579
2021-03-09 00:00:00+00:00,3432306.66366665
2021-03-09 01:00:00+00:00,3431270.10822552
2021-03-09 02:00:00+00:00,3442015.70185352
2021-03-09 03:00:00+00:00,3445663.9153232803
2021-03-09 04:00:00+00:00,3444303.55704964
2021-03-09 05:00:00+00:00,3445956.8937899102
2021-03-09 06:00:00+00:00,3446086.99467003
2021-03-09 07:00:00+00:00,3445572.82181651
2021-03-09 08:00:00+00:00,3445965.85991851
2021-03-09 09:00:00+00:00,3446663.77039809
2021-03-09 10:00:00+00:00,3444580.23049583
2021-03-09 11:00:00+00:00,3444096.2798533803
2021-03-09 12:00:00+00:00,3442984.23928848
2021-03-09 13:00:00+00:00,3441761.39318126
2021-03-09 14:00:00+00:00,3441012.8129189103
2021-03-09 15:00:00+00:00,3443541.6864107703
2021-03-09 16:00:00+00:00,3440393.5239001303
2021-03-09 17:00:00+00:00,3439701.35158664
2021-03-09 18:00:00+00:00,3438609.98353785
2021-03-09 19:00:00+00:00,3441128.20089611
2021-03-09 20:00:00+00:00,3435341.57751728
2021-03-09 21:00:00+00:00,3434064.94834763
2021-03-09 22:00:00+00:00,3436261.69233998
2021-03-09 23:00:00+00:00,3436981.58974201
2021-03-10 00:00:00+00:00,3437227.45662628
2021-03-10 01:00:00+00:00,3432643.66061139
2021-03-10 02:00:00+00:00,3432813.53872495
2021-03-10 03:00:00+00:00,3432727.80302397
2021-03-10 04:00:00+00:00,3432774.0725107403
2021-03-10 05:00:00+00:00,3433947.3120909203
2021-03-10 06:00:00+00:00,3433820.69427435
2021-03-10 07:00:00+00:00,3433802.4907386303
2021-03-10 08:00:00+00:00,3435362.7301123403
2021-03-10 09:00:00+00:00,3435325.44585698
2021-03-10 10:00:00+00:00,3434574.66280868
2021-03-10 11:00:00+00:00,3438087.37492655
2021-03-10 12:00:00+00:00,3440658.5977188
2021-03-10 13:00:00+00:00,3428915.87045275
2021-03-10 14:00:00+00:00,3428885.95869332
2021-03-10 15:00:00+00:00,3428527.87127189
2021-03-10 16:00:00+00:00,3427559.11630347
2021-03-10 17:00:00+00:00,3427494.02879206
2021-03-10 18:00:00+00:00,3427291.91507868
2021-03-10 19:00:00+00:00,3429462.25489153
2021-03-10 20:00:00+00:00,3430052.33043647
2021-03-10 21:00:00+00:00,3428751.91300558
2021-03-10 22:00:00+00:00,3426776.67397996
2021-03-10 23:00:00+00:00,3426411.30004373
2021-03-11 00:00:00+00:00,3426233.82242263
2021-03-11 01:00:00+00:00,3426348.53781186
2021-03-11 02:00:00+00:00,3423944.0686202003
2021-03-11 03:00:00+00:00,3422280.03014024
2021-03-11 04:00:00+00:00,3421320.57072702
2021-03-11 05:00:00+00:00,3422384.81565378
2021-03-11 06:00:00+00:00,3421650.16803976
2021-03-11 07:00:00+00:00,3422445.61464979
2021-03-11 08:00:00+00:00,3422069.31434641
2021-03-11 09:00:00+00:00,3422246.02328178
2021-03-11 10:00:00+00:00,3421348.76541448
2021-03-11 11:00:00+00:00,3421765.78499916
2021-03-11 12:00:00+00:00,3421595.48675802
2021-03-11 13:00:00+00:00,3421327.1405703
2021-03-11 14:00:00+00:00,3421765.75150364
2021-03-11 15:00:00+00:00,3417874.75874297
2021-03-11 16:00:00+00:00,3417235.2211404103
2021-03-11 17:00:00+00:00,3416207.09579881
2021-03-11 18:00:00+00:00,3415826.66902252
2021-03-11 19:00:00+00:00,3415819.12447105
2021-03-11 20:00:00+00:00,3414374.49576834
2021-03-11 21:00:00+00:00,3414490.53972149
2021-03-11 22:00:00+00:00,3414503.96653441
2021-03-11 23:00:00+00:00,3415444.32453318
2021-03-12 00:00:00+00:00,3414868.91629034
2021-03-12 01:00:00+00:00,3413416.68927477
2021-03-12 02:00:00+00:00,3413470.96513639
2021-03-12 03:00:00+00:00,3414606.94027556
2021-03-12 04:00:00+00:00,3414475.63656465
2021-03-12 05:00:00+00:00,3414994.66161323
2021-03-12 06:00:00+00:00,3414573.54933704
2021-03-12 07:00:00+00:00,3412710.17204034
2021-03-12 08:00:00+00:00,3412952.57941554
2021-03-12 09:00:00+00:00,3412377.01617344
2021-03-12 10:00:00+00:00,3411555.46872885
2021-03-12 11:00:00+00:00,3412372.86863526
2021-03-12 12:00:00+00:00,3412204.69458427
2021-03-12 13:00:00+00:00,3411380.86823909
2021-03-12 14:00:00+00:00,3412021.41402213
2021-03-12 15:00:00+00:00,3412474.98900013
2021-03-12 16:00:00+00:00,3410224.6380846403
2021-03-12 17:00:00+00:00,3413619.48853963
2021-03-12 18:00:00+00:00,3409860.2483879
2021-03-12 19:00:00+00:00,3410034.92828285
2021-03-12 20:00:00+00:00,3409993.11860634
2021-03-12 21:00:00+00:00,3409486.03342137
2021-03-12 22:00:00+00:00,3408730.51870106
2021-03-12 23:00:00+00:00,3410477.9932736503
2021-03-13 00:00:00+00:00,3409172.19516384
2021-03-13 01:00:00+00:00,3409207.9099659203
2021-03-13 02:00:00+00:00,3410589.24358048
2021-03-13 03:00:00+00:00,3410614.48308828
2021-03-13 04:00:00+00:00,3410710.97618564
2021-03-13 05:00:00+00:00,3410662.47965468
2021-03-13 06:00:00+00:00,3410769.05588089
2021-03-13 07:00:00+00:00,3410378.1367865503
2021-03-13 08:00:00+00:00,3410389.04962439
2021-03-13 09:00:00+00:00,3412052.35838443
2021-03-13 10:00:00+00:00,3412300.29837278
2021-03-13 11:00:00+00:00,3411810.20821407
2021-03-13 12:00:00+00:00,3411027.28798415
2021-03-13 13:00:00+00:00,3411027.28798415
2021-03-13 14:00:00+00:00,3413267.08786958
2021-03-13 15:00:00+00:00,3411460.60163501
2021-03-13 16:00:00+00:00,3411387.44187222
2021-03-13 17:00:00+00:00,3411383.67525233
2021-03-13 18:00:00+00:00,3411375.54508975
2021-03-13 19:00:00+00:00,3411268.76807333
2021-03-13 20:00:00+00:00,3411357.86553611
2021-03-13 21:00:00+00:00,3410342.31209783
2021-03-13 22:00:00+00:00,3410290.17586748
2021-03-13 23:00:00+00:00,3410254.17917632
2021-03-14 00:00:00+00:00,3405848.04746866
2021-03-14 01:00:00+00:00,3405829.94478234
2021-03-14 02:00:00+00:00,3405676.01432006
2021-03-14 03:00:00+00:00,3405711.27944734
2021-03-14 04:00:00+00:00,3405725.61621956
2021-03-14 05:00:00+00:00,3405511.12075884
2021-03-14 06:00:00+00:00,3405814.4371727803
2021-03-14 07:00:00+00:00,3405809.0108126
2021-03-14 08:00:00+00:00,3406208.8970816103
2021-03-14 09:00:00+00:00,3404639.51845976
2021-03-14 10:00:00+00:00,3403620.47204995
2021-03-14 11:00:00+00:00,3403562.34326233
2021-03-14 12:00:00+00:00,3403647.02198917
2021-03-14 13:00:00+00:00,3401701.08044643
2021-03-14 14:00:00+00:00,3403122.69581319
2021-03-14 15:00:00+00:00,3400854.8253780003
2021-03-14 16:00:00+00:00,3400934.63640679
2021-03-14 17:00:00+00:00,3400980.56116267
2021-03-14 18:00:00+00:00,3401038.84701779
2021-03-14 19:00:00+00:00,3400907.23484445
2021-03-14 20:00:00+00:00,3400925.73299064
2021-03-14 21:00:00+00:00,3400935.7853663303
2021-03-14 22:00:00+00:00,3401198.87086273
2021-03-14 23:00:00+00:00,3400001.61027743
2021-03-15 00:00:00+00:00,3400940.53012093
2021-03-15 01:00:00+00:00,3401272.35754088
2021-03-15 02:00:00+00:00,3399991.41546963
2021-03-15 03:00:00+00:00,3399776.87134881
2021-03-15 04:00:00+00:00,3399360.69367516
2021-03-15 05:00:00+00:00,3399372.88012377
2021-03-15 06:00:00+00:00,3399976.9939053003
2021-03-15 07:00:00+00:00,3400234.55147208
2021-03-15 08:00:00+00:00,3399405.45886213
2021-03-15 09:00:00+00:00,3399385.75380514
2021-03-15 10:00:00+00:00,3400347.71047993
2021-03-15 11:00:00+00:00,3399963.1322831702
2021-03-15 12:00:00+00:00,3397561.7503167703
2021-03-15 13:00:00+00:00,3399921.33768981
2021-03-15 14:00:00+00:00,3400944.54238852
2021-03-15 15:00:00+00:00,3401252.33455214
2021-03-15 16:00:00+00:00,3403875.12088081
2021-03-15 17:00:00+00:00,3404129.51212662
2021-03-15 18:00:00+00:00,3403376.1856079902
2021-03-15 19:00:00+00:00,3406506.75860614
2021-03-15 20:00:00+00:00,3406694.59358972
2021-03-15 21:00:00+00:00,3411743.27741166
2021-03-15 22:00:00+00:00,3411035.04847164
2021-03-15 23:00:00+00:00,3411574.13493312
2021-03-16 00:00:00+00:00,3411013.86130984
2021-03-16 01:00:00+00:00,3420201.9031304102
2021-03-16 02:00:00+00:00,3418940.94252212
2021-03-16 03:00:00+00:00,3418807.71609698
2021-03-16 04:00:00+00:00,3418885.13831906
2021-03-16 05:00:00+00:00,3418876.95335835
2021-03-16 06:00:00+00:00,3419589.54788096
2021-03-16 07:00:00+00:00,3419956.36732133
2021-03-16 08:00:00+00:00,3420142.6272411803
2021-03-16 09:00:00+00:00,3419091.50020823
2021-03-16 10:00:00+00:00,3419045.03922275
2021-03-16 11:00:00+00:00,3419013.15275463
2021-03-16 12:00:00+00:00,3419745.11570699
2021-03-16 13:00:00+00:00,3419780.1970851
2021-03-16 14:00:00+00:00,3420025.4684074
2021-03-16 15:00:00+00:00,3421325.21482122
2021-03-16 16:00:00+00:00,3419631.11985482
2021-03-16 17:00:00+00:00,3420084.1620052103
2021-03-16 18:00:00+00:00,3419522.7685038303
2021-03-16 19:00:00+00:00,3419858.08299964
2021-03-16 20:00:00+00:00,3418882.87691265
2021-03-16 21:00:00+00:00,3419401.2618713803
2021-03-16 22:00:00+00:00,3417901.00073564
2021-03-16 23:00:00+00:00,3418047.59284977
2021-03-17 00:00:00+00:00,3419255.8793185903
2021-03-17 01:00:00+00:00,3419204.4975393103
2021-03-17 02:00:00+00:00,3410072.42255741
2021-03-17 03:00:00+00:00,3410074.2646066
2021-03-17 04:00:00+00:00,3415674.99123028
2021-03-17 05:00:00+00:00,3415707.24589164
2021-03-17 06:00:00+00:00,3416250.0035615
2021-03-17 07:00:00+00:00,3416300.4332613302
2021-03-17 08:00:00+00:00,3418199.95005339
2021-03-17 09:00:00+00:00,3416304.5885844403
2021-03-17 10:00:00+00:00,3415978.8640703503
2021-03-17 11:00:00+00:00,3416097.1539851
2021-03-17 12:00:00+00:00,3416364.2027888303
2021-03-17 13:00:00+00:00,3416077.15981872
2021-03-17 14:00:00+00:00,3416990.66527315
2021-03-17 15:00:00+00:00,3417032.98827486
2021-03-17 16:00:00+00:00,3417007.4000686803
2021-03-17 17:00:00+00:00,3415680.65015478
2021-03-17 18:00:00+00:00,3413482.87485338
2021-03-17 19:00:00+00:00,3413834.76537292
2021-03-17 20:00:00+00:00,3414120.38109284
2021-03-17 21:00:00+00:00,3414172.52289653
2021-03-17 22:00:00+00:00,3415405.90457089
2021-03-17 23:00:00+00:00,3414505.58673836
2021-03-18 00:00:00+00:00,3414198.27039742
2021-03-18 01:00:00+00:00,3415741.2911685
2021-03-18 02:00:00+00:00,3416463.38116187
2021-03-18 03:00:00+00:00,3416458.42879677
2021-03-18 04:00:00+00:00,3416405.8959486303
2021-03-18 05:00:00+00:00,3416488.54487355
2021-03-18 06:00:00+00:00,3416474.87000899
2021-03-18 07:00:00+00:00,3415873.4431741103
2021-03-18 08:00:00+00:00,3416542.53461659
2021-03-18 09:00:00+00:00,3417071.21908451
2021-03-18 10:00:00+00:00,3417281.2385481503
2021-03-18 11:00:00+00:00,3416540.39722649
2021-03-18 12:00:00+00:00,3416526.82459616
2021-03-18 13:00:00+00:00,3414460.87179472
2021-03-18 14:00:00+00:00,3414440.88152122
2021-03-18 15:00:00+00:00,3415504.63889361
2021-03-18 16:00:00+00:00,3413297.9204249103
2021-03-18 17:00:00+00:00,3413602.29147586
2021-03-18 18:00:00+00:00,3415592.78236562
2021-03-18 19:00:00+00:00,3416429.07537596
2021-03-18 20:00:00+00:00,3413477.33596231
2021-03-18 21:00:00+00:00,3413859.46695427
2021-03-18 22:00:00+00:00,3414079.53661865
2021-03-18 23:00:00+00:00,3414013.50929599
2021-03-19 00:00:00+00:00,3415307.71312708
2021-03-19 01:00:00+00:00,3415350.86738299
2021-03-19 02:00:00+00:00,3415195.49284161
2021-03-19 03:00:00+00:00,3415263.96209152
2021-03-19 04:00:00+00:00,3415266.8104445003
2021-03-19 05:00:00+00:00,3415500.5765914
2021-03-19 06:00:00+00:00,3415436.4576925403
2021-03-19 07:00:00+00:00,3415487.30509739
2021-03-19 08:00:00+00:00,3415243.81639546
2021-03-19 09:00:00+00:00,3415233.75769068
2021-03-19 10:00:00+00:00,3414404.64775124
2021-03-19 11:00:00+00:00,3414889.25085927
2021-03-19 12:00:00+00:00,3414997.13806943
2021-03-19 13:00:00+00:00,3416954.71892652
2021-03-19 14:00:00+00:00,3415113.06453745
2021-03-19 15:00:00+00:00,3416933.20185397
2021-03-19 16:00:00+00:00,3415744.22462796
2021-03-19 17:00:00+00:00,3414618.21636119
2021-03-19 18:00:00+00:00,3416480.71857866
2021-03-19 19:00:00+00:00,3415540.97750082
2021-03-19 20:00:00+00:00,3414402.11180481
2021-03-19 21:00:00+00:00,3415624.42195835
2021-03-19 22:00:00+00:00,3415388.10687348
2021-03-19 23:00:00+00:00,3415333.19015443
2021-03-20 00:00:00+00:00,3417826.0790710603
2021-03-20 01:00:00+00:00,3417295.47625567
2021-03-20 02:00:00+00:00,3417351.97630553
2021-03-20 03:00:00+00:00,3417398.5992552503
2021-03-20 04:00:00+00:00,3419472.09557777
2021-03-20 05:00:00+00:00,3419497.42783018
2021-03-20 06:00:00+00:00,3419509.24860392
2021-03-20 07:00:00+00:00,3419491.55645256
2021-03-20 08:00:00+00:00,3419386.86621904
2021-03-20 09:00:00+00:00,3418431.68102473
2021-03-20 10:00:00+00:00,3418962.39329982
2021-03-20 11:00:00+00:00,3419238.71385518
2021-03-20 12:00:00+00:00,3419261.79993665
2021-03-20 13:00:00+00:00,3418329.90384514
2021-03-20 14:00:00+00:00,3418354.5931378603
2021-03-20 15:00:00+00:00,3417577.62810862
2021-03-20 16:00:00+00:00,3417688.66409601
2021-03-20 17:00:00+00:00,3417666.4985977
2021-03-20 18:00:00+00:00,3417696.24302833
2021-03-20 19:00:00+00:00,3417704.37317371
2021-03-20 20:00:00+00:00,3417751.80396093
2021-03-20 21:00:00+00:00,3417552.4997677803
2021-03-20 22:00:00+00:00,3417540.58649799
2021-03-20 23:00:00+00:00,3417553.58561313
2021-03-21 00:00:00+00:00,3417837.88230392
2021-03-21 01:00:00+00:00,3417839.71668754
2021-03-21 02:00:00+00:00,3417865.21171972
2021-03-21 03:00:00+00:00,3417986.33396453
2021-03-21 04:00:00+00:00,3417947.37497973
2021-03-21 05:00:00+00:00,3417967.59532822
2021-03-21 06:00:00+00:00,3417997.22533484
2021-03-21 07:00:00+00:00,3418198.28354243
2021-03-21 08:00:00+00:00,3417814.26720104
2021-03-21 09:00:00+00:00,3417838.89368074
2021-03-21 10:00:00+00:00,3417598.67147836
2021-03-21 11:00:00+00:00,3417594.0715943603
2021-03-21 12:00:00+00:00,3417635.10662441
2021-03-21 13:00:00+00:00,3417684.17375434
2021-03-21 14:00:00+00:00,3421225.4418364
2021-03-21 15:00:00+00:00,3421282.02773676
2021-03-21 16:00:00+00:00,3420234.56772541
2021-03-21 17:00:00+00:00,3420292.1790922303
2021-03-21 18:00:00+00:00,3420346.22454005
2021-03-21 19:00:00+00:00,3420363.21089881
2021-03-21 20:00:00+00:00,3420447.83595521
2021-03-21 21:00:00+00:00,3420357.7592022703
2021-03-21 22:00:00+00:00,3420189.40848715
2021-03-21 23:00:00+00:00,3420537.77204365
2021-03-22 00:00:00+00:00,3420759.42459991
2021-03-22 01:00:00+00:00,3420899.47141292
2021-03-22 02:00:00+00:00,3420665.5726131103
2021-03-22 03:00:00+00:00,3422169.55952293
2021-03-22 04:00:00+00:00,3421723.3258485203
2021-03-22 05:00:00+00:00,3421817.2884165
2021-03-22 06:00:00+00:00,3421949.59282785
2021-03-22 07:00:00+00:00,3422399.61690324
2021-03-22 08:00:00+00:00,3422743.51807809
2021-03-22 09:00:00+00:00,3422694.86165305
2021-03-22 10:00:00+00:00,3422740.01103037
2021-03-22 11:00:00+00:00,3412571.81725157
2021-03-22 12:00:00+00:00,3411505.10386529
2021-03-22 13:00:00+00:00,3411643.85630663
2021-03-22 14:00:00+00:00,3413894.50723181
2021-03-22 15:00:00+00:00,3416070.7366557303
2021-03-22 16:00:00+00:00,3416233.36109157
2021-03-22 17:00:00+00:00,3418042.24384516
2021-03-22 18:00:00+00:00,3415768.7468601703
2021-03-22 19:00:00+00:00,3416923.45421179
2021-03-22 20:00:00+00:00,3415881.96588728
2021-03-22 21:00:00+00:00,3416516.63107714
2021-03-22 22:00:00+00:00,3415737.93493164
2021-03-22 23:00:00+00:00,3415675.61088898
2021-03-23 00:00:00+00:00,3413289.4561534
2021-03-23 01:00:00+00:00,3413426.90562909
2021-03-23 02:00:00+00:00,3410790.0052389903
2021-03-23 03:00:00+00:00,3411338.2719464903
2021-03-23 04:00:00+00:00,3411748.28418348
2021-03-23 05:00:00+00:00,3411473.02406344
2021-03-23 06:00:00+00:00,3411875.30355465
2021-03-23 07:00:00+00:00,3411985.14687856
2021-03-23 08:00:00+00:00,3412521.00068908
2021-03-23 09:00:00+00:00,3412941.97239274
2021-03-23 10:00:00+00:00,3412572.25496217
2021-03-23 11:00:00+00:00,3412604.0650892803
2021-03-23 12:00:00+00:00,3413849.07481066
2021-03-23 13:00:00+00:00,3414415.47623911
2021-03-23 14:00:00+00:00,3414430.19970357
2021-03-23 15:00:00+00:00,3412391.0119872
2021-03-23 16:00:00+00:00,3412044.6914635003
2021-03-23 17:00:00+00:00,3410544.48464562
2021-03-23 18:00:00+00:00,3408687.0913357
2021-03-23 19:00:00+00:00,3409285.4826491
2021-03-23 20:00:00+00:00,3409203.41577025
2021-03-23 21:00:00+00:00,3408779.67284862
2021-03-23 22:00:00+00:00,3409848.07197082
2021-03-23 23:00:00+00:00,3410393.93411862
2021-03-24 00:00:00+00:00,3407734.5291630803
2021-03-24 01:00:00+00:00,3407400.07052187
2021-03-24 02:00:00+00:00,3407582.9655267103
2021-03-24 03:00:00+00:00,3408299.47556521
2021-03-24 04:00:00+00:00,3408326.82960746
2021-03-24 05:00:00+00:00,3408842.98395444
2021-03-24 06:00:00+00:00,3407923.78672092
2021-03-24 07:00:00+00:00,3409005.59931888
2021-03-24 08:00:00+00:00,3409088.20436245
2021-03-24 09:00:00+00:00,3408721.67440991
2021-03-24 10:00:00+00:00,3408875.58865193
2021-03-24 11:00:00+00:00,3408108.75036893
2021-03-24 12:00:00+00:00,3411356.51650741
2021-03-24 13:00:00+00:00,3412274.37109506
2021-03-24 14:00:00+00:00,3413726.83496188
2021-03-24 15:00:00+00:00,3411638.85998239
2021-03-24 16:00:00+00:00,3407602.82490995
2021-03-24 17:00:00+00:00,3407977.19049509
2021-03-24 18:00:00+00:00,3407317.14087129
2021-03-24 19:00:00+00:00,3404567.744598
2021-03-24 20:00:00+00:00,3403725.73266816
2021-03-24 21:00:00+00:00,3403705.06127802
2021-03-24 22:00:00+00:00,3404023.8156059003
2021-03-24 23:00:00+00:00,3403352.52911671
2021-03-25 00:00:00+00:00,3402839.58611075
2021-03-25 01:00:00+00:00,3402922.56816106
2021-03-25 02:00:00+00:00,3406561.37390266
2021-03-25 03:00:00+00:00,3407065.92934277
2021-03-25 04:00:00+00:00,3408045.14592747
2021-03-25 05:00:00+00:00,3407071.13546307
2021-03-25 06:00:00+00:00,3407181.35511973
2021-03-25 07:00:00+00:00,3407003.52798204
2021-03-25 08:00:00+00:00,3406534.31913121
2021-03-25 09:00:00+00:00,3406007.68996047
2021-03-25 10:00:00+00:00,3408237.1422595303
2021-03-25 11:00:00+00:00,3407305.46465814
2021-03-25 12:00:00+00:00,3407021.39839688
2021-03-25 13:00:00+00:00,3409846.68696955
2021-03-25 14:00:00+00:00,3409958.02082986
2021-03-25 15:00:00+00:00,3410350.44539893
2021-03-25 16:00:00+00:00,3410207.02858933
2021-03-25 17:00:00+00:00,3405714.41391504
2021-03-25 18:00:00+00:00,3407614.68631839
2021-03-25 19:00:00+00:00,3408933.6161383903
2021-03-25 20:00:00+00:00,3410876.19415978
2021-03-25 21:00:00+00:00,3412483.88877863
2021-03-25 22:00:00+00:00,3411902.80425366
2021-03-25 23:00:00+00:00,3408560.99224446
2021-03-26 00:00:00+00:00,3404739.30971648
2021-03-26 01:00:00+00:00,3402545.48632895
2021-03-26 02:00:00+00:00,3403453.45622344
2021-03-26 03:00:00+00:00,3405093.44043281
2021-03-26 04:00:00+00:00,3405874.61261601
2021-03-26 05:00:00+00:00,3405959.29656383
2021-03-26 06:00:00+00:00,3406235.70139583
2021-03-26 07:00:00+00:00,3406297.76452605
2021-03-26 08:00:00+00:00,3408814.28843146
2021-03-26 09:00:00+00:00,3408843.0103425803
2021-03-26 10:00:00+00:00,3408174.61442289
2021-03-26 11:00:00+00:00,3418945.4317039503
2021-03-26 12:00:00+00:00,3419137.63951952
2021-03-26 13:00:00+00:00,3419222.03762444
2021-03-26 14:00:00+00:00,3416648.86543043
2021-03-26 15:00:00+00:00,3416771.06510738
2021-03-26 16:00:00+00:00,3416730.41801765
2021-03-26 17:00:00+00:00,3416715.77329938
2021-03-26 18:00:00+00:00,3419371.67774889
2021-03-26 19:00:00+00:00,3416311.0296415803
2021-03-26 20:00:00+00:00,3416439.24174831
2021-03-26 21:00:00+00:00,3417918.54991666
2021-03-26 22:00:00+00:00,3419606.79024943
2021-03-26 23:00:00+00:00,3420022.8751269
2021-03-27 00:00:00+00:00,3419264.46560695
2021-03-27 01:00:00+00:00,3419294.2832608
2021-03-27 02:00:00+00:00,3419172.76307501
2021-03-27 03:00:00+00:00,3419854.30087618
2021-03-27 04:00:00+00:00,3418845.0296159103
2021-03-27 05:00:00+00:00,3421503.63507789
2021-03-27 06:00:00+00:00,3422909.29990887
2021-03-27 07:00:00+00:00,3422852.04814825
2021-03-27 08:00:00+00:00,3422920.02897617
2021-03-27 09:00:00+00:00,3422325.39491205
2021-03-27 10:00:00+00:00,3422143.74810302
2021-03-27 11:00:00+00:00,3422281.96642951
2021-03-27 12:00:00+00:00,3422203.936055
2021-03-27 13:00:00+00:00,3422320.1548769
2021-03-27 14:00:00+00:00,3422435.61374772
2021-03-27 15:00:00+00:00,3421422.5159794
2021-03-27 16:00:00+00:00,3421365.97306528
2021-03-27 17:00:00+00:00,3421389.25211249
2021-03-27 18:00:00+00:00,3420202.5077807503
2021-03-27 19:00:00+00:00,3420207.70554318
2021-03-27 20:00:00+00:00,3420730.5609956803
2021-03-27 21:00:00+00:00,3420667.25560634
2021-03-27 22:00:00+00:00,3420688.13897266
2021-03-27 23:00:00+00:00,3419662.54213493
2021-03-28 00:00:00+00:00,3419677.82758968
2021-03-28 01:00:00+00:00,3419780.56592503
2021-03-28 02:00:00+00:00,3419813.56583948
2021-03-28 03:00:00+00:00,3419728.81369872
2021-03-28 04:00:00+00:00,3419646.85437457
2021-03-28 05:00:00+00:00,3419637.31887992
2021-03-28 06:00:00+00:00,3419518.70825273
2021-03-28 07:00:00+00:00,3419555.60551169
2021-03-28 08:00:00+00:00,3420813.13180277
2021-03-28 09:00:00+00:00,3419813.36498236
2021-03-28 10:00:00+00:00,3419787.32757037
2021-03-28 11:00:00+00:00,3419830.46907348
2021-03-28 12:00:00+00:00,3417588.7660818403
2021-03-28 13:00:00+00:00,3417642.88975192
2021-03-28 14:00:00+00:00,3417684.6824015803
2021-03-28 15:00:00+00:00,3417618.72135917
2021-03-28 16:00:00+00:00,3417563.38062341
2021-03-28 17:00:00+00:00,3417557.34910167
2021-03-28 18:00:00+00:00,3417550.20256399
2021-03-28 19:00:00+00:00,3417546.94383496
2021-03-28 20:00:00+00:00,3417803.44316801
2021-03-28 21:00:00+00:00,3418573.00228611
2021-03-28 22:00:00+00:00,3418596.9721704
2021-03-28 23:00:00+00:00,3419944.45536745
2021-03-29 00:00:00+00:00,3420267.20808594
2021-03-29 01:00:00+00:00,3420339.02890104
2021-03-29 02:00:00+00:00,3420799.66827508
2021-03-29 03:00:00+00:00,3418856.60151246
2021-03-29 04:00:00+00:00,3418961.76220861
2021-03-29 05:00:00+00:00,3418999.47316779
2021-03-29 06:00:00+00:00,3418822.15219237
2021-03-29 07:00:00+00:00,3418644.93945337
2021-03-29 08:00:00+00:00,3419811.27533012
2021-03-29 09:00:00+00:00,3420138.9656399502
2021-03-29 10:00:00+00:00,3419675.31456139
2021-03-29 11:00:00+00:00,3418343.76528473
2021-03-29 12:00:00+00:00,3406148.4441616302
2021-03-29 13:00:00+00:00,3405718.95120395
2021-03-29 14:00:00+00:00,3405726.98100922
2021-03-29 15:00:00+00:00,3405365.24611548
2021-03-29 16:00:00+00:00,3402305.68270987
2021-03-29 17:00:00+00:00,3402860.6824629502
2021-03-29 18:00:00+00:00,3401555.32725621
2021-03-29 19:00:00+00:00,3401293.73786451
2021-03-29 20:00:00+00:00,3401359.43456509
2021-03-29 21:00:00+00:00,3399879.19778699
2021-03-29 22:00:00+00:00,3400508.69851553
2021-03-29 23:00:00+00:00,3402100.72938662
2021-03-30 00:00:00+00:00,3402053.57003137
2021-03-30 01:00:00+00:00,3402673.81834531
2021-03-30 02:00:00+00:00,3402691.96757778
2021-03-30 03:00:00+00:00,3402851.45462378
2021-03-30 04:00:00+00:00,3401864.64207594
2021-03-30 05:00:00+00:00,3403533.49486086
2021-03-30 06:00:00+00:00,3403901.60958377
2021-03-30 07:00:00+00:00,3403561.93862273
2021-03-30 08:00:00+00:00,3402630.94304444
2021-03-30 09:00:00+00:00,3401274.62182029
2021-03-30 10:00:00+00:00,3401338.08731933
2021-03-30 11:00:00+00:00,3400836.99260773
2021-03-30 12:00:00+00:00,3400476.6205658503
2021-03-30 13:00:00+00:00,3399012.19346957
2021-03-30 14:00:00+00:00,3401330.10102154
2021-03-30 15:00:00+00:00,3400641.58215447
2021-03-30 16:00:00+00:00,3402652.95494034
2021-03-30 17:00:00+00:00,3400286.17592439
2021-03-30 18:00:00+00:00,3403939.98112188
2021-03-30 19:00:00+00:00,3399719.30603015
2021-03-30 20:00:00+00:00,3399618.65181034
2021-03-30 21:00:00+00:00,3400099.6366912
2021-03-30 22:00:00+00:00,3388221.02754308
2021-03-30 23:00:00+00:00,3387674.53936922
2021-03-31 00:00:00+00:00,3387513.49209028
2021-03-31 01:00:00+00:00,3387510.89328355
2021-03-31 02:00:00+00:00,3385965.49850881
2021-03-31 03:00:00+00:00,3384849.37015655
2021-03-31 04:00:00+00:00,3386009.19158129
2021-03-31 05:00:00+00:00,3385374.10736084
2021-03-31 06:00:00+00:00,3385581.73943723
2021-03-31 07:00:00+00:00,3385634.8871356403
2021-03-31 08:00:00+00:00,3385751.96840474
2021-03-31 09:00:00+00:00,3386382.26985081
2021-03-31 10:00:00+00:00,3385493.93875238
2021-03-31 11:00:00+00:00,3384367.72946986
2021-03-31 12:00:00+00:00,3383760.0420698803
2021-03-31 13:00:00+00:00,3384985.2038687803
2021-03-31 14:00:00+00:00,3386483.58666145
2021-03-31 15:00:00+00:00,3386826.8533150502
2021-03-31 16:00:00+00:00,3387429.50230023
2021-03-31 17:00:00+00:00,3388154.1368542803
2021-03-31 18:00:00+00:00,3386194.70850441
2021-03-31 19:00:00+00:00,3384145.34384629
2021-03-31 20:00:00+00:00,3383848.24116655
2021-03-31 21:00:00+00:00,3397535.31330743
2021-03-31 22:00:00+00:00,3396561.94029305
2021-03-31 23:00:00+00:00,3396302.80232247
2021-04-01 00:00:00+00:00,3396884.51298101
2021-04-01 01:00:00+00:00,3397352.7335019503
2021-04-01 02:00:00+00:00,3397301.73601653
2021-04-01 03:00:00+00:00,3397058.7734876103
2021-04-01 04:00:00+00:00,3397996.62142005
2021-04-01 05:00:00+00:00,3398074.25211915
2021-04-01 06:00:00+00:00,3398201.32300329
2021-04-01 07:00:00+00:00,3397262.02549868
2021-04-01 08:00:00+00:00,3396776.91312493
2021-04-01 09:00:00+00:00,3397233.02870343
2021-04-01 10:00:00+00:00,3396435.1575481603
2021-04-01 11:00:00+00:00,3396814.5896659303
2021-04-01 12:00:00+00:00,3396470.24513807
2021-04-01 13:00:00+00:00,3394993.9070291203
2021-04-01 14:00:00+00:00,3394246.44313659
2021-04-01 15:00:00+00:00,3402795.94423501
2021-04-01 16:00:00+00:00,3402108.13543719
2021-04-01 17:00:00+00:00,3400432.5157669303
2021-04-01 18:00:00+00:00,3399433.53446351
2021-04-01 19:00:00+00:00,3399341.78007747
2021-04-01 20:00:00+00:00,3401607.4137690603
2021-04-01 21:00:00+00:00,3401708.09574848
2021-04-01 22:00:00+00:00,3401991.58514923
2021-04-01 23:00:00+00:00,3402180.76693122
2021-04-02 00:00:00+00:00,3402357.60889726
2021-04-02 01:00:00+00:00,3402412.21467767
2021-04-02 02:00:00+00:00,3402442.60495347
2021-04-02 03:00:00+00:00,3405365.8189026
2021-04-02 04:00:00+00:00,3405543.92212399
2021-04-02 05:00:00+00:00,3408184.31559557
2021-04-02 06:00:00+00:00,3407013.65718276
2021-04-02 07:00:00+00:00,3406185.25137409
2021-04-02 08:00:00+00:00,3406929.99326466
2021-04-02 09:00:00+00:00,3405814.11000231
2021-04-02 10:00:00+00:00,3406306.58724467
2021-04-02 11:00:00+00:00,3406379.77364037
2021-04-02 12:00:00+00:00,3406405.2784928
2021-04-02 13:00:00+00:00,3407354.06991269
2021-04-02 14:00:00+00:00,3408377.25528056
2021-04-02 15:00:00+00:00,3409463.22805811
2021-04-02 16:00:00+00:00,3411017.00046432
2021-04-02 17:00:00+00:00,3410993.39444336
2021-04-02 18:00:00+00:00,3410917.19531879
2021-04-02 19:00:00+00:00,3409803.28877964
2021-04-02 20:00:00+00:00,3409879.5357095
2021-04-02 21:00:00+00:00,3410058.8292349
2021-04-02 22:00:00+00:00,3414893.55924088
2021-04-02 23:00:00+00:00,3407806.41516656
2021-04-03 00:00:00+00:00,3408505.16684439
2021-04-03 01:00:00+00:00,3408530.53836866
2021-04-03 02:00:00+00:00,3408723.7597312
2021-04-03 03:00:00+00:00,3408667.0118183503
2021-04-03 04:00:00+00:00,3408814.7049848903
2021-04-03 05:00:00+00:00,3408682.6754685
2021-04-03 06:00:00+00:00,3408275.89956517
2021-04-03 07:00:00+00:00,3406275.82257963
2021-04-03 08:00:00+00:00,3405617.94701608
2021-04-03 09:00:00+00:00,3404115.1792976903
2021-04-03 10:00:00+00:00,3404093.08868363
2021-04-03 11:00:00+00:00,3404187.9657868003
2021-04-03 12:00:00+00:00,3404250.04501843
2021-04-03 13:00:00+00:00,3404288.44370432
2021-04-03 14:00:00+00:00,3404559.42378392
2021-04-03 15:00:00+00:00,3404595.14123122
2021-04-03 16:00:00+00:00,3404822.59114194
2021-04-03 17:00:00+00:00,3404867.31827108
2021-04-03 18:00:00+00:00,3404823.31269863
2021-04-03 19:00:00+00:00,3404842.74459226
2021-04-03 20:00:00+00:00,3404801.49903994
2021-04-03 21:00:00+00:00,3402876.73707245
2021-04-03 22:00:00+00:00,3404966.7748877
2021-04-03 23:00:00+00:00,3406146.05442025
2021-04-04 00:00:00+00:00,3406203.64683728
2021-04-04 01:00:00+00:00,3405225.60562445
2021-04-04 02:00:00+00:00,3405292.70365979
2021-04-04 03:00:00+00:00,3405337.10450536
2021-04-04 04:00:00+00:00,3406332.97475486
2021-04-04 05:00:00+00:00,3406354.71889793
2021-04-04 06:00:00+00:00,3406385.54747566
2021-04-04 07:00:00+00:00,3406533.24665072
2021-04-04 08:00:00+00:00,3406537.19098418
2021-04-04 09:00:00+00:00,3406566.06644494
2021-04-04 10:00:00+00:00,3406875.9741159
2021-04-04 11:00:00+00:00,3406699.72106441
2021-04-04 12:00:00+00:00,3403630.66070796
2021-04-04 13:00:00+00:00,3403524.08089602
2021-04-04 14:00:00+00:00,3404713.85318201
2021-04-04 15:00:00+00:00,3407501.56202222
2021-04-04 16:00:00+00:00,3407307.81560229
2021-04-04 17:00:00+00:00,3407336.6858925503
2021-04-04 18:00:00+00:00,3407334.8426177
2021-04-04 19:00:00+00:00,3407376.13526275
2021-04-04 20:00:00+00:00,3407376.13526275
2021-04-04 21:00:00+00:00,3407439.69407636
2021-04-04 22:00:00+00:00,3407498.26882179
2021-04-04 23:00:00+00:00,3407318.91089558
2021-04-05 00:00:00+00:00,3407671.7394941
2021-04-05 01:00:00+00:00,3408555.87325171
2021-04-05 02:00:00+00:00,3407910.55276423
2021-04-05 03:00:00+00:00,3406338.40164906
2021-04-05 04:00:00+00:00,3405095.14226828
2021-04-05 05:00:00+00:00,3403459.97659658
2021-04-05 06:00:00+00:00,3403270.89709362
2021-04-05 07:00:00+00:00,3403406.07553252
2021-04-05 08:00:00+00:00,3403363.09596977
2021-04-05 09:00:00+00:00,3403467.73008783
2021-04-05 10:00:00+00:00,3403656.19566616
2021-04-05 11:00:00+00:00,3402289.58237429
2021-04-05 12:00:00+00:00,3402263.01074759
2021-04-05 13:00:00+00:00,3401123.60818432
2021-04-05 14:00:00+00:00,3399514.52937651
2021-04-05 15:00:00+00:00,3398971.9077272
2021-04-05 16:00:00+00:00,3399110.5660467
2021-04-05 17:00:00+00:00,3399953.45383
2021-04-05 18:00:00+00:00,3400126.5297668
2021-04-05 19:00:00+00:00,3408125.46602525
2021-04-05 20:00:00+00:00,3409556.03890906
2021-04-05 21:00:00+00:00,3408631.73410128
2021-04-05 22:00:00+00:00,3404691.0948542003
2021-04-05 23:00:00+00:00,3404719.19868994
2021-04-06 00:00:00+00:00,3404691.91226693
2021-04-06 01:00:00+00:00,3406091.05907705
2021-04-06 02:00:00+00:00,3406138.69744121
2021-04-06 03:00:00+00:00,3406008.9424003703
2021-04-06 04:00:00+00:00,3406107.60894192
2021-04-06 05:00:00+00:00,3406015.75807983
2021-04-06 06:00:00+00:00,3406004.93347207
2021-04-06 07:00:00+00:00,3405021.3925653
2021-04-06 08:00:00+00:00,3405500.67140755
2021-04-06 09:00:00+00:00,3404940.17882107
2021-04-06 10:00:00+00:00,3407041.00138267
2021-04-06 11:00:00+00:00,3405788.45401167
2021-04-06 12:00:00+00:00,3407474.6761063403
2021-04-06 13:00:00+00:00,3406701.49516166
2021-04-06 14:00:00+00:00,3410061.09229175
2021-04-06 15:00:00+00:00,3410210.42539021
2021-04-06 16:00:00+00:00,3412365.8329784703
2021-04-06 17:00:00+00:00,3411664.6856370303
2021-04-06 18:00:00+00:00,3411743.24691169
2021-04-06 19:00:00+00:00,3411912.68648565
2021-04-06 20:00:00+00:00,3411806.29284726
2021-04-06 21:00:00+00:00,3409455.1446089903
2021-04-06 22:00:00+00:00,3409849.15498397
2021-04-06 23:00:00+00:00,3411786.56574099
2021-04-07 00:00:00+00:00,3411629.6103019803
2021-04-07 01:00:00+00:00,3412242.96848927
2021-04-07 02:00:00+00:00,3411297.5613857303
2021-04-07 03:00:00+00:00,3412933.34425729
2021-04-07 04:00:00+00:00,3413239.4087635
2021-04-07 05:00:00+00:00,3414274.6798798703
2021-04-07 06:00:00+00:00,3414408.87697307
2021-04-07 07:00:00+00:00,3414639.60490739
2021-04-07 08:00:00+00:00,3413709.96177319
2021-04-07 09:00:00+00:00,3412665.94824591
2021-04-07 10:00:00+00:00,3412829.03665896
2021-04-07 11:00:00+00:00,3414971.31991811
2021-04-07 12:00:00+00:00,3415351.47562236
2021-04-07 13:00:00+00:00,3410768.1774692
2021-04-07 14:00:00+00:00,3410773.47117496
2021-04-07 15:00:00+00:00,3412405.9413965
2021-04-07 16:00:00+00:00,3413000.59537457
2021-04-07 17:00:00+00:00,3413035.87178577
2021-04-07 18:00:00+00:00,3413387.45546553
2021-04-07 19:00:00+00:00,3414322.0096739302
2021-04-07 20:00:00+00:00,3411134.9312367
2021-04-07 21:00:00+00:00,3411418.38163656
2021-04-07 22:00:00+00:00,3411757.11832722
2021-04-07 23:00:00+00:00,3411692.8585523902
2021-04-08 00:00:00+00:00,3411539.2167377
2021-04-08 01:00:00+00:00,3411780.18736276
2021-04-08 02:00:00+00:00,3411233.84008901
2021-04-08 03:00:00+00:00,3411070.13752066
2021-04-08 04:00:00+00:00,3411352.63041864
2021-04-08 05:00:00+00:00,3411469.86558913
2021-04-08 06:00:00+00:00,3410679.42555411
2021-04-08 07:00:00+00:00,3410692.61567946
2021-04-08 08:00:00+00:00,3410820.52982223
2021-04-08 09:00:00+00:00,3411072.14347768
2021-04-08 10:00:00+00:00,3411808.0829494903
2021-04-08 11:00:00+00:00,3410903.5217375
2021-04-08 12:00:00+00:00,3410158.91692547
2021-04-08 13:00:00+00:00,3410742.21504555
2021-04-08 14:00:00+00:00,3410913.32720006
2021-04-08 15:00:00+00:00,3410637.2480045003
2021-04-08 16:00:00+00:00,3412628.02575999
2021-04-08 17:00:00+00:00,3412628.02575999
2021-04-08 18:00:00+00:00,3411816.64709156
2021-04-08 19:00:00+00:00,3411912.0077958503
2021-04-08 20:00:00+00:00,3412675.30703033
2021-04-08 21:00:00+00:00,3409946.89141464
2021-04-08 22:00:00+00:00,3408850.35437366
2021-04-08 23:00:00+00:00,3407458.86101592
2021-04-09 00:00:00+00:00,3404803.4905061
2021-04-09 01:00:00+00:00,3404703.37791199
2021-04-09 02:00:00+00:00,3404779.1694351803
2021-04-09 03:00:00+00:00,3404634.8932796903
2021-04-09 04:00:00+00:00,3404811.59469234
2021-04-09 05:00:00+00:00,3404989.07484461
2021-04-09 06:00:00+00:00,3404162.9382531303
2021-04-09 07:00:00+00:00,3403329.1545358403
2021-04-09 08:00:00+00:00,3403595.32760836
2021-04-09 09:00:00+00:00,3403586.87111601
2021-04-09 10:00:00+00:00,3403534.8194883303
2021-04-09 11:00:00+00:00,3403266.1059431
2021-04-09 12:00:00+00:00,3404025.0271233
2021-04-09 13:00:00+00:00,3403005.34201884
2021-04-09 14:00:00+00:00,3401883.46176054
2021-04-09 15:00:00+00:00,3400795.83207575
2021-04-09 16:00:00+00:00,3399068.2668983303
2021-04-09 17:00:00+00:00,3399330.19020396
2021-04-09 18:00:00+00:00,3399954.26269781
2021-04-09 19:00:00+00:00,3401292.47013908
2021-04-09 20:00:00+00:00,3401084.97747958
2021-04-09 21:00:00+00:00,3401516.34933494
2021-04-09 22:00:00+00:00,3399252.37562758
2021-04-09 23:00:00+00:00,3399786.82897345
2021-04-10 00:00:00+00:00,3399845.03365918
2021-04-10 01:00:00+00:00,3399714.77210314
2021-04-10 02:00:00+00:00,3399770.6280236
2021-04-10 03:00:00+00:00,3399744.8638056503
2021-04-10 04:00:00+00:00,3399419.3218254303
2021-04-10 05:00:00+00:00,3398832.63907427
2021-04-10 06:00:00+00:00,3396652.92947299
2021-04-10 07:00:00+00:00,3397709.57019521
2021-04-10 08:00:00+00:00,3396785.48037411
2021-04-10 09:00:00+00:00,3395617.73653759
2021-04-10 10:00:00+00:00,3395101.23303932
2021-04-10 11:00:00+00:00,3395196.43090556
2021-04-10 12:00:00+00:00,3395194.44326252
2021-04-10 13:00:00+00:00,3395144.63558143
2021-04-10 14:00:00+00:00,3395205.7966540502
2021-04-10 15:00:00+00:00,3396721.78890073
2021-04-10 16:00:00+00:00,3397150.58841723
2021-04-10 17:00:00+00:00,3398097.99224087
2021-04-10 18:00:00+00:00,3397033.18295001
2021-04-10 19:00:00+00:00,3396983.3442467703
2021-04-10 20:00:00+00:00,3396993.83390155
2021-04-10 21:00:00+00:00,3396792.65348216
2021-04-10 22:00:00+00:00,3396760.1319636903
2021-04-10 23:00:00+00:00,3396696.50702452
2021-04-11 00:00:00+00:00,3396694.85178406
2021-04-11 01:00:00+00:00,3396761.90396597
2021-04-11 02:00:00+00:00,3396304.6927616
2021-04-11 03:00:00+00:00,3396122.07384844
2021-04-11 04:00:00+00:00,3396117.87120612
2021-04-11 05:00:00+00:00,3395229.61023192
2021-04-11 06:00:00+00:00,3395248.58092182
2021-04-11 07:00:00+00:00,3396798.44197131
2021-04-11 08:00:00+00:00,3396825.5076245703
2021-04-11 09:00:00+00:00,3396930.93261702
2021-04-11 10:00:00+00:00,3396937.05759726
2021-04-11 11:00:00+00:00,3396888.43443479
2021-04-11 12:00:00+00:00,3396849.2888661902
2021-04-11 13:00:00+00:00,3396502.12866269
2021-04-11 14:00:00+00:00,3395510.77951048
2021-04-11 15:00:00+00:00,3395533.72405852
2021-04-11 16:00:00+00:00,3395824.6279257
2021-04-11 17:00:00+00:00,3395921.20128099
2021-04-11 18:00:00+00:00,3395723.83193101
2021-04-11 19:00:00+00:00,3395760.27303348
2021-04-11 20:00:00+00:00,3397161.2085855003
2021-04-11 21:00:00+00:00,3396894.48332415
2021-04-11 22:00:00+00:00,3397195.0689603
2021-04-11 23:00:00+00:00,3397479.31710069
2021-04-12 00:00:00+00:00,3396331.53937181
2021-04-12 01:00:00+00:00,3397876.93665531
2021-04-12 02:00:00+00:00,3397945.7077227803
2021-04-12 03:00:00+00:00,3398536.79143099
2021-04-12 04:00:00+00:00,3398183.21349958
2021-04-12 05:00:00+00:00,3396641.32774964
2021-04-12 06:00:00+00:00,3396509.63238995
2021-04-12 07:00:00+00:00,3395471.17026401
2021-04-12 08:00:00+00:00,3395209.70197467
2021-04-12 09:00:00+00:00,3395268.00532099
2021-04-12 10:00:00+00:00,3395569.6958450503
2021-04-12 11:00:00+00:00,3393361.64696314
2021-04-12 12:00:00+00:00,3390401.8780607902
2021-04-12 13:00:00+00:00,3389349.67592574
2021-04-12 14:00:00+00:00,3390600.18818217
2021-04-12 15:00:00+00:00,3390141.89906988
2021-04-12 16:00:00+00:00,3387856.33165503
2021-04-12 17:00:00+00:00,3386187.35294697
2021-04-12 18:00:00+00:00,3390483.7541902503
2021-04-12 19:00:00+00:00,3388899.89812459
2021-04-12 20:00:00+00:00,3386869.17771853
2021-04-12 21:00:00+00:00,3383795.11467607
2021-04-12 22:00:00+00:00,3384287.6029649302
2021-04-12 23:00:00+00:00,3387642.55899254
2021-04-13 00:00:00+00:00,3390825.6519155
2021-04-13 01:00:00+00:00,3390861.72513852
2021-04-13 02:00:00+00:00,3390408.66628567
2021-04-13 03:00:00+00:00,3390308.47388519
2021-04-13 04:00:00+00:00,3389702.81237309
2021-04-13 05:00:00+00:00,3389089.81635996
2021-04-13 06:00:00+00:00,3389120.89056959
2021-04-13 07:00:00+00:00,3388120.35835806
2021-04-13 08:00:00+00:00,3387400.38466694
2021-04-13 09:00:00+00:00,3389239.18639159
2021-04-13 10:00:00+00:00,3389872.26568346
2021-04-13 11:00:00+00:00,3389865.91838866
2021-04-13 12:00:00+00:00,3390033.5593586
2021-04-13 13:00:00+00:00,3386984.80012511
2021-04-13 14:00:00+00:00,3388390.61296914
2021-04-13 15:00:00+00:00,3390098.75169244
2021-04-13 16:00:00+00:00,3390667.98152814
2021-04-13 17:00:00+00:00,3390852.10321513
2021-04-13 18:00:00+00:00,3393626.03286357
2021-04-13 19:00:00+00:00,3392515.37841488
2021-04-13 20:00:00+00:00,3391662.73584766
2021-04-13 21:00:00+00:00,3390556.44132286
2021-04-13 22:00:00+00:00,3388625.1335501103
2021-04-13 23:00:00+00:00,3391532.65096733
2021-04-14 00:00:00+00:00,3391743.31046947
2021-04-14 01:00:00+00:00,3391818.73367691
2021-04-14 02:00:00+00:00,3391584.1017423
2021-04-14 03:00:00+00:00,3390974.56880846
2021-04-14 04:00:00+00:00,3390974.56880846
2021-04-14 05:00:00+00:00,3390086.4835265502
2021-04-14 06:00:00+00:00,3390235.60412832
2021-04-14 07:00:00+00:00,3388023.0404771003
2021-04-14 08:00:00+00:00,3390168.2157151103
2021-04-14 09:00:00+00:00,3391442.99667415
2021-04-14 10:00:00+00:00,3390119.33701095
2021-04-14 11:00:00+00:00,3390286.67769847
2021-04-14 12:00:00+00:00,3391081.38387312
2021-04-14 13:00:00+00:00,3389743.25121667
2021-04-14 14:00:00+00:00,3391216.6278561503
2021-04-14 15:00:00+00:00,3390961.01411658
2021-04-14 16:00:00+00:00,3391599.42115016
2021-04-14 17:00:00+00:00,3401613.7245533
2021-04-14 18:00:00+00:00,3402307.59709245
2021-04-14 19:00:00+00:00,3402147.76824299
2021-04-14 20:00:00+00:00,3401500.54436085
2021-04-14 21:00:00+00:00,3403528.2688395903
2021-04-14 22:00:00+00:00,3404033.96051156
2021-04-14 23:00:00+00:00,3403898.56084422
2021-04-15 00:00:00+00:00,3403054.6413376
2021-04-15 01:00:00+00:00,3402298.65330162
2021-04-15 02:00:00+00:00,3401033.8488870403
2021-04-15 03:00:00+00:00,3400992.1007218403
2021-04-15 04:00:00+00:00,3403862.12565391
2021-04-15 05:00:00+00:00,3403913.21283247
2021-04-15 06:00:00+00:00,3404145.81674975
2021-04-15 07:00:00+00:00,3404160.56477017
2021-04-15 08:00:00+00:00,3403787.64521905
2021-04-15 09:00:00+00:00,3402558.22240767
2021-04-15 10:00:00+00:00,3401552.18986595
2021-04-15 11:00:00+00:00,3403252.97466403
2021-04-15 12:00:00+00:00,3402821.03885964
2021-04-15 13:00:00+00:00,3403194.24890614
2021-04-15 14:00:00+00:00,3401982.79260763
2021-04-15 15:00:00+00:00,3402302.59548673
2021-04-15 16:00:00+00:00,3400894.63429126
2021-04-15 17:00:00+00:00,3400734.23038716
2021-04-15 18:00:00+00:00,3402042.30987526
2021-04-15 19:00:00+00:00,3402987.0514145503
2021-04-15 20:00:00+00:00,3403279.19977532
2021-04-15 21:00:00+00:00,3403227.87362601
2021-04-15 22:00:00+00:00,3402716.62128877
2021-04-15 23:00:00+00:00,3402614.76202426
2021-04-16 00:00:00+00:00,3403007.66011394
2021-04-16 01:00:00+00:00,3403126.1595348
2021-04-16 02:00:00+00:00,3402746.37945439
2021-04-16 03:00:00+00:00,3402911.17831826
2021-04-16 04:00:00+00:00,3403257.9445928102
2021-04-16 05:00:00+00:00,3404183.46913143
2021-04-16 06:00:00+00:00,3404611.66892267
2021-04-16 07:00:00+00:00,3406221.2971762302
2021-04-16 08:00:00+00:00,3405665.78913256
2021-04-16 09:00:00+00:00,3404332.68373516
2021-04-16 10:00:00+00:00,3404316.21830549
2021-04-16 11:00:00+00:00,3405561.40889319
2021-04-16 12:00:00+00:00,3406863.87034815
2021-04-16 13:00:00+00:00,3404640.19710498
2021-04-16 14:00:00+00:00,3403891.29849103
2021-04-16 15:00:00+00:00,3402650.25105584
2021-04-16 16:00:00+00:00,3400959.35843135
2021-04-16 17:00:00+00:00,3402181.88606531
2021-04-16 18:00:00+00:00,3404394.3107357
2021-04-16 19:00:00+00:00,3401401.72509947
2021-04-16 20:00:00+00:00,3403679.48515716
2021-04-16 21:00:00+00:00,3406946.64086086
2021-04-16 22:00:00+00:00,3406894.16474653
2021-04-16 23:00:00+00:00,3404739.6561215003
2021-04-17 00:00:00+00:00,3404782.24066944
2021-04-17 01:00:00+00:00,3405196.26164216
2021-04-17 02:00:00+00:00,3403817.46113437
2021-04-17 03:00:00+00:00,3403797.4394270102
2021-04-17 04:00:00+00:00,3405798.92997291
2021-04-17 05:00:00+00:00,3405763.02226685
2021-04-17 06:00:00+00:00,3405769.08668012
2021-04-17 07:00:00+00:00,3406369.6263805903
2021-04-17 08:00:00+00:00,3406380.26964006
2021-04-17 09:00:00+00:00,3406321.37736776
2021-04-17 10:00:00+00:00,3407822.45977187
2021-04-17 11:00:00+00:00,3406607.82577379
2021-04-17 12:00:00+00:00,3406629.75858716
2021-04-17 13:00:00+00:00,3407423.26324904
2021-04-17 14:00:00+00:00,3407758.7469575503
2021-04-17 15:00:00+00:00,3410019.53348649
2021-04-17 16:00:00+00:00,3410008.00899894
2021-04-17 17:00:00+00:00,3410018.64487612
2021-04-17 18:00:00+00:00,3411115.57369961
2021-04-17 19:00:00+00:00,3411468.53457941
2021-04-17 20:00:00+00:00,3410478.7383829
2021-04-17 21:00:00+00:00,3410499.01438921
2021-04-17 22:00:00+00:00,3410499.01438921
2021-04-17 23:00:00+00:00,3408392.88771871
2021-04-18 00:00:00+00:00,3408475.9910614
2021-04-18 01:00:00+00:00,3407382.32857506
2021-04-18 02:00:00+00:00,3407829.02021252
2021-04-18 03:00:00+00:00,3407827.71351447
2021-04-18 04:00:00+00:00,3408821.81696903
2021-04-18 05:00:00+00:00,3409034.96279327
2021-04-18 06:00:00+00:00,3409825.78940538
2021-04-18 07:00:00+00:00,3410197.93684335
2021-04-18 08:00:00+00:00,3414195.48731465
2021-04-18 09:00:00+00:00,3412810.0117883203
2021-04-18 10:00:00+00:00,3416015.8909764
2021-04-18 11:00:00+00:00,3416005.92723322
2021-04-18 12:00:00+00:00,3416452.13517124
2021-04-18 13:00:00+00:00,3418607.59483702
2021-04-18 14:00:00+00:00,3417750.17800989
2021-04-18 15:00:00+00:00,3417754.96006557
2021-04-18 16:00:00+00:00,3417015.85110701
2021-04-18 17:00:00+00:00,3416897.76886803
2021-04-18 18:00:00+00:00,3417545.13507091
2021-04-18 19:00:00+00:00,3421002.77119698
2021-04-18 20:00:00+00:00,3421785.75794606
2021-04-18 21:00:00+00:00,3422323.4844611
2021-04-18 22:00:00+00:00,3422449.62565009
2021-04-18 23:00:00+00:00,3422661.78936539
2021-04-19 00:00:00+00:00,3422661.78936539
2021-04-19 01:00:00+00:00,3421366.06353897
2021-04-19 02:00:00+00:00,3422433.38242144
2021-04-19 03:00:00+00:00,3422433.38242144
2021-04-19 04:00:00+00:00,3421177.0832608
2021-04-19 05:00:00+00:00,3422609.18528176
2021-04-19 06:00:00+00:00,3420825.66149899
2021-04-19 07:00:00+00:00,3422469.7871048
2021-04-19 08:00:00+00:00,3420915.23454438
2021-04-19 09:00:00+00:00,3421519.18610979
2021-04-19 10:00:00+00:00,3421643.5249967
2021-04-19 11:00:00+00:00,3424103.33581525
2021-04-19 12:00:00+00:00,3425190.98842582
2021-04-19 13:00:00+00:00,3425190.98842582
2021-04-19 14:00:00+00:00,3422212.89560873
2021-04-19 15:00:00+00:00,3423521.34038606
2021-04-19 16:00:00+00:00,3424730.20375713
2021-04-19 17:00:00+00:00,3424378.4686950203
2021-04-19 18:00:00+00:00,3423665.8210489303
2021-04-19 19:00:00+00:00,3423796.44958964
2021-04-19 20:00:00+00:00,3423940.26554823
2021-04-19 21:00:00+00:00,3427322.99611734
2021-04-19 22:00:00+00:00,3427294.66865497
2021-04-19 23:00:00+00:00,3428116.77537163
2021-04-20 00:00:00+00:00,3425175.52980154
2021-04-20 01:00:00+00:00,3425298.67782826
2021-04-20 02:00:00+00:00,3425005.90475864
2021-04-20 03:00:00+00:00,3424915.20086049
2021-04-20 04:00:00+00:00,3426006.792804
2021-04-20 05:00:00+00:00,3426605.04013319
2021-04-20 06:00:00+00:00,3425289.74222301
2021-04-20 07:00:00+00:00,3425540.75015707
2021-04-20 08:00:00+00:00,3425544.54261254
2021-04-20 09:00:00+00:00,3425871.4418172203
2021-04-20 10:00:00+00:00,3424219.14029122
2021-04-20 11:00:00+00:00,3424159.04050755
2021-04-20 12:00:00+00:00,3424748.21544965
2021-04-20 13:00:00+00:00,3423472.3681508303
2021-04-20 14:00:00+00:00,3423963.29555975
2021-04-20 15:00:00+00:00,3422747.85482708
2021-04-20 16:00:00+00:00,3421006.8146306
2021-04-20 17:00:00+00:00,3420055.02269235
2021-04-20 18:00:00+00:00,3420402.442651
2021-04-20 19:00:00+00:00,3422548.3331538
2021-04-20 20:00:00+00:00,3422516.68339863
2021-04-20 21:00:00+00:00,3420042.54967013
2021-04-20 22:00:00+00:00,3420448.11714208
2021-04-20 23:00:00+00:00,3420435.42438198
2021-04-21 00:00:00+00:00,3420229.76577484
2021-04-21 01:00:00+00:00,3420310.75335574
2021-04-21 02:00:00+00:00,3417790.1773210103
2021-04-21 03:00:00+00:00,3417554.02021997
2021-04-21 04:00:00+00:00,3419030.1198666003
2021-04-21 05:00:00+00:00,3419139.88039966
2021-04-21 06:00:00+00:00,3419279.37452899
2021-04-21 07:00:00+00:00,3416823.25340832
2021-04-21 08:00:00+00:00,3416777.7110595
2021-04-21 09:00:00+00:00,3418935.00616568
2021-04-21 10:00:00+00:00,3418657.60908225
2021-04-21 11:00:00+00:00,3418640.20687368
2021-04-21 12:00:00+00:00,3418860.89585347
2021-04-21 13:00:00+00:00,3420789.11208244
2021-04-21 14:00:00+00:00,3433531.2750924
2021-04-21 15:00:00+00:00,3428789.5096004303
2021-04-21 16:00:00+00:00,3428048.09398008
2021-04-21 17:00:00+00:00,3428278.28588201
2021-04-21 18:00:00+00:00,3428277.44869731
2021-04-21 19:00:00+00:00,3428277.44869731
2021-04-21 20:00:00+00:00,3425952.23438028
2021-04-21 21:00:00+00:00,3425937.99096988
2021-04-21 22:00:00+00:00,3426389.44229272
2021-04-21 23:00:00+00:00,3426439.1680718902
2021-04-22 00:00:00+00:00,3425682.6119893403
2021-04-22 01:00:00+00:00,3425682.6119893403
2021-04-22 02:00:00+00:00,3420697.05568002
2021-04-22 03:00:00+00:00,3419794.09114737
2021-04-22 04:00:00+00:00,3419102.11245226
2021-04-22 05:00:00+00:00,3418932.31501348
2021-04-22 06:00:00+00:00,3419493.6658648
2021-04-22 07:00:00+00:00,3418734.27880503
2021-04-22 08:00:00+00:00,3418566.36661225
2021-04-22 09:00:00+00:00,3418967.59132142
2021-04-22 10:00:00+00:00,3418764.70214627
2021-04-22 11:00:00+00:00,3419263.73806014
2021-04-22 12:00:00+00:00,3419455.85759131
2021-04-22 13:00:00+00:00,3420441.37256612
2021-04-22 14:00:00+00:00,3419335.37389756
2021-04-22 15:00:00+00:00,3418412.2933536
2021-04-22 16:00:00+00:00,3418551.23865498
2021-04-22 17:00:00+00:00,3417628.98817066
2021-04-22 18:00:00+00:00,3415890.77735799
2021-04-22 19:00:00+00:00,3417748.00503951
2021-04-22 20:00:00+00:00,3417830.6717699
2021-04-22 21:00:00+00:00,3419230.68394827
2021-04-22 22:00:00+00:00,3414953.64172938
2021-04-22 23:00:00+00:00,3414955.25854879
2021-04-23 00:00:00+00:00,3413957.67489193
2021-04-23 01:00:00+00:00,3411717.0885594003
2021-04-23 02:00:00+00:00,3411610.45122836
2021-04-23 03:00:00+00:00,3412347.1074810103
2021-04-23 04:00:00+00:00,3413014.90745263
2021-04-23 05:00:00+00:00,3413096.90828284
2021-04-23 06:00:00+00:00,3413044.10054073
2021-04-23 07:00:00+00:00,3411086.16821934
2021-04-23 08:00:00+00:00,3407615.04388011
2021-04-23 09:00:00+00:00,3407001.29214447
2021-04-23 10:00:00+00:00,3407026.28538087
2021-04-23 11:00:00+00:00,3409611.66306987
2021-04-23 12:00:00+00:00,3404902.69575537
2021-04-23 13:00:00+00:00,3403964.74802352
2021-04-23 14:00:00+00:00,3406234.44342878
2021-04-23 15:00:00+00:00,3408390.4596823403
2021-04-23 16:00:00+00:00,3407738.29915937
2021-04-23 17:00:00+00:00,3407670.3629373303
2021-04-23 18:00:00+00:00,3409423.41190811
2021-04-23 19:00:00+00:00,3409915.48562299
2021-04-23 20:00:00+00:00,3409827.22937903
2021-04-23 21:00:00+00:00,3413077.7823690902
2021-04-23 22:00:00+00:00,3412462.8984780503
2021-04-23 23:00:00+00:00,3412701.72264041
2021-04-24 00:00:00+00:00,3411375.8101790003
2021-04-24 01:00:00+00:00,3411455.26417414
2021-04-24 02:00:00+00:00,3411641.14092878
2021-04-24 03:00:00+00:00,3411299.83881592
2021-04-24 04:00:00+00:00,3412588.49404631
2021-04-24 05:00:00+00:00,3411581.62304532
2021-04-24 06:00:00+00:00,3410247.87506971
2021-04-24 07:00:00+00:00,3409799.20432652
2021-04-24 08:00:00+00:00,3410038.95997797
2021-04-24 09:00:00+00:00,3411027.1032738
2021-04-24 10:00:00+00:00,3409079.26832197
2021-04-24 11:00:00+00:00,3409054.27507888
2021-04-24 12:00:00+00:00,3408919.67649745
2021-04-24 13:00:00+00:00,3408849.2732082503
2021-04-24 14:00:00+00:00,3409023.5054285
2021-04-24 15:00:00+00:00,3409079.45948685
2021-04-24 16:00:00+00:00,3407503.97312152
2021-04-24 17:00:00+00:00,3406780.32440434
2021-04-24 18:00:00+00:00,3406785.15103725
2021-04-24 19:00:00+00:00,3406929.13311273
2021-04-24 20:00:00+00:00,3407954.54801153
2021-04-24 21:00:00+00:00,3408526.70905718
2021-04-24 22:00:00+00:00,3408465.4319386003
2021-04-24 23:00:00+00:00,3408541.60880549
2021-04-25 00:00:00+00:00,3408541.038327
2021-04-25 01:00:00+00:00,3407833.4274379
2021-04-25 02:00:00+00:00,3409070.84359551
2021-04-25 03:00:00+00:00,3408129.40856323
2021-04-25 04:00:00+00:00,3409356.06378263
2021-04-25 05:00:00+00:00,3408388.1993839103
2021-04-25 06:00:00+00:00,3407088.6531036403
2021-04-25 07:00:00+00:00,3404934.45963929
2021-04-25 08:00:00+00:00,3405997.17763391
2021-04-25 09:00:00+00:00,3404961.0366002
2021-04-25 10:00:00+00:00,3404945.36257486
2021-04-25 11:00:00+00:00,3403941.27688081
2021-04-25 12:00:00+00:00,3403967.88096033
2021-04-25 13:00:00+00:00,3404066.82354867
2021-04-25 14:00:00+00:00,3405154.6116891
2021-04-25 15:00:00+00:00,3405182.11266021
2021-04-25 16:00:00+00:00,3405214.53598601
2021-04-25 17:00:00+00:00,3405245.03501473
2021-04-25 18:00:00+00:00,3404935.69132913
2021-04-25 19:00:00+00:00,3405954.47318417
2021-04-25 20:00:00+00:00,3404917.83444842
2021-04-25 21:00:00+00:00,3404651.09273674
2021-04-25 22:00:00+00:00,3407109.76793428
2021-04-25 23:00:00+00:00,3406022.51541431
2021-04-26 00:00:00+00:00,3406205.5577878
2021-04-26 01:00:00+00:00,3405792.13560598
2021-04-26 02:00:00+00:00,3405719.98964014
2021-04-26 03:00:00+00:00,3405554.66430608
2021-04-26 04:00:00+00:00,3405470.77702827
2021-04-26 05:00:00+00:00,3407605.64242691
2021-04-26 06:00:00+00:00,3407556.29283012
2021-04-26 07:00:00+00:00,3407228.01793706
2021-04-26 08:00:00+00:00,3408034.29666389
2021-04-26 09:00:00+00:00,3406283.13596031
2021-04-26 10:00:00+00:00,3406247.7106743
2021-04-26 11:00:00+00:00,3405121.00432511
2021-04-26 12:00:00+00:00,3404956.3849543403
2021-04-26 13:00:00+00:00,3395225.17613765
2021-04-26 14:00:00+00:00,3397603.95279136
2021-04-26 15:00:00+00:00,3397365.6490913
2021-04-26 16:00:00+00:00,3397093.06312849
2021-04-26 17:00:00+00:00,3396608.6188724
2021-04-26 18:00:00+00:00,3396593.54332535
2021-04-26 19:00:00+00:00,3395914.42195589
2021-04-26 20:00:00+00:00,3394717.38011991
2021-04-26 21:00:00+00:00,3396375.9529418
2021-04-26 22:00:00+00:00,3397337.5593132502
2021-04-26 23:00:00+00:00,3397131.8075368702
2021-04-27 00:00:00+00:00,3390827.25112287
2021-04-27 01:00:00+00:00,3391366.44079945
2021-04-27 02:00:00+00:00,3390914.35907466
2021-04-27 03:00:00+00:00,3390907.98883222
2021-04-27 04:00:00+00:00,3392490.39584651
2021-04-27 05:00:00+00:00,3392578.52266587
2021-04-27 06:00:00+00:00,3393814.89201025
2021-04-27 07:00:00+00:00,3393206.6854568203
2021-04-27 08:00:00+00:00,3394278.59917688
2021-04-27 09:00:00+00:00,3394665.75804505
2021-04-27 10:00:00+00:00,3395788.02226237
2021-04-27 11:00:00+00:00,3395675.46942414
2021-04-27 12:00:00+00:00,3395608.0402976
2021-04-27 13:00:00+00:00,3400893.7404056103
2021-04-27 14:00:00+00:00,3401739.07774918
2021-04-27 15:00:00+00:00,3401083.665308
2021-04-27 16:00:00+00:00,3402531.86195591
2021-04-27 17:00:00+00:00,3403757.83151932
2021-04-27 18:00:00+00:00,3403342.96634032
2021-04-27 19:00:00+00:00,3402388.98154834
2021-04-27 20:00:00+00:00,3402206.29927755
2021-04-27 21:00:00+00:00,3403325.18221286
2021-04-27 22:00:00+00:00,3401791.09582379
2021-04-27 23:00:00+00:00,3401005.43780609
2021-04-28 00:00:00+00:00,3402781.49967817
2021-04-28 01:00:00+00:00,3401334.22933058
2021-04-28 02:00:00+00:00,3401316.7473853403
2021-04-28 03:00:00+00:00,3402678.59070223
2021-04-28 04:00:00+00:00,3404429.8568942
2021-04-28 05:00:00+00:00,3404383.57998396
2021-04-28 06:00:00+00:00,3403589.7361793
2021-04-28 07:00:00+00:00,3401520.82184839
2021-04-28 08:00:00+00:00,3402446.46132964
2021-04-28 09:00:00+00:00,3401622.4728819
2021-04-28 10:00:00+00:00,3401544.29381817
2021-04-28 11:00:00+00:00,3401060.46802016
2021-04-28 12:00:00+00:00,3399492.88152433
2021-04-28 13:00:00+00:00,3397740.3835892803
2021-04-28 14:00:00+00:00,3396292.46502651
2021-04-28 15:00:00+00:00,3395994.84166812
2021-04-28 16:00:00+00:00,3394418.26618962
2021-04-28 17:00:00+00:00,3394147.41799894
2021-04-28 18:00:00+00:00,3394076.220756
2021-04-28 19:00:00+00:00,3393000.52629943
2021-04-28 20:00:00+00:00,3391260.92727252
2021-04-28 21:00:00+00:00,3391749.56672387
2021-04-28 22:00:00+00:00,3391749.56672387
2021-04-28 23:00:00+00:00,3391830.64377456
2021-04-29 00:00:00+00:00,3391914.23316202
2021-04-29 01:00:00+00:00,3393010.92025265
2021-04-29 02:00:00+00:00,3391852.24359528
2021-04-29 03:00:00+00:00,3393081.09229205
2021-04-29 04:00:00+00:00,3394194.46200178
2021-04-29 05:00:00+00:00,3394144.11579036
2021-04-29 06:00:00+00:00,3395231.81313394
2021-04-29 07:00:00+00:00,3394566.70927011
2021-04-29 08:00:00+00:00,3388640.27724651
2021-04-29 09:00:00+00:00,3387272.93601841
2021-04-29 10:00:00+00:00,3386384.82670627
2021-04-29 11:00:00+00:00,3385524.42540613
2021-04-29 12:00:00+00:00,3385846.51910079
2021-04-29 13:00:00+00:00,3385883.27912856
2021-04-29 14:00:00+00:00,3386093.55613115
2021-04-29 15:00:00+00:00,3397906.10057347
2021-04-29 16:00:00+00:00,3397937.40679616
2021-04-29 17:00:00+00:00,3394835.05018625
2021-04-29 18:00:00+00:00,3394185.45562873
2021-04-29 19:00:00+00:00,3389753.16440214
2021-04-29 20:00:00+00:00,3390279.05463843
2021-04-29 21:00:00+00:00,3390632.68174817
2021-04-29 22:00:00+00:00,3390957.50458003
2021-04-29 23:00:00+00:00,3391013.23673705
2021-04-30 00:00:00+00:00,3391189.90693449
2021-04-30 01:00:00+00:00,3392252.8797394503
2021-04-30 02:00:00+00:00,3392265.96162258
2021-04-30 03:00:00+00:00,3391133.55596897
2021-04-30 04:00:00+00:00,3392465.62318855
2021-04-30 05:00:00+00:00,3393644.00660994
2021-04-30 06:00:00+00:00,3393644.00660994
2021-04-30 07:00:00+00:00,3393181.88772087
2021-04-30 08:00:00+00:00,3394249.20195053
2021-04-30 09:00:00+00:00,3394069.7529316302
2021-04-30 10:00:00+00:00,3393074.04028955
2021-04-30 11:00:00+00:00,3393021.30806391
2021-04-30 12:00:00+00:00,3392805.55545772
2021-04-30 13:00:00+00:00,3394224.70056837
2021-04-30 14:00:00+00:00,3392857.02827499
2021-04-30 15:00:00+00:00,3390896.66785009
2021-04-30 16:00:00+00:00,3389029.16575899
2021-04-30 17:00:00+00:00,3389269.01056273
2021-04-30 18:00:00+00:00,3389224.50779632
2021-04-30 19:00:00+00:00,3389681.12162016
2021-04-30 20:00:00+00:00,3392061.74616159
2021-04-30 21:00:00+00:00,3392366.66534376
2021-04-30 22:00:00+00:00,3394471.41803566
2021-04-30 23:00:00+00:00,3396795.22799271
2021-05-01 00:00:00+00:00,3396935.88923753
2021-05-01 01:00:00+00:00,3396999.6713792
2021-05-01 02:00:00+00:00,3398149.92368341
2021-05-01 03:00:00+00:00,3399301.47035354
2021-05-01 04:00:00+00:00,3400622.71185942
2021-05-01 05:00:00+00:00,3399984.31199988
2021-05-01 06:00:00+00:00,3400239.06760153
2021-05-01 07:00:00+00:00,3400288.9767749
2021-05-01 08:00:00+00:00,3399229.46072583
2021-05-01 09:00:00+00:00,3399315.41285468
2021-05-01 10:00:00+00:00,3401379.6981864
2021-05-01 11:00:00+00:00,3400533.3118888
2021-05-01 12:00:00+00:00,3397617.40201668
2021-05-01 13:00:00+00:00,3397636.03174779
2021-05-01 14:00:00+00:00,3398274.51303999
2021-05-01 15:00:00+00:00,3399249.25095595
2021-05-01 16:00:00+00:00,3399100.30833937
2021-05-01 17:00:00+00:00,3398206.56731644
2021-05-01 18:00:00+00:00,3399234.16343871
2021-05-01 19:00:00+00:00,3398248.09413474
2021-05-01 20:00:00+00:00,3398283.04080969
2021-05-01 21:00:00+00:00,3398121.75308906
2021-05-01 22:00:00+00:00,3398127.38010696
2021-05-01 23:00:00+00:00,3397128.30134995
2021-05-02 00:00:00+00:00,3397288.7253537
2021-05-02 01:00:00+00:00,3397395.61083684
2021-05-02 02:00:00+00:00,3397426.60589879
2021-05-02 03:00:00+00:00,3397835.72481259
2021-05-02 04:00:00+00:00,3397752.57518751
2021-05-02 05:00:00+00:00,3397804.9803710203
2021-05-02 06:00:00+00:00,3397795.18592265
2021-05-02 07:00:00+00:00,3397866.5712921503
2021-05-02 08:00:00+00:00,3397578.1402983502
2021-05-02 09:00:00+00:00,3396384.45059416
2021-05-02 10:00:00+00:00,3397428.81773771
2021-05-02 11:00:00+00:00,3397334.73973352
2021-05-02 12:00:00+00:00,3397275.03869908
2021-05-02 13:00:00+00:00,3397188.08588192
2021-05-02 14:00:00+00:00,3397157.69091796
2021-05-02 15:00:00+00:00,3397172.4724327703
2021-05-02 16:00:00+00:00,3393207.87940971
2021-05-02 17:00:00+00:00,3393594.11565802
2021-05-02 18:00:00+00:00,3392448.18580459
2021-05-02 19:00:00+00:00,3392607.7582751
2021-05-02 20:00:00+00:00,3392753.84385232
2021-05-02 21:00:00+00:00,3392774.03383343
2021-05-02 22:00:00+00:00,3394357.03846124
2021-05-02 23:00:00+00:00,3395439.99757931
2021-05-03 00:00:00+00:00,3395463.22222318
2021-05-03 01:00:00+00:00,3394464.71678713
2021-05-03 02:00:00+00:00,3394574.05534706
2021-05-03 03:00:00+00:00,3394587.2204614603
2021-05-03 04:00:00+00:00,3394437.224985
2021-05-03 05:00:00+00:00,3394432.9844286
2021-05-03 06:00:00+00:00,3393635.05587077
2021-05-03 07:00:00+00:00,3393576.11977279
2021-05-03 08:00:00+00:00,3393365.28711461
2021-05-03 09:00:00+00:00,3393385.01789446
2021-05-03 10:00:00+00:00,3393325.61376966
2021-05-03 11:00:00+00:00,3391568.70986304
2021-05-03 12:00:00+00:00,3391934.63420283
2021-05-03 13:00:00+00:00,3392215.51200324
2021-05-03 14:00:00+00:00,3391992.62670195
2021-05-03 15:00:00+00:00,3391957.83152771
2021-05-03 16:00:00+00:00,3393768.03584023
2021-05-03 17:00:00+00:00,3391153.69416355
2021-05-03 18:00:00+00:00,3388757.5718573
2021-05-03 19:00:00+00:00,3392082.00090359
2021-05-03 20:00:00+00:00,3388723.78677048
2021-05-03 21:00:00+00:00,3391341.05927648
2021-05-03 22:00:00+00:00,3390090.70765574
2021-05-03 23:00:00+00:00,3390426.40886655
2021-05-04 00:00:00+00:00,3391033.67819474
2021-05-04 01:00:00+00:00,3391962.64664408
2021-05-04 02:00:00+00:00,3391953.712908
2021-05-04 03:00:00+00:00,3391777.82987823
2021-05-04 04:00:00+00:00,3392028.68669179
2021-05-04 05:00:00+00:00,3392125.72652694
2021-05-04 06:00:00+00:00,3392231.43682402
2021-05-04 07:00:00+00:00,3392284.89144147
2021-05-04 08:00:00+00:00,3391766.58894614
2021-05-04 09:00:00+00:00,3391820.04160714
2021-05-04 10:00:00+00:00,3391903.92089424
2021-05-04 11:00:00+00:00,3388313.76641916
2021-05-04 12:00:00+00:00,3389448.65669032
2021-05-04 13:00:00+00:00,3389807.67139738
2021-05-04 14:00:00+00:00,3388858.45553513
2021-05-04 15:00:00+00:00,3387136.95880108
2021-05-04 16:00:00+00:00,3389178.55317745
2021-05-04 17:00:00+00:00,3389165.0978879603
2021-05-04 18:00:00+00:00,3387946.59240406
2021-05-04 19:00:00+00:00,3391195.92600177
2021-05-04 20:00:00+00:00,3391949.06798227
2021-05-04 21:00:00+00:00,3388938.03900912
2021-05-04 22:00:00+00:00,3388420.21299067
2021-05-04 23:00:00+00:00,3389941.13259708
2021-05-05 00:00:00+00:00,3390275.22408144
2021-05-05 01:00:00+00:00,3390260.60797748
2021-05-05 02:00:00+00:00,3389865.56494727
2021-05-05 03:00:00+00:00,3388689.35457178
2021-05-05 04:00:00+00:00,3388553.42293475
2021-05-05 05:00:00+00:00,3388719.83238528
2021-05-05 06:00:00+00:00,3387356.4397024
2021-05-05 07:00:00+00:00,3388096.67331578
2021-05-05 08:00:00+00:00,3388161.98640564
2021-05-05 09:00:00+00:00,3384805.46408915
2021-05-05 10:00:00+00:00,3384154.70291732
2021-05-05 11:00:00+00:00,3384341.70364477
2021-05-05 12:00:00+00:00,3384354.11492697
2021-05-05 13:00:00+00:00,3386192.93311753
2021-05-05 14:00:00+00:00,3386283.80496605
2021-05-05 15:00:00+00:00,3387042.90460069
2021-05-05 16:00:00+00:00,3386625.1069075
2021-05-05 17:00:00+00:00,3387907.25774429
2021-05-05 18:00:00+00:00,3389046.8885295503
2021-05-05 19:00:00+00:00,3388292.23446075
2021-05-05 20:00:00+00:00,3389687.35763183
2021-05-05 21:00:00+00:00,3390429.3731864
2021-05-05 22:00:00+00:00,3389785.91735734
2021-05-05 23:00:00+00:00,3392151.28080928
2021-05-06 00:00:00+00:00,3391533.22534545
2021-05-06 01:00:00+00:00,3386367.5504864203
2021-05-06 02:00:00+00:00,3386543.11458838
2021-05-06 03:00:00+00:00,3386549.37351619
2021-05-06 04:00:00+00:00,3386437.74046374
2021-05-06 05:00:00+00:00,3385472.32043984
2021-05-06 06:00:00+00:00,3385619.0348183
2021-05-06 07:00:00+00:00,3385978.1370402
2021-05-06 08:00:00+00:00,3385552.61857342
2021-05-06 09:00:00+00:00,3384742.49336479
2021-05-06 10:00:00+00:00,3385576.02576783
2021-05-06 11:00:00+00:00,3384211.31865552
2021-05-06 12:00:00+00:00,3384571.98180329
2021-05-06 13:00:00+00:00,3385171.79707019
2021-05-06 14:00:00+00:00,3386361.67928452
2021-05-06 15:00:00+00:00,3388031.16000181
2021-05-06 16:00:00+00:00,3393652.2412969503
2021-05-06 17:00:00+00:00,3394240.6663611
2021-05-06 18:00:00+00:00,3393612.81285564
2021-05-06 19:00:00+00:00,3382315.06850444
2021-05-06 20:00:00+00:00,3385386.56231065
2021-05-06 21:00:00+00:00,3385834.6224642
2021-05-06 22:00:00+00:00,3384738.31712634
2021-05-06 23:00:00+00:00,3385387.61343715
2021-05-07 00:00:00+00:00,3385458.26103779
2021-05-07 01:00:00+00:00,3385376.91941496
2021-05-07 02:00:00+00:00,3384569.04792566
2021-05-07 03:00:00+00:00,3383860.0002931003
2021-05-07 04:00:00+00:00,3383670.60864694
2021-05-07 05:00:00+00:00,3383733.48674455
2021-05-07 06:00:00+00:00,3385257.87545241
2021-05-07 07:00:00+00:00,3385178.6523114103
2021-05-07 08:00:00+00:00,3384482.16384719
2021-05-07 09:00:00+00:00,3383772.0494774203
2021-05-07 10:00:00+00:00,3383790.71792872
2021-05-07 11:00:00+00:00,3383534.80736571
2021-05-07 12:00:00+00:00,3383186.8157209703
2021-05-07 13:00:00+00:00,3381318.0973439
2021-05-07 14:00:00+00:00,3380403.5249727
2021-05-07 15:00:00+00:00,3381153.17135003
2021-05-07 16:00:00+00:00,3379449.17271755
2021-05-07 17:00:00+00:00,3381162.51126587
2021-05-07 18:00:00+00:00,3379645.3719197703
2021-05-07 19:00:00+00:00,3380754.2169655003
2021-05-07 20:00:00+00:00,3381563.30723134
2021-05-07 21:00:00+00:00,3382975.70857426
2021-05-07 22:00:00+00:00,3383349.24136622
2021-05-07 23:00:00+00:00,3384284.340924
2021-05-08 00:00:00+00:00,3394848.7870898102
2021-05-08 01:00:00+00:00,3394870.35067164
2021-05-08 02:00:00+00:00,3394835.37301009
2021-05-08 03:00:00+00:00,3394866.82295875
2021-05-08 04:00:00+00:00,3395869.07843773
2021-05-08 05:00:00+00:00,3396040.37986167
2021-05-08 06:00:00+00:00,3394949.8860228
2021-05-08 07:00:00+00:00,3395152.80486398
2021-05-08 08:00:00+00:00,3394784.66929228
2021-05-08 09:00:00+00:00,3394819.9831671203
2021-05-08 10:00:00+00:00,3395164.04229453
2021-05-08 11:00:00+00:00,3395336.38454334
2021-05-08 12:00:00+00:00,3395317.55535034
2021-05-08 13:00:00+00:00,3395903.38929997
2021-05-08 14:00:00+00:00,3395987.7978848103
2021-05-08 15:00:00+00:00,3396802.64090866
2021-05-08 16:00:00+00:00,3396852.67325489
2021-05-08 17:00:00+00:00,3396802.75167642
2021-05-08 18:00:00+00:00,3395803.59003429
2021-05-08 19:00:00+00:00,3395748.70629199
2021-05-08 20:00:00+00:00,3396730.06387965
2021-05-08 21:00:00+00:00,3396762.19102465
2021-05-08 22:00:00+00:00,3396948.4289440103
2021-05-08 23:00:00+00:00,3396983.21892467
2021-05-09 00:00:00+00:00,3397010.0301636
2021-05-09 01:00:00+00:00,3397151.48624834
2021-05-09 02:00:00+00:00,3396930.50828794
2021-05-09 03:00:00+00:00,3397806.77164788
2021-05-09 04:00:00+00:00,3395940.69631416
2021-05-09 05:00:00+00:00,3407493.6426025
2021-05-09 06:00:00+00:00,3406768.73216
2021-05-09 07:00:00+00:00,3406617.34679431
2021-05-09 08:00:00+00:00,3407840.02985043
2021-05-09 09:00:00+00:00,3408225.68584196
2021-05-09 10:00:00+00:00,3408373.10406261
2021-05-09 11:00:00+00:00,3408147.56345945
2021-05-09 12:00:00+00:00,3409366.20697813
2021-05-09 13:00:00+00:00,3409092.65787623
2021-05-09 14:00:00+00:00,3409084.26402766
2021-05-09 15:00:00+00:00,3399996.30740271
2021-05-09 16:00:00+00:00,3399964.10568073
2021-05-09 17:00:00+00:00,3399998.69547954
2021-05-09 18:00:00+00:00,3400044.24877229
2021-05-09 19:00:00+00:00,3400082.56761226
2021-05-09 20:00:00+00:00,3400781.59271294
2021-05-09 21:00:00+00:00,3400835.5085019
2021-05-09 22:00:00+00:00,3400817.97913547
2021-05-09 23:00:00+00:00,3401057.69952767
2021-05-10 00:00:00+00:00,3401390.93880913
2021-05-10 01:00:00+00:00,3401393.4384947
2021-05-10 02:00:00+00:00,3401348.37018012
2021-05-10 03:00:00+00:00,3402338.07808067
2021-05-10 04:00:00+00:00,3403063.20643446
2021-05-10 05:00:00+00:00,3403344.73342069
2021-05-10 06:00:00+00:00,3404003.84462883
2021-05-10 07:00:00+00:00,3404094.475881
2021-05-10 08:00:00+00:00,3403006.30596684
2021-05-10 09:00:00+00:00,3403396.51223495
2021-05-10 10:00:00+00:00,3402879.61983999
2021-05-10 11:00:00+00:00,3402086.66998073
2021-05-10 12:00:00+00:00,3400771.59243276
2021-05-10 13:00:00+00:00,3398274.16862602
2021-05-10 14:00:00+00:00,3396054.48902771
2021-05-10 15:00:00+00:00,3395269.91220868
2021-05-10 16:00:00+00:00,3398394.96367642
2021-05-10 17:00:00+00:00,3395987.57075428
2021-05-10 18:00:00+00:00,3394974.7719567902
2021-05-10 19:00:00+00:00,3394506.45707923
2021-05-10 20:00:00+00:00,3393605.03401332
2021-05-10 21:00:00+00:00,3383627.69889683
2021-05-10 22:00:00+00:00,3382304.37372204
2021-05-10 23:00:00+00:00,3381157.57582947
2021-05-11 00:00:00+00:00,3378304.4423310403
2021-05-11 01:00:00+00:00,3378557.02490924
2021-05-11 02:00:00+00:00,3379836.3679047
2021-05-11 03:00:00+00:00,3381616.42671505
2021-05-11 04:00:00+00:00,3381815.0910900403
2021-05-11 05:00:00+00:00,3382173.30271444
2021-05-11 06:00:00+00:00,3382163.1105752
2021-05-11 07:00:00+00:00,3382814.6587813003
2021-05-11 08:00:00+00:00,3382339.2932590903
2021-05-11 09:00:00+00:00,3382883.33935469
2021-05-11 10:00:00+00:00,3382169.70046415
2021-05-11 11:00:00+00:00,3382352.8062449303
2021-05-11 12:00:00+00:00,3384679.2661807803
2021-05-11 13:00:00+00:00,3382481.54251912
2021-05-11 14:00:00+00:00,3381674.34200694
2021-05-11 15:00:00+00:00,3381741.9803123903
2021-05-11 16:00:00+00:00,3382548.13421098
2021-05-11 17:00:00+00:00,3381409.27705108
2021-05-11 18:00:00+00:00,3381149.42124499
2021-05-11 19:00:00+00:00,3370139.86121253
2021-05-11 20:00:00+00:00,3370911.8463513902
2021-05-11 21:00:00+00:00,3371239.99123635
2021-05-11 22:00:00+00:00,3372048.57261139
2021-05-11 23:00:00+00:00,3372818.7745153103
2021-05-12 00:00:00+00:00,3372636.60776918
2021-05-12 01:00:00+00:00,3373904.21387052
2021-05-12 02:00:00+00:00,3372943.94239922
2021-05-12 03:00:00+00:00,3372922.84229493
2021-05-12 04:00:00+00:00,3373478.28311169
2021-05-12 05:00:00+00:00,3374978.89952292
2021-05-12 06:00:00+00:00,3375087.152938
2021-05-12 07:00:00+00:00,3376288.49235541
2021-05-12 08:00:00+00:00,3378103.18960946
2021-05-12 09:00:00+00:00,3372977.0817358303
2021-05-12 10:00:00+00:00,3381941.10909853
2021-05-12 11:00:00+00:00,3379933.60875502
2021-05-12 12:00:00+00:00,3378007.79973842
2021-05-12 13:00:00+00:00,3377513.66119216
2021-05-12 14:00:00+00:00,3378383.9957124703
2021-05-12 15:00:00+00:00,3377876.01613745
2021-05-12 16:00:00+00:00,3376173.9113564203
2021-05-12 17:00:00+00:00,3375247.69968349
2021-05-12 18:00:00+00:00,3376026.41483822
2021-05-12 19:00:00+00:00,3373739.22655556
2021-05-12 20:00:00+00:00,3374968.42363621
2021-05-12 21:00:00+00:00,3374885.09473419
2021-05-12 22:00:00+00:00,3376612.67084085
2021-05-12 23:00:00+00:00,3376703.27787628
2021-05-13 00:00:00+00:00,3372318.4668725403
2021-05-13 01:00:00+00:00,3371017.2767195
2021-05-13 02:00:00+00:00,3374707.05768163
2021-05-13 03:00:00+00:00,3372046.40451834
2021-05-13 04:00:00+00:00,3372263.08315885
2021-05-13 05:00:00+00:00,3371251.5005691
2021-05-13 06:00:00+00:00,3371362.7354532
2021-05-13 07:00:00+00:00,3370605.03359725
2021-05-13 08:00:00+00:00,3371523.45570058
2021-05-13 09:00:00+00:00,3369056.60866406
2021-05-13 10:00:00+00:00,3359923.04592433
2021-05-13 11:00:00+00:00,3361348.39908541
2021-05-13 12:00:00+00:00,3362067.33838721
2021-05-13 13:00:00+00:00,3364127.19484558
2021-05-13 14:00:00+00:00,3364572.63123554
2021-05-13 15:00:00+00:00,3365725.17972029
2021-05-13 16:00:00+00:00,3363988.029015
2021-05-13 17:00:00+00:00,3358351.17361785
2021-05-13 18:00:00+00:00,3357988.38427974
2021-05-13 19:00:00+00:00,3365841.29123577
2021-05-13 20:00:00+00:00,3364853.80218883
2021-05-13 21:00:00+00:00,3365940.3425470903
2021-05-13 22:00:00+00:00,3366414.81736144
2021-05-13 23:00:00+00:00,3366425.4669527803
2021-05-14 00:00:00+00:00,3365311.57753593
2021-05-14 01:00:00+00:00,3366394.28869222
2021-05-14 02:00:00+00:00,3365935.51589623
2021-05-14 03:00:00+00:00,3367144.06849294
2021-05-14 04:00:00+00:00,3367022.75584435
2021-05-14 05:00:00+00:00,3367266.3825820503
2021-05-14 06:00:00+00:00,3367808.86750378
2021-05-14 07:00:00+00:00,3367476.82324803
2021-05-14 08:00:00+00:00,3367476.82324803
2021-05-14 09:00:00+00:00,3367474.65305005
2021-05-14 10:00:00+00:00,3364312.48707824
2021-05-14 11:00:00+00:00,3363756.18392323
2021-05-14 12:00:00+00:00,3367390.49695526
2021-05-14 13:00:00+00:00,3367164.76320769
2021-05-14 14:00:00+00:00,3371718.02164215
2021-05-14 15:00:00+00:00,3369666.93927506
2021-05-14 16:00:00+00:00,3370471.34255155
2021-05-14 17:00:00+00:00,3371124.97588005
2021-05-14 18:00:00+00:00,3372395.25569794
2021-05-14 19:00:00+00:00,3372012.33359795
2021-05-14 20:00:00+00:00,3374695.92176427
2021-05-14 21:00:00+00:00,3372631.68600286
2021-05-14 22:00:00+00:00,3372014.60548959
2021-05-14 23:00:00+00:00,3370975.6965175
2021-05-15 00:00:00+00:00,3371145.46119083
2021-05-15 01:00:00+00:00,3371163.86345404
2021-05-15 02:00:00+00:00,3370031.2698725
2021-05-15 03:00:00+00:00,3372560.68041091
2021-05-15 04:00:00+00:00,3372750.00896358
2021-05-15 05:00:00+00:00,3373606.0227629603
2021-05-15 06:00:00+00:00,3374977.06962201
2021-05-15 07:00:00+00:00,3374986.6558739203
2021-05-15 08:00:00+00:00,3376278.36905952
2021-05-15 09:00:00+00:00,3376279.00900439
2021-05-15 10:00:00+00:00,3376176.62889258
2021-05-15 11:00:00+00:00,3376096.36605928
2021-05-15 12:00:00+00:00,3376009.96894979
2021-05-15 13:00:00+00:00,3376079.98612909
2021-05-15 14:00:00+00:00,3375765.56961503
2021-05-15 15:00:00+00:00,3375043.69481323
2021-05-15 16:00:00+00:00,3376116.47330845
2021-05-15 17:00:00+00:00,3374915.8241438903
2021-05-15 18:00:00+00:00,3375650.42649101
2021-05-15 19:00:00+00:00,3375562.32360797
2021-05-15 20:00:00+00:00,3375133.08749502
2021-05-15 21:00:00+00:00,3370815.15659561
2021-05-15 22:00:00+00:00,3370960.67873719
2021-05-15 23:00:00+00:00,3370931.1077182
2021-05-16 00:00:00+00:00,3370130.07650652
2021-05-16 01:00:00+00:00,3369594.05560048
2021-05-16 02:00:00+00:00,3369599.32930208
2021-05-16 03:00:00+00:00,3369774.4093695
2021-05-16 04:00:00+00:00,3368627.14844524
2021-05-16 05:00:00+00:00,3368659.38375158
2021-05-16 06:00:00+00:00,3368777.96594098
2021-05-16 07:00:00+00:00,3368736.65174213
2021-05-16 08:00:00+00:00,3368768.2900729403
2021-05-16 09:00:00+00:00,3369282.99913834
2021-05-16 10:00:00+00:00,3369204.9470720403
2021-05-16 11:00:00+00:00,3369472.55608589
2021-05-16 12:00:00+00:00,3369406.47364765
2021-05-16 13:00:00+00:00,3368525.25856047
2021-05-16 14:00:00+00:00,3368552.55871916
2021-05-16 15:00:00+00:00,3368567.64970395
2021-05-16 16:00:00+00:00,3368925.32305669
2021-05-16 17:00:00+00:00,3369123.16625728
2021-05-16 18:00:00+00:00,3369465.80358487
2021-05-16 19:00:00+00:00,3369855.6552859503
2021-05-16 20:00:00+00:00,3366506.14855133
2021-05-16 21:00:00+00:00,3367198.99657711
2021-05-16 22:00:00+00:00,3358763.16584421
2021-05-16 23:00:00+00:00,3354888.08723537
2021-05-17 00:00:00+00:00,3355554.86601809
2021-05-17 01:00:00+00:00,3356146.2250214303
2021-05-17 02:00:00+00:00,3356941.85952253
2021-05-17 03:00:00+00:00,3343424.6110051703
2021-05-17 04:00:00+00:00,3342509.69120592
2021-05-17 05:00:00+00:00,3339597.84127673
2021-05-17 06:00:00+00:00,3339394.67658936
2021-05-17 07:00:00+00:00,3339805.89932565
2021-05-17 08:00:00+00:00,3340314.77326946
2021-05-17 09:00:00+00:00,3339104.0412245
2021-05-17 10:00:00+00:00,3339287.7780521503
2021-05-17 11:00:00+00:00,3336617.2668533702
2021-05-17 12:00:00+00:00,3339431.65604944
2021-05-17 13:00:00+00:00,3339485.9435287
2021-05-17 14:00:00+00:00,3337767.8697322
2021-05-17 15:00:00+00:00,3338579.86771016
2021-05-17 16:00:00+00:00,3337389.33310144
2021-05-17 17:00:00+00:00,3337611.65111497
2021-05-17 18:00:00+00:00,3336952.34462691
2021-05-17 19:00:00+00:00,3337824.03998824
2021-05-17 20:00:00+00:00,3337466.90070504
2021-05-17 21:00:00+00:00,3337124.68583206
2021-05-17 22:00:00+00:00,3338400.43636598
2021-05-17 23:00:00+00:00,3338465.35350724
2021-05-18 00:00:00+00:00,3336732.62306798
2021-05-18 01:00:00+00:00,3336697.36522615
2021-05-18 02:00:00+00:00,3336969.61779834
2021-05-18 03:00:00+00:00,3336309.69516355
2021-05-18 04:00:00+00:00,3336687.88595779
2021-05-18 05:00:00+00:00,3336606.93416031
2021-05-18 06:00:00+00:00,3336572.74153823
2021-05-18 07:00:00+00:00,3336202.65036144
2021-05-18 08:00:00+00:00,3336114.3613425903
2021-05-18 09:00:00+00:00,3335300.72845761
2021-05-18 10:00:00+00:00,3335300.72845761
2021-05-18 11:00:00+00:00,3334695.67253725
2021-05-18 12:00:00+00:00,3335838.95194205
2021-05-18 13:00:00+00:00,3337931.43747746
2021-05-18 14:00:00+00:00,3337199.12884016
2021-05-18 15:00:00+00:00,3335799.65108119
2021-05-18 16:00:00+00:00,3337864.23904676
2021-05-18 17:00:00+00:00,3336834.53812709
2021-05-18 18:00:00+00:00,3334830.98914548
2021-05-18 19:00:00+00:00,3334136.63904795
2021-05-18 20:00:00+00:00,3331752.99534383
2021-05-18 21:00:00+00:00,3332337.54286463
2021-05-18 22:00:00+00:00,3332422.36065954
2021-05-18 23:00:00+00:00,3331456.20189861
2021-05-19 00:00:00+00:00,3328652.24531878
2021-05-19 01:00:00+00:00,3327623.35245485
2021-05-19 02:00:00+00:00,3327855.93579663
2021-05-19 03:00:00+00:00,3326310.41902197
2021-05-19 04:00:00+00:00,3317127.71534352
2021-05-19 05:00:00+00:00,3313927.64128977
2021-05-19 06:00:00+00:00,3313118.58440622
2021-05-19 07:00:00+00:00,3311545.58655724
2021-05-19 08:00:00+00:00,3310944.6514312
2021-05-19 09:00:00+00:00,3320892.60908863
2021-05-19 10:00:00+00:00,3322318.83255057
2021-05-19 11:00:00+00:00,3314033.26670756
2021-05-19 12:00:00+00:00,3305790.23918865
2021-05-19 13:00:00+00:00,3294587.9539523902
2021-05-19 14:00:00+00:00,3293004.36838872
2021-05-19 15:00:00+00:00,3304507.14047538
2021-05-19 16:00:00+00:00,3290732.47321887
2021-05-19 17:00:00+00:00,3298138.16536661
2021-05-19 18:00:00+00:00,3299455.299591
2021-05-19 19:00:00+00:00,3308917.72049129
2021-05-19 20:00:00+00:00,3302133.79244744
2021-05-19 21:00:00+00:00,3303714.98534671
2021-05-19 22:00:00+00:00,3305716.88939237
2021-05-19 23:00:00+00:00,3314587.80533266
2021-05-20 00:00:00+00:00,3315255.79250846
2021-05-20 01:00:00+00:00,3313822.25248705
2021-05-20 02:00:00+00:00,3315679.22228695
2021-05-20 03:00:00+00:00,3317054.61844283
2021-05-20 04:00:00+00:00,3316199.98281743
2021-05-20 05:00:00+00:00,3316101.90486392
2021-05-20 06:00:00+00:00,3316498.17594942
2021-05-20 07:00:00+00:00,3316758.5379531803
2021-05-20 08:00:00+00:00,3316728.7850065
2021-05-20 09:00:00+00:00,3317747.8142170003
2021-05-20 10:00:00+00:00,3317265.4990753
2021-05-20 11:00:00+00:00,3317747.76697267
2021-05-20 12:00:00+00:00,3329471.07124821
2021-05-20 13:00:00+00:00,3320818.11998379
2021-05-20 14:00:00+00:00,3318982.26963536
2021-05-20 15:00:00+00:00,3320502.75507334
2021-05-20 16:00:00+00:00,3318454.5401629303
2021-05-20 17:00:00+00:00,3326163.89705388
2021-05-20 18:00:00+00:00,3333782.00240617
2021-05-20 19:00:00+00:00,3330061.84260106
2021-05-20 20:00:00+00:00,3321070.69179033
2021-05-20 21:00:00+00:00,3330779.83538222
2021-05-20 22:00:00+00:00,3321800.47412976
2021-05-20 23:00:00+00:00,3324890.7956653
2021-05-21 00:00:00+00:00,3320863.32038614
2021-05-21 01:00:00+00:00,3322126.96650179
2021-05-21 02:00:00+00:00,3320261.6010446902
2021-05-21 03:00:00+00:00,3319612.0082004103
2021-05-21 04:00:00+00:00,3319747.35517358
2021-05-21 05:00:00+00:00,3320253.90085405
2021-05-21 06:00:00+00:00,3321190.33708832
2021-05-21 07:00:00+00:00,3320746.49350808
2021-05-21 08:00:00+00:00,3321319.47912961
2021-05-21 09:00:00+00:00,3321405.76655638
2021-05-21 10:00:00+00:00,3319707.42263014
2021-05-21 11:00:00+00:00,3319387.86402975
2021-05-21 12:00:00+00:00,3319007.4678115603
2021-05-21 13:00:00+00:00,3321241.37069666
2021-05-21 14:00:00+00:00,3328458.40807747
2021-05-21 15:00:00+00:00,3330513.20636103
2021-05-21 16:00:00+00:00,3331488.0395710003
2021-05-21 17:00:00+00:00,3333442.41074414
2021-05-21 18:00:00+00:00,3331732.75600221
2021-05-21 19:00:00+00:00,3343448.74779439
2021-05-21 20:00:00+00:00,3350374.1018371303
2021-05-21 21:00:00+00:00,3347929.09153596
2021-05-21 22:00:00+00:00,3348432.39809228
2021-05-21 23:00:00+00:00,3349017.00614876
2021-05-22 00:00:00+00:00,3347913.0054434403
2021-05-22 01:00:00+00:00,3348510.44384388
2021-05-22 02:00:00+00:00,3347213.12090254
2021-05-22 03:00:00+00:00,3346152.89376617
2021-05-22 04:00:00+00:00,3346175.7341979803
2021-05-22 05:00:00+00:00,3348014.48891461
2021-05-22 06:00:00+00:00,3348515.03828077
2021-05-22 07:00:00+00:00,3348516.48245407
2021-05-22 08:00:00+00:00,3348618.32249468
2021-05-22 09:00:00+00:00,3349599.1627842803
2021-05-22 10:00:00+00:00,3351809.96031571
2021-05-22 11:00:00+00:00,3352072.09715824
2021-05-22 12:00:00+00:00,3350649.1752609103
2021-05-22 13:00:00+00:00,3351838.9470014903
2021-05-22 14:00:00+00:00,3353424.67405951
2021-05-22 15:00:00+00:00,3353424.67405951
2021-05-22 16:00:00+00:00,3354730.06936958
2021-05-22 17:00:00+00:00,3354710.56458244
2021-05-22 18:00:00+00:00,3354489.85683091
2021-05-22 19:00:00+00:00,3353919.59442506
2021-05-22 20:00:00+00:00,3353922.81764406
2021-05-22 21:00:00+00:00,3354039.07689006
2021-05-22 22:00:00+00:00,3352971.96238055
2021-05-22 23:00:00+00:00,3353019.34382542
2021-05-23 00:00:00+00:00,3352735.38709389
2021-05-23 01:00:00+00:00,3352836.2467000103
2021-05-23 02:00:00+00:00,3353019.5286929403
2021-05-23 03:00:00+00:00,3353057.87596139
2021-05-23 04:00:00+00:00,3351678.3365276703
2021-05-23 05:00:00+00:00,3351795.46147092
2021-05-23 06:00:00+00:00,3352741.21762797
2021-05-23 07:00:00+00:00,3352441.79033731
2021-05-23 08:00:00+00:00,3354232.68885903
2021-05-23 09:00:00+00:00,3354893.15277285
2021-05-23 10:00:00+00:00,3355813.63343986
2021-05-23 11:00:00+00:00,3357153.13336534
2021-05-23 12:00:00+00:00,3357659.5733870203
2021-05-23 13:00:00+00:00,3347824.16751731
2021-05-23 14:00:00+00:00,3345769.76882601
2021-05-23 15:00:00+00:00,3345586.14236335
2021-05-23 16:00:00+00:00,3344984.78414166
2021-05-23 17:00:00+00:00,3346454.4282844
2021-05-23 18:00:00+00:00,3345581.11779888
2021-05-23 19:00:00+00:00,3347772.41216167
2021-05-23 20:00:00+00:00,3348507.30771559
2021-05-23 21:00:00+00:00,3346725.06516491
2021-05-23 22:00:00+00:00,3345657.87880607
2021-05-23 23:00:00+00:00,3344911.79681377
2021-05-24 00:00:00+00:00,3345558.2654368603
2021-05-24 01:00:00+00:00,3348526.6185113
2021-05-24 02:00:00+00:00,3349518.0743322
2021-05-24 03:00:00+00:00,3349288.45046274
2021-05-24 04:00:00+00:00,3348350.60640759
2021-05-24 05:00:00+00:00,3348100.0334294
2021-05-24 06:00:00+00:00,3352004.6149184
2021-05-24 07:00:00+00:00,3352258.71125885
2021-05-24 08:00:00+00:00,3354063.40043601
2021-05-24 09:00:00+00:00,3353232.55183216
2021-05-24 10:00:00+00:00,3357191.2774652103
2021-05-24 11:00:00+00:00,3354036.97582672
2021-05-24 12:00:00+00:00,3353681.1005633
2021-05-24 13:00:00+00:00,3366000.63808211
2021-05-24 14:00:00+00:00,3365904.96000204
2021-05-24 15:00:00+00:00,3365577.09805527
2021-05-24 16:00:00+00:00,3365627.25558529
2021-05-24 17:00:00+00:00,3362892.89683982
2021-05-24 18:00:00+00:00,3363212.40924979
2021-05-24 19:00:00+00:00,3362507.46657603
2021-05-24 20:00:00+00:00,3361676.03878512
2021-05-24 21:00:00+00:00,3372659.41587784
2021-05-24 22:00:00+00:00,3371060.09818648
2021-05-24 23:00:00+00:00,3370928.31557498
2021-05-25 00:00:00+00:00,3369821.41021258
2021-05-25 01:00:00+00:00,3369747.44996036
2021-05-25 02:00:00+00:00,3368675.66201569
2021-05-25 03:00:00+00:00,3369397.14967641
2021-05-25 04:00:00+00:00,3369930.91201378
2021-05-25 05:00:00+00:00,3370138.89064882
2021-05-25 06:00:00+00:00,3371552.1201294903
2021-05-25 07:00:00+00:00,3375135.23756651
2021-05-25 08:00:00+00:00,3370170.92435319
2021-05-25 09:00:00+00:00,3369215.19067759
2021-05-25 10:00:00+00:00,3366830.28828221
2021-05-25 11:00:00+00:00,3364612.4901721403
2021-05-25 12:00:00+00:00,3364239.80951379
2021-05-25 13:00:00+00:00,3363909.17831335
2021-05-25 14:00:00+00:00,3354307.65900489
2021-05-25 15:00:00+00:00,3363989.4674455
2021-05-25 16:00:00+00:00,3364826.52350965
2021-05-25 17:00:00+00:00,3365401.43015098
2021-05-25 18:00:00+00:00,3364137.76444222
2021-05-25 19:00:00+00:00,3353375.72982702
2021-05-25 20:00:00+00:00,3354648.47864486
2021-05-25 21:00:00+00:00,3354673.44532598
2021-05-25 22:00:00+00:00,3353685.6724560303
2021-05-25 23:00:00+00:00,3353862.30260788
2021-05-26 00:00:00+00:00,3353675.2933415603
2021-05-26 01:00:00+00:00,3353675.2933415603
2021-05-26 02:00:00+00:00,3354319.01893641
2021-05-26 03:00:00+00:00,3356158.66843618
2021-05-26 04:00:00+00:00,3355807.00595716
2021-05-26 05:00:00+00:00,3356385.0793583603
2021-05-26 06:00:00+00:00,3357537.61198598
2021-05-26 07:00:00+00:00,3356609.62515213
2021-05-26 08:00:00+00:00,3358431.41606487
2021-05-26 09:00:00+00:00,3358029.3423656
2021-05-26 10:00:00+00:00,3357683.41157141
2021-05-26 11:00:00+00:00,3356398.92370005
2021-05-26 12:00:00+00:00,3344702.0157821
2021-05-26 13:00:00+00:00,3342901.89422736
2021-05-26 14:00:00+00:00,3341522.79095673
2021-05-26 15:00:00+00:00,3343238.06895032
2021-05-26 16:00:00+00:00,3344041.19912038
2021-05-26 17:00:00+00:00,3337633.19723625
2021-05-26 18:00:00+00:00,3334019.89336731
2021-05-26 19:00:00+00:00,3341879.16012414
2021-05-26 20:00:00+00:00,3331972.37667246
2021-05-26 21:00:00+00:00,3332010.3643705803
2021-05-26 22:00:00+00:00,3318647.4041911
2021-05-26 23:00:00+00:00,3318330.90891205
2021-05-27 00:00:00+00:00,3320320.2515598503
2021-05-27 01:00:00+00:00,3320369.2936373
2021-05-27 02:00:00+00:00,3320874.89719286
2021-05-27 03:00:00+00:00,3321040.56875283
2021-05-27 04:00:00+00:00,3319978.85509478
2021-05-27 05:00:00+00:00,3320137.51460058
2021-05-27 06:00:00+00:00,3319989.11282022
2021-05-27 07:00:00+00:00,3320008.05248974
2021-05-27 08:00:00+00:00,3320429.45833015
2021-05-27 09:00:00+00:00,3322570.2131365
2021-05-27 10:00:00+00:00,3322982.7726051803
2021-05-27 11:00:00+00:00,3323091.83854918
2021-05-27 12:00:00+00:00,3322921.12417348
2021-05-27 13:00:00+00:00,3321678.1572544
2021-05-27 14:00:00+00:00,3324651.0998324
2021-05-27 15:00:00+00:00,3323749.3418329903
2021-05-27 16:00:00+00:00,3322748.01247581
2021-05-27 17:00:00+00:00,3321324.28356613
2021-05-27 18:00:00+00:00,3321713.741874
2021-05-27 19:00:00+00:00,3321975.5819273703
2021-05-27 20:00:00+00:00,3329145.5027168803
2021-05-27 21:00:00+00:00,3329458.92485434
2021-05-27 22:00:00+00:00,3336371.70078283
2021-05-27 23:00:00+00:00,3336357.4657852403
2021-05-28 00:00:00+00:00,3332428.51632154
2021-05-28 01:00:00+00:00,3332669.84172206
2021-05-28 02:00:00+00:00,3332736.6071174
2021-05-28 03:00:00+00:00,3332108.03958225
2021-05-28 04:00:00+00:00,3332153.80193618
2021-05-28 05:00:00+00:00,3335482.12609761
2021-05-28 06:00:00+00:00,3336929.89083008
2021-05-28 07:00:00+00:00,3336865.25963467
2021-05-28 08:00:00+00:00,3336967.5087408703
2021-05-28 09:00:00+00:00,3335881.48081655
2021-05-28 10:00:00+00:00,3337313.83931667
2021-05-28 11:00:00+00:00,3336865.54402303
2021-05-28 12:00:00+00:00,3329347.60504018
2021-05-28 13:00:00+00:00,3328450.38665609
2021-05-28 14:00:00+00:00,3327663.0684670303
2021-05-28 15:00:00+00:00,3327709.46835987
2021-05-28 16:00:00+00:00,3325909.25350811
2021-05-28 17:00:00+00:00,3325487.89014547
2021-05-28 18:00:00+00:00,3325240.87150854
2021-05-28 19:00:00+00:00,3325518.18679321
2021-05-28 20:00:00+00:00,3330138.56582459
2021-05-28 21:00:00+00:00,3329471.2157484903
2021-05-28 22:00:00+00:00,3327506.59778343
2021-05-28 23:00:00+00:00,3326738.53697747
2021-05-29 00:00:00+00:00,3327285.69551072
2021-05-29 01:00:00+00:00,3327343.02511875
2021-05-29 02:00:00+00:00,3327390.90555609
2021-05-29 03:00:00+00:00,3327360.2065903903
2021-05-29 04:00:00+00:00,3327126.50925537
2021-05-29 05:00:00+00:00,3326959.07783311
2021-05-29 06:00:00+00:00,3325620.9958237302
2021-05-29 07:00:00+00:00,3325398.7130663902
2021-05-29 08:00:00+00:00,3325459.71597631
2021-05-29 09:00:00+00:00,3327626.24508915
2021-05-29 10:00:00+00:00,3326623.03784243
2021-05-29 11:00:00+00:00,3326488.72535853
2021-05-29 12:00:00+00:00,3326756.50088516
2021-05-29 13:00:00+00:00,3327000.94390956
2021-05-29 14:00:00+00:00,3327143.17521063
2021-05-29 15:00:00+00:00,3327301.11392827
2021-05-29 16:00:00+00:00,3327285.76715251
2021-05-29 17:00:00+00:00,3327330.7446025303
2021-05-29 18:00:00+00:00,3327408.75392006
2021-05-29 19:00:00+00:00,3325125.26187756
2021-05-29 20:00:00+00:00,3325131.84600777
2021-05-29 21:00:00+00:00,3325251.6186771803
2021-05-29 22:00:00+00:00,3327271.14210277
2021-05-29 23:00:00+00:00,3327032.8337716903
2021-05-30 00:00:00+00:00,3324467.0283599603
2021-05-30 01:00:00+00:00,3325900.32459745
2021-05-30 02:00:00+00:00,3326009.94213262
2021-05-30 03:00:00+00:00,3337849.56865986
2021-05-30 04:00:00+00:00,3334063.72965338
2021-05-30 05:00:00+00:00,3334077.10428604
2021-05-30 06:00:00+00:00,3333763.46918366
2021-05-30 07:00:00+00:00,3333205.98946347
2021-05-30 08:00:00+00:00,3333272.89817155
2021-05-30 09:00:00+00:00,3334163.9550971403
2021-05-30 10:00:00+00:00,3333299.21509005
2021-05-30 11:00:00+00:00,3333553.56643607
2021-05-30 12:00:00+00:00,3333355.25874946
2021-05-30 13:00:00+00:00,3336334.12547284
2021-05-30 14:00:00+00:00,3336335.80568703
2021-05-30 15:00:00+00:00,3336388.71089518
2021-05-30 16:00:00+00:00,3336499.7416581903
2021-05-30 17:00:00+00:00,3337551.76809145
2021-05-30 18:00:00+00:00,3338031.61787258
2021-05-30 19:00:00+00:00,3336654.1522929003
2021-05-30 20:00:00+00:00,3335653.57276869
2021-05-30 21:00:00+00:00,3335586.29691374
2021-05-30 22:00:00+00:00,3335544.04258727
2021-05-30 23:00:00+00:00,3335583.28551477
2021-05-31 00:00:00+00:00,3334568.72102168
2021-05-31 01:00:00+00:00,3334715.4758198103
2021-05-31 02:00:00+00:00,3335765.08974976
2021-05-31 03:00:00+00:00,3337151.62991719
2021-05-31 04:00:00+00:00,3334994.73327551
2021-05-31 05:00:00+00:00,3335038.18937683
2021-05-31 06:00:00+00:00,3335776.9181427
2021-05-31 07:00:00+00:00,3336823.83175669
2021-05-31 08:00:00+00:00,3335689.43697365
2021-05-31 09:00:00+00:00,3336530.51639591
2021-05-31 10:00:00+00:00,3336469.29449088
2021-05-31 11:00:00+00:00,3336489.73315359
2021-05-31 12:00:00+00:00,3335446.07555866
2021-05-31 13:00:00+00:00,3343049.09310056
2021-05-31 14:00:00+00:00,3341112.14168585
2021-05-31 15:00:00+00:00,3343265.53368149
2021-05-31 16:00:00+00:00,3342715.12670552
2021-05-31 17:00:00+00:00,3342580.95649713
2021-05-31 18:00:00+00:00,3343591.32466545
2021-05-31 19:00:00+00:00,3346072.6495118
2021-05-31 20:00:00+00:00,3344170.5188122
2021-05-31 21:00:00+00:00,3343988.5492587
2021-05-31 22:00:00+00:00,3344030.4258719003
2021-05-31 23:00:00+00:00,3344803.54213755
2021-06-01 00:00:00+00:00,3344767.86672136
2021-06-01 01:00:00+00:00,3345266.45541151
2021-06-01 02:00:00+00:00,3345140.9075411
2021-06-01 03:00:00+00:00,3346234.47270881
2021-06-01 04:00:00+00:00,3347138.5514399502
2021-06-01 05:00:00+00:00,3347029.59582832
2021-06-01 06:00:00+00:00,3346792.40813309
2021-06-01 07:00:00+00:00,3344403.79068497
2021-06-01 08:00:00+00:00,3344473.31072252
2021-06-01 09:00:00+00:00,3345287.14832015
2021-06-01 10:00:00+00:00,3344839.45249283
2021-06-01 11:00:00+00:00,3344000.03376646
2021-06-01 12:00:00+00:00,3343039.1433905303
2021-06-01 13:00:00+00:00,3341568.73367765
2021-06-01 14:00:00+00:00,3341556.21788745
2021-06-01 15:00:00+00:00,3341166.97951157
2021-06-01 16:00:00+00:00,3338403.61841972
2021-06-01 17:00:00+00:00,3340840.68228273
2021-06-01 18:00:00+00:00,3341752.95590126
2021-06-01 19:00:00+00:00,3340558.06575532
2021-06-01 20:00:00+00:00,3343143.9376363102
2021-06-01 21:00:00+00:00,3342399.41116894
2021-06-01 22:00:00+00:00,3342397.1327600903
2021-06-01 23:00:00+00:00,3342259.34986526
2021-06-02 00:00:00+00:00,3350600.21017021
2021-06-02 01:00:00+00:00,3351680.9331387603
2021-06-02 02:00:00+00:00,3350914.0351997702
2021-06-02 03:00:00+00:00,3348745.5742068
2021-06-02 04:00:00+00:00,3348735.02600111
2021-06-02 05:00:00+00:00,3347906.24616795
2021-06-02 06:00:00+00:00,3347970.95964197
2021-06-02 07:00:00+00:00,3350986.95422662
2021-06-02 08:00:00+00:00,3351392.09326726
2021-06-02 09:00:00+00:00,3351274.27180176
2021-06-02 10:00:00+00:00,3351008.5722262403
2021-06-02 11:00:00+00:00,3350962.01043164
2021-06-02 12:00:00+00:00,3350577.40053687
2021-06-02 13:00:00+00:00,3351325.37522915
2021-06-02 14:00:00+00:00,3351682.89026642
2021-06-02 15:00:00+00:00,3352158.00216129
2021-06-02 16:00:00+00:00,3351835.2437556903
2021-06-02 17:00:00+00:00,3351448.53845417
2021-06-02 18:00:00+00:00,3355575.11176685
2021-06-02 19:00:00+00:00,3355856.59114382
2021-06-02 20:00:00+00:00,3355851.29152777
2021-06-02 21:00:00+00:00,3357132.2901537702
2021-06-02 22:00:00+00:00,3355041.52914839
2021-06-02 23:00:00+00:00,3355065.69013754
2021-06-03 00:00:00+00:00,3356245.70015359
2021-06-03 01:00:00+00:00,3357779.41640668
2021-06-03 02:00:00+00:00,3358826.0880803
2021-06-03 03:00:00+00:00,3357951.3353011203
2021-06-03 04:00:00+00:00,3358949.8231002702
2021-06-03 05:00:00+00:00,3359080.69014886
2021-06-03 06:00:00+00:00,3359373.07419743
2021-06-03 07:00:00+00:00,3358991.8819378503
2021-06-03 08:00:00+00:00,3365915.5903059
2021-06-03 09:00:00+00:00,3365741.59041309
2021-06-03 10:00:00+00:00,3366637.49151147
2021-06-03 11:00:00+00:00,3363605.12380102
2021-06-03 12:00:00+00:00,3363571.35374091
2021-06-03 13:00:00+00:00,3362538.0546738403
2021-06-03 14:00:00+00:00,3363546.79043834
2021-06-03 15:00:00+00:00,3358811.59355488
2021-06-03 16:00:00+00:00,3359215.90071791
2021-06-03 17:00:00+00:00,3356962.46058499
2021-06-03 18:00:00+00:00,3355796.52595215
2021-06-03 19:00:00+00:00,3356685.73727888
2021-06-03 20:00:00+00:00,3358721.20326917
2021-06-03 21:00:00+00:00,3358942.78703034
2021-06-03 22:00:00+00:00,3358203.00733608
2021-06-03 23:00:00+00:00,3358207.45471776
2021-06-04 00:00:00+00:00,3358229.55335052
2021-06-04 01:00:00+00:00,3357784.73010871
2021-06-04 02:00:00+00:00,3357166.3926182003
2021-06-04 03:00:00+00:00,3357333.78537984
2021-06-04 04:00:00+00:00,3358412.2117326
2021-06-04 05:00:00+00:00,3358359.80121184
2021-06-04 06:00:00+00:00,3355864.59071318
2021-06-04 07:00:00+00:00,3353674.4178109
2021-06-04 08:00:00+00:00,3352888.71547996
2021-06-04 09:00:00+00:00,3351885.96949047
2021-06-04 10:00:00+00:00,3352033.97804708
2021-06-04 11:00:00+00:00,3350848.51326039
2021-06-04 12:00:00+00:00,3349531.12502318
2021-06-04 13:00:00+00:00,3347461.97890819
2021-06-04 14:00:00+00:00,3337401.1726283203
2021-06-04 15:00:00+00:00,3337535.43068432
2021-06-04 16:00:00+00:00,3337654.3079792
2021-06-04 17:00:00+00:00,3349015.94135352
2021-06-04 18:00:00+00:00,3347135.8993869103
2021-06-04 19:00:00+00:00,3347217.0919321203
2021-06-04 20:00:00+00:00,3348632.7649411
2021-06-04 21:00:00+00:00,3348135.60547835
2021-06-04 22:00:00+00:00,3348239.54310537
2021-06-04 23:00:00+00:00,3349381.08305662
2021-06-05 00:00:00+00:00,3349417.46552151
2021-06-05 01:00:00+00:00,3348412.9203452603
2021-06-05 02:00:00+00:00,3350379.5180299003
2021-06-05 03:00:00+00:00,3350336.36751114
2021-06-05 04:00:00+00:00,3351369.56853044
2021-06-05 05:00:00+00:00,3351381.89863321
2021-06-05 06:00:00+00:00,3352387.94763624
2021-06-05 07:00:00+00:00,3352441.13554894
2021-06-05 08:00:00+00:00,3351348.4154319703
2021-06-05 09:00:00+00:00,3352061.9649674003
2021-06-05 10:00:00+00:00,3352452.13021686
2021-06-05 11:00:00+00:00,3354331.4128075102
2021-06-05 12:00:00+00:00,3353561.79945192
2021-06-05 13:00:00+00:00,3353474.33705175
2021-06-05 14:00:00+00:00,3343318.10595118
2021-06-05 15:00:00+00:00,3343348.93327895
2021-06-05 16:00:00+00:00,3343398.7468091003
2021-06-05 17:00:00+00:00,3343364.5780636203
2021-06-05 18:00:00+00:00,3348906.7288193903
2021-06-05 19:00:00+00:00,3348888.85181985
2021-06-05 20:00:00+00:00,3349053.93279006
2021-06-05 21:00:00+00:00,3349067.42738707
2021-06-05 22:00:00+00:00,3350314.94858199
2021-06-05 23:00:00+00:00,3350462.47381075
2021-06-06 00:00:00+00:00,3350484.16139885
2021-06-06 01:00:00+00:00,3350924.41224995
2021-06-06 02:00:00+00:00,3351049.26320146
2021-06-06 03:00:00+00:00,3351238.79271643
2021-06-06 04:00:00+00:00,3351642.82435452
2021-06-06 05:00:00+00:00,3351542.40660311
2021-06-06 06:00:00+00:00,3351450.2639338803
2021-06-06 07:00:00+00:00,3351453.63374693
2021-06-06 08:00:00+00:00,3351460.18294822
2021-06-06 09:00:00+00:00,3351508.76364362
2021-06-06 10:00:00+00:00,3361496.80379624
2021-06-06 11:00:00+00:00,3361949.67470814
2021-06-06 12:00:00+00:00,3362257.4906325303
2021-06-06 13:00:00+00:00,3362469.59767868
2021-06-06 14:00:00+00:00,3362428.34056629
2021-06-06 15:00:00+00:00,3362487.9427963803
2021-06-06 16:00:00+00:00,3362702.22725358
2021-06-06 17:00:00+00:00,3362663.96543401
2021-06-06 18:00:00+00:00,3362714.2812824403
2021-06-06 19:00:00+00:00,3362692.6055486803
2021-06-06 20:00:00+00:00,3362861.92482798
2021-06-06 21:00:00+00:00,3362777.77997921
2021-06-06 22:00:00+00:00,3362838.7988230903
2021-06-06 23:00:00+00:00,3362538.96684974
2021-06-07 00:00:00+00:00,3362744.6109602503
2021-06-07 01:00:00+00:00,3352723.9882664
2021-06-07 02:00:00+00:00,3352717.76867651
2021-06-07 03:00:00+00:00,3353383.4610778
2021-06-07 04:00:00+00:00,3353273.84435227
2021-06-07 05:00:00+00:00,3353077.42960754
2021-06-07 06:00:00+00:00,3354354.87798557
2021-06-07 07:00:00+00:00,3356461.71235731
2021-06-07 08:00:00+00:00,3356588.08530903
2021-06-07 09:00:00+00:00,3356907.53287726
2021-06-07 10:00:00+00:00,3358945.04055083
2021-06-07 11:00:00+00:00,3357505.76470272
2021-06-07 12:00:00+00:00,3358046.93123681
2021-06-07 13:00:00+00:00,3358160.71847176
2021-06-07 14:00:00+00:00,3356310.01527787
2021-06-07 15:00:00+00:00,3356775.73930404
2021-06-07 16:00:00+00:00,3357456.62556709
2021-06-07 17:00:00+00:00,3361475.00184784
2021-06-07 18:00:00+00:00,3361576.82608431
2021-06-07 19:00:00+00:00,3362372.95220031
2021-06-07 20:00:00+00:00,3362428.570404
2021-06-07 21:00:00+00:00,3361673.13790873
2021-06-07 22:00:00+00:00,3360613.85914329
2021-06-07 23:00:00+00:00,3361318.76153719
2021-06-08 00:00:00+00:00,3359952.06383076
2021-06-08 01:00:00+00:00,3358658.01205475
2021-06-08 02:00:00+00:00,3357481.02858896
2021-06-08 03:00:00+00:00,3356942.35769383
2021-06-08 04:00:00+00:00,3356777.17175904
2021-06-08 05:00:00+00:00,3355378.38706856
2021-06-08 06:00:00+00:00,3366326.75622774
2021-06-08 07:00:00+00:00,3366459.77038002
2021-06-08 08:00:00+00:00,3365634.28796591
2021-06-08 09:00:00+00:00,3366313.98408045
2021-06-08 10:00:00+00:00,3366316.92482121
2021-06-08 11:00:00+00:00,3366363.38910511
2021-06-08 12:00:00+00:00,3365730.28630282
2021-06-08 13:00:00+00:00,3363156.95578329
2021-06-08 14:00:00+00:00,3363248.83484944
2021-06-08 15:00:00+00:00,3363600.66212903
2021-06-08 16:00:00+00:00,3364319.25276506
2021-06-08 17:00:00+00:00,3365908.54903833
2021-06-08 18:00:00+00:00,3366603.65950291
2021-06-08 19:00:00+00:00,3369200.75846216
2021-06-08 20:00:00+00:00,3365584.21891385
2021-06-08 21:00:00+00:00,3367247.0672853603
2021-06-08 22:00:00+00:00,3367267.85331481
2021-06-08 23:00:00+00:00,3367166.8885185
2021-06-09 00:00:00+00:00,3362670.99871741
2021-06-09 01:00:00+00:00,3361369.32301422
2021-06-09 02:00:00+00:00,3361883.87053214
2021-06-09 03:00:00+00:00,3360542.79254758
2021-06-09 04:00:00+00:00,3359358.67557258
2021-06-09 05:00:00+00:00,3360375.14486566
2021-06-09 06:00:00+00:00,3360487.69245135
2021-06-09 07:00:00+00:00,3360413.45733734
2021-06-09 08:00:00+00:00,3357961.16011255
2021-06-09 09:00:00+00:00,3357147.88616902
2021-06-09 10:00:00+00:00,3357489.52274948
2021-06-09 11:00:00+00:00,3356272.51540835
2021-06-09 12:00:00+00:00,3355269.30499269
2021-06-09 13:00:00+00:00,3356268.1377190603
2021-06-09 14:00:00+00:00,3356688.81750177
2021-06-09 15:00:00+00:00,3356116.44592748
2021-06-09 16:00:00+00:00,3357652.1727205203
2021-06-09 17:00:00+00:00,3357831.0835697
2021-06-09 18:00:00+00:00,3357923.06515826
2021-06-09 19:00:00+00:00,3358037.21473797
2021-06-09 20:00:00+00:00,3359362.82084506
2021-06-09 21:00:00+00:00,3361783.4970914302
2021-06-09 22:00:00+00:00,3359997.4945192803
2021-06-09 23:00:00+00:00,3361026.23298568
2021-06-10 00:00:00+00:00,3360525.102628
2021-06-10 01:00:00+00:00,3360337.62090402
2021-06-10 02:00:00+00:00,3357068.99117667
2021-06-10 03:00:00+00:00,3357086.12621135
2021-06-10 04:00:00+00:00,3358434.96753528
2021-06-10 05:00:00+00:00,3358439.4687971
2021-06-10 06:00:00+00:00,3357011.19156032
2021-06-10 07:00:00+00:00,3361189.71035806
2021-06-10 08:00:00+00:00,3360957.69186904
2021-06-10 09:00:00+00:00,3364696.2851205003
2021-06-10 10:00:00+00:00,3359027.9584017303
2021-06-10 11:00:00+00:00,3357969.70133745
2021-06-10 12:00:00+00:00,3369763.7365108
2021-06-10 13:00:00+00:00,3371306.88589546
2021-06-10 14:00:00+00:00,3370360.71391492
2021-06-10 15:00:00+00:00,3370343.31667635
2021-06-10 16:00:00+00:00,3365861.29096814
2021-06-10 17:00:00+00:00,3363595.10674782
2021-06-10 18:00:00+00:00,3363145.49515524
2021-06-10 19:00:00+00:00,3364405.32084988
2021-06-10 20:00:00+00:00,3365938.76959739
2021-06-10 21:00:00+00:00,3365975.1850744
2021-06-10 22:00:00+00:00,3365653.11172141
2021-06-10 23:00:00+00:00,3366368.19346561
2021-06-11 00:00:00+00:00,3365246.21547899
2021-06-11 01:00:00+00:00,3365453.4878586303
2021-06-11 02:00:00+00:00,3364341.61530549
2021-06-11 03:00:00+00:00,3365112.17136748
2021-06-11 04:00:00+00:00,3353902.16824316
2021-06-11 05:00:00+00:00,3353941.3480062
2021-06-11 06:00:00+00:00,3353938.81792881
2021-06-11 07:00:00+00:00,3353938.81792881
2021-06-11 08:00:00+00:00,3354155.66581638
2021-06-11 09:00:00+00:00,3353884.53499005
2021-06-11 10:00:00+00:00,3350838.31360771
2021-06-11 11:00:00+00:00,3351153.97753675
2021-06-11 12:00:00+00:00,3350480.2135889903
2021-06-11 13:00:00+00:00,3351189.01132434
2021-06-11 14:00:00+00:00,3351450.26673751
2021-06-11 15:00:00+00:00,3351554.12172354
2021-06-11 16:00:00+00:00,3351485.54915345
2021-06-11 17:00:00+00:00,3349953.76350757
2021-06-11 18:00:00+00:00,3347544.46152198
2021-06-11 19:00:00+00:00,3348044.22622844
2021-06-11 20:00:00+00:00,3353521.84122995
2021-06-11 21:00:00+00:00,3353705.08724186
2021-06-11 22:00:00+00:00,3353568.80525328
2021-06-11 23:00:00+00:00,3352121.70252976
2021-06-12 00:00:00+00:00,3351996.36600892
2021-06-12 01:00:00+00:00,3350848.64336322
2021-06-12 02:00:00+00:00,3350844.69877468
2021-06-12 03:00:00+00:00,3351711.22170664
2021-06-12 04:00:00+00:00,3351829.11848117
2021-06-12 05:00:00+00:00,3351868.52736997
2021-06-12 06:00:00+00:00,3351835.1431609
2021-06-12 07:00:00+00:00,3351771.08663729
2021-06-12 08:00:00+00:00,3352940.2694554003
2021-06-12 09:00:00+00:00,3351763.77732433
2021-06-12 10:00:00+00:00,3351776.58971393
2021-06-12 11:00:00+00:00,3352580.90514705
2021-06-12 12:00:00+00:00,3354860.2769219
2021-06-12 13:00:00+00:00,3354921.77900641
2021-06-12 14:00:00+00:00,3354515.45475135
2021-06-12 15:00:00+00:00,3354485.8964019
2021-06-12 16:00:00+00:00,3354571.66987164
2021-06-12 17:00:00+00:00,3354588.3781159
2021-06-12 18:00:00+00:00,3354633.07398566
2021-06-12 19:00:00+00:00,3354645.60976514
2021-06-12 20:00:00+00:00,3354657.33193122
2021-06-12 21:00:00+00:00,3354663.38599437
2021-06-12 22:00:00+00:00,3353503.2909094603
2021-06-12 23:00:00+00:00,3352575.78047544
2021-06-13 00:00:00+00:00,3352558.80857638
2021-06-13 01:00:00+00:00,3351209.6220501303
2021-06-13 02:00:00+00:00,3351232.15791257
2021-06-13 03:00:00+00:00,3351425.85323992
2021-06-13 04:00:00+00:00,3351527.06914608
2021-06-13 05:00:00+00:00,3351516.01281594
2021-06-13 06:00:00+00:00,3351506.08585441
2021-06-13 07:00:00+00:00,3351504.05286057
2021-06-13 08:00:00+00:00,3351512.8849479
2021-06-13 09:00:00+00:00,3352632.22948638
2021-06-13 10:00:00+00:00,3352540.16561252
2021-06-13 11:00:00+00:00,3352586.34492578
2021-06-13 12:00:00+00:00,3352572.1558266203
2021-06-13 13:00:00+00:00,3352567.49345873
2021-06-13 14:00:00+00:00,3352582.6253203503
2021-06-13 15:00:00+00:00,3352601.63766528
2021-06-13 16:00:00+00:00,3351872.0932429302
2021-06-13 17:00:00+00:00,3351948.51339182
2021-06-13 18:00:00+00:00,3352022.66549945
2021-06-13 19:00:00+00:00,3351999.5842773803
2021-06-13 20:00:00+00:00,3351865.20234099
2021-06-13 21:00:00+00:00,3351948.67717858
2021-06-13 22:00:00+00:00,3351846.84599106
2021-06-13 23:00:00+00:00,3352849.52813009
2021-06-14 00:00:00+00:00,3352706.95468385
2021-06-14 01:00:00+00:00,3353216.9501962103
2021-06-14 02:00:00+00:00,3355024.94881475
2021-06-14 03:00:00+00:00,3353937.4157211003
2021-06-14 04:00:00+00:00,3354616.20805899
2021-06-14 05:00:00+00:00,3354538.82915718
2021-06-14 06:00:00+00:00,3354518.65412708
2021-06-14 07:00:00+00:00,3354596.43889164
2021-06-14 08:00:00+00:00,3353918.00807091
2021-06-14 09:00:00+00:00,3352531.529869
2021-06-14 10:00:00+00:00,3352355.65676417
2021-06-14 11:00:00+00:00,3352379.9874094003
2021-06-14 12:00:00+00:00,3351767.16460413
2021-06-14 13:00:00+00:00,3358448.23650026
2021-06-14 14:00:00+00:00,3355776.71016314
2021-06-14 15:00:00+00:00,3351174.53792433
2021-06-14 16:00:00+00:00,3351174.53792433
2021-06-14 17:00:00+00:00,3347468.59799769
2021-06-14 18:00:00+00:00,3348793.14868739
2021-06-14 19:00:00+00:00,3347938.06809908
2021-06-14 20:00:00+00:00,3348640.53522288
2021-06-14 21:00:00+00:00,3348140.54463037
2021-06-14 22:00:00+00:00,3348847.55131336
2021-06-14 23:00:00+00:00,3351207.5355136
2021-06-15 00:00:00+00:00,3350817.90171878
2021-06-15 01:00:00+00:00,3350703.91196891
2021-06-15 02:00:00+00:00,3349441.27360372
2021-06-15 03:00:00+00:00,3350439.39284519
2021-06-15 04:00:00+00:00,3350744.2829368003
2021-06-15 05:00:00+00:00,3350825.39586646
2021-06-15 06:00:00+00:00,3350639.97841512
2021-06-15 07:00:00+00:00,3350980.0277924403
2021-06-15 08:00:00+00:00,3352067.39673097
2021-06-15 09:00:00+00:00,3354065.28087494
2021-06-15 10:00:00+00:00,3353051.73402168
2021-06-15 11:00:00+00:00,3354009.69200065
2021-06-15 12:00:00+00:00,3354580.14117393
2021-06-15 13:00:00+00:00,3354139.5731648603
2021-06-15 14:00:00+00:00,3353421.52635854
2021-06-15 15:00:00+00:00,3353521.72083315
2021-06-15 16:00:00+00:00,3353234.61109948
2021-06-15 17:00:00+00:00,3353043.85167519
2021-06-15 18:00:00+00:00,3351879.20535505
2021-06-15 19:00:00+00:00,3349849.2631956902
2021-06-15 20:00:00+00:00,3350448.88537437
2021-06-15 21:00:00+00:00,3350448.88537437
2021-06-15 22:00:00+00:00,3350596.45352433
2021-06-15 23:00:00+00:00,3350725.87099507
2021-06-16 00:00:00+00:00,3350457.52400344
2021-06-16 01:00:00+00:00,3349981.70657474
2021-06-16 02:00:00+00:00,3349922.47689043
2021-06-16 03:00:00+00:00,3348930.7743009003
2021-06-16 04:00:00+00:00,3348990.34262405
2021-06-16 05:00:00+00:00,3346311.27450604
2021-06-16 06:00:00+00:00,3346311.27450604
2021-06-16 07:00:00+00:00,3348241.41224416
2021-06-16 08:00:00+00:00,3349534.24611818
2021-06-16 09:00:00+00:00,3349834.90082213
2021-06-16 10:00:00+00:00,3348095.85447807
2021-06-16 11:00:00+00:00,3348163.36649742
2021-06-16 12:00:00+00:00,3348008.20680244
2021-06-16 13:00:00+00:00,3348308.3916231003
2021-06-16 14:00:00+00:00,3349860.91287196
2021-06-16 15:00:00+00:00,3347450.16689407
2021-06-16 16:00:00+00:00,3348553.49235948
2021-06-16 17:00:00+00:00,3347301.99652501
2021-06-16 18:00:00+00:00,3347079.1312181302
2021-06-16 19:00:00+00:00,3346888.41640496
2021-06-16 20:00:00+00:00,3345329.11917676
2021-06-16 21:00:00+00:00,3345478.23955603
2021-06-16 22:00:00+00:00,3346478.54089049
2021-06-16 23:00:00+00:00,3346659.85251319
2021-06-17 00:00:00+00:00,3346737.07106854
2021-06-17 01:00:00+00:00,3347584.19015878
2021-06-17 02:00:00+00:00,3345118.0213235603
2021-06-17 03:00:00+00:00,3344960.828366
2021-06-17 04:00:00+00:00,3344813.41169489
2021-06-17 05:00:00+00:00,3344646.15518534
2021-06-17 06:00:00+00:00,3344807.4417698
2021-06-17 07:00:00+00:00,3344985.08755009
2021-06-17 08:00:00+00:00,3343746.40160078
2021-06-17 09:00:00+00:00,3342675.5447042
2021-06-17 10:00:00+00:00,3342904.38116692
2021-06-17 11:00:00+00:00,3344710.60894801
2021-06-17 12:00:00+00:00,3344749.11075765
2021-06-17 13:00:00+00:00,3344969.86859397
2021-06-17 14:00:00+00:00,3344723.18227839
2021-06-17 15:00:00+00:00,3342807.15451327
2021-06-17 16:00:00+00:00,3339123.24203343
2021-06-17 17:00:00+00:00,3336633.70813798
2021-06-17 18:00:00+00:00,3337586.81033308
2021-06-17 19:00:00+00:00,3338584.24794772
2021-06-17 20:00:00+00:00,3338674.24211143
2021-06-17 21:00:00+00:00,3339644.96481999
2021-06-17 22:00:00+00:00,3339191.43909303
2021-06-17 23:00:00+00:00,3339389.12427155
2021-06-18 00:00:00+00:00,3338817.82690617
2021-06-18 01:00:00+00:00,3338888.345571
2021-06-18 02:00:00+00:00,3338948.78191128
2021-06-18 03:00:00+00:00,3339153.12253037
2021-06-18 04:00:00+00:00,3340201.15861979
2021-06-18 05:00:00+00:00,3340137.66401431
2021-06-18 06:00:00+00:00,3340275.91721677
2021-06-18 07:00:00+00:00,3340167.08887303
2021-06-18 08:00:00+00:00,3338181.49011801
2021-06-18 09:00:00+00:00,3338239.38187169
2021-06-18 10:00:00+00:00,3338493.1514001503
2021-06-18 11:00:00+00:00,3337340.00777343
2021-06-18 12:00:00+00:00,3337418.22284006
2021-06-18 13:00:00+00:00,3336911.34838075
2021-06-18 14:00:00+00:00,3340364.08870634
2021-06-18 15:00:00+00:00,3339738.96003705
2021-06-18 16:00:00+00:00,3341604.92767086
2021-06-18 17:00:00+00:00,3341332.16915102
2021-06-18 18:00:00+00:00,3343681.25795596
2021-06-18 19:00:00+00:00,3343630.96696564
2021-06-18 20:00:00+00:00,3343549.69326557
2021-06-18 21:00:00+00:00,3343456.78506048
2021-06-18 22:00:00+00:00,3345345.24593464
2021-06-18 23:00:00+00:00,3345356.29577785
2021-06-19 00:00:00+00:00,3344290.26157742
2021-06-19 01:00:00+00:00,3344284.03716558
2021-06-19 02:00:00+00:00,3344284.03716558
2021-06-19 03:00:00+00:00,3343995.56101882
2021-06-19 04:00:00+00:00,3344317.0489414902
2021-06-19 05:00:00+00:00,3344258.57212278
2021-06-19 06:00:00+00:00,3344594.0762206903
2021-06-19 07:00:00+00:00,3344593.3517847
2021-06-19 08:00:00+00:00,3344592.62497784
2021-06-19 09:00:00+00:00,3344633.18332231
2021-06-19 10:00:00+00:00,3344865.27168075
2021-06-19 11:00:00+00:00,3345323.2280883403
2021-06-19 12:00:00+00:00,3346564.62177377
2021-06-19 13:00:00+00:00,3346341.59708464
2021-06-19 14:00:00+00:00,3345232.65437851
2021-06-19 15:00:00+00:00,3342650.01206701
2021-06-19 16:00:00+00:00,3331379.0709363
2021-06-19 17:00:00+00:00,3331457.5201565702
2021-06-19 18:00:00+00:00,3332427.8949058
2021-06-19 19:00:00+00:00,3332508.90529662
2021-06-19 20:00:00+00:00,3332520.93864706
2021-06-19 21:00:00+00:00,3332517.79808165
2021-06-19 22:00:00+00:00,3332527.26682384
2021-06-19 23:00:00+00:00,3332530.05215934
2021-06-20 00:00:00+00:00,3332550.39500666
2021-06-20 01:00:00+00:00,3332594.89058157
2021-06-20 02:00:00+00:00,3332598.70352074
2021-06-20 03:00:00+00:00,3332309.0452953703
2021-06-20 04:00:00+00:00,3332257.6648706603
2021-06-20 05:00:00+00:00,3332268.7951967902
2021-06-20 06:00:00+00:00,3332245.61636917
2021-06-20 07:00:00+00:00,3332201.7150909803
2021-06-20 08:00:00+00:00,3331909.09738867
2021-06-20 09:00:00+00:00,3331934.12223526
2021-06-20 10:00:00+00:00,3329567.60388706
2021-06-20 11:00:00+00:00,3329563.88018711
2021-06-20 12:00:00+00:00,3326358.43244223
2021-06-20 13:00:00+00:00,3325990.21779041
2021-06-20 14:00:00+00:00,3325464.45597742
2021-06-20 15:00:00+00:00,3325435.91641659
2021-06-20 16:00:00+00:00,3327074.47055532
2021-06-20 17:00:00+00:00,3327091.15441494
2021-06-20 18:00:00+00:00,3327188.6886412
2021-06-20 19:00:00+00:00,3327090.4163594902
2021-06-20 20:00:00+00:00,3327089.13234289
2021-06-20 21:00:00+00:00,3327136.21500624
2021-06-20 22:00:00+00:00,3327375.10016165
2021-06-20 23:00:00+00:00,3327354.4230050403
2021-06-21 00:00:00+00:00,3327508.6368505103
2021-06-21 01:00:00+00:00,3327360.82355822
2021-06-21 02:00:00+00:00,3327311.86211873
2021-06-21 03:00:00+00:00,3327373.64952291
2021-06-21 04:00:00+00:00,3327348.8262045803
2021-06-21 05:00:00+00:00,3328246.78117284
2021-06-21 06:00:00+00:00,3329371.268741
2021-06-21 07:00:00+00:00,3329305.96473765
2021-06-21 08:00:00+00:00,3329305.87523347
2021-06-21 09:00:00+00:00,3328108.1226394
2021-06-21 10:00:00+00:00,3327714.97204109
2021-06-21 11:00:00+00:00,3326084.43552412
2021-06-21 12:00:00+00:00,3325257.70833013
2021-06-21 13:00:00+00:00,3325854.65590701
2021-06-21 14:00:00+00:00,3324510.70974445
2021-06-21 15:00:00+00:00,3323143.1626430103
2021-06-21 16:00:00+00:00,3323157.16643357
2021-06-21 17:00:00+00:00,3321394.45741919
2021-06-21 18:00:00+00:00,3321202.79555318
2021-06-21 19:00:00+00:00,3320745.84058124
2021-06-21 20:00:00+00:00,3320489.90981477
2021-06-21 21:00:00+00:00,3318440.95034611
2021-06-21 22:00:00+00:00,3317392.96093514
2021-06-21 23:00:00+00:00,3318713.66577945
2021-06-22 00:00:00+00:00,3318713.66577945
2021-06-22 01:00:00+00:00,3316385.58549366
2021-06-22 02:00:00+00:00,3316530.24712031
2021-06-22 03:00:00+00:00,3316055.7993112
2021-06-22 04:00:00+00:00,3316955.62176785
2021-06-22 05:00:00+00:00,3315765.45585292
2021-06-22 06:00:00+00:00,3315575.11571389
2021-06-22 07:00:00+00:00,3315391.64947261
2021-06-22 08:00:00+00:00,3317412.77372887
2021-06-22 09:00:00+00:00,3318781.98892952
2021-06-22 10:00:00+00:00,3319977.9570882
2021-06-22 11:00:00+00:00,3319247.4556177403
2021-06-22 12:00:00+00:00,3318519.2262779903
2021-06-22 13:00:00+00:00,3322701.73768526
2021-06-22 14:00:00+00:00,3324637.03611809
2021-06-22 15:00:00+00:00,3322582.1358001702
2021-06-22 16:00:00+00:00,3323065.89878382
2021-06-22 17:00:00+00:00,3321123.27851539
2021-06-22 18:00:00+00:00,3323169.2170573203
2021-06-22 19:00:00+00:00,3322982.4061916103
2021-06-22 20:00:00+00:00,3323438.08304257
2021-06-22 21:00:00+00:00,3323528.24143232
2021-06-22 22:00:00+00:00,3324039.42032852
2021-06-22 23:00:00+00:00,3324300.90059
2021-06-23 00:00:00+00:00,3324392.06836143
2021-06-23 01:00:00+00:00,3324466.38717192
2021-06-23 02:00:00+00:00,3324731.7349589
2021-06-23 03:00:00+00:00,3323623.53900919
2021-06-23 04:00:00+00:00,3324318.86315795
2021-06-23 05:00:00+00:00,3324473.52311296
2021-06-23 06:00:00+00:00,3324667.68670121
2021-06-23 07:00:00+00:00,3325048.58978929
2021-06-23 08:00:00+00:00,3325525.3935701
2021-06-23 09:00:00+00:00,3325004.3187282803
2021-06-23 10:00:00+00:00,3325230.78189922
2021-06-23 11:00:00+00:00,3325194.26648532
2021-06-23 12:00:00+00:00,3325753.61301706
2021-06-23 13:00:00+00:00,3325661.88589956
2021-06-23 14:00:00+00:00,3325661.62688514
2021-06-23 15:00:00+00:00,3325505.62318851
2021-06-23 16:00:00+00:00,3321006.46627405
2021-06-23 17:00:00+00:00,3324107.13929385
2021-06-23 18:00:00+00:00,3323287.30523568
2021-06-23 19:00:00+00:00,3323214.98849943
2021-06-23 20:00:00+00:00,3320126.87582418
2021-06-23 21:00:00+00:00,3320637.87063465
2021-06-23 22:00:00+00:00,3321665.42995794
2021-06-23 23:00:00+00:00,3321518.6595511
2021-06-24 00:00:00+00:00,3318725.46211044
2021-06-24 01:00:00+00:00,3318858.99183096
2021-06-24 02:00:00+00:00,3317730.41980747
2021-06-24 03:00:00+00:00,3317650.27040529
2021-06-24 04:00:00+00:00,3318919.8159560403
2021-06-24 05:00:00+00:00,3320379.5205615303
2021-06-24 06:00:00+00:00,3330332.02686547
2021-06-24 07:00:00+00:00,3332288.24146995
2021-06-24 08:00:00+00:00,3327925.3809939
2021-06-24 09:00:00+00:00,3327925.3809939
2021-06-24 10:00:00+00:00,3329948.3424010403
2021-06-24 11:00:00+00:00,3332105.29478049
2021-06-24 12:00:00+00:00,3331382.44471206
2021-06-24 13:00:00+00:00,3332898.45130765
2021-06-24 14:00:00+00:00,3333401.44770799
2021-06-24 15:00:00+00:00,3333105.13763834
2021-06-24 16:00:00+00:00,3333467.2543246
2021-06-24 17:00:00+00:00,3331354.5886509
2021-06-24 18:00:00+00:00,3332986.52607376
2021-06-24 19:00:00+00:00,3330974.82575136
2021-06-24 20:00:00+00:00,3329569.27250449
2021-06-24 21:00:00+00:00,3329388.00077938
2021-06-24 22:00:00+00:00,3329456.46325997
2021-06-24 23:00:00+00:00,3329420.39926713
2021-06-25 00:00:00+00:00,3330512.55276439
2021-06-25 01:00:00+00:00,3329635.05896525
2021-06-25 02:00:00+00:00,3329698.89287076
2021-06-25 03:00:00+00:00,3328527.82876582
2021-06-25 04:00:00+00:00,3328545.07343259
2021-06-25 05:00:00+00:00,3328100.60928731
2021-06-25 06:00:00+00:00,3328314.47667325
2021-06-25 07:00:00+00:00,3332431.5626762
2021-06-25 08:00:00+00:00,3336720.2100062
2021-06-25 09:00:00+00:00,3336105.1660441
2021-06-25 10:00:00+00:00,3334489.3697196
2021-06-25 11:00:00+00:00,3333352.38293
2021-06-25 12:00:00+00:00,3341750.23277495
2021-06-25 13:00:00+00:00,3342905.90448848
2021-06-25 14:00:00+00:00,3339522.77403568
2021-06-25 15:00:00+00:00,3341940.01578815
2021-06-25 16:00:00+00:00,3342968.75167678
2021-06-25 17:00:00+00:00,3344624.36182334
2021-06-25 18:00:00+00:00,3343344.84058599
2021-06-25 19:00:00+00:00,3343257.8459633
2021-06-25 20:00:00+00:00,3346171.83336585
2021-06-25 21:00:00+00:00,3344822.46955914
2021-06-25 22:00:00+00:00,3344774.47627051
2021-06-25 23:00:00+00:00,3344779.73828471
2021-06-26 00:00:00+00:00,3344728.04512328
2021-06-26 01:00:00+00:00,3344617.33204948
2021-06-26 02:00:00+00:00,3344880.8044917
2021-06-26 03:00:00+00:00,3344867.93818313
2021-06-26 04:00:00+00:00,3344539.52136774
2021-06-26 05:00:00+00:00,3344667.29325378
2021-06-26 06:00:00+00:00,3344494.05819715
2021-06-26 07:00:00+00:00,3345625.30848027
2021-06-26 08:00:00+00:00,3345701.06604646
2021-06-26 09:00:00+00:00,3345731.45481547
2021-06-26 10:00:00+00:00,3345594.48916398
2021-06-26 11:00:00+00:00,3345522.67610802
2021-06-26 12:00:00+00:00,3345340.6128914203
2021-06-26 13:00:00+00:00,3348292.5988977803
2021-06-26 14:00:00+00:00,3345428.66638918
2021-06-26 15:00:00+00:00,3344552.60674334
2021-06-26 16:00:00+00:00,3345184.03975373
2021-06-26 17:00:00+00:00,3345201.45060006
2021-06-26 18:00:00+00:00,3344159.82037703
2021-06-26 19:00:00+00:00,3344226.70073713
2021-06-26 20:00:00+00:00,3344214.12751318
2021-06-26 21:00:00+00:00,3344170.0225774
2021-06-26 22:00:00+00:00,3344215.56312937
2021-06-26 23:00:00+00:00,3344151.34972858
2021-06-27 00:00:00+00:00,3342863.44438609
2021-06-27 01:00:00+00:00,3342863.44438609
2021-06-27 02:00:00+00:00,3341232.13711188
2021-06-27 03:00:00+00:00,3340649.52950003
2021-06-27 04:00:00+00:00,3340626.12719893
2021-06-27 05:00:00+00:00,3340662.5513839102
2021-06-27 06:00:00+00:00,3340720.9929012503
2021-06-27 07:00:00+00:00,3340693.9543085103
2021-06-27 08:00:00+00:00,3340717.88338911
2021-06-27 09:00:00+00:00,3340748.65695093
2021-06-27 10:00:00+00:00,3341754.05442128
2021-06-27 11:00:00+00:00,3341958.79546126
2021-06-27 12:00:00+00:00,3341985.86912825
2021-06-27 13:00:00+00:00,3340596.4601000003
2021-06-27 14:00:00+00:00,3338827.98984697
2021-06-27 15:00:00+00:00,3338867.3405374703
2021-06-27 16:00:00+00:00,3338378.4735583803
2021-06-27 17:00:00+00:00,3336103.22311937
2021-06-27 18:00:00+00:00,3336123.23618287
2021-06-27 19:00:00+00:00,3336121.52668411
2021-06-27 20:00:00+00:00,3336191.75261096
2021-06-27 21:00:00+00:00,3336137.12765447
2021-06-27 22:00:00+00:00,3336020.89132181
2021-06-27 23:00:00+00:00,3336020.89132181
2021-06-28 00:00:00+00:00,3335122.76633588
2021-06-28 01:00:00+00:00,3334695.34194542
2021-06-28 02:00:00+00:00,3334814.23109516
2021-06-28 03:00:00+00:00,3334901.39627358
2021-06-28 04:00:00+00:00,3334973.62002487
2021-06-28 05:00:00+00:00,3335026.93150139
2021-06-28 06:00:00+00:00,3330522.3651109003
2021-06-28 07:00:00+00:00,3330535.7708794903
2021-06-28 08:00:00+00:00,3329782.5933647603
2021-06-28 09:00:00+00:00,3331387.38138938
2021-06-28 10:00:00+00:00,3333037.78151795
2021-06-28 11:00:00+00:00,3332219.12205361
2021-06-28 12:00:00+00:00,3332052.20431064
2021-06-28 13:00:00+00:00,3332580.4515336603
2021-06-28 14:00:00+00:00,3332113.7745769
2021-06-28 15:00:00+00:00,3332113.7745769
2021-06-28 16:00:00+00:00,3331486.01609032
2021-06-28 17:00:00+00:00,3330436.5173113
2021-06-28 18:00:00+00:00,3331526.4351003203
2021-06-28 19:00:00+00:00,3329908.49732464
2021-06-28 20:00:00+00:00,3328792.75142463
2021-06-28 21:00:00+00:00,3329126.22124387
2021-06-28 22:00:00+00:00,3331605.87203318
2021-06-28 23:00:00+00:00,3331569.31219712
2021-06-29 00:00:00+00:00,3331403.3991101403
2021-06-29 01:00:00+00:00,3319632.81056755
2021-06-29 02:00:00+00:00,3319736.25535177
2021-06-29 03:00:00+00:00,3319584.24507868
2021-06-29 04:00:00+00:00,3319624.36895897
2021-06-29 05:00:00+00:00,3319755.56605052
2021-06-29 06:00:00+00:00,3319741.98701785
2021-06-29 07:00:00+00:00,3319685.6231851303
2021-06-29 08:00:00+00:00,3319803.17306536
2021-06-29 09:00:00+00:00,3317324.0829289
2021-06-29 10:00:00+00:00,3317999.7036380903
2021-06-29 11:00:00+00:00,3319391.52597747
2021-06-29 12:00:00+00:00,3320750.43403522
2021-06-29 13:00:00+00:00,3318754.3423761902
2021-06-29 14:00:00+00:00,3319276.24274077
2021-06-29 15:00:00+00:00,3318204.04206693
2021-06-29 16:00:00+00:00,3318824.9587051203
2021-06-29 17:00:00+00:00,3319177.9997021803
2021-06-29 18:00:00+00:00,3319601.81166715
2021-06-29 19:00:00+00:00,3319740.48571963
2021-06-29 20:00:00+00:00,3319609.91099772
2021-06-29 21:00:00+00:00,3321028.87761391
2021-06-29 22:00:00+00:00,3319379.78324717
2021-06-29 23:00:00+00:00,3320150.9533420303
2021-06-30 00:00:00+00:00,3317928.42451783
2021-06-30 01:00:00+00:00,3318153.28356961
2021-06-30 02:00:00+00:00,3318389.0078959703
2021-06-30 03:00:00+00:00,3318400.73974764
2021-06-30 04:00:00+00:00,3318320.04471326
2021-06-30 05:00:00+00:00,3318214.84703388
2021-06-30 06:00:00+00:00,3318150.68350689
2021-06-30 07:00:00+00:00,3316794.36457064
2021-06-30 08:00:00+00:00,3316596.4902114
2021-06-30 09:00:00+00:00,3316130.81853521
2021-06-30 10:00:00+00:00,3316038.36585905
2021-06-30 11:00:00+00:00,3315969.10843006
2021-06-30 12:00:00+00:00,3315800.7370986
2021-06-30 13:00:00+00:00,3314473.77791142
2021-06-30 14:00:00+00:00,3316648.22491461
2021-06-30 15:00:00+00:00,3317247.663366
2021-06-30 16:00:00+00:00,3315376.1523058
2021-06-30 17:00:00+00:00,3314717.82558856
2021-06-30 18:00:00+00:00,3303203.25859064
2021-06-30 19:00:00+00:00,3300321.04051082
2021-06-30 20:00:00+00:00,3301796.48447805
2021-06-30 21:00:00+00:00,3303285.1672824803
2021-06-30 22:00:00+00:00,3300725.20637714
2021-06-30 23:00:00+00:00,3300725.20637714
2021-07-01 00:00:00+00:00,3300845.55650811
2021-07-01 01:00:00+00:00,3302863.47988533
2021-07-01 02:00:00+00:00,3302403.96872012
2021-07-01 03:00:00+00:00,3303714.97533086
2021-07-01 04:00:00+00:00,3303774.56129466
2021-07-01 05:00:00+00:00,3303791.61668573
2021-07-01 06:00:00+00:00,3304799.90635041
2021-07-01 07:00:00+00:00,3304567.31715775
2021-07-01 08:00:00+00:00,3303881.19590182
2021-07-01 09:00:00+00:00,3304502.66446595
2021-07-01 10:00:00+00:00,3304756.71235746
2021-07-01 11:00:00+00:00,3304756.71235746
2021-07-01 12:00:00+00:00,3305309.03712223
2021-07-01 13:00:00+00:00,3303924.11794945
2021-07-01 14:00:00+00:00,3305560.8408629
2021-07-01 15:00:00+00:00,3305347.99383916
2021-07-01 16:00:00+00:00,3306921.22568845
2021-07-01 17:00:00+00:00,3306749.56737897
2021-07-01 18:00:00+00:00,3305713.9554772303
2021-07-01 19:00:00+00:00,3305347.60647516
2021-07-01 20:00:00+00:00,3306190.4085537
2021-07-01 21:00:00+00:00,3306000.22297924
2021-07-01 22:00:00+00:00,3306069.91074199
2021-07-01 23:00:00+00:00,3306000.47552102
2021-07-02 00:00:00+00:00,3306136.51325134
2021-07-02 01:00:00+00:00,3306641.73223181
2021-07-02 02:00:00+00:00,3305836.82875238
2021-07-02 03:00:00+00:00,3306257.00716084
2021-07-02 04:00:00+00:00,3306234.56667681
2021-07-02 05:00:00+00:00,3306180.17327563
2021-07-02 06:00:00+00:00,3306152.74869884
2021-07-02 07:00:00+00:00,3306192.24258881
2021-07-02 08:00:00+00:00,3306117.20837805
2021-07-02 09:00:00+00:00,3307211.18505819
2021-07-02 10:00:00+00:00,3306325.8026196
2021-07-02 11:00:00+00:00,3306159.3964549103
2021-07-02 12:00:00+00:00,3305334.24364591
2021-07-02 13:00:00+00:00,3305467.77282818
2021-07-02 14:00:00+00:00,3305696.2223442
2021-07-02 15:00:00+00:00,3305645.62511096
2021-07-02 16:00:00+00:00,3307018.90206749
2021-07-02 17:00:00+00:00,3308268.26215473
2021-07-02 18:00:00+00:00,3307230.39467513
2021-07-02 19:00:00+00:00,3306148.8372400003
2021-07-02 20:00:00+00:00,3307945.23780503
2021-07-02 21:00:00+00:00,3307868.30851811
2021-07-02 22:00:00+00:00,3309305.1516192
2021-07-02 23:00:00+00:00,3311194.33226154
2021-07-03 00:00:00+00:00,3308723.79087765
2021-07-03 01:00:00+00:00,3308751.23521215
2021-07-03 02:00:00+00:00,3308790.88630884
2021-07-03 03:00:00+00:00,3308682.88235853
2021-07-03 04:00:00+00:00,3308695.02021933
2021-07-03 05:00:00+00:00,3308838.6903738203
2021-07-03 06:00:00+00:00,3308889.4340627203
2021-07-03 07:00:00+00:00,3308896.93547244
2021-07-03 08:00:00+00:00,3308913.6830686103
2021-07-03 09:00:00+00:00,3309010.35223844
2021-07-03 10:00:00+00:00,3309034.62622065
2021-07-03 11:00:00+00:00,3310093.12725704
2021-07-03 12:00:00+00:00,3309015.51965361
2021-07-03 13:00:00+00:00,3308957.72247808
2021-07-03 14:00:00+00:00,3309049.3404679103
2021-07-03 15:00:00+00:00,3309127.79289614
2021-07-03 16:00:00+00:00,3307516.96757045
2021-07-03 17:00:00+00:00,3307541.72607379
2021-07-03 18:00:00+00:00,3306248.17097896
2021-07-03 19:00:00+00:00,3306308.02991546
2021-07-03 20:00:00+00:00,3306756.03438628
2021-07-03 21:00:00+00:00,3306748.06164898
2021-07-03 22:00:00+00:00,3306760.44220856
2021-07-03 23:00:00+00:00,3306760.35150982
2021-07-04 00:00:00+00:00,3306695.81280953
2021-07-04 01:00:00+00:00,3306347.11394731
2021-07-04 02:00:00+00:00,3306371.58797974
2021-07-04 03:00:00+00:00,3306005.36878802
2021-07-04 04:00:00+00:00,3305547.90467438
2021-07-04 05:00:00+00:00,3305415.66504527
2021-07-04 06:00:00+00:00,3305367.14127688
2021-07-04 07:00:00+00:00,3305370.69889665
2021-07-04 08:00:00+00:00,3305350.09341123
2021-07-04 09:00:00+00:00,3305382.5060033603
2021-07-04 10:00:00+00:00,3305361.5112635503
2021-07-04 11:00:00+00:00,3305438.41827277
2021-07-04 12:00:00+00:00,3306846.44142961
2021-07-04 13:00:00+00:00,3306909.16417572
2021-07-04 14:00:00+00:00,3306885.57154878
2021-07-04 15:00:00+00:00,3306924.75357388
2021-07-04 16:00:00+00:00,3306936.32403512
2021-07-04 17:00:00+00:00,3306827.71669422
2021-07-04 18:00:00+00:00,3306853.03105894
2021-07-04 19:00:00+00:00,3306872.41044287
2021-07-04 20:00:00+00:00,3306957.33019256
2021-07-04 21:00:00+00:00,3306558.8553884
2021-07-04 22:00:00+00:00,3306521.78698566
2021-07-04 23:00:00+00:00,3306624.53342993
2021-07-05 00:00:00+00:00,3306141.3834242
2021-07-05 01:00:00+00:00,3306670.28912136
2021-07-05 02:00:00+00:00,3307435.32250665
2021-07-05 03:00:00+00:00,3306599.65275886
2021-07-05 04:00:00+00:00,3305373.71450724
2021-07-05 05:00:00+00:00,3305560.28757431
2021-07-05 06:00:00+00:00,3305385.12065377
2021-07-05 07:00:00+00:00,3305433.93483188
2021-07-05 08:00:00+00:00,3305477.32136128
2021-07-05 09:00:00+00:00,3305371.0533180702
2021-07-05 10:00:00+00:00,3305324.02276733
2021-07-05 11:00:00+00:00,3304960.39691941
2021-07-05 12:00:00+00:00,3305528.76601809
2021-07-05 13:00:00+00:00,3306151.66020692
2021-07-05 14:00:00+00:00,3307067.6298329
2021-07-05 15:00:00+00:00,3307000.05225833
2021-07-05 16:00:00+00:00,3306983.8628300503
2021-07-05 17:00:00+00:00,3306884.52945109
2021-07-05 18:00:00+00:00,3307524.71786256
2021-07-05 19:00:00+00:00,3307520.64882398
2021-07-05 20:00:00+00:00,3307407.91939877
2021-07-05 21:00:00+00:00,3307439.21905219
2021-07-05 22:00:00+00:00,3307420.91910804
2021-07-05 23:00:00+00:00,3307560.52260708
2021-07-06 00:00:00+00:00,3307508.11043989
2021-07-06 01:00:00+00:00,3307457.82128356
2021-07-06 02:00:00+00:00,3307525.4988229503
2021-07-06 03:00:00+00:00,3307506.1236429303
2021-07-06 04:00:00+00:00,3307611.77510259
2021-07-06 05:00:00+00:00,3307532.29341277
2021-07-06 06:00:00+00:00,3308617.57104416
2021-07-06 07:00:00+00:00,3308443.14887194
2021-07-06 08:00:00+00:00,3308473.29420606
2021-07-06 09:00:00+00:00,3309715.6915745903
2021-07-06 10:00:00+00:00,3309506.99539917
2021-07-06 11:00:00+00:00,3308087.27935
2021-07-06 12:00:00+00:00,3308261.79012109
2021-07-06 13:00:00+00:00,3306231.80018227
2021-07-06 14:00:00+00:00,3307784.61660502
2021-07-06 15:00:00+00:00,3307782.55643657
2021-07-06 16:00:00+00:00,3308265.58082825
2021-07-06 17:00:00+00:00,3306664.3034816403
2021-07-06 18:00:00+00:00,3306536.5703716
2021-07-06 19:00:00+00:00,3306932.53839755
2021-07-06 20:00:00+00:00,3304950.55551637
2021-07-06 21:00:00+00:00,3304923.57026065
2021-07-06 22:00:00+00:00,3304277.2356203003
2021-07-06 23:00:00+00:00,3305268.3156727003
2021-07-07 00:00:00+00:00,3303538.89679822
2021-07-07 01:00:00+00:00,3303962.99310616
2021-07-07 02:00:00+00:00,3304099.54450704
2021-07-07 03:00:00+00:00,3304087.52342396
2021-07-07 04:00:00+00:00,3305231.77158677
2021-07-07 05:00:00+00:00,3305303.7805751
2021-07-07 06:00:00+00:00,3305437.14714275
2021-07-07 07:00:00+00:00,3305534.76229573
2021-07-07 08:00:00+00:00,3305698.6542497403
2021-07-07 09:00:00+00:00,3306981.06058862
2021-07-07 10:00:00+00:00,3308986.28992399
2021-07-07 11:00:00+00:00,3311923.67909179
2021-07-07 12:00:00+00:00,3313082.7233288703
2021-07-07 13:00:00+00:00,3313214.47780298
2021-07-07 14:00:00+00:00,3313707.31249634
2021-07-07 15:00:00+00:00,3313496.94610523
2021-07-07 16:00:00+00:00,3312818.18385421
2021-07-07 17:00:00+00:00,3312139.89512697
2021-07-07 18:00:00+00:00,3313865.05349595
2021-07-07 19:00:00+00:00,3311816.49637291
2021-07-07 20:00:00+00:00,3311372.11163483
2021-07-07 21:00:00+00:00,3312678.1834651
2021-07-07 22:00:00+00:00,3312708.6219627103
2021-07-07 23:00:00+00:00,3313755.94985769
2021-07-08 00:00:00+00:00,3313582.09964877
2021-07-08 01:00:00+00:00,3313596.87654565
2021-07-08 02:00:00+00:00,3313174.34852821
2021-07-08 03:00:00+00:00,3311991.99065027
2021-07-08 04:00:00+00:00,3312172.11034902
2021-07-08 05:00:00+00:00,3309896.91828369
2021-07-08 06:00:00+00:00,3309904.85288991
2021-07-08 07:00:00+00:00,3309849.41700161
2021-07-08 08:00:00+00:00,3310081.58938225
2021-07-08 09:00:00+00:00,3310115.31218229
2021-07-08 10:00:00+00:00,3311122.14364912
2021-07-08 11:00:00+00:00,3311312.44409203
2021-07-08 12:00:00+00:00,3311461.68411041
2021-07-08 13:00:00+00:00,3311649.91125428
2021-07-08 14:00:00+00:00,3309822.51046884
2021-07-08 15:00:00+00:00,3310050.9335069503
2021-07-08 16:00:00+00:00,3308302.76314887
2021-07-08 17:00:00+00:00,3307298.57639045
2021-07-08 18:00:00+00:00,3307335.35924751
2021-07-08 19:00:00+00:00,3309126.52793823
2021-07-08 20:00:00+00:00,3308003.69826524
2021-07-08 21:00:00+00:00,3305993.56252638
2021-07-08 22:00:00+00:00,3307966.25584155
2021-07-08 23:00:00+00:00,3309365.54320068
2021-07-09 00:00:00+00:00,3310326.42742381
2021-07-09 01:00:00+00:00,3310478.09041832
2021-07-09 02:00:00+00:00,3310524.8612338
2021-07-09 03:00:00+00:00,3310688.79324871
2021-07-09 04:00:00+00:00,3310734.18239805
2021-07-09 05:00:00+00:00,3310780.77807095
2021-07-09 06:00:00+00:00,3310640.41217494
2021-07-09 07:00:00+00:00,3310837.43583026
2021-07-09 08:00:00+00:00,3310922.05469782
2021-07-09 09:00:00+00:00,3309759.62495083
2021-07-09 10:00:00+00:00,3309703.99046758
2021-07-09 11:00:00+00:00,3309795.5187472003
2021-07-09 12:00:00+00:00,3309798.33089642
2021-07-09 13:00:00+00:00,3311154.66050608
2021-07-09 14:00:00+00:00,3311340.33314018
2021-07-09 15:00:00+00:00,3311380.55256335
2021-07-09 16:00:00+00:00,3311478.15472581
2021-07-09 17:00:00+00:00,3311969.97865232
2021-07-09 18:00:00+00:00,3312250.52573593
2021-07-09 19:00:00+00:00,3311106.45265082
2021-07-09 20:00:00+00:00,3312296.3164470303
2021-07-09 21:00:00+00:00,3311982.23993195
2021-07-09 22:00:00+00:00,3312015.6370808403
2021-07-09 23:00:00+00:00,3310830.916336
2021-07-10 00:00:00+00:00,3310515.42937456
2021-07-10 01:00:00+00:00,3310512.24479126
2021-07-10 02:00:00+00:00,3310993.79702619
2021-07-10 03:00:00+00:00,3310890.73553236
2021-07-10 04:00:00+00:00,3310844.1703819702
2021-07-10 05:00:00+00:00,3310816.59600783
2021-07-10 06:00:00+00:00,3310700.87340701
2021-07-10 07:00:00+00:00,3310857.70348165
2021-07-10 08:00:00+00:00,3310868.27615801
2021-07-10 09:00:00+00:00,3310817.37841319
2021-07-10 10:00:00+00:00,3310835.53022661
2021-07-10 11:00:00+00:00,3310841.10462857
2021-07-10 12:00:00+00:00,3310824.43165152
2021-07-10 13:00:00+00:00,3311803.85343554
2021-07-10 14:00:00+00:00,3311773.65017747
2021-07-10 15:00:00+00:00,3312053.15809666
2021-07-10 16:00:00+00:00,3311134.6488654
2021-07-10 17:00:00+00:00,3311153.99965982
2021-07-10 18:00:00+00:00,3311192.09865545
2021-07-10 19:00:00+00:00,3311194.8463076903
2021-07-10 20:00:00+00:00,3311440.81950476
2021-07-10 21:00:00+00:00,3311475.74655239
2021-07-10 22:00:00+00:00,3312941.9717807
2021-07-10 23:00:00+00:00,3312927.01159285
2021-07-11 00:00:00+00:00,3312927.01159285
2021-07-11 01:00:00+00:00,3313112.02306382
2021-07-11 02:00:00+00:00,3313765.67965698
2021-07-11 03:00:00+00:00,3313683.99768798
2021-07-11 04:00:00+00:00,3313611.45446242
2021-07-11 05:00:00+00:00,3313439.9625202003
2021-07-11 06:00:00+00:00,3313497.4861679203
2021-07-11 07:00:00+00:00,3313486.09349231
2021-07-11 08:00:00+00:00,3313548.55169435
2021-07-11 09:00:00+00:00,3311673.03642105
2021-07-11 10:00:00+00:00,3312148.67587929
2021-07-11 11:00:00+00:00,3312190.23178414
2021-07-11 12:00:00+00:00,3312203.22950322
2021-07-11 13:00:00+00:00,3312202.36631817
2021-07-11 14:00:00+00:00,3312225.05031922
2021-07-11 15:00:00+00:00,3312365.53535363
2021-07-11 16:00:00+00:00,3312496.17307258
2021-07-11 17:00:00+00:00,3312504.9012264
2021-07-11 18:00:00+00:00,3312531.48429469
2021-07-11 19:00:00+00:00,3312547.56010113
2021-07-11 20:00:00+00:00,3312668.79172661
2021-07-11 21:00:00+00:00,3312913.83270942
2021-07-11 22:00:00+00:00,3312947.94633873
2021-07-11 23:00:00+00:00,3312922.79795907
2021-07-12 00:00:00+00:00,3310670.77231893
2021-07-12 01:00:00+00:00,3309855.47788714
2021-07-12 02:00:00+00:00,3309887.74710319
2021-07-12 03:00:00+00:00,3308971.37912193
2021-07-12 04:00:00+00:00,3308050.03380652
2021-07-12 05:00:00+00:00,3309173.06867267
2021-07-12 06:00:00+00:00,3309200.64916902
2021-07-12 07:00:00+00:00,3309125.5989226103
2021-07-12 08:00:00+00:00,3310624.16261674
2021-07-12 09:00:00+00:00,3310734.68010922
2021-07-12 10:00:00+00:00,3312109.75997335
2021-07-12 11:00:00+00:00,3310683.40417078
2021-07-12 12:00:00+00:00,3309468.58626358
2021-07-12 13:00:00+00:00,3309026.57312062
2021-07-12 14:00:00+00:00,3311319.2696101503
2021-07-12 15:00:00+00:00,3312593.27631564
2021-07-12 16:00:00+00:00,3309797.7783821803
2021-07-12 17:00:00+00:00,3309540.94123326
2021-07-12 18:00:00+00:00,3307329.88332659
2021-07-12 19:00:00+00:00,3307766.93846688
2021-07-12 20:00:00+00:00,3309036.77856992
2021-07-12 21:00:00+00:00,3309038.23520423
2021-07-12 22:00:00+00:00,3309031.82389717
2021-07-12 23:00:00+00:00,3309448.7195857
2021-07-13 00:00:00+00:00,3309380.83297231
2021-07-13 01:00:00+00:00,3309422.30924506
2021-07-13 02:00:00+00:00,3309498.98455664
2021-07-13 03:00:00+00:00,3310584.47943852
2021-07-13 04:00:00+00:00,3310698.52349251
2021-07-13 05:00:00+00:00,3309899.79212335
2021-07-13 06:00:00+00:00,3308379.75089525
2021-07-13 07:00:00+00:00,3306889.27540937
2021-07-13 08:00:00+00:00,3307351.1195873
2021-07-13 09:00:00+00:00,3306679.77337943
2021-07-13 10:00:00+00:00,3306304.61047301
2021-07-13 11:00:00+00:00,3306405.3676089
2021-07-13 12:00:00+00:00,3306544.82626769
2021-07-13 13:00:00+00:00,3308648.93119134
2021-07-13 14:00:00+00:00,3309022.05399947
2021-07-13 15:00:00+00:00,3307990.50752069
2021-07-13 16:00:00+00:00,3308058.44893812
2021-07-13 17:00:00+00:00,3308266.64528814
2021-07-13 18:00:00+00:00,3309968.43433203
2021-07-13 19:00:00+00:00,3310019.05426221
2021-07-13 20:00:00+00:00,3309919.76856092
2021-07-13 21:00:00+00:00,3310091.76923874
2021-07-13 22:00:00+00:00,3310480.2464589803
2021-07-13 23:00:00+00:00,3310487.96681205
2021-07-14 00:00:00+00:00,3310514.9888765
2021-07-14 01:00:00+00:00,3310537.9689774
2021-07-14 02:00:00+00:00,3310683.03453496
2021-07-14 03:00:00+00:00,3309294.10011775
2021-07-14 04:00:00+00:00,3309306.59410267
2021-07-14 05:00:00+00:00,3309373.8760481803
2021-07-14 06:00:00+00:00,3309332.46880507
2021-07-14 07:00:00+00:00,3308877.71456925
2021-07-14 08:00:00+00:00,3311235.1221291902
2021-07-14 09:00:00+00:00,3311328.98481765
2021-07-14 10:00:00+00:00,3311683.61568483
2021-07-14 11:00:00+00:00,3311727.71774738
2021-07-14 12:00:00+00:00,3312639.44323022
2021-07-14 13:00:00+00:00,3312193.0141146
2021-07-14 14:00:00+00:00,3311926.55281646
2021-07-14 15:00:00+00:00,3311037.0117428303
2021-07-14 16:00:00+00:00,3311493.77087037
2021-07-14 17:00:00+00:00,3310740.70629491
2021-07-14 18:00:00+00:00,3310817.88178793
2021-07-14 19:00:00+00:00,3312299.20218125
2021-07-14 20:00:00+00:00,3312907.69017338
2021-07-14 21:00:00+00:00,3312902.92966808
2021-07-14 22:00:00+00:00,3310334.18567122
2021-07-14 23:00:00+00:00,3309369.8930691
2021-07-15 00:00:00+00:00,3309352.10914179
2021-07-15 01:00:00+00:00,3309182.61385641
2021-07-15 02:00:00+00:00,3309325.45472167
2021-07-15 03:00:00+00:00,3308685.97991772
2021-07-15 04:00:00+00:00,3308817.19434564
2021-07-15 05:00:00+00:00,3308467.67821047
2021-07-15 06:00:00+00:00,3308653.4283626103
2021-07-15 07:00:00+00:00,3308729.59014137
2021-07-15 08:00:00+00:00,3309884.42528982
2021-07-15 09:00:00+00:00,3309122.0108184903
2021-07-15 10:00:00+00:00,3307737.3998857
2021-07-15 11:00:00+00:00,3308144.22110672
2021-07-15 12:00:00+00:00,3309130.15343884
2021-07-15 13:00:00+00:00,3306986.64935884
2021-07-15 14:00:00+00:00,3307649.79788887
2021-07-15 15:00:00+00:00,3310684.97984527
2021-07-15 16:00:00+00:00,3308228.88078406
2021-07-15 17:00:00+00:00,3306913.93013668
2021-07-15 18:00:00+00:00,3306930.1576880203
2021-07-15 19:00:00+00:00,3309779.18058671
2021-07-15 20:00:00+00:00,3309021.08229197
2021-07-15 21:00:00+00:00,3310144.08340682
2021-07-15 22:00:00+00:00,3310778.28420461
2021-07-15 23:00:00+00:00,3310684.59960681
2021-07-16 00:00:00+00:00,3310770.74720773
2021-07-16 01:00:00+00:00,3310341.4646427203
2021-07-16 02:00:00+00:00,3310503.81961478
2021-07-16 03:00:00+00:00,3310554.0744488603
2021-07-16 04:00:00+00:00,3310920.88245872
2021-07-16 05:00:00+00:00,3310732.34387798
2021-07-16 06:00:00+00:00,3312096.85861942
2021-07-16 07:00:00+00:00,3311953.34972837
2021-07-16 08:00:00+00:00,3311723.78448355
2021-07-16 09:00:00+00:00,3312497.77416662
2021-07-16 10:00:00+00:00,3312409.7842539703
2021-07-16 11:00:00+00:00,3311927.73412652
2021-07-16 12:00:00+00:00,3312300.65024297
2021-07-16 13:00:00+00:00,3312268.35352746
2021-07-16 14:00:00+00:00,3313662.64487673
2021-07-16 15:00:00+00:00,3312679.9497105903
2021-07-16 16:00:00+00:00,3312085.09842778
2021-07-16 17:00:00+00:00,3314993.1910654902
2021-07-16 18:00:00+00:00,3313949.51686646
2021-07-16 19:00:00+00:00,3312173.94696559
2021-07-16 20:00:00+00:00,3313732.55007775
2021-07-16 21:00:00+00:00,3316533.32897874
2021-07-16 22:00:00+00:00,3316345.83046044
2021-07-16 23:00:00+00:00,3316467.5250565
2021-07-17 00:00:00+00:00,3316352.4259980703
2021-07-17 01:00:00+00:00,3320621.32199277
2021-07-17 02:00:00+00:00,3336425.3679734003
2021-07-17 03:00:00+00:00,3336417.26715552
2021-07-17 04:00:00+00:00,3336281.28788857
2021-07-17 05:00:00+00:00,3336295.1765929502
2021-07-17 06:00:00+00:00,3337349.75582261
2021-07-17 07:00:00+00:00,3337413.1759813703
2021-07-17 08:00:00+00:00,3337289.24086841
2021-07-17 09:00:00+00:00,3337459.87218404
2021-07-17 10:00:00+00:00,3337419.88303699
2021-07-17 11:00:00+00:00,3337552.7557259
2021-07-17 12:00:00+00:00,3336882.41724575
2021-07-17 13:00:00+00:00,3336629.73651391
2021-07-17 14:00:00+00:00,3336674.64714881
2021-07-17 15:00:00+00:00,3335416.43360681
2021-07-17 16:00:00+00:00,3335348.5586998803
2021-07-17 17:00:00+00:00,3336457.60287897
2021-07-17 18:00:00+00:00,3336400.09986286
2021-07-17 19:00:00+00:00,3335497.01224407
2021-07-17 20:00:00+00:00,3335503.95706243
2021-07-17 21:00:00+00:00,3335563.61749106
2021-07-17 22:00:00+00:00,3335579.91777233
2021-07-17 23:00:00+00:00,3335670.4092483902
2021-07-18 00:00:00+00:00,3335791.26104275
2021-07-18 01:00:00+00:00,3335899.08800739
2021-07-18 02:00:00+00:00,3335937.34444518
2021-07-18 03:00:00+00:00,3335970.0169996102
2021-07-18 04:00:00+00:00,3336009.02552693
2021-07-18 05:00:00+00:00,3335983.85134902
2021-07-18 06:00:00+00:00,3336060.10921361
2021-07-18 07:00:00+00:00,3336085.35514672
2021-07-18 08:00:00+00:00,3336041.87255039
2021-07-18 09:00:00+00:00,3335825.00233937
2021-07-18 10:00:00+00:00,3336032.81514618
2021-07-18 11:00:00+00:00,3336041.32405493
2021-07-18 12:00:00+00:00,3336049.9111229
2021-07-18 13:00:00+00:00,3336017.0621443703
2021-07-18 14:00:00+00:00,3335778.65676636
2021-07-18 15:00:00+00:00,3339032.34919594
2021-07-18 16:00:00+00:00,3339009.02364648
2021-07-18 17:00:00+00:00,3338005.50664164
2021-07-18 18:00:00+00:00,3337985.05636472
2021-07-18 19:00:00+00:00,3337925.9426686303
2021-07-18 20:00:00+00:00,3337941.58006908
2021-07-18 21:00:00+00:00,3337936.14067064
2021-07-18 22:00:00+00:00,3337983.07948921
2021-07-18 23:00:00+00:00,3338183.52419571
2021-07-19 00:00:00+00:00,3337980.55999147
2021-07-19 01:00:00+00:00,3337521.26800449
2021-07-19 02:00:00+00:00,3337478.60809068
2021-07-19 03:00:00+00:00,3337419.90455943
2021-07-19 04:00:00+00:00,3337479.11998908
2021-07-19 05:00:00+00:00,3337575.8401017003
2021-07-19 06:00:00+00:00,3337620.53156165
2021-07-19 07:00:00+00:00,3338618.1494036303
2021-07-19 08:00:00+00:00,3338627.23144114
2021-07-19 09:00:00+00:00,3339791.55770969
2021-07-19 10:00:00+00:00,3339575.59889153
2021-07-19 11:00:00+00:00,3338670.56328682
2021-07-19 12:00:00+00:00,3340125.28689476
2021-07-19 13:00:00+00:00,3341377.66145124
2021-07-19 14:00:00+00:00,3341967.89819655
2021-07-19 15:00:00+00:00,3341422.74344921
2021-07-19 16:00:00+00:00,3341352.67390185
2021-07-19 17:00:00+00:00,3341377.64876835
2021-07-19 18:00:00+00:00,3341224.95880375
2021-07-19 19:00:00+00:00,3341547.53887323
2021-07-19 20:00:00+00:00,3341521.64631653
2021-07-19 21:00:00+00:00,3341466.81739845
2021-07-19 22:00:00+00:00,3341493.68690624
2021-07-19 23:00:00+00:00,3341775.92886297
2021-07-20 00:00:00+00:00,3341338.40677818
2021-07-20 01:00:00+00:00,3341239.09479052
2021-07-20 02:00:00+00:00,3341326.79642861
2021-07-20 03:00:00+00:00,3341461.31396538
2021-07-20 04:00:00+00:00,3341447.74862999
2021-07-20 05:00:00+00:00,3341190.93856432
2021-07-20 06:00:00+00:00,3339776.60608311
2021-07-20 07:00:00+00:00,3339662.12926627
2021-07-20 08:00:00+00:00,3338030.58833435
2021-07-20 09:00:00+00:00,3338488.04786233
2021-07-20 10:00:00+00:00,3343241.82715096
2021-07-20 11:00:00+00:00,3345720.15512611
2021-07-20 12:00:00+00:00,3345660.38465263
2021-07-20 13:00:00+00:00,3346478.94210438
2021-07-20 14:00:00+00:00,3346585.5372148403
2021-07-20 15:00:00+00:00,3347119.4112882903
2021-07-20 16:00:00+00:00,3346878.760328
2021-07-20 17:00:00+00:00,3347061.20686223
2021-07-20 18:00:00+00:00,3348415.1812536702
2021-07-20 19:00:00+00:00,3348091.32470121
2021-07-20 20:00:00+00:00,3347403.97977562
2021-07-20 21:00:00+00:00,3345920.73353834
2021-07-20 22:00:00+00:00,3346180.25252278
2021-07-20 23:00:00+00:00,3346249.11132668
2021-07-21 00:00:00+00:00,3343809.64628704
2021-07-21 01:00:00+00:00,3344087.75189918
2021-07-21 02:00:00+00:00,3344251.33251484
2021-07-21 03:00:00+00:00,3343179.82753657
2021-07-21 04:00:00+00:00,3341652.37905441
2021-07-21 05:00:00+00:00,3341622.48438806
2021-07-21 06:00:00+00:00,3341416.49880354
2021-07-21 07:00:00+00:00,3344803.53193802
2021-07-21 08:00:00+00:00,3337834.46430207
2021-07-21 09:00:00+00:00,3336609.8228348503
2021-07-21 10:00:00+00:00,3336513.69573395
2021-07-21 11:00:00+00:00,3335708.65197218
2021-07-21 12:00:00+00:00,3335623.07797986
2021-07-21 13:00:00+00:00,3336950.03007001
2021-07-21 14:00:00+00:00,3337971.51560733
2021-07-21 15:00:00+00:00,3337774.97386739
2021-07-21 16:00:00+00:00,3337558.18208506
2021-07-21 17:00:00+00:00,3336254.58021074
2021-07-21 18:00:00+00:00,3337933.07251126
2021-07-21 19:00:00+00:00,3337697.02658612
2021-07-21 20:00:00+00:00,3335858.17297948
2021-07-21 21:00:00+00:00,3335952.10893813
2021-07-21 22:00:00+00:00,3337255.4722086303
2021-07-21 23:00:00+00:00,3338321.95459738
2021-07-22 00:00:00+00:00,3338158.64953027
2021-07-22 01:00:00+00:00,3336957.92898019
2021-07-22 02:00:00+00:00,3336100.25121017
2021-07-22 03:00:00+00:00,3337341.19403559
2021-07-22 04:00:00+00:00,3336362.52582036
2021-07-22 05:00:00+00:00,3336447.54285742
2021-07-22 06:00:00+00:00,3336575.92906571
2021-07-22 07:00:00+00:00,3336516.40309239
2021-07-22 08:00:00+00:00,3334464.38007591
2021-07-22 09:00:00+00:00,3334449.30361105
2021-07-22 10:00:00+00:00,3335044.6422043
2021-07-22 11:00:00+00:00,3335600.23730556
2021-07-22 12:00:00+00:00,3336545.223165
2021-07-22 13:00:00+00:00,3335797.84338646
2021-07-22 14:00:00+00:00,3333662.2041181102
2021-07-22 15:00:00+00:00,3334526.49932669
2021-07-22 16:00:00+00:00,3333129.67079397
2021-07-22 17:00:00+00:00,3332473.2623966
2021-07-22 18:00:00+00:00,3332740.42254897
2021-07-22 19:00:00+00:00,3332493.9663262703
2021-07-22 20:00:00+00:00,3331360.1586381
2021-07-22 21:00:00+00:00,3334028.51935193
2021-07-22 22:00:00+00:00,3332307.52971557
2021-07-22 23:00:00+00:00,3332317.01871488
2021-07-23 00:00:00+00:00,3332247.10090789
2021-07-23 01:00:00+00:00,3331276.65781756
2021-07-23 02:00:00+00:00,3331375.01826864
2021-07-23 03:00:00+00:00,3331373.87302302
2021-07-23 04:00:00+00:00,3331379.47033444
2021-07-23 05:00:00+00:00,3331557.29744739
2021-07-23 06:00:00+00:00,3329370.1565154903
2021-07-23 07:00:00+00:00,3329520.66826707
2021-07-23 08:00:00+00:00,3328778.04192711
2021-07-23 09:00:00+00:00,3329212.39240135
2021-07-23 10:00:00+00:00,3329430.59084914
2021-07-23 11:00:00+00:00,3330542.18121724
2021-07-23 12:00:00+00:00,3329591.7902229303
2021-07-23 13:00:00+00:00,3330961.49706713
2021-07-23 14:00:00+00:00,3333410.95639377
2021-07-23 15:00:00+00:00,3332099.27527287
2021-07-23 16:00:00+00:00,3334028.86536676
2021-07-23 17:00:00+00:00,3337160.20067313
2021-07-23 18:00:00+00:00,3337064.34013796
2021-07-23 19:00:00+00:00,3335925.92103886
2021-07-23 20:00:00+00:00,3335882.73688081
2021-07-23 21:00:00+00:00,3334423.23269747
2021-07-23 22:00:00+00:00,3334044.02936082
2021-07-23 23:00:00+00:00,3334054.37357347
2021-07-24 00:00:00+00:00,3334100.2148766
2021-07-24 01:00:00+00:00,3334247.69507995
2021-07-24 02:00:00+00:00,3335301.03873388
2021-07-24 03:00:00+00:00,3335322.33563013
2021-07-24 04:00:00+00:00,3335246.05490374
2021-07-24 05:00:00+00:00,3335259.75137806
2021-07-24 06:00:00+00:00,3335272.93319846
2021-07-24 07:00:00+00:00,3330427.21126888
2021-07-24 08:00:00+00:00,3330643.72754716
2021-07-24 09:00:00+00:00,3330644.70966332
2021-07-24 10:00:00+00:00,3330688.35035884
2021-07-24 11:00:00+00:00,3329769.5603580503
2021-07-24 12:00:00+00:00,3330603.9041237
2021-07-24 13:00:00+00:00,3330622.50691888
2021-07-24 14:00:00+00:00,3330765.99482864
2021-07-24 15:00:00+00:00,3330849.02389662
2021-07-24 16:00:00+00:00,3330663.23143471
2021-07-24 17:00:00+00:00,3330699.10497
2021-07-24 18:00:00+00:00,3330726.00918151
2021-07-24 19:00:00+00:00,3330763.68496631
2021-07-24 20:00:00+00:00,3330725.14650687
2021-07-24 21:00:00+00:00,3330835.17241183
2021-07-24 22:00:00+00:00,3330793.0481586503
2021-07-24 23:00:00+00:00,3330907.25801557
2021-07-25 00:00:00+00:00,3330891.7828943003
2021-07-25 01:00:00+00:00,3330882.5921841003
2021-07-25 02:00:00+00:00,3330905.78682823
2021-07-25 03:00:00+00:00,3330867.0725728
2021-07-25 04:00:00+00:00,3330778.4417232303
2021-07-25 05:00:00+00:00,3330704.42354976
2021-07-25 06:00:00+00:00,3333521.10059461
2021-07-25 07:00:00+00:00,3333565.88059111
2021-07-25 08:00:00+00:00,3333261.05166573
2021-07-25 09:00:00+00:00,3333268.84576221
2021-07-25 10:00:00+00:00,3333629.45551022
2021-07-25 11:00:00+00:00,3333714.06379331
2021-07-25 12:00:00+00:00,3333772.65689766
2021-07-25 13:00:00+00:00,3333866.47117903
2021-07-25 14:00:00+00:00,3333657.1223828
2021-07-25 15:00:00+00:00,3336807.9424123103
2021-07-25 16:00:00+00:00,3336815.64020788
2021-07-25 17:00:00+00:00,3338100.85759965
2021-07-25 18:00:00+00:00,3338223.67689008
2021-07-25 19:00:00+00:00,3337977.43848292
2021-07-25 20:00:00+00:00,3338900.04657999
2021-07-25 21:00:00+00:00,3338580.43737254
2021-07-25 22:00:00+00:00,3338997.41972152
2021-07-25 23:00:00+00:00,3340078.76406663
2021-07-26 00:00:00+00:00,3340193.08407287
2021-07-26 01:00:00+00:00,3339523.97588466
2021-07-26 02:00:00+00:00,3339785.63647629
2021-07-26 03:00:00+00:00,3339449.28514349
2021-07-26 04:00:00+00:00,3339774.85369332
2021-07-26 05:00:00+00:00,3339760.70297238
2021-07-26 06:00:00+00:00,3340069.08080912
2021-07-26 07:00:00+00:00,3340401.28395262
2021-07-26 08:00:00+00:00,3340327.58758503
2021-07-26 09:00:00+00:00,3341699.15297929
2021-07-26 10:00:00+00:00,3344750.95551735
2021-07-26 11:00:00+00:00,3345097.29776528
2021-07-26 12:00:00+00:00,3339682.27519592
2021-07-26 13:00:00+00:00,3341325.22758989
2021-07-26 14:00:00+00:00,3341814.8004329
2021-07-26 15:00:00+00:00,3337836.51319635
2021-07-26 16:00:00+00:00,3332964.49786649
2021-07-26 17:00:00+00:00,3333843.1092122803
2021-07-26 18:00:00+00:00,3337880.79295419
2021-07-26 19:00:00+00:00,3338733.67138639
2021-07-26 20:00:00+00:00,3336179.68514666
2021-07-26 21:00:00+00:00,3334919.61241379
2021-07-26 22:00:00+00:00,3335110.8346985
2021-07-26 23:00:00+00:00,3324544.18053732
2021-07-27 00:00:00+00:00,3332198.92215344
2021-07-27 01:00:00+00:00,3332344.0148747303
2021-07-27 02:00:00+00:00,3332338.39400664
2021-07-27 03:00:00+00:00,3332090.54769486
2021-07-27 04:00:00+00:00,3332154.47198194
2021-07-27 05:00:00+00:00,3331581.87578219
2021-07-27 06:00:00+00:00,3331677.24564588
2021-07-27 07:00:00+00:00,3331671.04792348
2021-07-27 08:00:00+00:00,3331655.47090561
2021-07-27 09:00:00+00:00,3331279.34730255
2021-07-27 10:00:00+00:00,3326746.35265639
2021-07-27 11:00:00+00:00,3328158.21745342
2021-07-27 12:00:00+00:00,3328442.64784858
2021-07-27 13:00:00+00:00,3327698.36611285
2021-07-27 14:00:00+00:00,3332352.76974303
2021-07-27 15:00:00+00:00,3330662.3177830903
2021-07-27 16:00:00+00:00,3331898.08595533
2021-07-27 17:00:00+00:00,3333556.4642379503
2021-07-27 18:00:00+00:00,3334937.13457596
2021-07-27 19:00:00+00:00,3336131.12522387
2021-07-27 20:00:00+00:00,3335869.23830808
2021-07-27 21:00:00+00:00,3336577.74312286
2021-07-27 22:00:00+00:00,3304179.47444508
2021-07-27 23:00:00+00:00,3304903.75586501
2021-07-28 00:00:00+00:00,3298862.10750261
2021-07-28 01:00:00+00:00,3298734.66479743
2021-07-28 02:00:00+00:00,3298647.37549505
2021-07-28 03:00:00+00:00,3298731.89227537
2021-07-28 04:00:00+00:00,3298581.59981118
2021-07-28 05:00:00+00:00,3299508.31520916
2021-07-28 06:00:00+00:00,3330442.2030551103
2021-07-28 07:00:00+00:00,3329091.9969666
2021-07-28 08:00:00+00:00,3328649.0901752003
2021-07-28 09:00:00+00:00,3329453.67882225
2021-07-28 10:00:00+00:00,3333945.8054407
2021-07-28 11:00:00+00:00,3336806.77119986
2021-07-28 12:00:00+00:00,3338664.76915672
2021-07-28 13:00:00+00:00,3335683.46482197
2021-07-28 14:00:00+00:00,3335797.81923979
2021-07-28 15:00:00+00:00,3331639.13800302
2021-07-28 16:00:00+00:00,3329305.8638618
2021-07-28 17:00:00+00:00,3325846.56845845
2021-07-28 18:00:00+00:00,3325724.9800433903
2021-07-28 19:00:00+00:00,3326742.76057202
2021-07-28 20:00:00+00:00,3326564.74368161
2021-07-28 21:00:00+00:00,3327498.77546241
2021-07-28 22:00:00+00:00,3327879.83524707
2021-07-28 23:00:00+00:00,3329265.20691936
2021-07-29 00:00:00+00:00,3329209.58123748
2021-07-29 01:00:00+00:00,3328050.2495112102
2021-07-29 02:00:00+00:00,3328063.1972202603
2021-07-29 03:00:00+00:00,3328065.10339102
2021-07-29 04:00:00+00:00,3328493.52839872
2021-07-29 05:00:00+00:00,3328372.91786986
2021-07-29 06:00:00+00:00,3328285.4358386
2021-07-29 07:00:00+00:00,3328438.16336486
2021-07-29 08:00:00+00:00,3329390.33810421
2021-07-29 09:00:00+00:00,3331393.13115926
2021-07-29 10:00:00+00:00,3331422.9412486
2021-07-29 11:00:00+00:00,3331546.70727335
2021-07-29 12:00:00+00:00,3332427.15996742
2021-07-29 13:00:00+00:00,3333372.41218053
2021-07-29 14:00:00+00:00,3333901.46578099
2021-07-29 15:00:00+00:00,3335297.30568039
2021-07-29 16:00:00+00:00,3334322.3240763103
2021-07-29 17:00:00+00:00,3334272.23269354
2021-07-29 18:00:00+00:00,3334333.45937424
2021-07-29 19:00:00+00:00,3334343.3596969
2021-07-29 20:00:00+00:00,3338915.2848455203
2021-07-29 21:00:00+00:00,3338969.9123449703
2021-07-29 22:00:00+00:00,3338572.15688239
2021-07-29 23:00:00+00:00,3338587.50194212
2021-07-30 00:00:00+00:00,3338961.7977908
2021-07-30 01:00:00+00:00,3338718.8183857203
2021-07-30 02:00:00+00:00,3338739.15162035
2021-07-30 03:00:00+00:00,3336273.18210139
2021-07-30 04:00:00+00:00,3336224.50268203
2021-07-30 05:00:00+00:00,3335228.26465985
2021-07-30 06:00:00+00:00,3334010.37892263
2021-07-30 07:00:00+00:00,3333981.27537543
2021-07-30 08:00:00+00:00,3323506.36103108
2021-07-30 09:00:00+00:00,3321288.41837747
2021-07-30 10:00:00+00:00,3323246.19785817
2021-07-30 11:00:00+00:00,3323176.0682468503
2021-07-30 12:00:00+00:00,3322710.2936443
2021-07-30 13:00:00+00:00,3324224.60036631
2021-07-30 14:00:00+00:00,3325778.2606173
2021-07-30 15:00:00+00:00,3324351.5472116303
2021-07-30 16:00:00+00:00,3325622.0193579
2021-07-30 17:00:00+00:00,3325644.68565612
2021-07-30 18:00:00+00:00,3325731.56559997
2021-07-30 19:00:00+00:00,3325616.57842638
2021-07-30 20:00:00+00:00,3325424.68094222
2021-07-30 21:00:00+00:00,3324838.79825147
2021-07-30 22:00:00+00:00,3323850.94853314
2021-07-30 23:00:00+00:00,3323965.47515668
2021-07-31 00:00:00+00:00,3324037.18715775
2021-07-31 01:00:00+00:00,3323769.54680924
2021-07-31 02:00:00+00:00,3325077.66884978
2021-07-31 03:00:00+00:00,3325176.6966652703
2021-07-31 04:00:00+00:00,3325124.7863307903
2021-07-31 05:00:00+00:00,3325110.1039937
2021-07-31 06:00:00+00:00,3325139.7638546103
2021-07-31 07:00:00+00:00,3325540.51649697
2021-07-31 08:00:00+00:00,3326890.64910272
2021-07-31 09:00:00+00:00,3326981.04483238
2021-07-31 10:00:00+00:00,3326984.25873084
2021-07-31 11:00:00+00:00,3326273.41362193
2021-07-31 12:00:00+00:00,3325751.21465508
2021-07-31 13:00:00+00:00,3325811.56026435
2021-07-31 14:00:00+00:00,3325845.58469783
2021-07-31 15:00:00+00:00,3325683.68354705
2021-07-31 16:00:00+00:00,3325760.14874323
2021-07-31 17:00:00+00:00,3325766.4117638
2021-07-31 18:00:00+00:00,3325848.67384208
2021-07-31 19:00:00+00:00,3325886.97550769
2021-07-31 20:00:00+00:00,3325937.50483294
2021-07-31 21:00:00+00:00,3326034.34316131
2021-07-31 22:00:00+00:00,3325951.60684744
2021-07-31 23:00:00+00:00,3325990.12784372
2021-08-01 00:00:00+00:00,3326010.88150845
2021-08-01 01:00:00+00:00,3325929.86514179
2021-08-01 02:00:00+00:00,3325829.60509018
2021-08-01 03:00:00+00:00,3325758.63765728
2021-08-01 04:00:00+00:00,3324297.24110115
2021-08-01 05:00:00+00:00,3324376.95412096
2021-08-01 06:00:00+00:00,3324008.12555487
2021-08-01 07:00:00+00:00,3323787.1834897
2021-08-01 08:00:00+00:00,3323571.36712529
2021-08-01 09:00:00+00:00,3323537.27847597
2021-08-01 10:00:00+00:00,3323478.9927076
2021-08-01 11:00:00+00:00,3323481.83035676
2021-08-01 12:00:00+00:00,3323282.8480904
2021-08-01 13:00:00+00:00,3323355.2008649
2021-08-01 14:00:00+00:00,3324111.18839595
2021-08-01 15:00:00+00:00,3324006.0332231
2021-08-01 16:00:00+00:00,3324028.73536677
2021-08-01 17:00:00+00:00,3324014.44853413
2021-08-01 18:00:00+00:00,3324071.0553834
2021-08-01 19:00:00+00:00,3334714.1143579
2021-08-01 20:00:00+00:00,3333521.42808512
2021-08-01 21:00:00+00:00,3333434.19029166
2021-08-01 22:00:00+00:00,3333271.3695121
2021-08-01 23:00:00+00:00,3333155.06411562
2021-08-02 00:00:00+00:00,3332656.66640033
2021-08-02 01:00:00+00:00,3332343.57354174
2021-08-02 02:00:00+00:00,3331301.87936499
2021-08-02 03:00:00+00:00,3331155.72008801
2021-08-02 04:00:00+00:00,3331018.36643619
2021-08-02 05:00:00+00:00,3330802.92472619
2021-08-02 06:00:00+00:00,3331360.03800513
2021-08-02 07:00:00+00:00,3330222.97495639
2021-08-02 08:00:00+00:00,3330066.82128011
2021-08-02 09:00:00+00:00,3330874.71244402
2021-08-02 10:00:00+00:00,3332020.27841138
2021-08-02 11:00:00+00:00,3320708.83609661
2021-08-02 12:00:00+00:00,3323556.06678293
2021-08-02 13:00:00+00:00,3323600.31845255
2021-08-02 14:00:00+00:00,3323295.48320972
2021-08-02 15:00:00+00:00,3320138.66821811
2021-08-02 16:00:00+00:00,3318573.12734643
2021-08-02 17:00:00+00:00,3327431.61490945
2021-08-02 18:00:00+00:00,3328749.39979136
2021-08-02 19:00:00+00:00,3328710.18551374
2021-08-02 20:00:00+00:00,3328793.6664487203
2021-08-02 21:00:00+00:00,3328911.18892577
2021-08-02 22:00:00+00:00,3329179.06160775
2021-08-02 23:00:00+00:00,3329077.28118496
2021-08-03 00:00:00+00:00,3330033.8365635
2021-08-03 01:00:00+00:00,3329096.66104266
2021-08-03 02:00:00+00:00,3329353.47651774
2021-08-03 03:00:00+00:00,3329376.41452203
2021-08-03 04:00:00+00:00,3328336.93210748
2021-08-03 05:00:00+00:00,3328240.47030198
2021-08-03 06:00:00+00:00,3327730.28857718
2021-08-03 07:00:00+00:00,3329245.67439581
2021-08-03 08:00:00+00:00,3320243.01946325
2021-08-03 09:00:00+00:00,3319600.90616313
2021-08-03 10:00:00+00:00,3319445.74312945
2021-08-03 11:00:00+00:00,3318485.84788561
2021-08-03 12:00:00+00:00,3319045.60053322
2021-08-03 13:00:00+00:00,3318898.65686217
2021-08-03 14:00:00+00:00,3318632.8146879203
2021-08-03 15:00:00+00:00,3318317.46278474
2021-08-03 16:00:00+00:00,3318891.62638881
2021-08-03 17:00:00+00:00,3320204.1259451
2021-08-03 18:00:00+00:00,3320468.13359529
2021-08-03 19:00:00+00:00,3321248.18585642
2021-08-03 20:00:00+00:00,3323998.42396465
2021-08-03 21:00:00+00:00,3320080.38679808
2021-08-03 22:00:00+00:00,3319156.4347678
2021-08-03 23:00:00+00:00,3319235.34460612
2021-08-04 00:00:00+00:00,3319452.8392412
2021-08-04 01:00:00+00:00,3319770.27987297
2021-08-04 02:00:00+00:00,3319857.96720721
2021-08-04 03:00:00+00:00,3320772.20997839
2021-08-04 04:00:00+00:00,3320675.61006951
2021-08-04 05:00:00+00:00,3320720.06481107
2021-08-04 06:00:00+00:00,3320820.7408176702
2021-08-04 07:00:00+00:00,3320764.55052443
2021-08-04 08:00:00+00:00,3320902.65728966
2021-08-04 09:00:00+00:00,3320692.48368859
2021-08-04 10:00:00+00:00,3320825.6853081803
2021-08-04 11:00:00+00:00,3320092.18935337
2021-08-04 12:00:00+00:00,3321424.88381808
2021-08-04 13:00:00+00:00,3322372.02123465
2021-08-04 14:00:00+00:00,3321301.5048982203
2021-08-04 15:00:00+00:00,3319398.66529421
2021-08-04 16:00:00+00:00,3318209.9024175
2021-08-04 17:00:00+00:00,3310421.69127189
2021-08-04 18:00:00+00:00,3312572.40540965
2021-08-04 19:00:00+00:00,3310499.18169538
2021-08-04 20:00:00+00:00,3314783.84161853
2021-08-04 21:00:00+00:00,3314427.36748289
2021-08-04 22:00:00+00:00,3314407.03731509
2021-08-04 23:00:00+00:00,3311180.8919832
2021-08-05 00:00:00+00:00,3311519.96624993
2021-08-05 01:00:00+00:00,3311579.63540225
2021-08-05 02:00:00+00:00,3311233.76990231
2021-08-05 03:00:00+00:00,3311125.05091292
2021-08-05 04:00:00+00:00,3311127.60471788
2021-08-05 05:00:00+00:00,3311343.10510136
2021-08-05 06:00:00+00:00,3311345.50282392
2021-08-05 07:00:00+00:00,3312360.3818158503
2021-08-05 08:00:00+00:00,3311512.1146956203
2021-08-05 09:00:00+00:00,3311176.44111091
2021-08-05 10:00:00+00:00,3309787.66530881
2021-08-05 11:00:00+00:00,3309690.61863627
2021-08-05 12:00:00+00:00,3309849.26840461
2021-08-05 13:00:00+00:00,3311320.71013331
2021-08-05 14:00:00+00:00,3311409.80316856
2021-08-05 15:00:00+00:00,3311551.25255219
2021-08-05 16:00:00+00:00,3311310.95622009
2021-08-05 17:00:00+00:00,3304950.2025895
2021-08-05 18:00:00+00:00,3306749.09137629
2021-08-05 19:00:00+00:00,3305012.7909905403
2021-08-05 20:00:00+00:00,3305004.0621060203
2021-08-05 21:00:00+00:00,3305071.15456215
2021-08-05 22:00:00+00:00,3305301.08155398
2021-08-05 23:00:00+00:00,3305273.35678406
2021-08-06 00:00:00+00:00,3303497.89823149
2021-08-06 01:00:00+00:00,3303573.69592468
2021-08-06 02:00:00+00:00,3303637.8263820503
2021-08-06 03:00:00+00:00,3304653.38587031
2021-08-06 04:00:00+00:00,3303849.04148245
2021-08-06 05:00:00+00:00,3303944.96972642
2021-08-06 06:00:00+00:00,3303934.07894504
2021-08-06 07:00:00+00:00,3304101.04689189
2021-08-06 08:00:00+00:00,3300483.35881941
2021-08-06 09:00:00+00:00,3301408.76184142
2021-08-06 10:00:00+00:00,3302505.3066736
2021-08-06 11:00:00+00:00,3302531.29681173
2021-08-06 12:00:00+00:00,3302187.50913129
2021-08-06 13:00:00+00:00,3302182.69265818
2021-08-06 14:00:00+00:00,3311165.55334098
2021-08-06 15:00:00+00:00,3310908.39057008
2021-08-06 16:00:00+00:00,3304455.92270127
2021-08-06 17:00:00+00:00,3305343.31734183
2021-08-06 18:00:00+00:00,3306836.79666993
2021-08-06 19:00:00+00:00,3305061.73056649
2021-08-06 20:00:00+00:00,3305277.40288055
2021-08-06 21:00:00+00:00,3307331.5843745703
2021-08-06 22:00:00+00:00,3312276.31831186
2021-08-06 23:00:00+00:00,3313179.46361494
2021-08-07 00:00:00+00:00,3313172.55680592
2021-08-07 01:00:00+00:00,3313245.2843332
2021-08-07 02:00:00+00:00,3313347.1002503103
2021-08-07 03:00:00+00:00,3312717.69287341
2021-08-07 04:00:00+00:00,3313154.2738991203
2021-08-07 05:00:00+00:00,3313204.60680424
2021-08-07 06:00:00+00:00,3313279.17018184
2021-08-07 07:00:00+00:00,3312302.88770329
2021-08-07 08:00:00+00:00,3312329.3807462403
2021-08-07 09:00:00+00:00,3312206.83200297
2021-08-07 10:00:00+00:00,3312157.82988727
2021-08-07 11:00:00+00:00,3312939.63943851
2021-08-07 12:00:00+00:00,3312065.96731688
2021-08-07 13:00:00+00:00,3312451.36614327
2021-08-07 14:00:00+00:00,3313343.53385468
2021-08-07 15:00:00+00:00,3314680.98392194
2021-08-07 16:00:00+00:00,3314442.76294649
2021-08-07 17:00:00+00:00,3314419.352402
2021-08-07 18:00:00+00:00,3314429.57236316
2021-08-07 19:00:00+00:00,3314473.59511595
2021-08-07 20:00:00+00:00,3314446.00868517
2021-08-07 21:00:00+00:00,3314528.29130712
2021-08-07 22:00:00+00:00,3314602.49014364
2021-08-07 23:00:00+00:00,3314869.47119035
2021-08-08 00:00:00+00:00,3314773.36306653
2021-08-08 01:00:00+00:00,3314812.78090556
2021-08-08 02:00:00+00:00,3314783.15179327
2021-08-08 03:00:00+00:00,3314762.57996114
2021-08-08 04:00:00+00:00,3315979.88899661
2021-08-08 05:00:00+00:00,3315773.93125339
2021-08-08 06:00:00+00:00,3315872.65301809
2021-08-08 07:00:00+00:00,3318238.42919631
2021-08-08 08:00:00+00:00,3319111.01500641
2021-08-08 09:00:00+00:00,3319256.51412214
2021-08-08 10:00:00+00:00,3319611.86445079
2021-08-08 11:00:00+00:00,3320879.60429015
2021-08-08 12:00:00+00:00,3320907.21441588
2021-08-08 13:00:00+00:00,3320393.75397039
2021-08-08 14:00:00+00:00,3319317.26459074
2021-08-08 15:00:00+00:00,3312175.48078481
2021-08-08 16:00:00+00:00,3311981.0249347603
2021-08-08 17:00:00+00:00,3311072.80018801
2021-08-08 18:00:00+00:00,3311553.56680679
2021-08-08 19:00:00+00:00,3310597.98799357
2021-08-08 20:00:00+00:00,3311620.76868704
2021-08-08 21:00:00+00:00,3310747.69893712
2021-08-08 22:00:00+00:00,3310942.04598518
2021-08-08 23:00:00+00:00,3312304.98121964
2021-08-09 00:00:00+00:00,3312291.85764522
2021-08-09 01:00:00+00:00,3311453.8111523
2021-08-09 02:00:00+00:00,3310396.65761908
2021-08-09 03:00:00+00:00,3309902.23418444
2021-08-09 04:00:00+00:00,3311221.85966627
2021-08-09 05:00:00+00:00,3311387.1760117
2021-08-09 06:00:00+00:00,3312034.41505501
2021-08-09 07:00:00+00:00,3312040.09838466
2021-08-09 08:00:00+00:00,3311482.0716373
2021-08-09 09:00:00+00:00,3313640.8510357
2021-08-09 10:00:00+00:00,3315992.29827254
2021-08-09 11:00:00+00:00,3316281.9176987503
2021-08-09 12:00:00+00:00,3317399.16336463
2021-08-09 13:00:00+00:00,3315850.38457121
2021-08-09 14:00:00+00:00,3314239.60158366
2021-08-09 15:00:00+00:00,3317683.42093434
2021-08-09 16:00:00+00:00,3319605.79612666
2021-08-09 17:00:00+00:00,3319473.2706258
2021-08-09 18:00:00+00:00,3319177.13021007
2021-08-09 19:00:00+00:00,3320313.21282331
2021-08-09 20:00:00+00:00,3319789.35484674
2021-08-09 21:00:00+00:00,3314790.93336477
2021-08-09 22:00:00+00:00,3315348.59762632
2021-08-09 23:00:00+00:00,3315770.34429437
2021-08-10 00:00:00+00:00,3314931.2307449803
2021-08-10 01:00:00+00:00,3315001.3604259
2021-08-10 02:00:00+00:00,3312892.76921643
2021-08-10 03:00:00+00:00,3313718.66087167
2021-08-10 04:00:00+00:00,3313718.24255727
2021-08-10 05:00:00+00:00,3313716.27955495
2021-08-10 06:00:00+00:00,3314855.06824382
2021-08-10 07:00:00+00:00,3316349.07428512
2021-08-10 08:00:00+00:00,3316375.7175013
2021-08-10 09:00:00+00:00,3316966.9484202
2021-08-10 10:00:00+00:00,3314702.88763303
2021-08-10 11:00:00+00:00,3314553.79120688
2021-08-10 12:00:00+00:00,3314707.79118548
2021-08-10 13:00:00+00:00,3313851.76049206
2021-08-10 14:00:00+00:00,3314344.59655938
2021-08-10 15:00:00+00:00,3314397.33385374
2021-08-10 16:00:00+00:00,3314247.61800222
2021-08-10 17:00:00+00:00,3312502.76002877
2021-08-10 18:00:00+00:00,3312278.11791158
2021-08-10 19:00:00+00:00,3312285.00439427
2021-08-10 20:00:00+00:00,3311646.76357385
2021-08-10 21:00:00+00:00,3311573.225744
2021-08-10 22:00:00+00:00,3310630.97312622
2021-08-10 23:00:00+00:00,3310676.18954786
2021-08-11 00:00:00+00:00,3312557.39551118
2021-08-11 01:00:00+00:00,3312563.48365657
2021-08-11 02:00:00+00:00,3308844.71535371
2021-08-11 03:00:00+00:00,3307830.86278215
2021-08-11 04:00:00+00:00,3305554.25266883
2021-08-11 05:00:00+00:00,3305517.83601125
2021-08-11 06:00:00+00:00,3304640.04462475
2021-08-11 07:00:00+00:00,3304841.4595982702
2021-08-11 08:00:00+00:00,3304597.12090896
2021-08-11 09:00:00+00:00,3305317.7053574
2021-08-11 10:00:00+00:00,3305292.38130992
2021-08-11 11:00:00+00:00,3305291.1183336102
2021-08-11 12:00:00+00:00,3310670.71894809
2021-08-11 13:00:00+00:00,3310889.72932279
2021-08-11 14:00:00+00:00,3311194.03487306
2021-08-11 15:00:00+00:00,3307999.24731133
2021-08-11 16:00:00+00:00,3307306.04333249
2021-08-11 17:00:00+00:00,3307117.8038009503
2021-08-11 18:00:00+00:00,3306084.6188816503
2021-08-11 19:00:00+00:00,3305671.31777258
2021-08-11 20:00:00+00:00,3307250.0025628703
2021-08-11 21:00:00+00:00,3306053.92802143
2021-08-11 22:00:00+00:00,3307169.62954775
2021-08-11 23:00:00+00:00,3307029.28845514
2021-08-12 00:00:00+00:00,3305264.56564005
2021-08-12 01:00:00+00:00,3305295.33933452
2021-08-12 02:00:00+00:00,3305663.86953095
2021-08-12 03:00:00+00:00,3304648.6527086003
2021-08-12 04:00:00+00:00,3304964.59129116
2021-08-12 05:00:00+00:00,3304855.37895126
2021-08-12 06:00:00+00:00,3304367.3325844
2021-08-12 07:00:00+00:00,3307086.9479916203
2021-08-12 08:00:00+00:00,3307285.6958929403
2021-08-12 09:00:00+00:00,3306755.81020219
2021-08-12 10:00:00+00:00,3306529.45814888
2021-08-12 11:00:00+00:00,3306576.8312253
2021-08-12 12:00:00+00:00,3308816.1328343903
2021-08-12 13:00:00+00:00,3307851.04045974
2021-08-12 14:00:00+00:00,3305403.0045788703
2021-08-12 15:00:00+00:00,3305369.29135678
2021-08-12 16:00:00+00:00,3302703.13080248
2021-08-12 17:00:00+00:00,3302729.5768001103
2021-08-12 18:00:00+00:00,3303468.3575154203
2021-08-12 19:00:00+00:00,3302845.80235095
2021-08-12 20:00:00+00:00,3303683.42386611
2021-08-12 21:00:00+00:00,3300426.55976891
2021-08-12 22:00:00+00:00,3301597.16909332
2021-08-12 23:00:00+00:00,3301724.5120701003
2021-08-13 00:00:00+00:00,3301708.27635733
2021-08-13 01:00:00+00:00,3301664.1742316303
2021-08-13 02:00:00+00:00,3303428.03341498
2021-08-13 03:00:00+00:00,3304748.66992608
2021-08-13 04:00:00+00:00,3303443.83181568
2021-08-13 05:00:00+00:00,3303386.02156289
2021-08-13 06:00:00+00:00,3307554.89374307
2021-08-13 07:00:00+00:00,3302596.01628338
2021-08-13 08:00:00+00:00,3302570.44010804
2021-08-13 09:00:00+00:00,3302180.15105132
2021-08-13 10:00:00+00:00,3303501.15534474
2021-08-13 11:00:00+00:00,3303006.90108761
2021-08-13 12:00:00+00:00,3301940.6015967
2021-08-13 13:00:00+00:00,3304096.76518199
2021-08-13 14:00:00+00:00,3301731.13345276
2021-08-13 15:00:00+00:00,3300998.46899932
2021-08-13 16:00:00+00:00,3301035.82071636
2021-08-13 17:00:00+00:00,3300044.80691871
2021-08-13 18:00:00+00:00,3300070.13576135
2021-08-13 19:00:00+00:00,3301948.18628812
2021-08-13 20:00:00+00:00,3294353.41622873
2021-08-13 21:00:00+00:00,3295289.56150956
2021-08-13 22:00:00+00:00,3294838.19019874
2021-08-13 23:00:00+00:00,3294781.61833484
2021-08-14 00:00:00+00:00,3294895.28212221
2021-08-14 01:00:00+00:00,3295074.53691451
2021-08-14 02:00:00+00:00,3295243.83138772
2021-08-14 03:00:00+00:00,3296354.49670878
2021-08-14 04:00:00+00:00,3296615.15644493
2021-08-14 05:00:00+00:00,3295708.04850224
2021-08-14 06:00:00+00:00,3295743.17215652
2021-08-14 07:00:00+00:00,3295698.20049659
2021-08-14 08:00:00+00:00,3295651.70251393
2021-08-14 09:00:00+00:00,3295616.88026372
2021-08-14 10:00:00+00:00,3295718.31622572
2021-08-14 11:00:00+00:00,3295726.81807941
2021-08-14 12:00:00+00:00,3295769.12399598
2021-08-14 13:00:00+00:00,3298281.16765664
2021-08-14 14:00:00+00:00,3296721.13094432
2021-08-14 15:00:00+00:00,3295272.9997835
2021-08-14 16:00:00+00:00,3293202.53424063
2021-08-14 17:00:00+00:00,3293214.54570914
2021-08-14 18:00:00+00:00,3292992.51438624
2021-08-14 19:00:00+00:00,3292838.30763624
2021-08-14 20:00:00+00:00,3292766.05193152
2021-08-14 21:00:00+00:00,3292794.50748299
2021-08-14 22:00:00+00:00,3292840.84908381
2021-08-14 23:00:00+00:00,3292898.86652706
2021-08-15 00:00:00+00:00,3292935.87567209
2021-08-15 01:00:00+00:00,3292966.26951408
2021-08-15 02:00:00+00:00,3293043.93550442
2021-08-15 03:00:00+00:00,3293077.7892941
2021-08-15 04:00:00+00:00,3293012.99590798
2021-08-15 05:00:00+00:00,3293068.7167612403
2021-08-15 06:00:00+00:00,3293071.44764755
2021-08-15 07:00:00+00:00,3293088.83676657
2021-08-15 08:00:00+00:00,3298481.0819858
2021-08-15 09:00:00+00:00,3298348.98026837
2021-08-15 10:00:00+00:00,3297991.23918505
2021-08-15 11:00:00+00:00,3298071.6764600603
2021-08-15 12:00:00+00:00,3298002.98776677
2021-08-15 13:00:00+00:00,3299103.30206127
2021-08-15 14:00:00+00:00,3299123.6380591
2021-08-15 15:00:00+00:00,3302883.05310083
2021-08-15 16:00:00+00:00,3300233.18450489
2021-08-15 17:00:00+00:00,3299782.1778993
2021-08-15 18:00:00+00:00,3299780.34711118
2021-08-15 19:00:00+00:00,3299791.4288557903
2021-08-15 20:00:00+00:00,3299782.08319842
2021-08-15 21:00:00+00:00,3299806.21399389
2021-08-15 22:00:00+00:00,3300134.61492426
2021-08-15 23:00:00+00:00,3299926.79208354
2021-08-16 00:00:00+00:00,3300073.35971793
2021-08-16 01:00:00+00:00,3299219.4256431903
2021-08-16 02:00:00+00:00,3299450.40770239
2021-08-16 03:00:00+00:00,3299728.05812213
2021-08-16 04:00:00+00:00,3299818.04066874
2021-08-16 05:00:00+00:00,3299569.16086164
2021-08-16 06:00:00+00:00,3298242.85740407
2021-08-16 07:00:00+00:00,3298161.94264951
2021-08-16 08:00:00+00:00,3297922.32940179
2021-08-16 09:00:00+00:00,3297602.97430008
2021-08-16 10:00:00+00:00,3297794.0673057903
2021-08-16 11:00:00+00:00,3297645.69264027
2021-08-16 12:00:00+00:00,3298780.1059444803
2021-08-16 13:00:00+00:00,3298797.51205541
2021-08-16 14:00:00+00:00,3297579.94104727
2021-08-16 15:00:00+00:00,3297643.87239169
2021-08-16 16:00:00+00:00,3290606.75147523
2021-08-16 17:00:00+00:00,3289917.4902613
2021-08-16 18:00:00+00:00,3290004.6454044
2021-08-16 19:00:00+00:00,3290466.5973146
2021-08-16 20:00:00+00:00,3291265.3073107703
2021-08-16 21:00:00+00:00,3292905.91868703
2021-08-16 22:00:00+00:00,3293020.91745508
2021-08-16 23:00:00+00:00,3293063.65641333
2021-08-17 00:00:00+00:00,3293007.70334555
2021-08-17 01:00:00+00:00,3292997.04214639
2021-08-17 02:00:00+00:00,3292627.10667444
2021-08-17 03:00:00+00:00,3293646.5675909403
2021-08-17 04:00:00+00:00,3293748.5494394703
2021-08-17 05:00:00+00:00,3293424.44125607
2021-08-17 06:00:00+00:00,3294485.09182388
2021-08-17 07:00:00+00:00,3294708.34669906
2021-08-17 08:00:00+00:00,3295072.9820253
2021-08-17 09:00:00+00:00,3296018.98220509
2021-08-17 10:00:00+00:00,3296261.76934718
2021-08-17 11:00:00+00:00,3296901.97449384
2021-08-17 12:00:00+00:00,3297027.32313199
2021-08-17 13:00:00+00:00,3297589.47032287
2021-08-17 14:00:00+00:00,3297828.58007
2021-08-17 15:00:00+00:00,3296153.08926508
2021-08-17 16:00:00+00:00,3294606.6734617
2021-08-17 17:00:00+00:00,3294921.61970452
2021-08-17 18:00:00+00:00,3294644.29599264
2021-08-17 19:00:00+00:00,3293940.93288921
2021-08-17 20:00:00+00:00,3294038.7105608103
2021-08-17 21:00:00+00:00,3294310.22545866
2021-08-17 22:00:00+00:00,3294622.00800265
2021-08-17 23:00:00+00:00,3294788.98110885
2021-08-18 00:00:00+00:00,3295164.02855486
2021-08-18 01:00:00+00:00,3293864.42295244
2021-08-18 02:00:00+00:00,3293930.3144510603
2021-08-18 03:00:00+00:00,3295218.8199983803
2021-08-18 04:00:00+00:00,3295294.1981410203
2021-08-18 05:00:00+00:00,3295496.86863972
2021-08-18 06:00:00+00:00,3295128.37513339
2021-08-18 07:00:00+00:00,3296038.1759994603
2021-08-18 08:00:00+00:00,3296260.38043155
2021-08-18 09:00:00+00:00,3296760.35993755
2021-08-18 10:00:00+00:00,3297126.32142955
2021-08-18 11:00:00+00:00,3291778.90892746
2021-08-18 12:00:00+00:00,3291733.46815318
2021-08-18 13:00:00+00:00,3292777.57642263
2021-08-18 14:00:00+00:00,3292766.05238058
2021-08-18 15:00:00+00:00,3291044.59984283
2021-08-18 16:00:00+00:00,3291040.58202665
2021-08-18 17:00:00+00:00,3296322.6171898902
2021-08-18 18:00:00+00:00,3294763.72507968
2021-08-18 19:00:00+00:00,3296896.9411482
2021-08-18 20:00:00+00:00,3296823.45700006
2021-08-18 21:00:00+00:00,3296962.5035894
2021-08-18 22:00:00+00:00,3296507.76847783
2021-08-18 23:00:00+00:00,3296517.97376381
2021-08-19 00:00:00+00:00,3295376.27591998
2021-08-19 01:00:00+00:00,3295430.7669406403
2021-08-19 02:00:00+00:00,3296666.77613166
2021-08-19 03:00:00+00:00,3296578.28555702
2021-08-19 04:00:00+00:00,3296479.921867
2021-08-19 05:00:00+00:00,3296634.71569489
2021-08-19 06:00:00+00:00,3295769.78370506
2021-08-19 07:00:00+00:00,3295202.70442657
2021-08-19 08:00:00+00:00,3295343.38630016
2021-08-19 09:00:00+00:00,3295658.89404313
2021-08-19 10:00:00+00:00,3294599.48330299
2021-08-19 11:00:00+00:00,3293796.66722559
2021-08-19 12:00:00+00:00,3293519.36717696
2021-08-19 13:00:00+00:00,3294840.64355416
2021-08-19 14:00:00+00:00,3292381.75563975
2021-08-19 15:00:00+00:00,3292359.26101884
2021-08-19 16:00:00+00:00,3292533.22776658
2021-08-19 17:00:00+00:00,3294726.76235946
2021-08-19 18:00:00+00:00,3295751.6779248603
2021-08-19 19:00:00+00:00,3297159.38273013
2021-08-19 20:00:00+00:00,3297251.20905805
2021-08-19 21:00:00+00:00,3297493.8508451
2021-08-19 22:00:00+00:00,3298107.20960375
2021-08-19 23:00:00+00:00,3298496.57659254
2021-08-20 00:00:00+00:00,3298765.22174361
2021-08-20 01:00:00+00:00,3298809.37894032
2021-08-20 02:00:00+00:00,3298520.980518
2021-08-20 03:00:00+00:00,3299376.68712255
2021-08-20 04:00:00+00:00,3299117.89617703
2021-08-20 05:00:00+00:00,3299278.88398827
2021-08-20 06:00:00+00:00,3297814.86709631
2021-08-20 07:00:00+00:00,3297994.66321293
2021-08-20 08:00:00+00:00,3298109.20370016
2021-08-20 09:00:00+00:00,3297998.47018533
2021-08-20 10:00:00+00:00,3297990.98561378
2021-08-20 11:00:00+00:00,3293781.1107879803
2021-08-20 12:00:00+00:00,3293873.28995996
2021-08-20 13:00:00+00:00,3296564.27133606
2021-08-20 14:00:00+00:00,3297573.92368152
2021-08-20 15:00:00+00:00,3305937.9798506
2021-08-20 16:00:00+00:00,3306477.96488144
2021-08-20 17:00:00+00:00,3306352.86527539
2021-08-20 18:00:00+00:00,3307934.47371124
2021-08-20 19:00:00+00:00,3308876.20728754
2021-08-20 20:00:00+00:00,3307485.73911729
2021-08-20 21:00:00+00:00,3311848.80182805
2021-08-20 22:00:00+00:00,3312155.46280137
2021-08-20 23:00:00+00:00,3312789.24190959
2021-08-21 00:00:00+00:00,3312547.71332448
2021-08-21 01:00:00+00:00,3312627.7161947
2021-08-21 02:00:00+00:00,3312653.27724371
2021-08-21 03:00:00+00:00,3313577.93678289
2021-08-21 04:00:00+00:00,3313645.78991871
2021-08-21 05:00:00+00:00,3313601.55424686
2021-08-21 06:00:00+00:00,3311991.83288723
2021-08-21 07:00:00+00:00,3313886.95617367
2021-08-21 08:00:00+00:00,3314971.71442889
2021-08-21 09:00:00+00:00,3315407.7951491303
2021-08-21 10:00:00+00:00,3315477.44275416
2021-08-21 11:00:00+00:00,3308931.15098889
2021-08-21 12:00:00+00:00,3313434.30333737
2021-08-21 13:00:00+00:00,3313052.63381328
2021-08-21 14:00:00+00:00,3306951.38214995
2021-08-21 15:00:00+00:00,3307506.0240032403
2021-08-21 16:00:00+00:00,3307643.28205952
2021-08-21 17:00:00+00:00,3309862.35807853
2021-08-21 18:00:00+00:00,3307183.8086041003
2021-08-21 19:00:00+00:00,3306031.97097922
2021-08-21 20:00:00+00:00,3306112.231453
2021-08-21 21:00:00+00:00,3306183.20148334
2021-08-21 22:00:00+00:00,3306198.67304161
2021-08-21 23:00:00+00:00,3306030.58022543
2021-08-22 00:00:00+00:00,3305522.39977195
2021-08-22 01:00:00+00:00,3306049.09256226
2021-08-22 02:00:00+00:00,3305878.1254755403
2021-08-22 03:00:00+00:00,3305882.74109574
2021-08-22 04:00:00+00:00,3305922.7649441003
2021-08-22 05:00:00+00:00,3305372.3800700502
2021-08-22 06:00:00+00:00,3305489.51544041
2021-08-22 07:00:00+00:00,3305465.25524608
2021-08-22 08:00:00+00:00,3304697.6282506
2021-08-22 09:00:00+00:00,3304704.4747404703
2021-08-22 10:00:00+00:00,3304821.70548581
2021-08-22 11:00:00+00:00,3304889.35143416
2021-08-22 12:00:00+00:00,3304784.13764539
2021-08-22 13:00:00+00:00,3304094.60034612
2021-08-22 14:00:00+00:00,3304132.27768254
2021-08-22 15:00:00+00:00,3304133.27152368
2021-08-22 16:00:00+00:00,3304244.89571777
2021-08-22 17:00:00+00:00,3304287.9966566903
2021-08-22 18:00:00+00:00,3304341.5196648203
2021-08-22 19:00:00+00:00,3304332.04073673
2021-08-22 20:00:00+00:00,3304318.7437818903
2021-08-22 21:00:00+00:00,3304428.39642077
2021-08-22 22:00:00+00:00,3304543.42695198
2021-08-22 23:00:00+00:00,3305041.00945163
2021-08-23 00:00:00+00:00,3304968.68972685
2021-08-23 01:00:00+00:00,3305410.4767545
2021-08-23 02:00:00+00:00,3304941.02532341
2021-08-23 03:00:00+00:00,3305070.56307223
2021-08-23 04:00:00+00:00,3304682.81739694
2021-08-23 05:00:00+00:00,3304966.25165325
2021-08-23 06:00:00+00:00,3304815.9952677
2021-08-23 07:00:00+00:00,3304600.05250048
2021-08-23 08:00:00+00:00,3304159.66691329
2021-08-23 09:00:00+00:00,3313350.39974079
2021-08-23 10:00:00+00:00,3313614.34674874
2021-08-23 11:00:00+00:00,3312840.52341358
2021-08-23 12:00:00+00:00,3312700.70864256
2021-08-23 13:00:00+00:00,3313486.53923643
2021-08-23 14:00:00+00:00,3313620.16195697
2021-08-23 15:00:00+00:00,3302572.79763791
2021-08-23 16:00:00+00:00,3301662.01973445
2021-08-23 17:00:00+00:00,3301206.7038262403
2021-08-23 18:00:00+00:00,3301171.93588624
2021-08-23 19:00:00+00:00,3300610.3402959
2021-08-23 20:00:00+00:00,3293547.64411537
2021-08-23 21:00:00+00:00,3293813.64528084
2021-08-23 22:00:00+00:00,3294280.73426964
2021-08-23 23:00:00+00:00,3294329.1907160003
2021-08-24 00:00:00+00:00,3295164.36272731
2021-08-24 01:00:00+00:00,3295150.56873027
2021-08-24 02:00:00+00:00,3293646.47272791
2021-08-24 03:00:00+00:00,3293703.76514324
2021-08-24 04:00:00+00:00,3294716.79431335
2021-08-24 05:00:00+00:00,3295084.0430929
2021-08-24 06:00:00+00:00,3295569.3117030603
2021-08-24 07:00:00+00:00,3295444.778039
2021-08-24 08:00:00+00:00,3303530.97128794
2021-08-24 09:00:00+00:00,3303677.55761255
2021-08-24 10:00:00+00:00,3304203.7569348
2021-08-24 11:00:00+00:00,3304546.00381156
2021-08-24 12:00:00+00:00,3304264.15945674
2021-08-24 13:00:00+00:00,3304270.90684445
2021-08-24 14:00:00+00:00,3303311.11907916
2021-08-24 15:00:00+00:00,3303491.4871534603
2021-08-24 16:00:00+00:00,3300228.09008899
2021-08-24 17:00:00+00:00,3296540.92425169
2021-08-24 18:00:00+00:00,3296343.37487969
2021-08-24 19:00:00+00:00,3296415.63438761
2021-08-24 20:00:00+00:00,3296517.90360397
2021-08-24 21:00:00+00:00,3299495.85775058
2021-08-24 22:00:00+00:00,3299578.0329886
2021-08-24 23:00:00+00:00,3299741.40353119
2021-08-25 00:00:00+00:00,3289905.12650449
2021-08-25 01:00:00+00:00,3289929.47253182
2021-08-25 02:00:00+00:00,3289947.28903092
2021-08-25 03:00:00+00:00,3289816.48568013
2021-08-25 04:00:00+00:00,3290804.21412425
2021-08-25 05:00:00+00:00,3290936.29869204
2021-08-25 06:00:00+00:00,3290669.01635873
2021-08-25 07:00:00+00:00,3287537.08290514
2021-08-25 08:00:00+00:00,3302923.51248318
2021-08-25 09:00:00+00:00,3301912.30442259
2021-08-25 10:00:00+00:00,3302357.60405792
2021-08-25 11:00:00+00:00,3302433.70318843
2021-08-25 12:00:00+00:00,3302488.23058753
2021-08-25 13:00:00+00:00,3303787.9025638
2021-08-25 14:00:00+00:00,3303701.59748862
2021-08-25 15:00:00+00:00,3303738.54314091
2021-08-25 16:00:00+00:00,3302538.16602593
2021-08-25 17:00:00+00:00,3302792.67186535
2021-08-25 18:00:00+00:00,3302951.04169937
2021-08-25 19:00:00+00:00,3302967.5825195103
2021-08-25 20:00:00+00:00,3304033.40163681
2021-08-25 21:00:00+00:00,3307414.0077529303
2021-08-25 22:00:00+00:00,3307477.49605047
2021-08-25 23:00:00+00:00,3306495.08143308
2021-08-26 00:00:00+00:00,3306548.7793102902
2021-08-26 01:00:00+00:00,3307781.1869464503
2021-08-26 02:00:00+00:00,3305859.46619244
2021-08-26 03:00:00+00:00,3305705.13267765
2021-08-26 04:00:00+00:00,3305090.4785616403
2021-08-26 05:00:00+00:00,3305256.73532954
2021-08-26 06:00:00+00:00,3306176.33497893
2021-08-26 07:00:00+00:00,3306492.00257671
2021-08-26 08:00:00+00:00,3306433.89046793
2021-08-26 09:00:00+00:00,3305922.1489901203
2021-08-26 10:00:00+00:00,3304926.33102818
2021-08-26 11:00:00+00:00,3302836.35961611
2021-08-26 12:00:00+00:00,3305130.1709574
2021-08-26 13:00:00+00:00,3304613.46089099
2021-08-26 14:00:00+00:00,3305699.8404353303
2021-08-26 15:00:00+00:00,3305619.02555691
2021-08-26 16:00:00+00:00,3310282.78609464
2021-08-26 17:00:00+00:00,3310004.4395768703
2021-08-26 18:00:00+00:00,3310244.86157573
2021-08-26 19:00:00+00:00,3310407.13096748
2021-08-26 20:00:00+00:00,3310528.55771785
2021-08-26 21:00:00+00:00,3311094.25199152
2021-08-26 22:00:00+00:00,3312407.66101891
2021-08-26 23:00:00+00:00,3312445.76471491
2021-08-27 00:00:00+00:00,3311944.96973475
2021-08-27 01:00:00+00:00,3312160.92902164
2021-08-27 02:00:00+00:00,3311270.10584741
2021-08-27 03:00:00+00:00,3311276.05766097
2021-08-27 04:00:00+00:00,3310153.077335
2021-08-27 05:00:00+00:00,3310273.9419932403
2021-08-27 06:00:00+00:00,3310224.26420932
2021-08-27 07:00:00+00:00,3310260.2312556603
2021-08-27 08:00:00+00:00,3308953.05591081
2021-08-27 09:00:00+00:00,3308997.6784905503
2021-08-27 10:00:00+00:00,3307529.2375665302
2021-08-27 11:00:00+00:00,3307551.91835398
2021-08-27 12:00:00+00:00,3307700.0942597203
2021-08-27 13:00:00+00:00,3306959.69941811
2021-08-27 14:00:00+00:00,3308067.92164977
2021-08-27 15:00:00+00:00,3308621.0576950703
2021-08-27 16:00:00+00:00,3308324.39245786
2021-08-27 17:00:00+00:00,3308770.75529769
2021-08-27 18:00:00+00:00,3307976.52973679
2021-08-27 19:00:00+00:00,3307803.38815718
2021-08-27 20:00:00+00:00,3309924.5935525503
2021-08-27 21:00:00+00:00,3310528.26246566
2021-08-27 22:00:00+00:00,3310443.01207127
2021-08-27 23:00:00+00:00,3310460.29453477
2021-08-28 00:00:00+00:00,3310414.52800957
2021-08-28 01:00:00+00:00,3308971.4913738403
2021-08-28 02:00:00+00:00,3310546.5804623
2021-08-28 03:00:00+00:00,3301713.37530357
2021-08-28 04:00:00+00:00,3310610.50058769
2021-08-28 05:00:00+00:00,3310750.88019804
2021-08-28 06:00:00+00:00,3310782.9958454203
2021-08-28 07:00:00+00:00,3309624.08115565
2021-08-28 08:00:00+00:00,3309756.1811471
2021-08-28 09:00:00+00:00,3310363.9704312403
2021-08-28 10:00:00+00:00,3310447.9339683303
2021-08-28 11:00:00+00:00,3310472.25539903
2021-08-28 12:00:00+00:00,3310421.6994773
2021-08-28 13:00:00+00:00,3310688.67495492
2021-08-28 14:00:00+00:00,3310701.2153247
2021-08-28 15:00:00+00:00,3308985.95778619
2021-08-28 16:00:00+00:00,3298998.49405787
2021-08-28 17:00:00+00:00,3299015.2833051
2021-08-28 18:00:00+00:00,3299098.3790491
2021-08-28 19:00:00+00:00,3299080.7176401
2021-08-28 20:00:00+00:00,3299137.7037073
2021-08-28 21:00:00+00:00,3299190.42434236
2021-08-28 22:00:00+00:00,3298849.84786065
2021-08-28 23:00:00+00:00,3298895.64345002
2021-08-29 00:00:00+00:00,3298858.18070172
2021-08-29 01:00:00+00:00,3298953.49107621
2021-08-29 02:00:00+00:00,3298973.89925928
2021-08-29 03:00:00+00:00,3299011.15897217
2021-08-29 04:00:00+00:00,3298991.95601091
2021-08-29 05:00:00+00:00,3299035.35875698
2021-08-29 06:00:00+00:00,3299081.06987892
2021-08-29 07:00:00+00:00,3299021.7957042
2021-08-29 08:00:00+00:00,3299105.74467452
2021-08-29 09:00:00+00:00,3299190.37020587
2021-08-29 10:00:00+00:00,3299172.9372395203
2021-08-29 11:00:00+00:00,3299220.02101027
2021-08-29 12:00:00+00:00,3299293.7822377
2021-08-29 13:00:00+00:00,3299323.15327303
2021-08-29 14:00:00+00:00,3298008.0849541
2021-08-29 15:00:00+00:00,3297993.18515129
2021-08-29 16:00:00+00:00,3298086.43050182
2021-08-29 17:00:00+00:00,3298126.32651451
2021-08-29 18:00:00+00:00,3298151.05390215
2021-08-29 19:00:00+00:00,3297997.23796661
2021-08-29 20:00:00+00:00,3298060.4524007
2021-08-29 21:00:00+00:00,3298094.1347576203
2021-08-29 22:00:00+00:00,3298130.5279998803
2021-08-29 23:00:00+00:00,3298473.8320781603
2021-08-30 00:00:00+00:00,3298217.8612160003
2021-08-30 01:00:00+00:00,3299151.94503311
2021-08-30 02:00:00+00:00,3299193.4910193
2021-08-30 03:00:00+00:00,3299119.21680281
2021-08-30 04:00:00+00:00,3299170.99890787
2021-08-30 05:00:00+00:00,3298807.2408928
2021-08-30 06:00:00+00:00,3299735.37677418
2021-08-30 07:00:00+00:00,3299558.92550379
2021-08-30 08:00:00+00:00,3299831.3706573
2021-08-30 09:00:00+00:00,3299790.1072225003
2021-08-30 10:00:00+00:00,3300235.41505644
2021-08-30 11:00:00+00:00,3298655.66484836
2021-08-30 12:00:00+00:00,3299020.35627193
2021-08-30 13:00:00+00:00,3299175.0285732
2021-08-30 14:00:00+00:00,3298161.86318886
2021-08-30 15:00:00+00:00,3299324.64516837
2021-08-30 16:00:00+00:00,3299365.03503346
2021-08-30 17:00:00+00:00,3298531.4476668
2021-08-30 18:00:00+00:00,3297771.73451
2021-08-30 19:00:00+00:00,3297996.65285866
2021-08-30 20:00:00+00:00,3296309.40144808
2021-08-30 21:00:00+00:00,3296812.9255468203
2021-08-30 22:00:00+00:00,3296927.2163437903
2021-08-30 23:00:00+00:00,3297566.40488294
2021-08-31 00:00:00+00:00,3297437.35701205
2021-08-31 01:00:00+00:00,3297033.91743653
2021-08-31 02:00:00+00:00,3297544.4688190003
2021-08-31 03:00:00+00:00,3297697.98487421
2021-08-31 04:00:00+00:00,3297803.6953568
2021-08-31 05:00:00+00:00,3297788.23042728
2021-08-31 06:00:00+00:00,3297674.9669854003
2021-08-31 07:00:00+00:00,3295893.35850007
2021-08-31 08:00:00+00:00,3295963.19981032
2021-08-31 09:00:00+00:00,3295480.35986209
2021-08-31 10:00:00+00:00,3295311.97840233
2021-08-31 11:00:00+00:00,3294333.88395099
2021-08-31 12:00:00+00:00,3295690.6720234
2021-08-31 13:00:00+00:00,3295870.05232809
2021-08-31 14:00:00+00:00,3295713.35286674
2021-08-31 15:00:00+00:00,3297027.56464594
2021-08-31 16:00:00+00:00,3296834.73248396
2021-08-31 17:00:00+00:00,3295340.9867952103
2021-08-31 18:00:00+00:00,3294900.89595108
2021-08-31 19:00:00+00:00,3294911.58833811
2021-08-31 20:00:00+00:00,3294961.45719132
2021-08-31 21:00:00+00:00,3297587.81216393
2021-08-31 22:00:00+00:00,3296564.55453326
2021-08-31 23:00:00+00:00,3296636.64060975
2021-09-01 00:00:00+00:00,3294600.43897106
2021-09-01 01:00:00+00:00,3294869.05370381
2021-09-01 02:00:00+00:00,3294962.33984815
2021-09-01 03:00:00+00:00,3294991.25044696
2021-09-01 04:00:00+00:00,3294146.84441295
2021-09-01 05:00:00+00:00,3294511.57987933
2021-09-01 06:00:00+00:00,3294474.43721952
2021-09-01 07:00:00+00:00,3294750.18073973
2021-09-01 08:00:00+00:00,3294869.14231733
2021-09-01 09:00:00+00:00,3294495.75619505
2021-09-01 10:00:00+00:00,3295623.75992578
2021-09-01 11:00:00+00:00,3295742.22320511
2021-09-01 12:00:00+00:00,3296957.00031984
2021-09-01 13:00:00+00:00,3298117.58730036
2021-09-01 14:00:00+00:00,3297695.77252859
2021-09-01 15:00:00+00:00,3296335.63432212
2021-09-01 16:00:00+00:00,3294795.83168189
2021-09-01 17:00:00+00:00,3294169.65368434
2021-09-01 18:00:00+00:00,3294462.67343954
2021-09-01 19:00:00+00:00,3294463.32694382
2021-09-01 20:00:00+00:00,3295873.36549639
2021-09-01 21:00:00+00:00,3295880.61755603
2021-09-01 22:00:00+00:00,3297392.3658686
2021-09-01 23:00:00+00:00,3297664.06741878
2021-09-02 00:00:00+00:00,3296867.32439594
2021-09-02 01:00:00+00:00,3298456.19552143
2021-09-02 02:00:00+00:00,3298492.03324316
2021-09-02 03:00:00+00:00,3297424.07286965
2021-09-02 04:00:00+00:00,3298509.8981897
2021-09-02 05:00:00+00:00,3298476.27981249
2021-09-02 06:00:00+00:00,3297127.26656336
2021-09-02 07:00:00+00:00,3298139.4909391003
2021-09-02 08:00:00+00:00,3297533.58827033
2021-09-02 09:00:00+00:00,3297349.65896532
2021-09-02 10:00:00+00:00,3296990.87983139
2021-09-02 11:00:00+00:00,3296573.7089198
2021-09-02 12:00:00+00:00,3291236.45284639
2021-09-02 13:00:00+00:00,3296797.61964717
2021-09-02 14:00:00+00:00,3297018.27185775
2021-09-02 15:00:00+00:00,3295845.7407704103
2021-09-02 16:00:00+00:00,3296279.26986516
2021-09-02 17:00:00+00:00,3293775.8995037
2021-09-02 18:00:00+00:00,3295998.51765807
2021-09-02 19:00:00+00:00,3295622.58787014
2021-09-02 20:00:00+00:00,3293683.22870589
2021-09-02 21:00:00+00:00,3294055.83277502
2021-09-02 22:00:00+00:00,3293732.76238615
2021-09-02 23:00:00+00:00,3291990.60894135
2021-09-03 00:00:00+00:00,3292237.76086289
2021-09-03 01:00:00+00:00,3291762.22045326
2021-09-03 02:00:00+00:00,3291728.11070335
2021-09-03 03:00:00+00:00,3291711.2097141203
2021-09-03 04:00:00+00:00,3291986.32047799
2021-09-03 05:00:00+00:00,3291921.1833664803
2021-09-03 06:00:00+00:00,3292803.53208148
2021-09-03 07:00:00+00:00,3293133.55833281
2021-09-03 08:00:00+00:00,3292214.81647962
2021-09-03 09:00:00+00:00,3292393.08044746
2021-09-03 10:00:00+00:00,3293212.88303868
2021-09-03 11:00:00+00:00,3293324.02823927
2021-09-03 12:00:00+00:00,3293457.73741824
2021-09-03 13:00:00+00:00,3293003.56079351
2021-09-03 14:00:00+00:00,3293976.63684632
2021-09-03 15:00:00+00:00,3294044.92564162
2021-09-03 16:00:00+00:00,3294368.7665676703
2021-09-03 17:00:00+00:00,3296744.85899761
2021-09-03 18:00:00+00:00,3297675.40966839
2021-09-03 19:00:00+00:00,3296746.16699032
2021-09-03 20:00:00+00:00,3296769.99672499
2021-09-03 21:00:00+00:00,3299751.54999356
2021-09-03 22:00:00+00:00,3299889.3809048203
2021-09-03 23:00:00+00:00,3300772.68269487
2021-09-04 00:00:00+00:00,3300854.29947373
2021-09-04 01:00:00+00:00,3300919.66186162
2021-09-04 02:00:00+00:00,3300759.03239433
2021-09-04 03:00:00+00:00,3299654.98328864
2021-09-04 04:00:00+00:00,3299660.77731694
2021-09-04 05:00:00+00:00,3299626.53088182
2021-09-04 06:00:00+00:00,3300653.47804657
2021-09-04 07:00:00+00:00,3299740.85905628
2021-09-04 08:00:00+00:00,3299763.80825451
2021-09-04 09:00:00+00:00,3304656.50231207
2021-09-04 10:00:00+00:00,3304655.53463454
2021-09-04 11:00:00+00:00,3304635.36002444
2021-09-04 12:00:00+00:00,3306394.84047899
2021-09-04 13:00:00+00:00,3306433.3483215403
2021-09-04 14:00:00+00:00,3306453.8830438
2021-09-04 15:00:00+00:00,3306427.2675291
2021-09-04 16:00:00+00:00,3306460.90218194
2021-09-04 17:00:00+00:00,3306566.2763072
2021-09-04 18:00:00+00:00,3306712.14390304
2021-09-04 19:00:00+00:00,3307849.2563308
2021-09-04 20:00:00+00:00,3307836.04914058
2021-09-04 21:00:00+00:00,3304812.32438668
2021-09-04 22:00:00+00:00,3304523.74436306
2021-09-04 23:00:00+00:00,3304540.1276158
2021-09-05 00:00:00+00:00,3304566.65785352
2021-09-05 01:00:00+00:00,3315374.97271127
2021-09-05 02:00:00+00:00,3315482.91314609
2021-09-05 03:00:00+00:00,3315547.53307697
2021-09-05 04:00:00+00:00,3315420.94102394
2021-09-05 05:00:00+00:00,3314914.62486283
2021-09-05 06:00:00+00:00,3314925.0404226603
2021-09-05 07:00:00+00:00,3314931.37488318
2021-09-05 08:00:00+00:00,3314891.93731973
2021-09-05 09:00:00+00:00,3314813.01628525
2021-09-05 10:00:00+00:00,3314829.40653005
2021-09-05 11:00:00+00:00,3314920.09871032
2021-09-05 12:00:00+00:00,3314976.3510671
2021-09-05 13:00:00+00:00,3315004.77702118
2021-09-05 14:00:00+00:00,3315061.22301203
2021-09-05 15:00:00+00:00,3315103.1473017302
2021-09-05 16:00:00+00:00,3315094.6029732
2021-09-05 17:00:00+00:00,3315126.84472557
2021-09-05 18:00:00+00:00,3315293.19283017
2021-09-05 19:00:00+00:00,3315273.5140179303
2021-09-05 20:00:00+00:00,3311739.66684638
2021-09-05 21:00:00+00:00,3311714.25495017
2021-09-05 22:00:00+00:00,3311767.3900793903
2021-09-05 23:00:00+00:00,3311894.17205669
2021-09-06 00:00:00+00:00,3311809.66716553
2021-09-06 01:00:00+00:00,3311866.8898296603
2021-09-06 02:00:00+00:00,3311605.79906218
2021-09-06 03:00:00+00:00,3311582.99365563
2021-09-06 04:00:00+00:00,3312159.65241236
2021-09-06 05:00:00+00:00,3312253.0704474603
2021-09-06 06:00:00+00:00,3312134.87367215
2021-09-06 07:00:00+00:00,3312510.15862562
2021-09-06 08:00:00+00:00,3312868.61440249
2021-09-06 09:00:00+00:00,3312713.75078396
2021-09-06 10:00:00+00:00,3312642.02734751
2021-09-06 11:00:00+00:00,3312398.32272547
2021-09-06 12:00:00+00:00,3311110.5145219
2021-09-06 13:00:00+00:00,3311909.13225974
2021-09-06 14:00:00+00:00,3312252.13071159
2021-09-06 15:00:00+00:00,3311656.83171467
2021-09-06 16:00:00+00:00,3313717.88178635
2021-09-06 17:00:00+00:00,3314693.619779
2021-09-06 18:00:00+00:00,3315076.23077689
2021-09-06 19:00:00+00:00,3315225.41245986
2021-09-06 20:00:00+00:00,3315551.5747999
2021-09-06 21:00:00+00:00,3315604.40087473
2021-09-06 22:00:00+00:00,3314460.120442
2021-09-06 23:00:00+00:00,3315426.93411116
2021-09-07 00:00:00+00:00,3315648.48373592
2021-09-07 01:00:00+00:00,3315867.51080394
2021-09-07 02:00:00+00:00,3314523.97286021
2021-09-07 03:00:00+00:00,3314885.4332714
2021-09-07 04:00:00+00:00,3313779.10305812
2021-09-07 05:00:00+00:00,3313854.6204812
2021-09-07 06:00:00+00:00,3314828.54067052
2021-09-07 07:00:00+00:00,3320076.31002479
2021-09-07 08:00:00+00:00,3319770.1707044803
2021-09-07 09:00:00+00:00,3318894.38725305
2021-09-07 10:00:00+00:00,3319080.99030982
2021-09-07 11:00:00+00:00,3317597.32632931
2021-09-07 12:00:00+00:00,3317849.56644259
2021-09-07 13:00:00+00:00,3318753.8781377203
2021-09-07 14:00:00+00:00,3317692.75564256
2021-09-07 15:00:00+00:00,3315909.15469851
2021-09-07 16:00:00+00:00,3315630.8864591
2021-09-07 17:00:00+00:00,3315999.71160783
2021-09-07 18:00:00+00:00,3316384.37859854
2021-09-07 19:00:00+00:00,3312183.75153935
2021-09-07 20:00:00+00:00,3313869.27990564
2021-09-07 21:00:00+00:00,3313352.09186502
2021-09-07 22:00:00+00:00,3312305.50838431
2021-09-07 23:00:00+00:00,3311494.9953028
2021-09-08 00:00:00+00:00,3308773.38869669
2021-09-08 01:00:00+00:00,3310364.11169052
2021-09-08 02:00:00+00:00,3310618.9448485
2021-09-08 03:00:00+00:00,3310477.5026274603
2021-09-08 04:00:00+00:00,3309768.3363766503
2021-09-08 05:00:00+00:00,3309475.0961576
2021-09-08 06:00:00+00:00,3299507.69968281
2021-09-08 07:00:00+00:00,3299184.84778184
2021-09-08 08:00:00+00:00,3299221.80735897
2021-09-08 09:00:00+00:00,3299911.38851232
2021-09-08 10:00:00+00:00,3299529.60625967
2021-09-08 11:00:00+00:00,3299542.9251324
2021-09-08 12:00:00+00:00,3299729.10747731
2021-09-08 13:00:00+00:00,3300972.66290231
2021-09-08 14:00:00+00:00,3299247.59495551
2021-09-08 15:00:00+00:00,3299544.36522381
2021-09-08 16:00:00+00:00,3298144.04796963
2021-09-08 17:00:00+00:00,3300430.39876524
2021-09-08 18:00:00+00:00,3298443.98241348
2021-09-08 19:00:00+00:00,3299367.4286689702
2021-09-08 20:00:00+00:00,3299730.6669239
2021-09-08 21:00:00+00:00,3303795.5565463603
2021-09-08 22:00:00+00:00,3303756.59819587
2021-09-08 23:00:00+00:00,3303713.71804629
2021-09-09 00:00:00+00:00,3302294.2670487403
2021-09-09 01:00:00+00:00,3302448.80210051
2021-09-09 02:00:00+00:00,3300766.74134549
2021-09-09 03:00:00+00:00,3299642.33158774
2021-09-09 04:00:00+00:00,3299737.59430393
2021-09-09 05:00:00+00:00,3299785.87776038
2021-09-09 06:00:00+00:00,3299999.75176947
2021-09-09 07:00:00+00:00,3300078.06155128
2021-09-09 08:00:00+00:00,3301436.56382123
2021-09-09 09:00:00+00:00,3301789.3398765502
2021-09-09 10:00:00+00:00,3301605.74833901
2021-09-09 11:00:00+00:00,3301626.3124183803
2021-09-09 12:00:00+00:00,3301673.35178196
2021-09-09 13:00:00+00:00,3301961.05217212
2021-09-09 14:00:00+00:00,3298022.33819227
2021-09-09 15:00:00+00:00,3298017.23297591
2021-09-09 16:00:00+00:00,3297938.33975163
2021-09-09 17:00:00+00:00,3298000.67035281
2021-09-09 18:00:00+00:00,3298030.4495245903
2021-09-09 19:00:00+00:00,3297645.5318439
2021-09-09 20:00:00+00:00,3297885.2594092903
2021-09-09 21:00:00+00:00,3296875.20151642
2021-09-09 22:00:00+00:00,3297553.0264935303
2021-09-09 23:00:00+00:00,3297703.15503457
2021-09-10 00:00:00+00:00,3297803.03361752
2021-09-10 01:00:00+00:00,3297824.81446678
2021-09-10 02:00:00+00:00,3297370.39829272
2021-09-10 03:00:00+00:00,3297890.63255871
2021-09-10 04:00:00+00:00,3297995.55728967
2021-09-10 05:00:00+00:00,3298414.79891818
2021-09-10 06:00:00+00:00,3297808.9637815403
2021-09-10 07:00:00+00:00,3297635.68800282
2021-09-10 08:00:00+00:00,3298158.2506318903
2021-09-10 09:00:00+00:00,3299546.96935512
2021-09-10 10:00:00+00:00,3300587.23829692
2021-09-10 11:00:00+00:00,3300703.54059909
2021-09-10 12:00:00+00:00,3300011.7710636
2021-09-10 13:00:00+00:00,3300844.37411975
2021-09-10 14:00:00+00:00,3301090.33689642
2021-09-10 15:00:00+00:00,3300229.57216845
2021-09-10 16:00:00+00:00,3299503.68837354
2021-09-10 17:00:00+00:00,3298535.01088876
2021-09-10 18:00:00+00:00,3298559.53122093
2021-09-10 19:00:00+00:00,3298989.92882305
2021-09-10 20:00:00+00:00,3298986.83952994
2021-09-10 21:00:00+00:00,3298573.29754624
2021-09-10 22:00:00+00:00,3298895.44574884
2021-09-10 23:00:00+00:00,3298917.31480926
2021-09-11 00:00:00+00:00,3298975.27745184
2021-09-11 01:00:00+00:00,3299044.8747959603
2021-09-11 02:00:00+00:00,3299206.73388945
2021-09-11 03:00:00+00:00,3299374.25471821
2021-09-11 04:00:00+00:00,3299226.88651755
2021-09-11 05:00:00+00:00,3299064.01479
2021-09-11 06:00:00+00:00,3299062.88324038
2021-09-11 07:00:00+00:00,3299247.6958589703
2021-09-11 08:00:00+00:00,3299245.80917911
2021-09-11 09:00:00+00:00,3299154.72163309
2021-09-11 10:00:00+00:00,3299114.12399352
2021-09-11 11:00:00+00:00,3299132.51419728
2021-09-11 12:00:00+00:00,3299233.8049679003
2021-09-11 13:00:00+00:00,3299129.02678414
2021-09-11 14:00:00+00:00,3300252.09672466
2021-09-11 15:00:00+00:00,3300644.71747014
2021-09-11 16:00:00+00:00,3300718.08178375
2021-09-11 17:00:00+00:00,3300743.17950546
2021-09-11 18:00:00+00:00,3300797.90569593
2021-09-11 19:00:00+00:00,3301029.66432091
2021-09-11 20:00:00+00:00,3301379.84910367
2021-09-11 21:00:00+00:00,3301622.07921028
2021-09-11 22:00:00+00:00,3301751.1021669502
2021-09-11 23:00:00+00:00,3301824.91355122
2021-09-12 00:00:00+00:00,3301863.20321145
2021-09-12 01:00:00+00:00,3303415.68123571
2021-09-12 02:00:00+00:00,3302273.14237016
2021-09-12 03:00:00+00:00,3302219.10339306
2021-09-12 04:00:00+00:00,3302228.3754590102
2021-09-12 05:00:00+00:00,3302279.45842525
2021-09-12 06:00:00+00:00,3302330.13346938
2021-09-12 07:00:00+00:00,3302361.13326723
2021-09-12 08:00:00+00:00,3302308.1829633
2021-09-12 09:00:00+00:00,3302329.30318953
2021-09-12 10:00:00+00:00,3302426.17572895
2021-09-12 11:00:00+00:00,3302425.05619672
2021-09-12 12:00:00+00:00,3302495.06897618
2021-09-12 13:00:00+00:00,3303546.66966286
2021-09-12 14:00:00+00:00,3303573.60266509
2021-09-12 15:00:00+00:00,3303595.97581005
2021-09-12 16:00:00+00:00,3304193.9098954
2021-09-12 17:00:00+00:00,3303687.24264183
2021-09-12 18:00:00+00:00,3303680.5181564903
2021-09-12 19:00:00+00:00,3304057.82492002
2021-09-12 20:00:00+00:00,3304053.75582181
2021-09-12 21:00:00+00:00,3304132.2942327303
2021-09-12 22:00:00+00:00,3304187.01054959
2021-09-12 23:00:00+00:00,3304143.85979318
2021-09-13 00:00:00+00:00,3304014.34673084
2021-09-13 01:00:00+00:00,3304125.5945691
2021-09-13 02:00:00+00:00,3304049.54443818
2021-09-13 03:00:00+00:00,3305453.9124031
2021-09-13 04:00:00+00:00,3305333.74952299
2021-09-13 05:00:00+00:00,3304788.25773159
2021-09-13 06:00:00+00:00,3304938.74596861
2021-09-13 07:00:00+00:00,3305117.60119071
2021-09-13 08:00:00+00:00,3305082.63452475
2021-09-13 09:00:00+00:00,3305086.90762401
2021-09-13 10:00:00+00:00,3305190.88598523
2021-09-13 11:00:00+00:00,3302925.6316022403
2021-09-13 12:00:00+00:00,3303053.45169031
2021-09-13 13:00:00+00:00,3301987.37758675
2021-09-13 14:00:00+00:00,3301676.6889567203
2021-09-13 15:00:00+00:00,3301383.73821585
2021-09-13 16:00:00+00:00,3299859.89781822
2021-09-13 17:00:00+00:00,3290860.23286613
2021-09-13 18:00:00+00:00,3292469.64812568
2021-09-13 19:00:00+00:00,3292535.35670886
2021-09-13 20:00:00+00:00,3295967.0721238
2021-09-13 21:00:00+00:00,3298068.71630623
2021-09-13 22:00:00+00:00,3297331.55436069
2021-09-13 23:00:00+00:00,3295624.25850742
2021-09-14 00:00:00+00:00,3292231.76852901
2021-09-14 01:00:00+00:00,3292496.1664123703
2021-09-14 02:00:00+00:00,3292572.69292809
2021-09-14 03:00:00+00:00,3292609.92082901
2021-09-14 04:00:00+00:00,3292682.07363866
2021-09-14 05:00:00+00:00,3292621.41147113
2021-09-14 06:00:00+00:00,3292783.4217482302
2021-09-14 07:00:00+00:00,3293877.42571004
2021-09-14 08:00:00+00:00,3293237.58620401
2021-09-14 09:00:00+00:00,3293414.5678683203
2021-09-14 10:00:00+00:00,3303454.0211663703
2021-09-14 11:00:00+00:00,3303485.51298084
2021-09-14 12:00:00+00:00,3303510.25377924
2021-09-14 13:00:00+00:00,3303510.25377924
2021-09-14 14:00:00+00:00,3304925.91505538
2021-09-14 15:00:00+00:00,3303807.59087734
2021-09-14 16:00:00+00:00,3303690.43923502
2021-09-14 17:00:00+00:00,3307154.27543505
2021-09-14 18:00:00+00:00,3305702.0590503
2021-09-14 19:00:00+00:00,3305490.58094606
2021-09-14 20:00:00+00:00,3305443.2651441502
2021-09-14 21:00:00+00:00,3306756.56278102
2021-09-14 22:00:00+00:00,3306702.640647
2021-09-14 23:00:00+00:00,3307289.5822208
2021-09-15 00:00:00+00:00,3307310.76780127
2021-09-15 01:00:00+00:00,3306973.11493171
2021-09-15 02:00:00+00:00,3306374.5777812
2021-09-15 03:00:00+00:00,3307098.27043507
2021-09-15 04:00:00+00:00,3307184.14509716
2021-09-15 05:00:00+00:00,3308762.93592183
2021-09-15 06:00:00+00:00,3309311.70979842
2021-09-15 07:00:00+00:00,3309722.83299172
2021-09-15 08:00:00+00:00,3309259.95149536
2021-09-15 09:00:00+00:00,3309297.460358
2021-09-15 10:00:00+00:00,3309518.00271849
2021-09-15 11:00:00+00:00,3309760.0829901
2021-09-15 12:00:00+00:00,3310177.11146433
2021-09-15 13:00:00+00:00,3309557.68627074
2021-09-15 14:00:00+00:00,3308781.47046381
2021-09-15 15:00:00+00:00,3309628.3899864103
2021-09-15 16:00:00+00:00,3309359.88726521
2021-09-15 17:00:00+00:00,3309190.60601456
2021-09-15 18:00:00+00:00,3312574.67195702
2021-09-15 19:00:00+00:00,3312694.40989883
2021-09-15 20:00:00+00:00,3312806.9854124
2021-09-15 21:00:00+00:00,3311042.83084256
2021-09-15 22:00:00+00:00,3311031.96489772
2021-09-15 23:00:00+00:00,3323618.38423253
2021-09-16 00:00:00+00:00,3321872.62429906
2021-09-16 01:00:00+00:00,3321924.2789282203
2021-09-16 02:00:00+00:00,3322024.26188176
2021-09-16 03:00:00+00:00,3322192.80214093
2021-09-16 04:00:00+00:00,3322301.39901011
2021-09-16 05:00:00+00:00,3322387.49815545
2021-09-16 06:00:00+00:00,3322626.21322209
2021-09-16 07:00:00+00:00,3322235.55353201
2021-09-16 08:00:00+00:00,3322464.65954374
2021-09-16 09:00:00+00:00,3322194.4527776
2021-09-16 10:00:00+00:00,3319404.10130535
2021-09-16 11:00:00+00:00,3319486.90487769
2021-09-16 12:00:00+00:00,3319876.11435133
2021-09-16 13:00:00+00:00,3319698.3400573903
2021-09-16 14:00:00+00:00,3318490.7614893
2021-09-16 15:00:00+00:00,3317825.57188693
2021-09-16 16:00:00+00:00,3317209.81954457
2021-09-16 17:00:00+00:00,3317262.69181955
2021-09-16 18:00:00+00:00,3317332.83185434
2021-09-16 19:00:00+00:00,3317625.6899782
2021-09-16 20:00:00+00:00,3320831.7852423103
2021-09-16 21:00:00+00:00,3320939.5091356803
2021-09-16 22:00:00+00:00,3322062.72745944
2021-09-16 23:00:00+00:00,3321903.1144112
2021-09-17 00:00:00+00:00,3321907.9892754
2021-09-17 01:00:00+00:00,3325844.67292033
2021-09-17 02:00:00+00:00,3325966.25878373
2021-09-17 03:00:00+00:00,3325834.93827939
2021-09-17 04:00:00+00:00,3326120.74818755
2021-09-17 05:00:00+00:00,3326128.15914204
2021-09-17 06:00:00+00:00,3325107.38563779
2021-09-17 07:00:00+00:00,3325119.46698577
2021-09-17 08:00:00+00:00,3324956.95105967
2021-09-17 09:00:00+00:00,3325700.77447418
2021-09-17 10:00:00+00:00,3325769.83844399
2021-09-17 11:00:00+00:00,3325919.48299741
2021-09-17 12:00:00+00:00,3324916.4500233
2021-09-17 13:00:00+00:00,3324904.9987571803
2021-09-17 14:00:00+00:00,3324831.94028967
2021-09-17 15:00:00+00:00,3325171.94129505
2021-09-17 16:00:00+00:00,3325301.90573483
2021-09-17 17:00:00+00:00,3325470.8356633
2021-09-17 18:00:00+00:00,3325376.24050943
2021-09-17 19:00:00+00:00,3325298.52835231
2021-09-17 20:00:00+00:00,3325866.51013658
2021-09-17 21:00:00+00:00,3326025.7930672
2021-09-17 22:00:00+00:00,3325739.43048095
2021-09-17 23:00:00+00:00,3325895.6162840603
2021-09-18 00:00:00+00:00,3327175.95582239
2021-09-18 01:00:00+00:00,3327288.60114757
2021-09-18 02:00:00+00:00,3327237.14759913
2021-09-18 03:00:00+00:00,3327208.64543189
2021-09-18 04:00:00+00:00,3327307.1116429702
2021-09-18 05:00:00+00:00,3327246.07523267
2021-09-18 06:00:00+00:00,3327125.60397847
2021-09-18 07:00:00+00:00,3327110.19116423
2021-09-18 08:00:00+00:00,3328098.90314957
2021-09-18 09:00:00+00:00,3327146.22584016
2021-09-18 10:00:00+00:00,3327342.29483865
2021-09-18 11:00:00+00:00,3328480.65694504
2021-09-18 12:00:00+00:00,3328569.27768854
2021-09-18 13:00:00+00:00,3328517.30002712
2021-09-18 14:00:00+00:00,3328522.06173598
2021-09-18 15:00:00+00:00,3327534.35933185
2021-09-18 16:00:00+00:00,3327555.64960804
2021-09-18 17:00:00+00:00,3327729.21238887
2021-09-18 18:00:00+00:00,3327581.27671183
2021-09-18 19:00:00+00:00,3327711.49657117
2021-09-18 20:00:00+00:00,3326637.5726373503
2021-09-18 21:00:00+00:00,3327685.24192024
2021-09-18 22:00:00+00:00,3327708.12020854
2021-09-18 23:00:00+00:00,3327402.5939302803
2021-09-19 00:00:00+00:00,3327464.36759833
2021-09-19 01:00:00+00:00,3327488.5864531603
2021-09-19 02:00:00+00:00,3327542.93761631
2021-09-19 03:00:00+00:00,3327284.92919328
2021-09-19 04:00:00+00:00,3327358.51284089
2021-09-19 05:00:00+00:00,3327288.4767006203
2021-09-19 06:00:00+00:00,3317316.1310546
2021-09-19 07:00:00+00:00,3317383.03275315
2021-09-19 08:00:00+00:00,3317479.43450844
2021-09-19 09:00:00+00:00,3317253.5802156
2021-09-19 10:00:00+00:00,3318300.01571105
2021-09-19 11:00:00+00:00,3318075.19146157
2021-09-19 12:00:00+00:00,3317956.51510814
2021-09-19 13:00:00+00:00,3318034.54576553
2021-09-19 14:00:00+00:00,3318097.28367938
2021-09-19 15:00:00+00:00,3318039.7720452403
2021-09-19 16:00:00+00:00,3318353.14928443
2021-09-19 17:00:00+00:00,3318341.6343174702
2021-09-19 18:00:00+00:00,3318347.80863083
2021-09-19 19:00:00+00:00,3318342.51790993
2021-09-19 20:00:00+00:00,3318348.6088379
2021-09-19 21:00:00+00:00,3318355.8906717
2021-09-19 22:00:00+00:00,3318399.73365034
2021-09-19 23:00:00+00:00,3318643.12645356
2021-09-20 00:00:00+00:00,3318646.32109767
2021-09-20 01:00:00+00:00,3318739.92522328
2021-09-20 02:00:00+00:00,3318886.67622635
2021-09-20 03:00:00+00:00,3318944.22032664
2021-09-20 04:00:00+00:00,3319115.14745061
2021-09-20 05:00:00+00:00,3319082.42778956
2021-09-20 06:00:00+00:00,3320004.26881919
2021-09-20 07:00:00+00:00,3318860.85147147
2021-09-20 08:00:00+00:00,3318838.06418732
2021-09-20 09:00:00+00:00,3318923.94283123
2021-09-20 10:00:00+00:00,3318932.5129413903
2021-09-20 11:00:00+00:00,3318997.45832643
2021-09-20 12:00:00+00:00,3317921.5268067
2021-09-20 13:00:00+00:00,3330870.91141217
2021-09-20 14:00:00+00:00,3331977.61948987
2021-09-20 15:00:00+00:00,3332862.06399784
2021-09-20 16:00:00+00:00,3330622.67935842
2021-09-20 17:00:00+00:00,3331708.64929939
2021-09-20 18:00:00+00:00,3331221.2276937603
2021-09-20 19:00:00+00:00,3333301.88156621
2021-09-20 20:00:00+00:00,3333614.26614928
2021-09-20 21:00:00+00:00,3333424.87348485
2021-09-20 22:00:00+00:00,3333419.03291599
2021-09-20 23:00:00+00:00,3333385.80267578
2021-09-21 00:00:00+00:00,3332914.550894
2021-09-21 01:00:00+00:00,3332496.47598477
2021-09-21 02:00:00+00:00,3332308.34635405
2021-09-21 03:00:00+00:00,3330794.39351601
2021-09-21 04:00:00+00:00,3330721.2592353
2021-09-21 05:00:00+00:00,3330721.2592353
2021-09-21 06:00:00+00:00,3330538.77826226
2021-09-21 07:00:00+00:00,3330203.91363382
2021-09-21 08:00:00+00:00,3329543.83339218
2021-09-21 09:00:00+00:00,3331668.62953785
2021-09-21 10:00:00+00:00,3333511.18212713
2021-09-21 11:00:00+00:00,3333370.96838697
2021-09-21 12:00:00+00:00,3330746.68279171
2021-09-21 13:00:00+00:00,3331857.35108914
2021-09-21 14:00:00+00:00,3330724.76855518
2021-09-21 15:00:00+00:00,3330360.57079401
2021-09-21 16:00:00+00:00,3330176.99587651
2021-09-21 17:00:00+00:00,3331158.60574925
2021-09-21 18:00:00+00:00,3331264.89723601
2021-09-21 19:00:00+00:00,3331244.92967958
2021-09-21 20:00:00+00:00,3328999.4233114
2021-09-21 21:00:00+00:00,3327902.7273062803
2021-09-21 22:00:00+00:00,3329184.37084021
2021-09-21 23:00:00+00:00,3329434.5476696403
2021-09-22 00:00:00+00:00,3328132.9692377
2021-09-22 01:00:00+00:00,3328442.8644395
2021-09-22 02:00:00+00:00,3329818.91323137
2021-09-22 03:00:00+00:00,3328632.25906411
2021-09-22 04:00:00+00:00,3328667.36068498
2021-09-22 05:00:00+00:00,3328658.37064955
2021-09-22 06:00:00+00:00,3329407.07522383
2021-09-22 07:00:00+00:00,3329425.1371794
2021-09-22 08:00:00+00:00,3329337.97860131
2021-09-22 09:00:00+00:00,3328654.53472037
2021-09-22 10:00:00+00:00,3329768.75180041
2021-09-22 11:00:00+00:00,3329531.28308755
2021-09-22 12:00:00+00:00,3331196.21743041
2021-09-22 13:00:00+00:00,3330941.07400017
2021-09-22 14:00:00+00:00,3331147.04380338
2021-09-22 15:00:00+00:00,3331266.6335924
2021-09-22 16:00:00+00:00,3330858.26159312
2021-09-22 17:00:00+00:00,3334086.95598962
2021-09-22 18:00:00+00:00,3336671.83488259
2021-09-22 19:00:00+00:00,3337645.21929952
2021-09-22 20:00:00+00:00,3337394.06077599
2021-09-22 21:00:00+00:00,3337878.12047811
2021-09-22 22:00:00+00:00,3337707.50512115
2021-09-22 23:00:00+00:00,3339033.91724201
2021-09-23 00:00:00+00:00,3339012.56313743
2021-09-23 01:00:00+00:00,3328703.44647697
2021-09-23 02:00:00+00:00,3327686.9488392
2021-09-23 03:00:00+00:00,3327647.39687591
2021-09-23 04:00:00+00:00,3327634.00288884
2021-09-23 05:00:00+00:00,3328244.36038835
2021-09-23 06:00:00+00:00,3328178.36418643
2021-09-23 07:00:00+00:00,3328281.17089885
2021-09-23 08:00:00+00:00,3328356.85053745
2021-09-23 09:00:00+00:00,3339941.20450782
2021-09-23 10:00:00+00:00,3340014.25311773
2021-09-23 11:00:00+00:00,3340380.33526072
2021-09-23 12:00:00+00:00,3338970.24107857
2021-09-23 13:00:00+00:00,3338622.24305401
2021-09-23 14:00:00+00:00,3337511.37559886
2021-09-23 15:00:00+00:00,3336596.97495023
2021-09-23 16:00:00+00:00,3337809.06631948
2021-09-23 17:00:00+00:00,3336833.90373019
2021-09-23 18:00:00+00:00,3337385.91272772
2021-09-23 19:00:00+00:00,3337362.14774261
2021-09-23 20:00:00+00:00,3337520.30906315
2021-09-23 21:00:00+00:00,3337427.61174154
2021-09-23 22:00:00+00:00,3338247.06743521
2021-09-23 23:00:00+00:00,3338257.19544776
2021-09-24 00:00:00+00:00,3338151.2017222103
2021-09-24 01:00:00+00:00,3338373.89589443
2021-09-24 02:00:00+00:00,3335613.03263562
2021-09-24 03:00:00+00:00,3336916.9198928103
2021-09-24 04:00:00+00:00,3336881.49378451
2021-09-24 05:00:00+00:00,3336708.14802693
2021-09-24 06:00:00+00:00,3336839.83896526
2021-09-24 07:00:00+00:00,3337139.45477851
2021-09-24 08:00:00+00:00,3337341.66392856
2021-09-24 09:00:00+00:00,3338460.41025402
2021-09-24 10:00:00+00:00,3338244.56075043
2021-09-24 11:00:00+00:00,3338408.015426
2021-09-24 12:00:00+00:00,3338363.9250687403
2021-09-24 13:00:00+00:00,3339101.53485585
2021-09-24 14:00:00+00:00,3340001.67288254
2021-09-24 15:00:00+00:00,3340538.48129231
2021-09-24 16:00:00+00:00,3342621.13697693
2021-09-24 17:00:00+00:00,3344389.28894212
2021-09-24 18:00:00+00:00,3344763.3002837
2021-09-24 19:00:00+00:00,3343019.3474219902
2021-09-24 20:00:00+00:00,3342227.6395416902
2021-09-24 21:00:00+00:00,3343264.33661397
2021-09-24 22:00:00+00:00,3343241.09059913
2021-09-24 23:00:00+00:00,3343492.4493508902
2021-09-25 00:00:00+00:00,3343496.8442057
2021-09-25 01:00:00+00:00,3343442.1899901303
2021-09-25 02:00:00+00:00,3343551.8115506
2021-09-25 03:00:00+00:00,3343443.40220918
2021-09-25 04:00:00+00:00,3343498.7597734
2021-09-25 05:00:00+00:00,3343488.46247671
2021-09-25 06:00:00+00:00,3343551.52902917
2021-09-25 07:00:00+00:00,3343531.34424414
2021-09-25 08:00:00+00:00,3343592.18835484
2021-09-25 09:00:00+00:00,3343580.43696681
2021-09-25 10:00:00+00:00,3343741.09565929
2021-09-25 11:00:00+00:00,3343768.78922982
2021-09-25 12:00:00+00:00,3343768.36641064
2021-09-25 13:00:00+00:00,3343905.1508954703
2021-09-25 14:00:00+00:00,3343946.99552608
2021-09-25 15:00:00+00:00,3344035.0953819
2021-09-25 16:00:00+00:00,3344034.75231386
2021-09-25 17:00:00+00:00,3343722.266045
2021-09-25 18:00:00+00:00,3342762.89230522
2021-09-25 19:00:00+00:00,3342798.28025542
2021-09-25 20:00:00+00:00,3342716.04711893
2021-09-25 21:00:00+00:00,3342806.36072178
2021-09-25 22:00:00+00:00,3342851.6894499003
2021-09-25 23:00:00+00:00,3342878.05716719
2021-09-26 00:00:00+00:00,3342882.05285686
2021-09-26 01:00:00+00:00,3342745.86387118
2021-09-26 02:00:00+00:00,3342848.96404692
2021-09-26 03:00:00+00:00,3342569.57132857
2021-09-26 04:00:00+00:00,3342497.2916257703
2021-09-26 05:00:00+00:00,3342556.99140797
2021-09-26 06:00:00+00:00,3341326.2784165503
2021-09-26 07:00:00+00:00,3341369.50695669
2021-09-26 08:00:00+00:00,3341444.82491611
2021-09-26 09:00:00+00:00,3341329.79808436
2021-09-26 10:00:00+00:00,3340978.18359337
2021-09-26 11:00:00+00:00,3340927.90641428
2021-09-26 12:00:00+00:00,3341085.95863293
2021-09-26 13:00:00+00:00,3342114.93623007
2021-09-26 14:00:00+00:00,3342129.46341779
2021-09-26 15:00:00+00:00,3342303.89253309
2021-09-26 16:00:00+00:00,3342333.43834474
2021-09-26 17:00:00+00:00,3342303.41132604
2021-09-26 18:00:00+00:00,3342399.03700287
2021-09-26 19:00:00+00:00,3342474.97357044
2021-09-26 20:00:00+00:00,3342524.37710169
2021-09-26 21:00:00+00:00,3342589.53339286
2021-09-26 22:00:00+00:00,3343697.11891655
2021-09-26 23:00:00+00:00,3343930.73817352
2021-09-27 00:00:00+00:00,3344018.49252783
2021-09-27 01:00:00+00:00,3343976.09642908
2021-09-27 02:00:00+00:00,3344046.31334987
2021-09-27 03:00:00+00:00,3344087.04843463
2021-09-27 04:00:00+00:00,3344121.86715025
2021-09-27 05:00:00+00:00,3344328.83121783
2021-09-27 06:00:00+00:00,3344453.68293843
2021-09-27 07:00:00+00:00,3346022.6359146303
2021-09-27 08:00:00+00:00,3344108.9403695
2021-09-27 09:00:00+00:00,3345862.94069341
2021-09-27 10:00:00+00:00,3344190.41334137
2021-09-27 11:00:00+00:00,3343163.41090393
2021-09-27 12:00:00+00:00,3343218.69340914
2021-09-27 13:00:00+00:00,3345073.91994409
2021-09-27 14:00:00+00:00,3346147.5590893
2021-09-27 15:00:00+00:00,3346298.28439548
2021-09-27 16:00:00+00:00,3347353.12806765
2021-09-27 17:00:00+00:00,3346678.96783188
2021-09-27 18:00:00+00:00,3347183.4138932
2021-09-27 19:00:00+00:00,3346911.47660609
2021-09-27 20:00:00+00:00,3345918.25259013
2021-09-27 21:00:00+00:00,3347007.4338322203
2021-09-27 22:00:00+00:00,3344660.85794396
2021-09-27 23:00:00+00:00,3346203.37024766
2021-09-28 00:00:00+00:00,3345417.4406857803
2021-09-28 01:00:00+00:00,3344484.90323616
2021-09-28 02:00:00+00:00,3343235.99513688
2021-09-28 03:00:00+00:00,3344225.8063154
2021-09-28 04:00:00+00:00,3344236.07001683
2021-09-28 05:00:00+00:00,3344046.1538155
2021-09-28 06:00:00+00:00,3343210.99636752
2021-09-28 07:00:00+00:00,3343205.17842893
2021-09-28 08:00:00+00:00,3342317.88126989
2021-09-28 09:00:00+00:00,3342467.1125211
2021-09-28 10:00:00+00:00,3342767.01293028
2021-09-28 11:00:00+00:00,3342834.69192923
2021-09-28 12:00:00+00:00,3342955.38527143
2021-09-28 13:00:00+00:00,3343918.02345389
2021-09-28 14:00:00+00:00,3337524.29421676
2021-09-28 15:00:00+00:00,3339523.88739583
2021-09-28 16:00:00+00:00,3337272.7033101
2021-09-28 17:00:00+00:00,3336303.14846999
2021-09-28 18:00:00+00:00,3337329.75782593
2021-09-28 19:00:00+00:00,3337604.12264429
2021-09-28 20:00:00+00:00,3337698.16247796
2021-09-28 21:00:00+00:00,3337788.9277476
2021-09-28 22:00:00+00:00,3337830.60341194
2021-09-28 23:00:00+00:00,3338881.44339782
2021-09-29 00:00:00+00:00,3338720.56103232
2021-09-29 01:00:00+00:00,3338828.32433318
2021-09-29 02:00:00+00:00,3337404.32436627
2021-09-29 03:00:00+00:00,3338645.31080171
2021-09-29 04:00:00+00:00,3338505.65531258
2021-09-29 05:00:00+00:00,3338533.67676367
2021-09-29 06:00:00+00:00,3338481.02465662
2021-09-29 07:00:00+00:00,3338399.4232386
2021-09-29 08:00:00+00:00,3338541.6182952
2021-09-29 09:00:00+00:00,3338767.6805872
2021-09-29 10:00:00+00:00,3338736.70117057
2021-09-29 11:00:00+00:00,3339740.54540426
2021-09-29 12:00:00+00:00,3339852.3255795003
2021-09-29 13:00:00+00:00,3338490.2545903
2021-09-29 14:00:00+00:00,3339446.18467534
2021-09-29 15:00:00+00:00,3339438.76559493
2021-09-29 16:00:00+00:00,3338477.3929708702
2021-09-29 17:00:00+00:00,3337486.96720062
2021-09-29 18:00:00+00:00,3337680.91924417
2021-09-29 19:00:00+00:00,3342634.7216944
2021-09-29 20:00:00+00:00,3343144.5291876
2021-09-29 21:00:00+00:00,3341633.55363663
2021-09-29 22:00:00+00:00,3341633.55363663
2021-09-29 23:00:00+00:00,3341627.9344408503
2021-09-30 00:00:00+00:00,3342724.7241336303
2021-09-30 01:00:00+00:00,3342169.22088416
2021-09-30 02:00:00+00:00,3342187.1794433403
2021-09-30 03:00:00+00:00,3341155.1874113902
2021-09-30 04:00:00+00:00,3340672.55326105
2021-09-30 05:00:00+00:00,3339556.97797101
2021-09-30 06:00:00+00:00,3339388.4643592
2021-09-30 07:00:00+00:00,3339532.75908713
2021-09-30 08:00:00+00:00,3339433.2867861902
2021-09-30 09:00:00+00:00,3337984.5422251
2021-09-30 10:00:00+00:00,3338121.27833717
2021-09-30 11:00:00+00:00,3337981.03311414
2021-09-30 12:00:00+00:00,3337709.71800715
2021-09-30 13:00:00+00:00,3337419.0055223303
2021-09-30 14:00:00+00:00,3339143.05447395
2021-09-30 15:00:00+00:00,3329138.17182096
2021-09-30 16:00:00+00:00,3329911.0391704203
2021-09-30 17:00:00+00:00,3328575.58452253
2021-09-30 18:00:00+00:00,3328662.00959671
2021-09-30 19:00:00+00:00,3328818.52394272
2021-09-30 20:00:00+00:00,3328623.04332256
2021-09-30 21:00:00+00:00,3328519.08665646
2021-09-30 22:00:00+00:00,3328574.11308579
2021-09-30 23:00:00+00:00,3328589.83145778
2021-10-01 00:00:00+00:00,3328616.73427532
2021-10-01 01:00:00+00:00,3328623.1886463
2021-10-01 02:00:00+00:00,3328541.45963019
2021-10-01 03:00:00+00:00,3328628.25297065
2021-10-01 04:00:00+00:00,3328427.72688371
2021-10-01 05:00:00+00:00,3328539.13418604
2021-10-01 06:00:00+00:00,3328540.49018809
2021-10-01 07:00:00+00:00,3328600.18150376
2021-10-01 08:00:00+00:00,3328354.61410126
2021-10-01 09:00:00+00:00,3328391.5766010103
2021-10-01 10:00:00+00:00,3326146.00372275
2021-10-01 11:00:00+00:00,3326454.3252993403
2021-10-01 12:00:00+00:00,3326822.67563241
2021-10-01 13:00:00+00:00,3327537.55965186
2021-10-01 14:00:00+00:00,3327310.53403043
2021-10-01 15:00:00+00:00,3326694.97578198
2021-10-01 16:00:00+00:00,3324580.48138966
2021-10-01 17:00:00+00:00,3323947.21156492
2021-10-01 18:00:00+00:00,3321630.62856975
2021-10-01 19:00:00+00:00,3321317.63326249
2021-10-01 20:00:00+00:00,3321338.62246936
2021-10-01 21:00:00+00:00,3321907.3819066403
2021-10-01 22:00:00+00:00,3323455.56384439
2021-10-01 23:00:00+00:00,3322346.16440623
2021-10-02 00:00:00+00:00,3323890.37742383
2021-10-02 01:00:00+00:00,3323999.39927543
2021-10-02 02:00:00+00:00,3324107.9016781203
2021-10-02 03:00:00+00:00,3324213.71736398
2021-10-02 04:00:00+00:00,3324057.06815033
2021-10-02 05:00:00+00:00,3323946.92932844
2021-10-02 06:00:00+00:00,3323831.84259907
2021-10-02 07:00:00+00:00,3323648.14053309
2021-10-02 08:00:00+00:00,3323802.57659016
2021-10-02 09:00:00+00:00,3323841.2173102503
2021-10-02 10:00:00+00:00,3323832.03129918
2021-10-02 11:00:00+00:00,3323931.03256947
2021-10-02 12:00:00+00:00,3323956.73892379
2021-10-02 13:00:00+00:00,3323988.30725947
2021-10-02 14:00:00+00:00,3325281.94850585
2021-10-02 15:00:00+00:00,3325051.42611526
2021-10-02 16:00:00+00:00,3325512.66698017
2021-10-02 17:00:00+00:00,3325427.0840711603
2021-10-02 18:00:00+00:00,3325556.15564971
2021-10-02 19:00:00+00:00,3325568.57428821
2021-10-02 20:00:00+00:00,3326672.22498418
2021-10-02 21:00:00+00:00,3326666.74357095
2021-10-02 22:00:00+00:00,3326722.26781965
2021-10-02 23:00:00+00:00,3326541.62871577
2021-10-03 00:00:00+00:00,3325619.6869981103
2021-10-03 01:00:00+00:00,3325838.41577997
2021-10-03 02:00:00+00:00,3325707.2362257
2021-10-03 03:00:00+00:00,3325854.95298543
2021-10-03 04:00:00+00:00,3325935.20203977
2021-10-03 05:00:00+00:00,3325970.59601753
2021-10-03 06:00:00+00:00,3325294.74396542
2021-10-03 07:00:00+00:00,3326478.81621028
2021-10-03 08:00:00+00:00,3326507.09610416
2021-10-03 09:00:00+00:00,3326444.9348808
2021-10-03 10:00:00+00:00,3326525.61920665
2021-10-03 11:00:00+00:00,3326740.10063783
2021-10-03 12:00:00+00:00,3326549.86391983
2021-10-03 13:00:00+00:00,3325418.15010982
2021-10-03 14:00:00+00:00,3325525.79362184
2021-10-03 15:00:00+00:00,3325539.47842999
2021-10-03 16:00:00+00:00,3324652.22678473
2021-10-03 17:00:00+00:00,3324817.82803637
2021-10-03 18:00:00+00:00,3324868.866268
2021-10-03 19:00:00+00:00,3324824.19669126
2021-10-03 20:00:00+00:00,3324315.4297662303
2021-10-03 21:00:00+00:00,3324309.00961905
2021-10-03 22:00:00+00:00,3325016.71571623
2021-10-03 23:00:00+00:00,3325031.98098792
2021-10-04 00:00:00+00:00,3325395.74071802
2021-10-04 01:00:00+00:00,3326446.2762136003
2021-10-04 02:00:00+00:00,3326536.31696744
2021-10-04 03:00:00+00:00,3326636.36859218
2021-10-04 04:00:00+00:00,3326696.0623819903
2021-10-04 05:00:00+00:00,3327171.98584671
2021-10-04 06:00:00+00:00,3326881.6198473303
2021-10-04 07:00:00+00:00,3327144.90289768
2021-10-04 08:00:00+00:00,3326821.4425906
2021-10-04 09:00:00+00:00,3326991.87769614
2021-10-04 10:00:00+00:00,3327459.84007924
2021-10-04 11:00:00+00:00,3325816.89764706
2021-10-04 12:00:00+00:00,3326248.73102937
2021-10-04 13:00:00+00:00,3326339.31957053
2021-10-04 14:00:00+00:00,3325641.87232842
2021-10-04 15:00:00+00:00,3325520.77966813
2021-10-04 16:00:00+00:00,3325728.92331861
2021-10-04 17:00:00+00:00,3323461.2412796
2021-10-04 18:00:00+00:00,3317852.44376561
2021-10-04 19:00:00+00:00,3317869.90090987
2021-10-04 20:00:00+00:00,3316005.60030462
2021-10-04 21:00:00+00:00,3314309.22403065
2021-10-04 22:00:00+00:00,3314292.13665844
2021-10-04 23:00:00+00:00,3314089.18277123
2021-10-05 00:00:00+00:00,3313981.7783987
2021-10-05 01:00:00+00:00,3312725.8584190803
2021-10-05 02:00:00+00:00,3311252.63292841
2021-10-05 03:00:00+00:00,3311635.01963687
2021-10-05 04:00:00+00:00,3311804.3008173
2021-10-05 05:00:00+00:00,3311839.10306152
2021-10-05 06:00:00+00:00,3312042.1193184103
2021-10-05 07:00:00+00:00,3312421.0153726703
2021-10-05 08:00:00+00:00,3312743.97972257
2021-10-05 09:00:00+00:00,3312709.93705638
2021-10-05 10:00:00+00:00,3311548.03067614
2021-10-05 11:00:00+00:00,3309492.2779176203
2021-10-05 12:00:00+00:00,3309128.92162557
2021-10-05 13:00:00+00:00,3309729.0011830702
2021-10-05 14:00:00+00:00,3308460.37646879
2021-10-05 15:00:00+00:00,3307798.27188431
2021-10-05 16:00:00+00:00,3312807.87435395
2021-10-05 17:00:00+00:00,3312995.21912453
2021-10-05 18:00:00+00:00,3313978.44724314
2021-10-05 19:00:00+00:00,3310760.61671451
2021-10-05 20:00:00+00:00,3312213.33040589
2021-10-05 21:00:00+00:00,3311288.3174184
2021-10-05 22:00:00+00:00,3311483.24887014
2021-10-05 23:00:00+00:00,3312337.68503098
2021-10-06 00:00:00+00:00,3312196.23439183
2021-10-06 01:00:00+00:00,3310042.60279133
2021-10-06 02:00:00+00:00,3310070.22764554
2021-10-06 03:00:00+00:00,3310211.11475653
2021-10-06 04:00:00+00:00,3310317.27295938
2021-10-06 05:00:00+00:00,3310088.14407497
2021-10-06 06:00:00+00:00,3311216.93457927
2021-10-06 07:00:00+00:00,3311657.38323279
2021-10-06 08:00:00+00:00,3311492.15532016
2021-10-06 09:00:00+00:00,3312371.88205503
2021-10-06 10:00:00+00:00,3312612.99778138
2021-10-06 11:00:00+00:00,3312811.73380688
2021-10-06 12:00:00+00:00,3313395.6620855
2021-10-06 13:00:00+00:00,3312812.25878493
2021-10-06 14:00:00+00:00,3311248.87188728
2021-10-06 15:00:00+00:00,3310686.18797403
2021-10-06 16:00:00+00:00,3309943.87595762
2021-10-06 17:00:00+00:00,3307133.0669533303
2021-10-06 18:00:00+00:00,3304074.2956005903
2021-10-06 19:00:00+00:00,3302772.0519782603
2021-10-06 20:00:00+00:00,3305435.98123021
2021-10-06 21:00:00+00:00,3303570.81141697
2021-10-06 22:00:00+00:00,3307367.36197735
2021-10-06 23:00:00+00:00,3306866.0700273803
2021-10-07 00:00:00+00:00,3307537.90734303
2021-10-07 01:00:00+00:00,3307451.11082967
2021-10-07 02:00:00+00:00,3307681.47248387
2021-10-07 03:00:00+00:00,3305934.78454907
2021-10-07 04:00:00+00:00,3305765.65934431
2021-10-07 05:00:00+00:00,3305765.97708908
2021-10-07 06:00:00+00:00,3304401.10042978
2021-10-07 07:00:00+00:00,3304301.80921688
2021-10-07 08:00:00+00:00,3304828.65673084
2021-10-07 09:00:00+00:00,3304490.80441406
2021-10-07 10:00:00+00:00,3305173.8286102
2021-10-07 11:00:00+00:00,3305928.84107467
2021-10-07 12:00:00+00:00,3306747.06425542
2021-10-07 13:00:00+00:00,3307012.54408041
2021-10-07 14:00:00+00:00,3305495.12616171
2021-10-07 15:00:00+00:00,3316395.20209667
2021-10-07 16:00:00+00:00,3316818.12692
2021-10-07 17:00:00+00:00,3315354.1234785803
2021-10-07 18:00:00+00:00,3315311.3423672
2021-10-07 19:00:00+00:00,3316148.6622055
2021-10-07 20:00:00+00:00,3316375.8467613203
2021-10-07 21:00:00+00:00,3316685.8046634
2021-10-07 22:00:00+00:00,3314496.72167773
2021-10-07 23:00:00+00:00,3314322.63263672
2021-10-08 00:00:00+00:00,3314498.4829654302
2021-10-08 01:00:00+00:00,3314598.72407495
2021-10-08 02:00:00+00:00,3314699.21548865
2021-10-08 03:00:00+00:00,3314162.11367501
2021-10-08 04:00:00+00:00,3313778.50942109
2021-10-08 05:00:00+00:00,3313333.29659543
2021-10-08 06:00:00+00:00,3313172.19875815
2021-10-08 07:00:00+00:00,3312403.7060967903
2021-10-08 08:00:00+00:00,3309529.11133871
2021-10-08 09:00:00+00:00,3309185.9694977403
2021-10-08 10:00:00+00:00,3308901.75941366
2021-10-08 11:00:00+00:00,3309711.47605562
2021-10-08 12:00:00+00:00,3309834.33228634
2021-10-08 13:00:00+00:00,3308905.31993349
2021-10-08 14:00:00+00:00,3309966.09977715
2021-10-08 15:00:00+00:00,3309850.8591445503
2021-10-08 16:00:00+00:00,3308836.0755031803
2021-10-08 17:00:00+00:00,3306949.8760542
2021-10-08 18:00:00+00:00,3306948.91929021
2021-10-08 19:00:00+00:00,3306302.69590661
2021-10-08 20:00:00+00:00,3307208.2850394403
2021-10-08 21:00:00+00:00,3309399.853435
2021-10-08 22:00:00+00:00,3309447.46575407
2021-10-08 23:00:00+00:00,3310300.88045506
2021-10-09 00:00:00+00:00,3310415.49774617
2021-10-09 01:00:00+00:00,3309418.79814131
2021-10-09 02:00:00+00:00,3309412.9329402
2021-10-09 03:00:00+00:00,3308589.0079720803
2021-10-09 04:00:00+00:00,3308722.3152059503
2021-10-09 05:00:00+00:00,3308724.56374195
2021-10-09 06:00:00+00:00,3308545.0822309703
2021-10-09 07:00:00+00:00,3308603.45101301
2021-10-09 08:00:00+00:00,3306970.20034096
2021-10-09 09:00:00+00:00,3308431.83878898
2021-10-09 10:00:00+00:00,3308331.19711617
2021-10-09 11:00:00+00:00,3308407.1901262
2021-10-09 12:00:00+00:00,3308295.61837355
2021-10-09 13:00:00+00:00,3308002.44763609
2021-10-09 14:00:00+00:00,3307911.1507324902
2021-10-09 15:00:00+00:00,3308031.06071684
2021-10-09 16:00:00+00:00,3308059.61364356
2021-10-09 17:00:00+00:00,3308225.98144717
2021-10-09 18:00:00+00:00,3308334.61105871
2021-10-09 19:00:00+00:00,3308382.4199745
2021-10-09 20:00:00+00:00,3308450.86491626
2021-10-09 21:00:00+00:00,3308718.42934077
2021-10-09 22:00:00+00:00,3309061.11964319
2021-10-09 23:00:00+00:00,3309449.80488726
2021-10-10 00:00:00+00:00,3309523.36648486
2021-10-10 01:00:00+00:00,3309511.66079951
2021-10-10 02:00:00+00:00,3309586.1204708302
2021-10-10 03:00:00+00:00,3309618.05540913
2021-10-10 04:00:00+00:00,3309508.9342942
2021-10-10 05:00:00+00:00,3309539.01466281
2021-10-10 06:00:00+00:00,3309628.58323922
2021-10-10 07:00:00+00:00,3309846.96351875
2021-10-10 08:00:00+00:00,3309558.45541829
2021-10-10 09:00:00+00:00,3309631.21576172
2021-10-10 10:00:00+00:00,3309642.93090096
2021-10-10 11:00:00+00:00,3310617.97385975
2021-10-10 12:00:00+00:00,3310541.3659490203
2021-10-10 13:00:00+00:00,3310568.25910598
2021-10-10 14:00:00+00:00,3310608.48915545
2021-10-10 15:00:00+00:00,3310521.41257327
2021-10-10 16:00:00+00:00,3310529.4144406
2021-10-10 17:00:00+00:00,3310539.97962351
2021-10-10 18:00:00+00:00,3310623.42859818
2021-10-10 19:00:00+00:00,3310632.01762594
2021-10-10 20:00:00+00:00,3309646.42428972
2021-10-10 21:00:00+00:00,3309259.4415903003
2021-10-10 22:00:00+00:00,3309266.10283646
2021-10-10 23:00:00+00:00,3309484.38073268
2021-10-11 00:00:00+00:00,3309535.22521523
2021-10-11 01:00:00+00:00,3308425.12714423
2021-10-11 02:00:00+00:00,3308617.33082136
2021-10-11 03:00:00+00:00,3309022.910921
2021-10-11 04:00:00+00:00,3309064.58812227
2021-10-11 05:00:00+00:00,3310092.88728813
2021-10-11 06:00:00+00:00,3309566.42886939
2021-10-11 07:00:00+00:00,3309590.04189329
2021-10-11 08:00:00+00:00,3308463.53145635
2021-10-11 09:00:00+00:00,3308312.8669014103
2021-10-11 10:00:00+00:00,3308092.64837142
2021-10-11 11:00:00+00:00,3305829.40630018
2021-10-11 12:00:00+00:00,3305568.3301012
2021-10-11 13:00:00+00:00,3306898.57185933
2021-10-11 14:00:00+00:00,3307564.23377233
2021-10-11 15:00:00+00:00,3307872.72962023
2021-10-11 16:00:00+00:00,3307992.75062041
2021-10-11 17:00:00+00:00,3308638.64724334
2021-10-11 18:00:00+00:00,3309069.6490232702
2021-10-11 19:00:00+00:00,3309039.36396015
2021-10-11 20:00:00+00:00,3309895.46426452
2021-10-11 21:00:00+00:00,3310852.66633143
2021-10-11 22:00:00+00:00,3310980.31392615
2021-10-11 23:00:00+00:00,3311058.1907799803
2021-10-12 00:00:00+00:00,3311379.73056919
2021-10-12 01:00:00+00:00,3311490.4488383
2021-10-12 02:00:00+00:00,3311406.57854839
2021-10-12 03:00:00+00:00,3310464.63328108
2021-10-12 04:00:00+00:00,3309439.60541159
2021-10-12 05:00:00+00:00,3309528.56706109
2021-10-12 06:00:00+00:00,3309349.9336591302
2021-10-12 07:00:00+00:00,3309538.3573280103
2021-10-12 08:00:00+00:00,3309938.2537467
2021-10-12 09:00:00+00:00,3309412.06533571
2021-10-12 10:00:00+00:00,3311002.19954016
2021-10-12 11:00:00+00:00,3311081.13767332
2021-10-12 12:00:00+00:00,3312241.73469353
2021-10-12 13:00:00+00:00,3312291.19503388
2021-10-12 14:00:00+00:00,3312045.77007741
2021-10-12 15:00:00+00:00,3310917.93692293
2021-10-12 16:00:00+00:00,3309460.7601349303
2021-10-12 17:00:00+00:00,3309702.44766474
2021-10-12 18:00:00+00:00,3309282.24044553
2021-10-12 19:00:00+00:00,3299256.55921462
2021-10-12 20:00:00+00:00,3299269.62177886
2021-10-12 21:00:00+00:00,3299358.90506959
2021-10-12 22:00:00+00:00,3300751.84869052
2021-10-12 23:00:00+00:00,3302316.25864493
2021-10-13 00:00:00+00:00,3301726.35149449
2021-10-13 01:00:00+00:00,3302227.13503543
2021-10-13 02:00:00+00:00,3304487.2609356
2021-10-13 03:00:00+00:00,3305320.5827939003
2021-10-13 04:00:00+00:00,3306487.8982394
2021-10-13 05:00:00+00:00,3316574.06335571
2021-10-13 06:00:00+00:00,3315429.71285486
2021-10-13 07:00:00+00:00,3315975.30849138
2021-10-13 08:00:00+00:00,3306996.74309478
2021-10-13 09:00:00+00:00,3304309.31890012
2021-10-13 10:00:00+00:00,3307389.1352132
2021-10-13 11:00:00+00:00,3307624.08057409
2021-10-13 12:00:00+00:00,3308203.28787657
2021-10-13 13:00:00+00:00,3319363.23807807
2021-10-13 14:00:00+00:00,3310423.29247158
2021-10-13 15:00:00+00:00,3309486.57720349
2021-10-13 16:00:00+00:00,3310503.42094489
2021-10-13 17:00:00+00:00,3320601.1738362
2021-10-13 18:00:00+00:00,3320898.06450701
2021-10-13 19:00:00+00:00,3320484.63493502
2021-10-13 20:00:00+00:00,3320275.90495643
2021-10-13 21:00:00+00:00,3320304.33171409
2021-10-13 22:00:00+00:00,3310901.52780759
2021-10-13 23:00:00+00:00,3310357.0728958203
2021-10-14 00:00:00+00:00,3312081.3253126102
2021-10-14 01:00:00+00:00,3313536.43073002
2021-10-14 02:00:00+00:00,3313667.0089087
2021-10-14 03:00:00+00:00,3312836.62354908
2021-10-14 04:00:00+00:00,3312877.3868139302
2021-10-14 05:00:00+00:00,3313019.46882579
2021-10-14 06:00:00+00:00,3312999.71328917
2021-10-14 07:00:00+00:00,3314405.78494083
2021-10-14 08:00:00+00:00,3314378.11592426
2021-10-14 09:00:00+00:00,3314214.98318882
2021-10-14 10:00:00+00:00,3314858.33652968
2021-10-14 11:00:00+00:00,3314833.73954551
2021-10-14 12:00:00+00:00,3315059.09624065
2021-10-14 13:00:00+00:00,3315403.96203588
2021-10-14 14:00:00+00:00,3313886.61169565
2021-10-14 15:00:00+00:00,3313746.56578182
2021-10-14 16:00:00+00:00,3313930.35070497
2021-10-14 17:00:00+00:00,3312030.40463314
2021-10-14 18:00:00+00:00,3313660.1312041
2021-10-14 19:00:00+00:00,3312707.39031602
2021-10-14 20:00:00+00:00,3311872.17531825
2021-10-14 21:00:00+00:00,3319749.12304976
2021-10-14 22:00:00+00:00,3319338.36071831
2021-10-14 23:00:00+00:00,3319520.24251485
2021-10-15 00:00:00+00:00,3318450.12691724
2021-10-15 01:00:00+00:00,3318627.23748061
2021-10-15 02:00:00+00:00,3318797.83459807
2021-10-15 03:00:00+00:00,3318597.52480969
2021-10-15 04:00:00+00:00,3317799.70058575
2021-10-15 05:00:00+00:00,3317535.05835592
2021-10-15 06:00:00+00:00,3318145.17725607
2021-10-15 07:00:00+00:00,3316746.48420166
2021-10-15 08:00:00+00:00,3317030.17548991
2021-10-15 09:00:00+00:00,3314820.52975042
2021-10-15 10:00:00+00:00,3315578.6450443203
2021-10-15 11:00:00+00:00,3314092.96687572
2021-10-15 12:00:00+00:00,3315265.15571358
2021-10-15 13:00:00+00:00,3315319.46394968
2021-10-15 14:00:00+00:00,3306357.88580241
2021-10-15 15:00:00+00:00,3307120.9584454503
2021-10-15 16:00:00+00:00,3305763.08127678
2021-10-15 17:00:00+00:00,3303913.53743702
2021-10-15 18:00:00+00:00,3304328.241348
2021-10-15 19:00:00+00:00,3304296.78626789
2021-10-15 20:00:00+00:00,3304534.17932085
2021-10-15 21:00:00+00:00,3301689.4855444003
2021-10-15 22:00:00+00:00,3303139.66236104
2021-10-15 23:00:00+00:00,3302093.63023319
2021-10-16 00:00:00+00:00,3302103.13157672
2021-10-16 01:00:00+00:00,3304268.4776456603
2021-10-16 02:00:00+00:00,3304246.1924633803
2021-10-16 03:00:00+00:00,3304190.06652664
2021-10-16 04:00:00+00:00,3304840.57566267
2021-10-16 05:00:00+00:00,3304327.86194245
2021-10-16 06:00:00+00:00,3303816.9972291403
2021-10-16 07:00:00+00:00,3304583.68748446
2021-10-16 08:00:00+00:00,3304111.17242216
2021-10-16 09:00:00+00:00,3300710.17728911
2021-10-16 10:00:00+00:00,3299115.82494985
2021-10-16 11:00:00+00:00,3300266.7838542103
2021-10-16 12:00:00+00:00,3299969.91835955
2021-10-16 13:00:00+00:00,3299869.59162229
2021-10-16 14:00:00+00:00,3299894.7905182303
2021-10-16 15:00:00+00:00,3300723.56942067
2021-10-16 16:00:00+00:00,3300759.71755348
2021-10-16 17:00:00+00:00,3300559.29442052
2021-10-16 18:00:00+00:00,3300388.53885657
2021-10-16 19:00:00+00:00,3300578.54525958
2021-10-16 20:00:00+00:00,3300582.1431115903
2021-10-16 21:00:00+00:00,3300770.08518016
2021-10-16 22:00:00+00:00,3300878.5424542
2021-10-16 23:00:00+00:00,3300963.68449848
2021-10-17 00:00:00+00:00,3301038.3334672702
2021-10-17 01:00:00+00:00,3301100.11842832
2021-10-17 02:00:00+00:00,3301099.91912916
2021-10-17 03:00:00+00:00,3301188.00285639
2021-10-17 04:00:00+00:00,3301096.58118013
2021-10-17 05:00:00+00:00,3301023.55004456
2021-10-17 06:00:00+00:00,3301088.20703184
2021-10-17 07:00:00+00:00,3301064.1724125003
2021-10-17 08:00:00+00:00,3301040.99977552
2021-10-17 09:00:00+00:00,3300949.21632713
2021-10-17 10:00:00+00:00,3301038.23146967
2021-10-17 11:00:00+00:00,3302228.8751194403
2021-10-17 12:00:00+00:00,3302196.03850687
2021-10-17 13:00:00+00:00,3302239.53039657
2021-10-17 14:00:00+00:00,3301195.48673292
2021-10-17 15:00:00+00:00,3301259.8864465603
2021-10-17 16:00:00+00:00,3301061.15689207
2021-10-17 17:00:00+00:00,3301210.88820662
2021-10-17 18:00:00+00:00,3301064.96313242
2021-10-17 19:00:00+00:00,3301077.48908282
2021-10-17 20:00:00+00:00,3301081.28295613
2021-10-17 21:00:00+00:00,3293945.63458905
2021-10-17 22:00:00+00:00,3293940.22255251
2021-10-17 23:00:00+00:00,3294021.45887479
2021-10-18 00:00:00+00:00,3293600.14506335
2021-10-18 01:00:00+00:00,3291006.48351991
2021-10-18 02:00:00+00:00,3291153.4903253303
2021-10-18 03:00:00+00:00,3291149.16478622
2021-10-18 04:00:00+00:00,3291215.57596092
2021-10-18 05:00:00+00:00,3290792.37143205
2021-10-18 06:00:00+00:00,3290316.5505284
2021-10-18 07:00:00+00:00,3290525.20468676
2021-10-18 08:00:00+00:00,3288101.70064265
2021-10-18 09:00:00+00:00,3289377.08462603
2021-10-18 10:00:00+00:00,3290949.3194778003
2021-10-18 11:00:00+00:00,3289104.17555499
2021-10-18 12:00:00+00:00,3290900.65838557
2021-10-18 13:00:00+00:00,3290686.63515754
2021-10-18 14:00:00+00:00,3292481.18272931
2021-10-18 15:00:00+00:00,3291921.02677356
2021-10-18 16:00:00+00:00,3292065.97872217
2021-10-18 17:00:00+00:00,3293418.92772112
2021-10-18 18:00:00+00:00,3294399.31963109
2021-10-18 19:00:00+00:00,3296227.5400788803
2021-10-18 20:00:00+00:00,3292264.66955761
2021-10-18 21:00:00+00:00,3293329.07857835
2021-10-18 22:00:00+00:00,3293336.91529726
2021-10-18 23:00:00+00:00,3293275.82492994
2021-10-19 00:00:00+00:00,3303342.33475118
2021-10-19 01:00:00+00:00,3303078.27154752
2021-10-19 02:00:00+00:00,3302652.92648964
2021-10-19 03:00:00+00:00,3303981.37175503
2021-10-19 04:00:00+00:00,3304844.4498979
2021-10-19 05:00:00+00:00,3304817.86530817
2021-10-19 06:00:00+00:00,3304089.9725998403
2021-10-19 07:00:00+00:00,3304145.6318444903
2021-10-19 08:00:00+00:00,3305028.29218721
2021-10-19 09:00:00+00:00,3302962.75776514
2021-10-19 10:00:00+00:00,3301903.24306708
2021-10-19 11:00:00+00:00,3301296.03457887
2021-10-19 12:00:00+00:00,3301924.17093965
2021-10-19 13:00:00+00:00,3301210.68131106
2021-10-19 14:00:00+00:00,3306971.95774312
2021-10-19 15:00:00+00:00,3302176.91506851
2021-10-19 16:00:00+00:00,3299938.88961191
2021-10-19 17:00:00+00:00,3298366.62016269
2021-10-19 18:00:00+00:00,3298292.29509715
2021-10-19 19:00:00+00:00,3297281.2452077903
2021-10-19 20:00:00+00:00,3297934.64021698
2021-10-19 21:00:00+00:00,3298761.34175472
2021-10-19 22:00:00+00:00,3298956.44305506
2021-10-19 23:00:00+00:00,3298979.1863638
2021-10-20 00:00:00+00:00,3299649.7112294
2021-10-20 01:00:00+00:00,3301642.89245224
2021-10-20 02:00:00+00:00,3301732.87335962
2021-10-20 03:00:00+00:00,3301644.31821769
2021-10-20 04:00:00+00:00,3301722.00952877
2021-10-20 05:00:00+00:00,3300692.49003435
2021-10-20 06:00:00+00:00,3300869.4518851503
2021-10-20 07:00:00+00:00,3300792.3857315
2021-10-20 08:00:00+00:00,3300187.61592251
2021-10-20 09:00:00+00:00,3300003.65385705
2021-10-20 10:00:00+00:00,3298943.20954199
2021-10-20 11:00:00+00:00,3300154.49377321
2021-10-20 12:00:00+00:00,3299149.51204104
2021-10-20 13:00:00+00:00,3300951.52210931
2021-10-20 14:00:00+00:00,3301994.69831842
2021-10-20 15:00:00+00:00,3300943.1929332
2021-10-20 16:00:00+00:00,3300850.48188634
2021-10-20 17:00:00+00:00,3298937.97741231
2021-10-20 18:00:00+00:00,3299069.66926652
2021-10-20 19:00:00+00:00,3298925.12224488
2021-10-20 20:00:00+00:00,3300041.09350836
2021-10-20 21:00:00+00:00,3300302.14368199
2021-10-20 22:00:00+00:00,3296384.72993564
2021-10-20 23:00:00+00:00,3296226.93471349
2021-10-21 00:00:00+00:00,3297530.3849867103
2021-10-21 01:00:00+00:00,3297776.98346962
2021-10-21 02:00:00+00:00,3298916.19352332
2021-10-21 03:00:00+00:00,3297428.91660965
2021-10-21 04:00:00+00:00,3298779.80533883
2021-10-21 05:00:00+00:00,3299065.58552945
2021-10-21 06:00:00+00:00,3299668.98239127
2021-10-21 07:00:00+00:00,3299469.16114231
2021-10-21 08:00:00+00:00,3299774.7569571403
2021-10-21 09:00:00+00:00,3299771.58302565
2021-10-21 10:00:00+00:00,3297842.72501595
2021-10-21 11:00:00+00:00,3299149.5850262
2021-10-21 12:00:00+00:00,3300475.5417046603
2021-10-21 13:00:00+00:00,3301204.72071824
2021-10-21 14:00:00+00:00,3300908.19652981
2021-10-21 15:00:00+00:00,3301114.39968058
2021-10-21 16:00:00+00:00,3299943.27356062
2021-10-21 17:00:00+00:00,3297051.03075223
2021-10-21 18:00:00+00:00,3297988.82245113
2021-10-21 19:00:00+00:00,3301615.59646335
2021-10-21 20:00:00+00:00,3301802.42464796
2021-10-21 21:00:00+00:00,3305272.80054453
2021-10-21 22:00:00+00:00,3303959.25582349
2021-10-21 23:00:00+00:00,3303584.77876917
2021-10-22 00:00:00+00:00,3303566.91228284
2021-10-22 01:00:00+00:00,3303799.46669996
2021-10-22 02:00:00+00:00,3303633.96985027
2021-10-22 03:00:00+00:00,3303525.11749895
2021-10-22 04:00:00+00:00,3303335.3456329103
2021-10-22 05:00:00+00:00,3303343.84661932
2021-10-22 06:00:00+00:00,3303664.25713732
2021-10-22 07:00:00+00:00,3303775.43404237
2021-10-22 08:00:00+00:00,3303969.0005069203
2021-10-22 09:00:00+00:00,3304236.70019591
2021-10-22 10:00:00+00:00,3302828.82272564
2021-10-22 11:00:00+00:00,3303299.82647389
2021-10-22 12:00:00+00:00,3304868.26718751
2021-10-22 13:00:00+00:00,3304995.30904214
2021-10-22 14:00:00+00:00,3301954.07845476
2021-10-22 15:00:00+00:00,3300446.69710027
2021-10-22 16:00:00+00:00,3300797.6674313
2021-10-22 17:00:00+00:00,3301854.66431507
2021-10-22 18:00:00+00:00,3300993.72899726
2021-10-22 19:00:00+00:00,3301502.64787578
2021-10-22 20:00:00+00:00,3302904.858638
2021-10-22 21:00:00+00:00,3302275.25712538
2021-10-22 22:00:00+00:00,3302601.6552577
2021-10-22 23:00:00+00:00,3302438.07039019
2021-10-23 00:00:00+00:00,3302090.63307669
2021-10-23 01:00:00+00:00,3301987.5904124603
2021-10-23 02:00:00+00:00,3301469.13352682
2021-10-23 03:00:00+00:00,3301535.9465168603
2021-10-23 04:00:00+00:00,3301513.34401754
2021-10-23 05:00:00+00:00,3301520.37373096
2021-10-23 06:00:00+00:00,3301554.08238253
2021-10-23 07:00:00+00:00,3301568.32090001
2021-10-23 08:00:00+00:00,3298578.93130122
2021-10-23 09:00:00+00:00,3295964.14038941
2021-10-23 10:00:00+00:00,3296116.86915477
2021-10-23 11:00:00+00:00,3296102.9405673
2021-10-23 12:00:00+00:00,3296170.49714243
2021-10-23 13:00:00+00:00,3296183.04345474
2021-10-23 14:00:00+00:00,3296187.10383644
2021-10-23 15:00:00+00:00,3296186.8686646
2021-10-23 16:00:00+00:00,3296300.24814679
2021-10-23 17:00:00+00:00,3296343.64398477
2021-10-23 18:00:00+00:00,3296406.4777952502
2021-10-23 19:00:00+00:00,3297457.7578878603
2021-10-23 20:00:00+00:00,3296405.85718983
2021-10-23 21:00:00+00:00,3296404.99214436
2021-10-23 22:00:00+00:00,3298468.6566156303
2021-10-23 23:00:00+00:00,3298474.2150146603
2021-10-24 00:00:00+00:00,3298516.83424073
2021-10-24 01:00:00+00:00,3298529.9514946
2021-10-24 02:00:00+00:00,3299467.16783174
2021-10-24 03:00:00+00:00,3299612.56862274
2021-10-24 04:00:00+00:00,3300484.19254328
2021-10-24 05:00:00+00:00,3300423.51056203
2021-10-24 06:00:00+00:00,3300333.98330065
2021-10-24 07:00:00+00:00,3300381.13405716
2021-10-24 08:00:00+00:00,3300412.59757308
2021-10-24 09:00:00+00:00,3300448.90436823
2021-10-24 10:00:00+00:00,3300458.82287999
2021-10-24 11:00:00+00:00,3300562.8203528803
2021-10-24 12:00:00+00:00,3300604.6501562903
2021-10-24 13:00:00+00:00,3300638.56850798
2021-10-24 14:00:00+00:00,3300679.92542406
2021-10-24 15:00:00+00:00,3300208.5341572203
2021-10-24 16:00:00+00:00,3300165.81899587
2021-10-24 17:00:00+00:00,3300160.50241539
2021-10-24 18:00:00+00:00,3300112.90608803
2021-10-24 19:00:00+00:00,3300127.55269369
2021-10-24 20:00:00+00:00,3300146.60235809
2021-10-24 21:00:00+00:00,3300194.47434953
2021-10-24 22:00:00+00:00,3300338.18962973
2021-10-24 23:00:00+00:00,3300317.7959278203
2021-10-25 00:00:00+00:00,3300428.95939484
2021-10-25 01:00:00+00:00,3300401.00357896
2021-10-25 02:00:00+00:00,3299453.32194193
2021-10-25 03:00:00+00:00,3299475.17779915
2021-10-25 04:00:00+00:00,3299367.3578861
2021-10-25 05:00:00+00:00,3298613.97786228
2021-10-25 06:00:00+00:00,3298596.79560407
2021-10-25 07:00:00+00:00,3298874.45393827
2021-10-25 08:00:00+00:00,3297154.6765929502
2021-10-25 09:00:00+00:00,3298662.76818068
2021-10-25 10:00:00+00:00,3298517.99309378
2021-10-25 11:00:00+00:00,3297534.70647237
2021-10-25 12:00:00+00:00,3297780.45450451
2021-10-25 13:00:00+00:00,3297716.63658405
2021-10-25 14:00:00+00:00,3296451.07429033
2021-10-25 15:00:00+00:00,3308199.2946312902
2021-10-25 16:00:00+00:00,3305800.40600944
2021-10-25 17:00:00+00:00,3305628.85357945
2021-10-25 18:00:00+00:00,3306496.6212931
2021-10-25 19:00:00+00:00,3306336.64157202
2021-10-25 20:00:00+00:00,3307827.06405502
2021-10-25 21:00:00+00:00,3307860.78832313
2021-10-25 22:00:00+00:00,3309363.79138822
2021-10-25 23:00:00+00:00,3309372.47946476
2021-10-26 00:00:00+00:00,3306871.97757138
2021-10-26 01:00:00+00:00,3306698.59134501
2021-10-26 02:00:00+00:00,3306689.8442880902
2021-10-26 03:00:00+00:00,3306781.84913751
2021-10-26 04:00:00+00:00,3306847.59844275
2021-10-26 05:00:00+00:00,3306911.07044502
2021-10-26 06:00:00+00:00,3307488.56558894
2021-10-26 07:00:00+00:00,3308459.07308889
2021-10-26 08:00:00+00:00,3308275.18961948
2021-10-26 09:00:00+00:00,3309586.27961476
2021-10-26 10:00:00+00:00,3309657.82254917
2021-10-26 11:00:00+00:00,3309875.79743625
2021-10-26 12:00:00+00:00,3309989.25302556
2021-10-26 13:00:00+00:00,3310151.99378424
2021-10-26 14:00:00+00:00,3310055.24627991
2021-10-26 15:00:00+00:00,3310780.67504895
2021-10-26 16:00:00+00:00,3308713.57328946
2021-10-26 17:00:00+00:00,3308554.10348287
2021-10-26 18:00:00+00:00,3298456.04705459
2021-10-26 19:00:00+00:00,3300320.20065377
2021-10-26 20:00:00+00:00,3301824.5590503803
2021-10-26 21:00:00+00:00,3301883.23727599
2021-10-26 22:00:00+00:00,3301813.63771651
2021-10-26 23:00:00+00:00,3300234.5898489
2021-10-27 00:00:00+00:00,3299473.12715335
2021-10-27 01:00:00+00:00,3299355.13611572
2021-10-27 02:00:00+00:00,3300231.60343015
2021-10-27 03:00:00+00:00,3300379.33151751
2021-10-27 04:00:00+00:00,3300413.21799824
2021-10-27 05:00:00+00:00,3300474.68060539
2021-10-27 06:00:00+00:00,3300705.95756255
2021-10-27 07:00:00+00:00,3300606.94225978
2021-10-27 08:00:00+00:00,3299453.19798111
2021-10-27 09:00:00+00:00,3298243.95417934
2021-10-27 10:00:00+00:00,3299386.7532543
2021-10-27 11:00:00+00:00,3299452.04049947
2021-10-27 12:00:00+00:00,3299515.56099337
2021-10-27 13:00:00+00:00,3298883.2604625
2021-10-27 14:00:00+00:00,3299938.7524178103
2021-10-27 15:00:00+00:00,3299813.8420737903
2021-10-27 16:00:00+00:00,3299621.49675974
2021-10-27 17:00:00+00:00,3302408.84813656
2021-10-27 18:00:00+00:00,3302462.90843721
2021-10-27 19:00:00+00:00,3287058.3337316
2021-10-27 20:00:00+00:00,3286746.29126019
2021-10-27 21:00:00+00:00,3286794.85670873
2021-10-27 22:00:00+00:00,3286791.84581996
2021-10-27 23:00:00+00:00,3285598.61679244
2021-10-28 00:00:00+00:00,3285747.96898455
2021-10-28 01:00:00+00:00,3285428.28004847
2021-10-28 02:00:00+00:00,3285528.41306536
2021-10-28 03:00:00+00:00,3284894.6588953
2021-10-28 04:00:00+00:00,3285329.05952539
2021-10-28 05:00:00+00:00,3284989.47774351
2021-10-28 06:00:00+00:00,3283467.29394092
2021-10-28 07:00:00+00:00,3284850.70678522
2021-10-28 08:00:00+00:00,3284379.0878113
2021-10-28 09:00:00+00:00,3284292.04309142
2021-10-28 10:00:00+00:00,3286033.29595635
2021-10-28 11:00:00+00:00,3286125.9982924103
2021-10-28 12:00:00+00:00,3286202.0401423
2021-10-28 13:00:00+00:00,3288279.2213013503
2021-10-28 14:00:00+00:00,3288193.8934423
2021-10-28 15:00:00+00:00,3288419.73192132
2021-10-28 16:00:00+00:00,3286699.14589366
2021-10-28 17:00:00+00:00,3286881.07186924
2021-10-28 18:00:00+00:00,3286110.38198459
2021-10-28 19:00:00+00:00,3291671.25569154
2021-10-28 20:00:00+00:00,3304924.11463356
2021-10-28 21:00:00+00:00,3304829.83353311
2021-10-28 22:00:00+00:00,3303312.96894141
2021-10-28 23:00:00+00:00,3304200.46556721
2021-10-29 00:00:00+00:00,3303102.30612527
2021-10-29 01:00:00+00:00,3303463.37699538
2021-10-29 02:00:00+00:00,3302128.36561335
2021-10-29 03:00:00+00:00,3302199.07241777
2021-10-29 04:00:00+00:00,3302403.1503043403
2021-10-29 05:00:00+00:00,3302458.4959794
2021-10-29 06:00:00+00:00,3299478.0574301803
2021-10-29 07:00:00+00:00,3303872.79562846
2021-10-29 08:00:00+00:00,3302858.17995938
2021-10-29 09:00:00+00:00,3302527.34271873
2021-10-29 10:00:00+00:00,3303717.47590199
2021-10-29 11:00:00+00:00,3303487.58838057
2021-10-29 12:00:00+00:00,3304324.82845026
2021-10-29 13:00:00+00:00,3303255.55400657
2021-10-29 14:00:00+00:00,3304830.7426898
2021-10-29 15:00:00+00:00,3305106.7061007703
2021-10-29 16:00:00+00:00,3305207.47687414
2021-10-29 17:00:00+00:00,3297986.13052914
2021-10-29 18:00:00+00:00,3298413.56406707
2021-10-29 19:00:00+00:00,3298574.11420219
2021-10-29 20:00:00+00:00,3297810.52316228
2021-10-29 21:00:00+00:00,3306957.02903687
2021-10-29 22:00:00+00:00,3307958.93883892
2021-10-29 23:00:00+00:00,3308050.26871331
2021-10-30 00:00:00+00:00,3308106.9310673303
2021-10-30 01:00:00+00:00,3306595.78833517
2021-10-30 02:00:00+00:00,3306564.3359378
2021-10-30 03:00:00+00:00,3307200.72727593
2021-10-30 04:00:00+00:00,3307236.63147509
2021-10-30 05:00:00+00:00,3306838.71870944
2021-10-30 06:00:00+00:00,3306957.9910201803
2021-10-30 07:00:00+00:00,3306975.7603476
2021-10-30 08:00:00+00:00,3307011.3906723103
2021-10-30 09:00:00+00:00,3306837.43534377
2021-10-30 10:00:00+00:00,3305559.15240589
2021-10-30 11:00:00+00:00,3305629.2126743603
2021-10-30 12:00:00+00:00,3305670.06874933
2021-10-30 13:00:00+00:00,3305698.53408567
2021-10-30 14:00:00+00:00,3305718.9822745
2021-10-30 15:00:00+00:00,3305284.92867605
2021-10-30 16:00:00+00:00,3305270.5527382502
2021-10-30 17:00:00+00:00,3305435.60893617
2021-10-30 18:00:00+00:00,3305439.27354873
2021-10-30 19:00:00+00:00,3305457.9484643103
2021-10-30 20:00:00+00:00,3305522.16034234
2021-10-30 21:00:00+00:00,3305628.3059369703
2021-10-30 22:00:00+00:00,3305651.05206246
2021-10-30 23:00:00+00:00,3305682.20248052
2021-10-31 00:00:00+00:00,3305697.74865215
2021-10-31 01:00:00+00:00,3305736.15921589
2021-10-31 02:00:00+00:00,3305914.44474769
2021-10-31 03:00:00+00:00,3306030.56214187
2021-10-31 04:00:00+00:00,3307167.20859828
2021-10-31 05:00:00+00:00,3307132.99885638
2021-10-31 06:00:00+00:00,3303972.05351819
2021-10-31 07:00:00+00:00,3304071.05200471
2021-10-31 08:00:00+00:00,3304004.35809475
2021-10-31 09:00:00+00:00,3304099.86721755
2021-10-31 10:00:00+00:00,3304014.08707457
2021-10-31 11:00:00+00:00,3303731.6780305603
2021-10-31 12:00:00+00:00,3303766.00174617
2021-10-31 13:00:00+00:00,3304677.01943221
2021-10-31 14:00:00+00:00,3304663.51562037
2021-10-31 15:00:00+00:00,3306401.80981207
2021-10-31 16:00:00+00:00,3306318.41194931
2021-10-31 17:00:00+00:00,3306508.66470446
2021-10-31 18:00:00+00:00,3306487.87014217
2021-10-31 19:00:00+00:00,3306443.01149321
2021-10-31 20:00:00+00:00,3304486.38115752
2021-10-31 21:00:00+00:00,3304480.0454102103
2021-10-31 22:00:00+00:00,3300271.83598777
2021-10-31 23:00:00+00:00,3300264.35741273
2021-11-01 00:00:00+00:00,3300543.25231551
2021-11-01 01:00:00+00:00,3300433.66213664
2021-11-01 02:00:00+00:00,3305276.93941318
2021-11-01 03:00:00+00:00,3305257.37221442
2021-11-01 04:00:00+00:00,3304127.56441164
2021-11-01 05:00:00+00:00,3304055.28779897
2021-11-01 06:00:00+00:00,3304099.65619777
2021-11-01 07:00:00+00:00,3304256.07586243
2021-11-01 08:00:00+00:00,3303286.47542845
2021-11-01 09:00:00+00:00,3302339.50687263
2021-11-01 10:00:00+00:00,3302545.0318960203
2021-11-01 11:00:00+00:00,3300765.4282391
2021-11-01 12:00:00+00:00,3300217.44120843
2021-11-01 13:00:00+00:00,3299555.44755471
2021-11-01 14:00:00+00:00,3296032.97013205
2021-11-01 15:00:00+00:00,3296268.21217448
2021-11-01 16:00:00+00:00,3296486.77435002
2021-11-01 17:00:00+00:00,3295663.8690096303
2021-11-01 18:00:00+00:00,3290519.72959792
2021-11-01 19:00:00+00:00,3290354.29461578
2021-11-01 20:00:00+00:00,3290542.64281423
2021-11-01 21:00:00+00:00,3292719.0490436302
2021-11-01 22:00:00+00:00,3292928.56829378
2021-11-01 23:00:00+00:00,3291830.17286696
2021-11-02 00:00:00+00:00,3291951.79478935
2021-11-02 01:00:00+00:00,3292119.28568748
2021-11-02 02:00:00+00:00,3291892.41622927
2021-11-02 03:00:00+00:00,3292815.75056805
2021-11-02 04:00:00+00:00,3292877.60434726
2021-11-02 05:00:00+00:00,3293063.51977843
2021-11-02 06:00:00+00:00,3294023.96649465
2021-11-02 07:00:00+00:00,3294689.97843801
2021-11-02 08:00:00+00:00,3295952.93508537
2021-11-02 09:00:00+00:00,3293922.4701852
2021-11-02 10:00:00+00:00,3292708.85905756
2021-11-02 11:00:00+00:00,3293270.55149444
2021-11-02 12:00:00+00:00,3293625.44136464
2021-11-02 13:00:00+00:00,3297243.86784882
2021-11-02 14:00:00+00:00,3295253.85593874
2021-11-02 15:00:00+00:00,3298876.94753406
2021-11-02 16:00:00+00:00,3298164.2354586
2021-11-02 17:00:00+00:00,3299013.95488401
2021-11-02 18:00:00+00:00,3298156.83518304
2021-11-02 19:00:00+00:00,3298334.64219898
2021-11-02 20:00:00+00:00,3298847.91438672
2021-11-02 21:00:00+00:00,3297620.99134562
2021-11-02 22:00:00+00:00,3297522.37972045
2021-11-02 23:00:00+00:00,3297693.12854338
2021-11-03 00:00:00+00:00,3295634.62418197
2021-11-03 01:00:00+00:00,3296396.96706111
2021-11-03 02:00:00+00:00,3296456.82859731
2021-11-03 03:00:00+00:00,3296529.7016334003
2021-11-03 04:00:00+00:00,3296849.38024639
2021-11-03 05:00:00+00:00,3296893.99622366
2021-11-03 06:00:00+00:00,3297113.61732691
2021-11-03 07:00:00+00:00,3296635.00646665
2021-11-03 08:00:00+00:00,3286611.73738126
2021-11-03 09:00:00+00:00,3286535.151809
2021-11-03 10:00:00+00:00,3286338.0556182703
2021-11-03 11:00:00+00:00,3284865.06912426
2021-11-03 12:00:00+00:00,3281992.25331273
2021-11-03 13:00:00+00:00,3285108.48112494
2021-11-03 14:00:00+00:00,3283899.8459792403
2021-11-03 15:00:00+00:00,3284944.75978397
2021-11-03 16:00:00+00:00,3286530.02413001
2021-11-03 17:00:00+00:00,3282593.3198709902
2021-11-03 18:00:00+00:00,3291408.1160461
2021-11-03 19:00:00+00:00,3290361.59633747
2021-11-03 20:00:00+00:00,3305171.7807500702
2021-11-03 21:00:00+00:00,3302752.0434688902
2021-11-03 22:00:00+00:00,3304961.21881116
2021-11-03 23:00:00+00:00,3304960.82189147
2021-11-04 00:00:00+00:00,3305161.04837238
2021-11-04 01:00:00+00:00,3304859.2097069803
2021-11-04 02:00:00+00:00,3306712.07367392
2021-11-04 03:00:00+00:00,3306738.53838665
2021-11-04 04:00:00+00:00,3306982.60361404
2021-11-04 05:00:00+00:00,3307980.97719458
2021-11-04 06:00:00+00:00,3307885.55821601
2021-11-04 07:00:00+00:00,3307907.31122718
2021-11-04 08:00:00+00:00,3307933.53690752
2021-11-04 09:00:00+00:00,3307901.8778301403
2021-11-04 10:00:00+00:00,3307968.11063851
2021-11-04 11:00:00+00:00,3308133.63937343
2021-11-04 12:00:00+00:00,3308144.95181341
2021-11-04 13:00:00+00:00,3309999.0377463
2021-11-04 14:00:00+00:00,3309379.82015933
2021-11-04 15:00:00+00:00,3309398.63306535
2021-11-04 16:00:00+00:00,3310175.76685473
2021-11-04 17:00:00+00:00,3309677.61309613
2021-11-04 18:00:00+00:00,3308383.4180232203
2021-11-04 19:00:00+00:00,3309093.77384132
2021-11-04 20:00:00+00:00,3307529.43821977
2021-11-04 21:00:00+00:00,3307754.89667539
2021-11-04 22:00:00+00:00,3307831.57554385
2021-11-04 23:00:00+00:00,3307881.35225566
2021-11-05 00:00:00+00:00,3306659.60539423
2021-11-05 01:00:00+00:00,3306385.73678102
2021-11-05 02:00:00+00:00,3306295.74065276
2021-11-05 03:00:00+00:00,3305241.84159566
2021-11-05 04:00:00+00:00,3304726.94413695
2021-11-05 05:00:00+00:00,3303848.36370008
2021-11-05 06:00:00+00:00,3303642.09730341
2021-11-05 07:00:00+00:00,3303435.53373275
2021-11-05 08:00:00+00:00,3303914.0382294003
2021-11-05 09:00:00+00:00,3291919.51008927
2021-11-05 10:00:00+00:00,3289389.57865495
2021-11-05 11:00:00+00:00,3287821.30487741
2021-11-05 12:00:00+00:00,3282684.75294624
2021-11-05 13:00:00+00:00,3282897.20386988
2021-11-05 14:00:00+00:00,3284240.38447333
2021-11-05 15:00:00+00:00,3284476.76003476
2021-11-05 16:00:00+00:00,3284661.18218758
2021-11-05 17:00:00+00:00,3285761.47406497
2021-11-05 18:00:00+00:00,3287172.90383249
2021-11-05 19:00:00+00:00,3286508.42596894
2021-11-05 20:00:00+00:00,3289252.67560381
2021-11-05 21:00:00+00:00,3289637.92563614
2021-11-05 22:00:00+00:00,3289720.31393511
2021-11-05 23:00:00+00:00,3289104.87308149
2021-11-06 00:00:00+00:00,3289133.73596769
2021-11-06 01:00:00+00:00,3289111.68298841
2021-11-06 02:00:00+00:00,3289059.3716245103
2021-11-06 03:00:00+00:00,3290642.07007421
2021-11-06 04:00:00+00:00,3286407.05326515
2021-11-06 05:00:00+00:00,3286429.69887687
2021-11-06 06:00:00+00:00,3286468.7089868803
2021-11-06 07:00:00+00:00,3286694.41604869
2021-11-06 08:00:00+00:00,3286692.59658923
2021-11-06 09:00:00+00:00,3286570.54113728
2021-11-06 10:00:00+00:00,3286592.14985508
2021-11-06 11:00:00+00:00,3286666.4784806003
2021-11-06 12:00:00+00:00,3287035.39200773
2021-11-06 13:00:00+00:00,3285882.34234574
2021-11-06 14:00:00+00:00,3285820.1136975503
2021-11-06 15:00:00+00:00,3285968.19646109
2021-11-06 16:00:00+00:00,3285636.76379496
2021-11-06 17:00:00+00:00,3285758.87231642
2021-11-06 18:00:00+00:00,3285787.91105205
2021-11-06 19:00:00+00:00,3285801.4414633303
2021-11-06 20:00:00+00:00,3275900.1712002
2021-11-06 21:00:00+00:00,3275925.04530185
2021-11-06 22:00:00+00:00,3275929.1671765
2021-11-06 23:00:00+00:00,3275931.17254276
2021-11-07 00:00:00+00:00,3276063.16036481
2021-11-07 01:00:00+00:00,3276128.70905243
2021-11-07 02:00:00+00:00,3276212.35248404
2021-11-07 03:00:00+00:00,3276413.3234360903
2021-11-07 04:00:00+00:00,3276303.01906826
2021-11-07 05:00:00+00:00,3276309.43042526
2021-11-07 06:00:00+00:00,3276391.6178941
2021-11-07 07:00:00+00:00,3274949.16802691
2021-11-07 08:00:00+00:00,3274946.08570875
2021-11-07 09:00:00+00:00,3274975.11792495
2021-11-07 10:00:00+00:00,3274752.38438632
2021-11-07 11:00:00+00:00,3274830.45968626
2021-11-07 12:00:00+00:00,3274921.51977643
2021-11-07 13:00:00+00:00,3275027.05124408
2021-11-07 14:00:00+00:00,3274732.85591919
2021-11-07 15:00:00+00:00,3274771.89962331
2021-11-07 16:00:00+00:00,3274758.46193337
2021-11-07 17:00:00+00:00,3274828.72747364
2021-11-07 18:00:00+00:00,3274822.54026769
2021-11-07 19:00:00+00:00,3274759.33771299
2021-11-07 20:00:00+00:00,3274773.6372455
2021-11-07 21:00:00+00:00,3273770.40433519
2021-11-07 22:00:00+00:00,3274778.41414491
2021-11-07 23:00:00+00:00,3274814.79980043
2021-11-08 00:00:00+00:00,3273791.20247961
2021-11-08 01:00:00+00:00,3273888.42603349
2021-11-08 02:00:00+00:00,3272562.5349115003
2021-11-08 03:00:00+00:00,3272985.71418823
2021-11-08 04:00:00+00:00,3273596.93367263
2021-11-08 05:00:00+00:00,3273480.6979043502
2021-11-08 06:00:00+00:00,3273304.3724077
2021-11-08 07:00:00+00:00,3273771.29355384
2021-11-08 08:00:00+00:00,3273680.5412778
2021-11-08 09:00:00+00:00,3273293.27581124
2021-11-08 10:00:00+00:00,3263580.01846454
2021-11-08 11:00:00+00:00,3263972.18693469
2021-11-08 12:00:00+00:00,3270405.50966428
2021-11-08 13:00:00+00:00,3269428.88259134
2021-11-08 14:00:00+00:00,3270284.46343383
2021-11-08 15:00:00+00:00,3269683.83655891
2021-11-08 16:00:00+00:00,3270990.03027853
2021-11-08 17:00:00+00:00,3269738.13298953
2021-11-08 18:00:00+00:00,3268504.00663202
2021-11-08 19:00:00+00:00,3269489.27180816
2021-11-08 20:00:00+00:00,3270568.47311534
2021-11-08 21:00:00+00:00,3270288.9581807703
2021-11-08 22:00:00+00:00,3270125.09383403
2021-11-08 23:00:00+00:00,3270202.11304122
2021-11-09 00:00:00+00:00,3269958.91597578
2021-11-09 01:00:00+00:00,3270525.2332349103
2021-11-09 02:00:00+00:00,3270719.4132425203
2021-11-09 03:00:00+00:00,3270415.00912448
2021-11-09 04:00:00+00:00,3270068.71835597
2021-11-09 05:00:00+00:00,3270072.79174278
2021-11-09 06:00:00+00:00,3269202.59889644
2021-11-09 07:00:00+00:00,3269624.33962624
2021-11-09 08:00:00+00:00,3269735.31945088
2021-11-09 09:00:00+00:00,3269776.55557171
2021-11-09 10:00:00+00:00,3270877.13886075
2021-11-09 11:00:00+00:00,3269747.38432875
2021-11-09 12:00:00+00:00,3269765.7608938003
2021-11-09 13:00:00+00:00,3268549.17818605
2021-11-09 14:00:00+00:00,3269301.35846104
2021-11-09 15:00:00+00:00,3258712.87932347
2021-11-09 16:00:00+00:00,3258152.28037227
2021-11-09 17:00:00+00:00,3257734.11135381
2021-11-09 18:00:00+00:00,3257183.61106928
2021-11-09 19:00:00+00:00,3258591.32259324
2021-11-09 20:00:00+00:00,3258938.19382251
2021-11-09 21:00:00+00:00,3259355.37956382
2021-11-09 22:00:00+00:00,3258372.35364282
2021-11-09 23:00:00+00:00,3255601.50915387
2021-11-10 00:00:00+00:00,3253268.19566854
2021-11-10 01:00:00+00:00,3254339.76120226
2021-11-10 02:00:00+00:00,3254423.43156236
2021-11-10 03:00:00+00:00,3253370.60601474
2021-11-10 04:00:00+00:00,3253355.54113998
2021-11-10 05:00:00+00:00,3253355.54113998
2021-11-10 06:00:00+00:00,3252269.9920472503
2021-11-10 07:00:00+00:00,3252277.84551954
2021-11-10 08:00:00+00:00,3253389.69427473
2021-11-10 09:00:00+00:00,3253302.48471387
2021-11-10 10:00:00+00:00,3252101.7526375502
2021-11-10 11:00:00+00:00,3253400.29644936
2021-11-10 12:00:00+00:00,3253316.85958733
2021-11-10 13:00:00+00:00,3253785.69645319
2021-11-10 14:00:00+00:00,3256530.59437546
2021-11-10 15:00:00+00:00,3257456.54194537
2021-11-10 16:00:00+00:00,3256135.43425828
2021-11-10 17:00:00+00:00,3267560.16064355
2021-11-10 18:00:00+00:00,3266236.99665688
2021-11-10 19:00:00+00:00,3265037.31107355
2021-11-10 20:00:00+00:00,3265291.17357838
2021-11-10 21:00:00+00:00,3268518.40649204
2021-11-10 22:00:00+00:00,3258959.51702878
2021-11-10 23:00:00+00:00,3269141.42447473
2021-11-11 00:00:00+00:00,3268922.18823726
2021-11-11 01:00:00+00:00,3259183.16411006
2021-11-11 02:00:00+00:00,3259432.0323216203
2021-11-11 03:00:00+00:00,3259516.29903187
2021-11-11 04:00:00+00:00,3259574.5664180303
2021-11-11 05:00:00+00:00,3263215.92915485
2021-11-11 06:00:00+00:00,3263128.96814692
2021-11-11 07:00:00+00:00,3263299.25916363
2021-11-11 08:00:00+00:00,3262029.51167627
2021-11-11 09:00:00+00:00,3262043.20442125
2021-11-11 10:00:00+00:00,3262037.02954019
2021-11-11 11:00:00+00:00,3261808.46622282
2021-11-11 12:00:00+00:00,3263681.2326954403
2021-11-11 13:00:00+00:00,3264066.16453548
2021-11-11 14:00:00+00:00,3263895.60142957
2021-11-11 15:00:00+00:00,3264295.00917411
2021-11-11 16:00:00+00:00,3264392.98984486
2021-11-11 17:00:00+00:00,3264359.6642154
2021-11-11 18:00:00+00:00,3264380.4561637
2021-11-11 19:00:00+00:00,3264274.9923305903
2021-11-11 20:00:00+00:00,3264354.1556404103
2021-11-11 21:00:00+00:00,3264467.74364663
2021-11-11 22:00:00+00:00,3264460.91504094
2021-11-11 23:00:00+00:00,3273468.01919167
2021-11-12 00:00:00+00:00,3272714.31006171
2021-11-12 01:00:00+00:00,3273080.49539875
2021-11-12 02:00:00+00:00,3272939.48236215
2021-11-12 03:00:00+00:00,3272938.64705072
2021-11-12 04:00:00+00:00,3272099.32130966
2021-11-12 05:00:00+00:00,3271894.1919141803
2021-11-12 06:00:00+00:00,3272323.39917786
2021-11-12 07:00:00+00:00,3272522.01870139
2021-11-12 08:00:00+00:00,3271204.35444241
2021-11-12 09:00:00+00:00,3271404.70500087
2021-11-12 10:00:00+00:00,3273042.31708077
2021-11-12 11:00:00+00:00,3274476.83118117
2021-11-12 12:00:00+00:00,3274426.36553674
2021-11-12 13:00:00+00:00,3274314.01408404
2021-11-12 14:00:00+00:00,3273727.15327946
2021-11-12 15:00:00+00:00,3272866.91703032
2021-11-12 16:00:00+00:00,3272706.04618898
2021-11-12 17:00:00+00:00,3278136.44769612
2021-11-12 18:00:00+00:00,3277882.60246914
2021-11-12 19:00:00+00:00,3276839.48514971
2021-11-12 20:00:00+00:00,3276739.2198702
2021-11-12 21:00:00+00:00,3277025.61814871
2021-11-12 22:00:00+00:00,3277189.67774664
2021-11-12 23:00:00+00:00,3278683.84096205
2021-11-13 00:00:00+00:00,3278572.98581287
2021-11-13 01:00:00+00:00,3277652.80371777
2021-11-13 02:00:00+00:00,3277806.15066642
2021-11-13 03:00:00+00:00,3277780.61215456
2021-11-13 04:00:00+00:00,3277750.51268035
2021-11-13 05:00:00+00:00,3277783.72759963
2021-11-13 06:00:00+00:00,3277754.13887831
2021-11-13 07:00:00+00:00,3277660.76713053
2021-11-13 08:00:00+00:00,3278876.96562884
2021-11-13 09:00:00+00:00,3278928.82294269
2021-11-13 10:00:00+00:00,3278918.06611356
2021-11-13 11:00:00+00:00,3278950.2655819203
2021-11-13 12:00:00+00:00,3280175.1139437603
2021-11-13 13:00:00+00:00,3280350.00651357
2021-11-13 14:00:00+00:00,3281340.74058417
2021-11-13 15:00:00+00:00,3281425.61051563
2021-11-13 16:00:00+00:00,3281508.88118297
2021-11-13 17:00:00+00:00,3281513.27243995
2021-11-13 18:00:00+00:00,3282743.56887466
2021-11-13 19:00:00+00:00,3282731.94161038
2021-11-13 20:00:00+00:00,3282904.35445501
2021-11-13 21:00:00+00:00,3283100.2570777303
2021-11-13 22:00:00+00:00,3283109.12394588
2021-11-13 23:00:00+00:00,3283021.80673122
2021-11-14 00:00:00+00:00,3282997.61392644
2021-11-14 01:00:00+00:00,3283097.23352369
2021-11-14 02:00:00+00:00,3283167.81381765
2021-11-14 03:00:00+00:00,3279888.50647403
2021-11-14 04:00:00+00:00,3279903.25380545
2021-11-14 05:00:00+00:00,3279898.13652556
2021-11-14 06:00:00+00:00,3279979.82268513
2021-11-14 07:00:00+00:00,3279941.95357676
2021-11-14 08:00:00+00:00,3279770.005654
2021-11-14 09:00:00+00:00,3279724.75365328
2021-11-14 10:00:00+00:00,3279619.62056933
2021-11-14 11:00:00+00:00,3279787.81818895
2021-11-14 12:00:00+00:00,3279825.5285461
2021-11-14 13:00:00+00:00,3280836.96701938
2021-11-14 14:00:00+00:00,3280912.22906391
2021-11-14 15:00:00+00:00,3280898.51785674
2021-11-14 16:00:00+00:00,3280428.3698801203
2021-11-14 17:00:00+00:00,3280465.60409652
2021-11-14 18:00:00+00:00,3280563.6828237
2021-11-14 19:00:00+00:00,3280754.26878807
2021-11-14 20:00:00+00:00,3280704.38212012
2021-11-14 21:00:00+00:00,3280820.24165959
2021-11-14 22:00:00+00:00,3280789.77199604
2021-11-14 23:00:00+00:00,3281067.94780634
2021-11-15 00:00:00+00:00,3280744.1855157
2021-11-15 01:00:00+00:00,3280742.30602028
2021-11-15 02:00:00+00:00,3280345.57617884
2021-11-15 03:00:00+00:00,3280348.97355561
2021-11-15 04:00:00+00:00,3281272.63339627
2021-11-15 05:00:00+00:00,3281071.07824402
2021-11-15 06:00:00+00:00,3281085.81552157
2021-11-15 07:00:00+00:00,3281001.99471948
2021-11-15 08:00:00+00:00,3281113.4882250703
2021-11-15 09:00:00+00:00,3282131.70251061
2021-11-15 10:00:00+00:00,3281461.0872486
2021-11-15 11:00:00+00:00,3281589.3006996103
2021-11-15 12:00:00+00:00,3280377.2003029003
2021-11-15 13:00:00+00:00,3280502.22317989
2021-11-15 14:00:00+00:00,3280694.8109281403
2021-11-15 15:00:00+00:00,3277582.68955312
2021-11-15 16:00:00+00:00,3277576.10456252
2021-11-15 17:00:00+00:00,3276141.22882772
2021-11-15 18:00:00+00:00,3276608.7042963
2021-11-15 19:00:00+00:00,3276815.57554322
2021-11-15 20:00:00+00:00,3277330.69399022
2021-11-15 21:00:00+00:00,3275328.43557606
2021-11-15 22:00:00+00:00,3278649.7318701902
2021-11-15 23:00:00+00:00,3277569.76447572
2021-11-16 00:00:00+00:00,3276628.15798912
2021-11-16 01:00:00+00:00,3277278.97580239
2021-11-16 02:00:00+00:00,3274245.43707765
2021-11-16 03:00:00+00:00,3268266.5286181
2021-11-16 04:00:00+00:00,3269453.04736803
2021-11-16 05:00:00+00:00,3269434.64616036
2021-11-16 06:00:00+00:00,3269126.39867863
2021-11-16 07:00:00+00:00,3270127.53487301
2021-11-16 08:00:00+00:00,3269127.13457691
2021-11-16 09:00:00+00:00,3268375.1233822
2021-11-16 10:00:00+00:00,3269238.04451493
2021-11-16 11:00:00+00:00,3268054.25908033
2021-11-16 12:00:00+00:00,3268438.2735583503
2021-11-16 13:00:00+00:00,3269946.63394349
2021-11-16 14:00:00+00:00,3271890.10931101
2021-11-16 15:00:00+00:00,3273456.99388477
2021-11-16 16:00:00+00:00,3272805.75167909
2021-11-16 17:00:00+00:00,3272030.29466395
2021-11-16 18:00:00+00:00,3271910.51713954
2021-11-16 19:00:00+00:00,3271929.17171853
2021-11-16 20:00:00+00:00,3272947.34334874
2021-11-16 21:00:00+00:00,3272075.2942970702
2021-11-16 22:00:00+00:00,3275752.1577727
2021-11-16 23:00:00+00:00,3270782.23640465
2021-11-17 00:00:00+00:00,3272026.64882468
2021-11-17 01:00:00+00:00,3270349.7242846102
2021-11-17 02:00:00+00:00,3269326.94552548
2021-11-17 03:00:00+00:00,3267709.9120435603
2021-11-17 04:00:00+00:00,3270071.02320082
2021-11-17 05:00:00+00:00,3269067.3457582
2021-11-17 06:00:00+00:00,3269038.0509813502
2021-11-17 07:00:00+00:00,3278272.00964085
2021-11-17 08:00:00+00:00,3280944.91883404
2021-11-17 09:00:00+00:00,3281541.32924285
2021-11-17 10:00:00+00:00,3280335.00602508
2021-11-17 11:00:00+00:00,3280414.31735599
2021-11-17 12:00:00+00:00,3281908.23900683
2021-11-17 13:00:00+00:00,3281630.2700874
2021-11-17 14:00:00+00:00,3281871.8447397803
2021-11-17 15:00:00+00:00,3282190.2578578102
2021-11-17 16:00:00+00:00,3284823.17954865
2021-11-17 17:00:00+00:00,3282316.42775664
2021-11-17 18:00:00+00:00,3283740.40334535
2021-11-17 19:00:00+00:00,3282836.01853633
2021-11-17 20:00:00+00:00,3282935.0156729203
2021-11-17 21:00:00+00:00,3282209.85813229
2021-11-17 22:00:00+00:00,3279905.63801606
2021-11-17 23:00:00+00:00,3279895.3483310603
2021-11-18 00:00:00+00:00,3279390.71948387
2021-11-18 01:00:00+00:00,3279366.88450561
2021-11-18 02:00:00+00:00,3285681.89767327
2021-11-18 03:00:00+00:00,3285233.84685067
2021-11-18 04:00:00+00:00,3285253.81986245
2021-11-18 05:00:00+00:00,3286835.99220275
2021-11-18 06:00:00+00:00,3286831.73646527
2021-11-18 07:00:00+00:00,3287970.91262443
2021-11-18 08:00:00+00:00,3287452.07936797
2021-11-18 09:00:00+00:00,3287131.7848067903
2021-11-18 10:00:00+00:00,3287466.97616488
2021-11-18 11:00:00+00:00,3287474.09955501
2021-11-18 12:00:00+00:00,3288483.72845429
2021-11-18 13:00:00+00:00,3287681.70070204
2021-11-18 14:00:00+00:00,3289376.75978734
2021-11-18 15:00:00+00:00,3290386.03349955
2021-11-18 16:00:00+00:00,3290335.81773258
2021-11-18 17:00:00+00:00,3285157.6263663
2021-11-18 18:00:00+00:00,3285188.93262133
2021-11-18 19:00:00+00:00,3286057.15334758
2021-11-18 20:00:00+00:00,3287664.34186389
2021-11-18 21:00:00+00:00,3275787.88326522
2021-11-18 22:00:00+00:00,3284004.91166608
2021-11-18 23:00:00+00:00,3285103.1447083503
2021-11-19 00:00:00+00:00,3284518.17305695
2021-11-19 01:00:00+00:00,3284989.47483207
2021-11-19 02:00:00+00:00,3283193.94127784
2021-11-19 03:00:00+00:00,3283016.15206649
2021-11-19 04:00:00+00:00,3283275.89233233
2021-11-19 05:00:00+00:00,3283409.33494388
2021-11-19 06:00:00+00:00,3283266.67829473
2021-11-19 07:00:00+00:00,3283345.83605876
2021-11-19 08:00:00+00:00,3283388.4488175903
2021-11-19 09:00:00+00:00,3283613.51064553
2021-11-19 10:00:00+00:00,3283870.47027897
2021-11-19 11:00:00+00:00,3283853.67721264
2021-11-19 12:00:00+00:00,3283826.5526214303
2021-11-19 13:00:00+00:00,3282389.09232944
2021-11-19 14:00:00+00:00,3281727.43474292
2021-11-19 15:00:00+00:00,3282142.45496625
2021-11-19 16:00:00+00:00,3281100.0651199003
2021-11-19 17:00:00+00:00,3281597.50655714
2021-11-19 18:00:00+00:00,3282127.19824233
2021-11-19 19:00:00+00:00,3281441.83655432
2021-11-19 20:00:00+00:00,3280191.80605117
2021-11-19 21:00:00+00:00,3280191.80605117
2021-11-19 22:00:00+00:00,3279852.3448912
2021-11-19 23:00:00+00:00,3282670.57731095
2021-11-20 00:00:00+00:00,3282893.99046833
2021-11-20 01:00:00+00:00,3281653.63082191
2021-11-20 02:00:00+00:00,3280604.80505281
2021-11-20 03:00:00+00:00,3279062.4538328103
2021-11-20 04:00:00+00:00,3278978.7463568603
2021-11-20 05:00:00+00:00,3279309.75841893
2021-11-20 06:00:00+00:00,3277805.9300938803
2021-11-20 07:00:00+00:00,3277833.50166975
2021-11-20 08:00:00+00:00,3277845.93993669
2021-11-20 09:00:00+00:00,3277914.93347384
2021-11-20 10:00:00+00:00,3277968.39149682
2021-11-20 11:00:00+00:00,3277937.00733555
2021-11-20 12:00:00+00:00,3278924.25395208
2021-11-20 13:00:00+00:00,3278924.25395208
2021-11-20 14:00:00+00:00,3278902.42639771
2021-11-20 15:00:00+00:00,3278898.77384037
2021-11-20 16:00:00+00:00,3279517.31802001
2021-11-20 17:00:00+00:00,3279514.35917442
2021-11-20 18:00:00+00:00,3279577.17618091
2021-11-20 19:00:00+00:00,3279678.86101954
2021-11-20 20:00:00+00:00,3279679.39702829
2021-11-20 21:00:00+00:00,3279733.15544693
2021-11-20 22:00:00+00:00,3279621.18124006
2021-11-20 23:00:00+00:00,3279799.8082818203
2021-11-21 00:00:00+00:00,3279871.60418521
2021-11-21 01:00:00+00:00,3280692.7759338003
2021-11-21 02:00:00+00:00,3280552.5011602
2021-11-21 03:00:00+00:00,3281291.97682258
2021-11-21 04:00:00+00:00,3282015.4536490203
2021-11-21 05:00:00+00:00,3281980.10149481
2021-11-21 06:00:00+00:00,3281993.2949841903
2021-11-21 07:00:00+00:00,3282117.1372256503
2021-11-21 08:00:00+00:00,3282107.0638118302
2021-11-21 09:00:00+00:00,3283238.57625176
2021-11-21 10:00:00+00:00,3283259.57864118
2021-11-21 11:00:00+00:00,3284309.99189816
2021-11-21 12:00:00+00:00,3284015.28953157
2021-11-21 13:00:00+00:00,3284378.16595766
2021-11-21 14:00:00+00:00,3284360.79457317
2021-11-21 15:00:00+00:00,3284440.42648876
2021-11-21 16:00:00+00:00,3283133.99850828
2021-11-21 17:00:00+00:00,3282918.72232763
2021-11-21 18:00:00+00:00,3283052.57632963
2021-11-21 19:00:00+00:00,3282819.46602335
2021-11-21 20:00:00+00:00,3282798.6285411
2021-11-21 21:00:00+00:00,3282843.76887317
2021-11-21 22:00:00+00:00,3283892.50741411
2021-11-21 23:00:00+00:00,3283885.45394736
2021-11-22 00:00:00+00:00,3282767.11943156
2021-11-22 01:00:00+00:00,3283866.91677486
2021-11-22 02:00:00+00:00,3283417.97873559
2021-11-22 03:00:00+00:00,3279555.0154164
2021-11-22 04:00:00+00:00,3279672.3201422403
2021-11-22 05:00:00+00:00,3280749.27386081
2021-11-22 06:00:00+00:00,3281058.06307874
2021-11-22 07:00:00+00:00,3281698.33611353
2021-11-22 08:00:00+00:00,3281176.30733946
2021-11-22 09:00:00+00:00,3281498.4247735003
2021-11-22 10:00:00+00:00,3281491.73338886
2021-11-22 11:00:00+00:00,3281521.16149759
2021-11-22 12:00:00+00:00,3281711.99526057
2021-11-22 13:00:00+00:00,3281777.9863316
2021-11-22 14:00:00+00:00,3286992.25984373
2021-11-22 15:00:00+00:00,3287106.3359031603
2021-11-22 16:00:00+00:00,3282348.74192548
2021-11-22 17:00:00+00:00,3282075.10145709
2021-11-22 18:00:00+00:00,3282846.2957368903
2021-11-22 19:00:00+00:00,3281822.11404477
2021-11-22 20:00:00+00:00,3286200.12790089
2021-11-22 21:00:00+00:00,3285979.629607
2021-11-22 22:00:00+00:00,3287586.7441262
2021-11-22 23:00:00+00:00,3289213.10461164
2021-11-23 00:00:00+00:00,3287306.20957312
2021-11-23 01:00:00+00:00,3287492.58545221
2021-11-23 02:00:00+00:00,3287755.28109034
2021-11-23 03:00:00+00:00,3287762.12824078
2021-11-23 04:00:00+00:00,3287915.92052859
2021-11-23 05:00:00+00:00,3287800.2250633
2021-11-23 06:00:00+00:00,3287854.12927464
2021-11-23 07:00:00+00:00,3287941.88877143
2021-11-23 08:00:00+00:00,3290125.29062727
2021-11-23 09:00:00+00:00,3289954.84960732
2021-11-23 10:00:00+00:00,3289843.33673517
2021-11-23 11:00:00+00:00,3288501.3496917803
2021-11-23 12:00:00+00:00,3287598.4357604203
2021-11-23 13:00:00+00:00,3286346.45665444
2021-11-23 14:00:00+00:00,3285553.74457964
2021-11-23 15:00:00+00:00,3285912.81636952
2021-11-23 16:00:00+00:00,3280740.0376473
2021-11-23 17:00:00+00:00,3280767.57182906
2021-11-23 18:00:00+00:00,3279108.76434994
2021-11-23 19:00:00+00:00,3280008.99257032
2021-11-23 20:00:00+00:00,3281304.1224322203
2021-11-23 21:00:00+00:00,3281459.72372348
2021-11-23 22:00:00+00:00,3281504.63515587
2021-11-23 23:00:00+00:00,3280229.79741903
2021-11-24 00:00:00+00:00,3279491.86443573
2021-11-24 01:00:00+00:00,3279273.95318956
2021-11-24 02:00:00+00:00,3280340.71856014
2021-11-24 03:00:00+00:00,3280131.3327142103
2021-11-24 04:00:00+00:00,3280234.64260454
2021-11-24 05:00:00+00:00,3280075.07445336
2021-11-24 06:00:00+00:00,3280146.24097077
2021-11-24 07:00:00+00:00,3279020.432174
2021-11-24 08:00:00+00:00,3280285.97284753
2021-11-24 09:00:00+00:00,3278830.4880958903
2021-11-24 10:00:00+00:00,3277614.33631301
2021-11-24 11:00:00+00:00,3276617.74143359
2021-11-24 12:00:00+00:00,3277047.16281161
2021-11-24 13:00:00+00:00,3276525.92601907
2021-11-24 14:00:00+00:00,3275886.50192881
2021-11-24 15:00:00+00:00,3275915.2419250603
2021-11-24 16:00:00+00:00,3275991.3829172
2021-11-24 17:00:00+00:00,3274983.09664248
2021-11-24 18:00:00+00:00,3273786.21942053
2021-11-24 19:00:00+00:00,3272948.8759227
2021-11-24 20:00:00+00:00,3273034.5071265902
2021-11-24 21:00:00+00:00,3273051.93177529
2021-11-24 22:00:00+00:00,3274353.30775186
2021-11-24 23:00:00+00:00,3274343.7796506
2021-11-25 00:00:00+00:00,3273380.24915885
2021-11-25 01:00:00+00:00,3274097.02849842
2021-11-25 02:00:00+00:00,3273920.32180593
2021-11-25 03:00:00+00:00,3273844.69930748
2021-11-25 04:00:00+00:00,3273925.5115785003
2021-11-25 05:00:00+00:00,3273866.85123062
2021-11-25 06:00:00+00:00,3274015.63550879
2021-11-25 07:00:00+00:00,3274081.41986372
2021-11-25 08:00:00+00:00,3275024.2578359
2021-11-25 09:00:00+00:00,3274042.52958462
2021-11-25 10:00:00+00:00,3274377.73875841
2021-11-25 11:00:00+00:00,3275596.22433057
2021-11-25 12:00:00+00:00,3275620.10312337
2021-11-25 13:00:00+00:00,3275691.9620569902
2021-11-25 14:00:00+00:00,3276775.36806363
2021-11-25 15:00:00+00:00,3276440.16304983
2021-11-25 16:00:00+00:00,3276279.4988537
2021-11-25 17:00:00+00:00,3276064.11185044
2021-11-25 18:00:00+00:00,3282218.30479391
2021-11-25 19:00:00+00:00,3282249.86068672
2021-11-25 20:00:00+00:00,3280688.10848241
2021-11-25 21:00:00+00:00,3281573.20649466
2021-11-25 22:00:00+00:00,3280548.18855302
2021-11-25 23:00:00+00:00,3280398.5286526
2021-11-26 00:00:00+00:00,3280507.16739207
2021-11-26 01:00:00+00:00,3280002.09632445
2021-11-26 02:00:00+00:00,3279624.0997420503
2021-11-26 03:00:00+00:00,3268155.97044631
2021-11-26 04:00:00+00:00,3265407.32939049
2021-11-26 05:00:00+00:00,3265308.9074488003
2021-11-26 06:00:00+00:00,3265457.36525752
2021-11-26 07:00:00+00:00,3265091.98759415
2021-11-26 08:00:00+00:00,3264203.83589708
2021-11-26 09:00:00+00:00,3264116.31216243
2021-11-26 10:00:00+00:00,3264963.43966666
2021-11-26 11:00:00+00:00,3264619.93082501
2021-11-26 12:00:00+00:00,3264134.81582586
2021-11-26 13:00:00+00:00,3265532.06132159
2021-11-26 14:00:00+00:00,3265395.1167125
2021-11-26 15:00:00+00:00,3268624.5521968
2021-11-26 16:00:00+00:00,3268811.52158537
2021-11-26 17:00:00+00:00,3270677.5445621
2021-11-26 18:00:00+00:00,3270584.52013323
2021-11-26 19:00:00+00:00,3269756.89884749
2021-11-26 20:00:00+00:00,3268617.17626137
2021-11-26 21:00:00+00:00,3266952.417222
2021-11-26 22:00:00+00:00,3267723.2459163
2021-11-26 23:00:00+00:00,3265354.4692597003
2021-11-27 00:00:00+00:00,3264947.02080174
2021-11-27 01:00:00+00:00,3264948.73142013
2021-11-27 02:00:00+00:00,3264999.8511465
2021-11-27 03:00:00+00:00,3265106.50527958
2021-11-27 04:00:00+00:00,3265099.45651774
2021-11-27 05:00:00+00:00,3264934.74874222
2021-11-27 06:00:00+00:00,3264972.62374579
2021-11-27 07:00:00+00:00,3266055.8457992
2021-11-27 08:00:00+00:00,3265290.43532279
2021-11-27 09:00:00+00:00,3265333.62184145
2021-11-27 10:00:00+00:00,3264594.93477888
2021-11-27 11:00:00+00:00,3265666.6253625
2021-11-27 12:00:00+00:00,3265722.97872244
2021-11-27 13:00:00+00:00,3265936.55789908
2021-11-27 14:00:00+00:00,3266010.6155378
2021-11-27 15:00:00+00:00,3267498.55964413
2021-11-27 16:00:00+00:00,3267557.89980919
2021-11-27 17:00:00+00:00,3267679.34131414
2021-11-27 18:00:00+00:00,3267671.70824309
2021-11-27 19:00:00+00:00,3267586.55205564
2021-11-27 20:00:00+00:00,3267457.40245373
2021-11-27 21:00:00+00:00,3267469.04579872
2021-11-27 22:00:00+00:00,3267514.92257612
2021-11-27 23:00:00+00:00,3267475.67576149
2021-11-28 00:00:00+00:00,3267487.55721433
2021-11-28 01:00:00+00:00,3267522.18428043
2021-11-28 02:00:00+00:00,3266450.32074073
2021-11-28 03:00:00+00:00,3266414.04558284
2021-11-28 04:00:00+00:00,3266432.07594658
2021-11-28 05:00:00+00:00,3266539.60644054
2021-11-28 06:00:00+00:00,3266479.7259924
2021-11-28 07:00:00+00:00,3266634.52704738
2021-11-28 08:00:00+00:00,3266624.74025562
2021-11-28 09:00:00+00:00,3266660.00898549
2021-11-28 10:00:00+00:00,3266668.10584962
2021-11-28 11:00:00+00:00,3266764.7708761003
2021-11-28 12:00:00+00:00,3266882.7142104
2021-11-28 13:00:00+00:00,3268096.9811107
2021-11-28 14:00:00+00:00,3268100.89364945
2021-11-28 15:00:00+00:00,3268052.59946808
2021-11-28 16:00:00+00:00,3268108.9432734
2021-11-28 17:00:00+00:00,3268243.93324937
2021-11-28 18:00:00+00:00,3268257.09077093
2021-11-28 19:00:00+00:00,3268140.43798699
2021-11-28 20:00:00+00:00,3268363.10316221
2021-11-28 21:00:00+00:00,3267789.530376
2021-11-28 22:00:00+00:00,3267778.89389084
2021-11-28 23:00:00+00:00,3267800.34470713
2021-11-29 00:00:00+00:00,3268208.10503545
2021-11-29 01:00:00+00:00,3268469.8033965603
2021-11-29 02:00:00+00:00,3267406.33712715
2021-11-29 03:00:00+00:00,3267267.25444924
2021-11-29 04:00:00+00:00,3267461.4835164403
2021-11-29 05:00:00+00:00,3267413.3139868
2021-11-29 06:00:00+00:00,3267378.92057919
2021-11-29 07:00:00+00:00,3267582.11579014
2021-11-29 08:00:00+00:00,3266976.91078447
2021-11-29 09:00:00+00:00,3266835.06319478
2021-11-29 10:00:00+00:00,3269364.17878212
2021-11-29 11:00:00+00:00,3266693.6929939203
2021-11-29 12:00:00+00:00,3266075.58523303
2021-11-29 13:00:00+00:00,3267568.2811537
2021-11-29 14:00:00+00:00,3266917.35289553
2021-11-29 15:00:00+00:00,3265524.63234965
2021-11-29 16:00:00+00:00,3266114.65060985
2021-11-29 17:00:00+00:00,3264883.89212948
2021-11-29 18:00:00+00:00,3263037.29456918
2021-11-29 19:00:00+00:00,3265198.48120384
2021-11-29 20:00:00+00:00,3265189.08285156
2021-11-29 21:00:00+00:00,3265121.56160895
2021-11-29 22:00:00+00:00,3265135.96777693
2021-11-29 23:00:00+00:00,3265394.9927802403
2021-11-30 00:00:00+00:00,3265508.17957104
2021-11-30 01:00:00+00:00,3264343.08593992
2021-11-30 02:00:00+00:00,3263274.22654864
2021-11-30 03:00:00+00:00,3263348.66792191
2021-11-30 04:00:00+00:00,3264539.66327145
2021-11-30 05:00:00+00:00,3263484.50767638
2021-11-30 06:00:00+00:00,3263458.7709672
2021-11-30 07:00:00+00:00,3262593.70642253
2021-11-30 08:00:00+00:00,3261408.7322975
2021-11-30 09:00:00+00:00,3260253.39604902
2021-11-30 10:00:00+00:00,3260755.66555977
2021-11-30 11:00:00+00:00,3260876.8543864
2021-11-30 12:00:00+00:00,3261911.67628123
2021-11-30 13:00:00+00:00,3262943.20711908
2021-11-30 14:00:00+00:00,3263139.03253458
2021-11-30 15:00:00+00:00,3263615.2502896
2021-11-30 16:00:00+00:00,3262568.80816683
2021-11-30 17:00:00+00:00,3262081.34144055
2021-11-30 18:00:00+00:00,3262428.53410052
2021-11-30 19:00:00+00:00,3261026.21194243
2021-11-30 20:00:00+00:00,3261038.16257064
2021-11-30 21:00:00+00:00,3261469.33949449
2021-11-30 22:00:00+00:00,3259683.78594245
2021-11-30 23:00:00+00:00,3260559.32772507
2021-12-01 00:00:00+00:00,3260900.21578987
2021-12-01 01:00:00+00:00,3261838.2311343
2021-12-01 02:00:00+00:00,3260693.44105708
2021-12-01 03:00:00+00:00,3256315.18640318
2021-12-01 04:00:00+00:00,3256309.20090801
2021-12-01 05:00:00+00:00,3257411.71300815
2021-12-01 06:00:00+00:00,3257491.5623611403
2021-12-01 07:00:00+00:00,3257464.05250441
2021-12-01 08:00:00+00:00,3254858.36707205
2021-12-01 09:00:00+00:00,3254717.98170348
2021-12-01 10:00:00+00:00,3254556.6540813902
2021-12-01 11:00:00+00:00,3255080.47591724
2021-12-01 12:00:00+00:00,3254803.83050445
2021-12-01 13:00:00+00:00,3254744.34429821
2021-12-01 14:00:00+00:00,3255280.04629132
2021-12-01 15:00:00+00:00,3254844.79844904
2021-12-01 16:00:00+00:00,3257496.0284559103
2021-12-01 17:00:00+00:00,3257726.61532836
2021-12-01 18:00:00+00:00,3257130.69370919
2021-12-01 19:00:00+00:00,3256070.14243929
2021-12-01 20:00:00+00:00,3255901.72684719
2021-12-01 21:00:00+00:00,3251589.2855214803
2021-12-01 22:00:00+00:00,3248815.9933854
2021-12-01 23:00:00+00:00,3249042.4137482
2021-12-02 00:00:00+00:00,3249219.3168429
2021-12-02 01:00:00+00:00,3250761.2845593
2021-12-02 02:00:00+00:00,3238353.1026124503
2021-12-02 03:00:00+00:00,3239541.98231399
2021-12-02 04:00:00+00:00,3239551.46827404
2021-12-02 05:00:00+00:00,3239891.36005363
2021-12-02 06:00:00+00:00,3239657.4409405203
2021-12-02 07:00:00+00:00,3239704.15664177
2021-12-02 08:00:00+00:00,3237832.2570125903
2021-12-02 09:00:00+00:00,3235013.6092518303
2021-12-02 10:00:00+00:00,3233226.81334488
2021-12-02 11:00:00+00:00,3233465.4556020503
2021-12-02 12:00:00+00:00,3235879.84811693
2021-12-02 13:00:00+00:00,3235859.5254416
2021-12-02 14:00:00+00:00,3237044.20412722
2021-12-02 15:00:00+00:00,3237574.07924736
2021-12-02 16:00:00+00:00,3237863.48421474
2021-12-02 17:00:00+00:00,3238178.0791332102
2021-12-02 18:00:00+00:00,3236686.61200347
2021-12-02 19:00:00+00:00,3237470.38599163
2021-12-02 20:00:00+00:00,3237473.5472294902
2021-12-02 21:00:00+00:00,3237400.3375259503
2021-12-02 22:00:00+00:00,3237609.58421509
2021-12-02 23:00:00+00:00,3237261.96626874
2021-12-03 00:00:00+00:00,3237486.04421118
2021-12-03 01:00:00+00:00,3236630.20266502
2021-12-03 02:00:00+00:00,3235787.6910299603
2021-12-03 03:00:00+00:00,3235843.12205358
2021-12-03 04:00:00+00:00,3235894.52174563
2021-12-03 05:00:00+00:00,3234617.87929042
2021-12-03 06:00:00+00:00,3236109.49663265
2021-12-03 07:00:00+00:00,3235763.26454817
2021-12-03 08:00:00+00:00,3234934.98815877
2021-12-03 09:00:00+00:00,3235189.62045033
2021-12-03 10:00:00+00:00,3234983.3766101203
2021-12-03 11:00:00+00:00,3234764.26472748
2021-12-03 12:00:00+00:00,3234775.20603325
2021-12-03 13:00:00+00:00,3234874.7693355
2021-12-03 14:00:00+00:00,3233804.82529725
2021-12-03 15:00:00+00:00,3233629.91557824
2021-12-03 16:00:00+00:00,3235636.25942968
2021-12-03 17:00:00+00:00,3236393.09643262
2021-12-03 18:00:00+00:00,3234705.2247581203
2021-12-03 19:00:00+00:00,3235621.47727276
2021-12-03 20:00:00+00:00,3237965.43264158
2021-12-03 21:00:00+00:00,3239876.98313731
2021-12-03 22:00:00+00:00,3244295.0284028603
2021-12-03 23:00:00+00:00,3244817.2083844403
2021-12-04 00:00:00+00:00,3244618.89268162
2021-12-04 01:00:00+00:00,3250584.25366124
2021-12-04 02:00:00+00:00,3253431.83240834
2021-12-04 03:00:00+00:00,3249226.73813698
2021-12-04 04:00:00+00:00,3249290.69202967
2021-12-04 05:00:00+00:00,3240138.3652718
2021-12-04 06:00:00+00:00,3240423.30269517
2021-12-04 07:00:00+00:00,3238694.59832324
2021-12-04 08:00:00+00:00,3246182.52226908
2021-12-04 09:00:00+00:00,3247569.78257517
2021-12-04 10:00:00+00:00,3247329.13109808
2021-12-04 11:00:00+00:00,3248024.92120441
2021-12-04 12:00:00+00:00,3248165.99550047
2021-12-04 13:00:00+00:00,3248588.41772044
2021-12-04 14:00:00+00:00,3248909.07710815
2021-12-04 15:00:00+00:00,3249773.66672946
2021-12-04 16:00:00+00:00,3251526.03366909
2021-12-04 17:00:00+00:00,3257195.71467574
2021-12-04 18:00:00+00:00,3257362.73478371
2021-12-04 19:00:00+00:00,3259170.75195853
2021-12-04 20:00:00+00:00,3259373.62079111
2021-12-04 21:00:00+00:00,3258017.4605822302
2021-12-04 22:00:00+00:00,3258896.30229251
2021-12-04 23:00:00+00:00,3259964.9146383903
2021-12-05 00:00:00+00:00,3260158.72133875
2021-12-05 01:00:00+00:00,3261185.77391421
2021-12-05 02:00:00+00:00,3261417.68112336
2021-12-05 03:00:00+00:00,3260399.63522917
2021-12-05 04:00:00+00:00,3260463.48465492
2021-12-05 05:00:00+00:00,3260652.47520435
2021-12-05 06:00:00+00:00,3261662.63327817
2021-12-05 07:00:00+00:00,3261885.47287401
2021-12-05 08:00:00+00:00,3261944.16486233
2021-12-05 09:00:00+00:00,3262625.50220632
2021-12-05 10:00:00+00:00,3263108.75488483
2021-12-05 11:00:00+00:00,3264424.68374725
2021-12-05 12:00:00+00:00,3264969.60680131
2021-12-05 13:00:00+00:00,3265004.65158903
2021-12-05 14:00:00+00:00,3264935.52088424
2021-12-05 15:00:00+00:00,3263989.36433914
2021-12-05 16:00:00+00:00,3265106.4842104
2021-12-05 17:00:00+00:00,3265522.9254202303
2021-12-05 18:00:00+00:00,3265277.66458514
2021-12-05 19:00:00+00:00,3266562.87003303
2021-12-05 20:00:00+00:00,3266609.61798707
2021-12-05 21:00:00+00:00,3267915.4347616
2021-12-05 22:00:00+00:00,3267977.72295738
2021-12-05 23:00:00+00:00,3266262.65662179
2021-12-06 00:00:00+00:00,3266189.53738645
2021-12-06 01:00:00+00:00,3265836.95581159
2021-12-06 02:00:00+00:00,3265522.0120597603
2021-12-06 03:00:00+00:00,3265254.86877368
2021-12-06 04:00:00+00:00,3265488.04776771
2021-12-06 05:00:00+00:00,3265514.57465061
2021-12-06 06:00:00+00:00,3264803.5160404
2021-12-06 07:00:00+00:00,3265171.48203252
2021-12-06 08:00:00+00:00,3264895.97748149
2021-12-06 09:00:00+00:00,3264902.10188522
2021-12-06 10:00:00+00:00,3275768.48282476
2021-12-06 11:00:00+00:00,3275866.89495015
2021-12-06 12:00:00+00:00,3275094.390228
2021-12-06 13:00:00+00:00,3275807.34120226
2021-12-06 14:00:00+00:00,3275558.31712473
2021-12-06 15:00:00+00:00,3270864.96263023
2021-12-06 16:00:00+00:00,3271120.06834342
2021-12-06 17:00:00+00:00,3268798.53769155
2021-12-06 18:00:00+00:00,3269238.7087285
2021-12-06 19:00:00+00:00,3270803.6641562
2021-12-06 20:00:00+00:00,3260292.0349013503
2021-12-06 21:00:00+00:00,3258155.3557868702
2021-12-06 22:00:00+00:00,3256084.02233272
2021-12-06 23:00:00+00:00,3266411.44744094
2021-12-07 00:00:00+00:00,3263632.42226066
2021-12-07 01:00:00+00:00,3264078.3500085203
2021-12-07 02:00:00+00:00,3264081.36009818
2021-12-07 03:00:00+00:00,3264067.54043693
2021-12-07 04:00:00+00:00,3264170.38260138
2021-12-07 05:00:00+00:00,3264604.08306316
2021-12-07 06:00:00+00:00,3264574.0379266
2021-12-07 07:00:00+00:00,3265632.7511443
2021-12-07 08:00:00+00:00,3254598.67181565
2021-12-07 09:00:00+00:00,3254466.17399808
2021-12-07 10:00:00+00:00,3254550.6652541403
2021-12-07 11:00:00+00:00,3244984.62701123
2021-12-07 12:00:00+00:00,3246288.49801467
2021-12-07 13:00:00+00:00,3258399.41245591
2021-12-07 14:00:00+00:00,3258081.60380319
2021-12-07 15:00:00+00:00,3259584.29699261
2021-12-07 16:00:00+00:00,3259235.38421122
2021-12-07 17:00:00+00:00,3259265.28098648
2021-12-07 18:00:00+00:00,3260127.22747352
2021-12-07 19:00:00+00:00,3261348.7424354
2021-12-07 20:00:00+00:00,3261469.12876039
2021-12-07 21:00:00+00:00,3261755.70802637
2021-12-07 22:00:00+00:00,3264161.10545518
2021-12-07 23:00:00+00:00,3263328.97811484
2021-12-08 00:00:00+00:00,3262950.69911258
2021-12-08 01:00:00+00:00,3263064.97150682
2021-12-08 02:00:00+00:00,3263917.5216947203
2021-12-08 03:00:00+00:00,3264922.79558352
2021-12-08 04:00:00+00:00,3263872.08814687
2021-12-08 05:00:00+00:00,3264088.13114523
2021-12-08 06:00:00+00:00,3264347.28719587
2021-12-08 07:00:00+00:00,3265765.0966209
2021-12-08 08:00:00+00:00,3263394.59981535
2021-12-08 09:00:00+00:00,3262197.6830165703
2021-12-08 10:00:00+00:00,3262228.45368597
2021-12-08 11:00:00+00:00,3263607.1293038703
2021-12-08 12:00:00+00:00,3251038.73087995
2021-12-08 13:00:00+00:00,3252981.22902336
2021-12-08 14:00:00+00:00,3252930.10039567
2021-12-08 15:00:00+00:00,3253072.54179689
2021-12-08 16:00:00+00:00,3251487.43488021
2021-12-08 17:00:00+00:00,3251325.4748943
2021-12-08 18:00:00+00:00,3252737.0943423803
2021-12-08 19:00:00+00:00,3251358.0292574903
2021-12-08 20:00:00+00:00,3252819.49973789
2021-12-08 21:00:00+00:00,3251825.69690681
2021-12-08 22:00:00+00:00,3252907.59868682
2021-12-08 23:00:00+00:00,3252747.96555762
2021-12-09 00:00:00+00:00,3252898.2601379
2021-12-09 01:00:00+00:00,3236486.90688098
2021-12-09 02:00:00+00:00,3236176.4763273
2021-12-09 03:00:00+00:00,3236214.46983359
2021-12-09 04:00:00+00:00,3236269.03895373
2021-12-09 05:00:00+00:00,3237780.67498253
2021-12-09 06:00:00+00:00,3237975.68907109
2021-12-09 07:00:00+00:00,3254893.65522394
2021-12-09 08:00:00+00:00,3255068.65067777
2021-12-09 09:00:00+00:00,3254258.11666521
2021-12-09 10:00:00+00:00,3254036.33175438
2021-12-09 11:00:00+00:00,3254220.02207317
2021-12-09 12:00:00+00:00,3255332.11647407
2021-12-09 13:00:00+00:00,3255137.80805102
2021-12-09 14:00:00+00:00,3254285.44084163
2021-12-09 15:00:00+00:00,3253343.2567299
2021-12-09 16:00:00+00:00,3256978.6939852303
2021-12-09 17:00:00+00:00,3256666.35680878
2021-12-09 18:00:00+00:00,3256665.15123128
2021-12-09 19:00:00+00:00,3256626.3801861103
2021-12-09 20:00:00+00:00,3256690.12989708
2021-12-09 21:00:00+00:00,3256979.24515585
2021-12-09 22:00:00+00:00,3257294.76097513
2021-12-09 23:00:00+00:00,3265682.2568886
2021-12-10 00:00:00+00:00,3265302.21186065
2021-12-10 01:00:00+00:00,3265303.23824963
2021-12-10 02:00:00+00:00,3265334.0281886
2021-12-10 03:00:00+00:00,3264945.51217882
2021-12-10 04:00:00+00:00,3264671.35105477
2021-12-10 05:00:00+00:00,3263666.31556662
2021-12-10 06:00:00+00:00,3263696.0417449
2021-12-10 07:00:00+00:00,3264620.21409871
2021-12-10 08:00:00+00:00,3264572.40176859
2021-12-10 09:00:00+00:00,3263446.93635358
2021-12-10 10:00:00+00:00,3263320.5827470203
2021-12-10 11:00:00+00:00,3263245.31682697
2021-12-10 12:00:00+00:00,3261838.61749215
2021-12-10 13:00:00+00:00,3261849.47122253
2021-12-10 14:00:00+00:00,3253617.71907325
2021-12-10 15:00:00+00:00,3251868.21943804
2021-12-10 16:00:00+00:00,3253772.38404771
2021-12-10 17:00:00+00:00,3262519.84508479
2021-12-10 18:00:00+00:00,3262666.19216157
2021-12-10 19:00:00+00:00,3262472.5295362
2021-12-10 20:00:00+00:00,3263737.4435063503
2021-12-10 21:00:00+00:00,3263847.0866518803
2021-12-10 22:00:00+00:00,3264766.22935127
2021-12-10 23:00:00+00:00,3264708.98618541
2021-12-11 00:00:00+00:00,3256231.46763515
2021-12-11 01:00:00+00:00,3256196.70122639
2021-12-11 02:00:00+00:00,3254592.02365003
2021-12-11 03:00:00+00:00,3254609.84676598
2021-12-11 04:00:00+00:00,3254706.36758211
2021-12-11 05:00:00+00:00,3254865.05512232
2021-12-11 06:00:00+00:00,3254800.96413533
2021-12-11 07:00:00+00:00,3255003.3027299303
2021-12-11 08:00:00+00:00,3255017.76522381
2021-12-11 09:00:00+00:00,3255017.76522381
2021-12-11 10:00:00+00:00,3252338.21057881
2021-12-11 11:00:00+00:00,3252416.59851952
2021-12-11 12:00:00+00:00,3251522.30229832
2021-12-11 13:00:00+00:00,3252465.66267655
2021-12-11 14:00:00+00:00,3251756.26175255
2021-12-11 15:00:00+00:00,3250506.6286867
2021-12-11 16:00:00+00:00,3249682.21242368
2021-12-11 17:00:00+00:00,3251128.41030561
2021-12-11 18:00:00+00:00,3251028.87891113
2021-12-11 19:00:00+00:00,3251036.4591229903
2021-12-11 20:00:00+00:00,3251076.98940799
2021-12-11 21:00:00+00:00,3251079.78926463
2021-12-11 22:00:00+00:00,3251353.79288402
2021-12-11 23:00:00+00:00,3251382.46537806
2021-12-12 00:00:00+00:00,3251281.26038018
2021-12-12 01:00:00+00:00,3251298.48393238
2021-12-12 02:00:00+00:00,3251256.99882169
2021-12-12 03:00:00+00:00,3251273.1485416
2021-12-12 04:00:00+00:00,3251364.87252635
2021-12-12 05:00:00+00:00,3251348.5911546
2021-12-12 06:00:00+00:00,3251399.33499033
2021-12-12 07:00:00+00:00,3251269.4236204303
2021-12-12 08:00:00+00:00,3251289.14293126
2021-12-12 09:00:00+00:00,3251341.2428984
2021-12-12 10:00:00+00:00,3251282.56502754
2021-12-12 11:00:00+00:00,3251411.08060197
2021-12-12 12:00:00+00:00,3251522.86438164
2021-12-12 13:00:00+00:00,3251977.90224711
2021-12-12 14:00:00+00:00,3252026.69850661
2021-12-12 15:00:00+00:00,3253235.06630605
2021-12-12 16:00:00+00:00,3253475.32831652
2021-12-12 17:00:00+00:00,3253476.26034818
2021-12-12 18:00:00+00:00,3253742.33649921
2021-12-12 19:00:00+00:00,3253821.50682185
2021-12-12 20:00:00+00:00,3253820.4227935
2021-12-12 21:00:00+00:00,3253816.03063573
2021-12-12 22:00:00+00:00,3253819.65817424
2021-12-12 23:00:00+00:00,3253912.72894101
2021-12-13 00:00:00+00:00,3253862.77183114
2021-12-13 01:00:00+00:00,3253138.92183464
2021-12-13 02:00:00+00:00,3252582.45078603
2021-12-13 03:00:00+00:00,3252614.95785557
2021-12-13 04:00:00+00:00,3252652.45311267
2021-12-13 05:00:00+00:00,3253993.45469047
2021-12-13 06:00:00+00:00,3253992.77965461
2021-12-13 07:00:00+00:00,3255626.0328026903
2021-12-13 08:00:00+00:00,3255673.72404573
2021-12-13 09:00:00+00:00,3255977.73349959
2021-12-13 10:00:00+00:00,3256997.33316026
2021-12-13 11:00:00+00:00,3255415.02667073
2021-12-13 12:00:00+00:00,3263982.50901739
2021-12-13 13:00:00+00:00,3263279.05499983
2021-12-13 14:00:00+00:00,3264782.08577942
2021-12-13 15:00:00+00:00,3262855.19349751
2021-12-13 16:00:00+00:00,3264963.77121253
2021-12-13 17:00:00+00:00,3264604.3637454
2021-12-13 18:00:00+00:00,3264195.1295739203
2021-12-13 19:00:00+00:00,3264572.26526095
2021-12-13 20:00:00+00:00,3265855.8574932
2021-12-13 21:00:00+00:00,3266906.87339732
2021-12-13 22:00:00+00:00,3266931.02140468
2021-12-13 23:00:00+00:00,3268182.53084861
2021-12-14 00:00:00+00:00,3268832.84681762
2021-12-14 01:00:00+00:00,3269138.61706002
2021-12-14 02:00:00+00:00,3270026.34092265
2021-12-14 03:00:00+00:00,3269025.0611173003
2021-12-14 04:00:00+00:00,3268931.89255588
2021-12-14 05:00:00+00:00,3268907.58865987
2021-12-14 06:00:00+00:00,3269112.25034749
2021-12-14 07:00:00+00:00,3269270.45607874
2021-12-14 08:00:00+00:00,3270201.1534380303
2021-12-14 09:00:00+00:00,3270139.9038235
2021-12-14 10:00:00+00:00,3270213.3937832
2021-12-14 11:00:00+00:00,3270223.78340806
2021-12-14 12:00:00+00:00,3269585.46029466
2021-12-14 13:00:00+00:00,3268117.67163504
2021-12-14 14:00:00+00:00,3265033.96152002
2021-12-14 15:00:00+00:00,3264175.86329866
2021-12-14 16:00:00+00:00,3264955.0681667803
2021-12-14 17:00:00+00:00,3265600.09921699
2021-12-14 18:00:00+00:00,3265769.50130826
2021-12-14 19:00:00+00:00,3265020.91592135
2021-12-14 20:00:00+00:00,3267723.01189693
2021-12-14 21:00:00+00:00,3266564.56355902
2021-12-14 22:00:00+00:00,3266721.1403597603
2021-12-14 23:00:00+00:00,3268293.15158843
2021-12-15 00:00:00+00:00,3265650.44779542
2021-12-15 01:00:00+00:00,3266287.65599645
2021-12-15 02:00:00+00:00,3266195.96438427
2021-12-15 03:00:00+00:00,3266429.82233057
2021-12-15 04:00:00+00:00,3266526.46807312
2021-12-15 05:00:00+00:00,3266799.59825776
2021-12-15 06:00:00+00:00,3267279.16014915
2021-12-15 07:00:00+00:00,3267357.6585591403
2021-12-15 08:00:00+00:00,3267107.38732347
2021-12-15 09:00:00+00:00,3265701.58496072
2021-12-15 10:00:00+00:00,3265744.61514659
2021-12-15 11:00:00+00:00,3265728.50940376
2021-12-15 12:00:00+00:00,3265684.42120085
2021-12-15 13:00:00+00:00,3266356.21883644
2021-12-15 14:00:00+00:00,3266403.04384255
2021-12-15 15:00:00+00:00,3266498.00649193
2021-12-15 16:00:00+00:00,3266652.92833165
2021-12-15 17:00:00+00:00,3266694.5352059803
2021-12-15 18:00:00+00:00,3267900.28134853
2021-12-15 19:00:00+00:00,3266859.41541314
2021-12-15 20:00:00+00:00,3266624.84454675
2021-12-15 21:00:00+00:00,3267191.42249107
2021-12-15 22:00:00+00:00,3265834.86145633
2021-12-15 23:00:00+00:00,3265716.96944274
2021-12-16 00:00:00+00:00,3265941.88501456
2021-12-16 01:00:00+00:00,3265935.59889244
2021-12-16 02:00:00+00:00,3266998.13480287
2021-12-16 03:00:00+00:00,3266625.29568445
2021-12-16 04:00:00+00:00,3266505.16224099
2021-12-16 05:00:00+00:00,3266594.26394636
2021-12-16 06:00:00+00:00,3266074.0707454
2021-12-16 07:00:00+00:00,3256280.85332852
2021-12-16 08:00:00+00:00,3256451.70549465
2021-12-16 09:00:00+00:00,3256521.31944572
2021-12-16 10:00:00+00:00,3256783.5613217
2021-12-16 11:00:00+00:00,3256585.8246062603
2021-12-16 12:00:00+00:00,3255177.06487136
2021-12-16 13:00:00+00:00,3254791.4678025
2021-12-16 14:00:00+00:00,3254387.3347724
2021-12-16 15:00:00+00:00,3255271.38225875
2021-12-16 16:00:00+00:00,3260216.03672649
2021-12-16 17:00:00+00:00,3259480.52217293
2021-12-16 18:00:00+00:00,3258040.65245427
2021-12-16 19:00:00+00:00,3268775.87417563
2021-12-16 20:00:00+00:00,3268775.87417563
2021-12-16 21:00:00+00:00,3268872.9762406
2021-12-16 22:00:00+00:00,3270444.81598238
2021-12-16 23:00:00+00:00,3267739.0722544
2021-12-17 00:00:00+00:00,3268078.8648434603
2021-12-17 01:00:00+00:00,3267027.90468895
2021-12-17 02:00:00+00:00,3265884.9922255003
2021-12-17 03:00:00+00:00,3266014.38271867
2021-12-17 04:00:00+00:00,3264419.77208116
2021-12-17 05:00:00+00:00,3264479.99012943
2021-12-17 06:00:00+00:00,3264445.8785768603
2021-12-17 07:00:00+00:00,3264580.59524
2021-12-17 08:00:00+00:00,3264515.92789713
2021-12-17 09:00:00+00:00,3265204.59105853
2021-12-17 10:00:00+00:00,3264045.8520846902
2021-12-17 11:00:00+00:00,3264017.90941759
2021-12-17 12:00:00+00:00,3263300.32744216
2021-12-17 13:00:00+00:00,3263078.71867588
2021-12-17 14:00:00+00:00,3263091.48826066
2021-12-17 15:00:00+00:00,3262805.19275303
2021-12-17 16:00:00+00:00,3261999.72080284
2021-12-17 17:00:00+00:00,3260069.41532298
2021-12-17 18:00:00+00:00,3260031.06925711
2021-12-17 19:00:00+00:00,3259077.4281178
2021-12-17 20:00:00+00:00,3260068.75333517
2021-12-17 21:00:00+00:00,3260179.91928928
2021-12-17 22:00:00+00:00,3261200.11294024
2021-12-17 23:00:00+00:00,3262162.80859342
2021-12-18 00:00:00+00:00,3261865.49799005
2021-12-18 01:00:00+00:00,3263313.06649553
2021-12-18 02:00:00+00:00,3263351.2173855803
2021-12-18 03:00:00+00:00,3262243.8774687
2021-12-18 04:00:00+00:00,3262248.37172887
2021-12-18 05:00:00+00:00,3262183.57115056
2021-12-18 06:00:00+00:00,3262201.28410924
2021-12-18 07:00:00+00:00,3262223.29940023
2021-12-18 08:00:00+00:00,3262240.12341295
2021-12-18 09:00:00+00:00,3262274.42672486
2021-12-18 10:00:00+00:00,3262320.0787573
2021-12-18 11:00:00+00:00,3262313.02454104
2021-12-18 12:00:00+00:00,3261026.23828024
2021-12-18 13:00:00+00:00,3260974.86227634
2021-12-18 14:00:00+00:00,3260942.1196769
2021-12-18 15:00:00+00:00,3261107.51586154
2021-12-18 16:00:00+00:00,3261193.44044725
2021-12-18 17:00:00+00:00,3261269.99963488
2021-12-18 18:00:00+00:00,3261632.15470179
2021-12-18 19:00:00+00:00,3261688.53425293
2021-12-18 20:00:00+00:00,3261690.7486982
2021-12-18 21:00:00+00:00,3261673.35994462
2021-12-18 22:00:00+00:00,3261649.47344585
2021-12-18 23:00:00+00:00,3261693.7656852403
2021-12-19 00:00:00+00:00,3261747.53857668
2021-12-19 01:00:00+00:00,3261665.59568328
2021-12-19 02:00:00+00:00,3261720.2357954
2021-12-19 03:00:00+00:00,3261773.09714011
2021-12-19 04:00:00+00:00,3261843.6159232003
2021-12-19 05:00:00+00:00,3262874.48463123
2021-12-19 06:00:00+00:00,3263028.75639626
2021-12-19 07:00:00+00:00,3264196.3952175
2021-12-19 08:00:00+00:00,3263091.52429592
2021-12-19 09:00:00+00:00,3263167.9685815303
2021-12-19 10:00:00+00:00,3263130.15847463
2021-12-19 11:00:00+00:00,3263146.2063404
2021-12-19 12:00:00+00:00,3263211.64647167
2021-12-19 13:00:00+00:00,3263165.11042446
2021-12-19 14:00:00+00:00,3262893.25846042
2021-12-19 15:00:00+00:00,3262849.46627914
2021-12-19 16:00:00+00:00,3262381.87570601
2021-12-19 17:00:00+00:00,3262401.6780797
2021-12-19 18:00:00+00:00,3262360.87935294
2021-12-19 19:00:00+00:00,3262335.23395674
2021-12-19 20:00:00+00:00,3262366.4086586703
2021-12-19 21:00:00+00:00,3262424.87459219
2021-12-19 22:00:00+00:00,3262381.02412214
2021-12-19 23:00:00+00:00,3262270.70646965
2021-12-20 00:00:00+00:00,3262270.70646965
2021-12-20 01:00:00+00:00,3262658.02531501
2021-12-20 02:00:00+00:00,3263804.98742798
2021-12-20 03:00:00+00:00,3264772.78229714
2021-12-20 04:00:00+00:00,3264815.8556229603
2021-12-20 05:00:00+00:00,3263287.95521648
2021-12-20 06:00:00+00:00,3262601.6408692
2021-12-20 07:00:00+00:00,3262549.92251227
2021-12-20 08:00:00+00:00,3261326.48978909
2021-12-20 09:00:00+00:00,3261229.32724878
2021-12-20 10:00:00+00:00,3260809.11537677
2021-12-20 11:00:00+00:00,3260848.8470558003
2021-12-20 12:00:00+00:00,3248014.24013542
2021-12-20 13:00:00+00:00,3249731.5532560903
2021-12-20 14:00:00+00:00,3248241.36601135
2021-12-20 15:00:00+00:00,3248623.6839198
2021-12-20 16:00:00+00:00,3249095.59047989
2021-12-20 17:00:00+00:00,3250897.88297498
2021-12-20 18:00:00+00:00,3250886.1611539503
2021-12-20 19:00:00+00:00,3251069.56334891
2021-12-20 20:00:00+00:00,3251638.58710223
2021-12-20 21:00:00+00:00,3251558.62712273
2021-12-20 22:00:00+00:00,3251741.4206470503
2021-12-20 23:00:00+00:00,3251199.72420508
2021-12-21 00:00:00+00:00,3251118.0744113
2021-12-21 01:00:00+00:00,3250966.47930094
2021-12-21 02:00:00+00:00,3250966.47930094
2021-12-21 03:00:00+00:00,3250675.21304393
2021-12-21 04:00:00+00:00,3250065.03547683
2021-12-21 05:00:00+00:00,3249954.45341343
2021-12-21 06:00:00+00:00,3250033.3661431
2021-12-21 07:00:00+00:00,3249899.33086521
2021-12-21 08:00:00+00:00,3249848.78498077
2021-12-21 09:00:00+00:00,3249970.89283801
2021-12-21 10:00:00+00:00,3249153.2453877903
2021-12-21 11:00:00+00:00,3248569.22624273
2021-12-21 12:00:00+00:00,3249168.74218465
2021-12-21 13:00:00+00:00,3250233.59876709
2021-12-21 14:00:00+00:00,3250456.61078875
2021-12-21 15:00:00+00:00,3250770.21803842
2021-12-21 16:00:00+00:00,3250912.79510592
2021-12-21 17:00:00+00:00,3251370.6206798903
2021-12-21 18:00:00+00:00,3250691.59884343
2021-12-21 19:00:00+00:00,3249316.1063639
2021-12-21 20:00:00+00:00,3249061.88941982
2021-12-21 21:00:00+00:00,3248042.9741270603
2021-12-21 22:00:00+00:00,3259283.4080862203
2021-12-21 23:00:00+00:00,3260030.12777355
2021-12-22 00:00:00+00:00,3260027.20058644
2021-12-22 01:00:00+00:00,3261008.65900199
2021-12-22 02:00:00+00:00,3261052.9109862
2021-12-22 03:00:00+00:00,3260104.4489300502
2021-12-22 04:00:00+00:00,3260480.3798742
2021-12-22 05:00:00+00:00,3260720.89163776
2021-12-22 06:00:00+00:00,3260742.24286264
2021-12-22 07:00:00+00:00,3260941.9827722
2021-12-22 08:00:00+00:00,3263492.67971566
2021-12-22 09:00:00+00:00,3261311.1905077803
2021-12-22 10:00:00+00:00,3260143.53388905
2021-12-22 11:00:00+00:00,3259285.95844011
2021-12-22 12:00:00+00:00,3260179.2490301
2021-12-22 13:00:00+00:00,3259786.62999474
2021-12-22 14:00:00+00:00,3260277.69701886
2021-12-22 15:00:00+00:00,3261184.0719624
2021-12-22 16:00:00+00:00,3262856.22269196
2021-12-22 17:00:00+00:00,3256795.55749922
2021-12-22 18:00:00+00:00,3256268.46953456
2021-12-22 19:00:00+00:00,3254192.90917645
2021-12-22 20:00:00+00:00,3254318.56298696
2021-12-22 21:00:00+00:00,3254362.95622606
2021-12-22 22:00:00+00:00,3254541.67260112
2021-12-22 23:00:00+00:00,3254373.0752075203
2021-12-23 00:00:00+00:00,3254433.0909468
2021-12-23 01:00:00+00:00,3253203.8201615103
2021-12-23 02:00:00+00:00,3254993.66049087
2021-12-23 03:00:00+00:00,3254999.7285044
2021-12-23 04:00:00+00:00,3255316.09527077
2021-12-23 05:00:00+00:00,3255336.4520445103
2021-12-23 06:00:00+00:00,3255607.2462748103
2021-12-23 07:00:00+00:00,3255530.89657701
2021-12-23 08:00:00+00:00,3258090.40483259
2021-12-23 09:00:00+00:00,3255648.56442096
2021-12-23 10:00:00+00:00,3259348.84772989
2021-12-23 11:00:00+00:00,3270228.70606551
2021-12-23 12:00:00+00:00,3274075.9734735
2021-12-23 13:00:00+00:00,3273738.84120842
2021-12-23 14:00:00+00:00,3271663.9812728
2021-12-23 15:00:00+00:00,3270649.05852356
2021-12-23 16:00:00+00:00,3270809.70861116
2021-12-23 17:00:00+00:00,3270409.17556294
2021-12-23 18:00:00+00:00,3270950.99643108
2021-12-23 19:00:00+00:00,3269651.30223069
2021-12-23 20:00:00+00:00,3267356.38761641
2021-12-23 21:00:00+00:00,3268201.87145644
2021-12-23 22:00:00+00:00,3267026.10392689
2021-12-23 23:00:00+00:00,3267121.4372895
2021-12-24 00:00:00+00:00,3265506.02783408
2021-12-24 01:00:00+00:00,3265581.22647878
2021-12-24 02:00:00+00:00,3265464.9634604
2021-12-24 03:00:00+00:00,3265464.9634604
2021-12-24 04:00:00+00:00,3264829.83583026
2021-12-24 05:00:00+00:00,3264363.81252616
2021-12-24 06:00:00+00:00,3264384.23932477
2021-12-24 07:00:00+00:00,3264872.08586886
2021-12-24 08:00:00+00:00,3265389.86919931
2021-12-24 09:00:00+00:00,3263688.53429467
2021-12-24 10:00:00+00:00,3263499.44153509
2021-12-24 11:00:00+00:00,3262361.75662064
2021-12-24 12:00:00+00:00,3262507.91487748
2021-12-24 13:00:00+00:00,3251527.49998288
2021-12-24 14:00:00+00:00,3251567.65339287
2021-12-24 15:00:00+00:00,3251235.06861524
2021-12-24 16:00:00+00:00,3251261.88531572
2021-12-24 17:00:00+00:00,3251115.8459975403
2021-12-24 18:00:00+00:00,3251100.65132719
2021-12-24 19:00:00+00:00,3252012.10277454
2021-12-24 20:00:00+00:00,3250755.21390348
2021-12-24 21:00:00+00:00,3247338.9244076903
2021-12-24 22:00:00+00:00,3248309.55131968
2021-12-24 23:00:00+00:00,3248321.0709298
2021-12-25 00:00:00+00:00,3248435.83157416
2021-12-25 01:00:00+00:00,3248545.32388387
2021-12-25 02:00:00+00:00,3248367.2009713
2021-12-25 03:00:00+00:00,3248436.87167654
2021-12-25 04:00:00+00:00,3243098.78804469
2021-12-25 05:00:00+00:00,3243272.29448263
2021-12-25 06:00:00+00:00,3243313.37661033
2021-12-25 07:00:00+00:00,3243328.47998107
2021-12-25 08:00:00+00:00,3243414.80939232
2021-12-25 09:00:00+00:00,3243414.1212507403
2021-12-25 10:00:00+00:00,3243408.09078013
2021-12-25 11:00:00+00:00,3243506.50540564
2021-12-25 12:00:00+00:00,3243550.5888798903
2021-12-25 13:00:00+00:00,3243601.72324869
2021-12-25 14:00:00+00:00,3242108.49170383
2021-12-25 15:00:00+00:00,3242114.62598337
2021-12-25 16:00:00+00:00,3241763.05359949
2021-12-25 17:00:00+00:00,3241792.45996799
2021-12-25 18:00:00+00:00,3241817.91229619
2021-12-25 19:00:00+00:00,3241795.86476732
2021-12-25 20:00:00+00:00,3241980.71510872
2021-12-25 21:00:00+00:00,3242072.79135875
2021-12-25 22:00:00+00:00,3242000.41714749
2021-12-25 23:00:00+00:00,3242000.81961704
2021-12-26 00:00:00+00:00,3242023.24189799
2021-12-26 01:00:00+00:00,3242087.8613652
2021-12-26 02:00:00+00:00,3242086.56299392
2021-12-26 03:00:00+00:00,3242089.37811021
2021-12-26 04:00:00+00:00,3242094.89816864
2021-12-26 05:00:00+00:00,3242096.16255318
2021-12-26 06:00:00+00:00,3242125.08003174
2021-12-26 07:00:00+00:00,3242186.2485408
2021-12-26 08:00:00+00:00,3242262.7986694803
2021-12-26 09:00:00+00:00,3242362.22022733
2021-12-26 10:00:00+00:00,3242055.42505768
2021-12-26 11:00:00+00:00,3242107.83897755
2021-12-26 12:00:00+00:00,3242124.66716488
2021-12-26 13:00:00+00:00,3242200.81723578
2021-12-26 14:00:00+00:00,3242154.56837884
2021-12-26 15:00:00+00:00,3242180.73416659
2021-12-26 16:00:00+00:00,3242209.9209384
2021-12-26 17:00:00+00:00,3241108.88575003
2021-12-26 18:00:00+00:00,3241118.37981844
2021-12-26 19:00:00+00:00,3241138.82755314
2021-12-26 20:00:00+00:00,3241251.4256374203
2021-12-26 21:00:00+00:00,3241296.09948391
2021-12-26 22:00:00+00:00,3238821.78562776
2021-12-26 23:00:00+00:00,3240408.26786774
2021-12-27 00:00:00+00:00,3240511.82095172
2021-12-27 01:00:00+00:00,3238553.3144170903
2021-12-27 02:00:00+00:00,3237535.73286217
2021-12-27 03:00:00+00:00,3237480.93866772
2021-12-27 04:00:00+00:00,3237742.84211847
2021-12-27 05:00:00+00:00,3235959.08635523
2021-12-27 06:00:00+00:00,3237096.73945783
2021-12-27 07:00:00+00:00,3237034.77050438
2021-12-27 08:00:00+00:00,3237179.04388074
2021-12-27 09:00:00+00:00,3237124.96087719
2021-12-27 10:00:00+00:00,3236557.39909671
2021-12-27 11:00:00+00:00,3236448.67979856
2021-12-27 12:00:00+00:00,3233970.57132283
2021-12-27 13:00:00+00:00,3233995.49249202
2021-12-27 14:00:00+00:00,3235633.84848032
2021-12-27 15:00:00+00:00,3235484.3700583503
2021-12-27 16:00:00+00:00,3235829.24250367
2021-12-27 17:00:00+00:00,3238028.8755241903
2021-12-27 18:00:00+00:00,3234633.5307075
2021-12-27 19:00:00+00:00,3233587.87897874
2021-12-27 20:00:00+00:00,3232411.0174575
2021-12-27 21:00:00+00:00,3228253.14039909
2021-12-27 22:00:00+00:00,3228390.26233029
2021-12-27 23:00:00+00:00,3228634.22205415
2021-12-28 00:00:00+00:00,3224747.89793671
2021-12-28 01:00:00+00:00,3224712.24961561
2021-12-28 02:00:00+00:00,3224511.95829518
2021-12-28 03:00:00+00:00,3222940.83454063
2021-12-28 04:00:00+00:00,3223167.78944101
2021-12-28 05:00:00+00:00,3222987.19068953
2021-12-28 06:00:00+00:00,3223004.93133468
2021-12-28 07:00:00+00:00,3222945.24549533
2021-12-28 08:00:00+00:00,3222937.32964411
2021-12-28 09:00:00+00:00,3223750.43131264
2021-12-28 10:00:00+00:00,3223917.3808980603
2021-12-28 11:00:00+00:00,3223740.5455055903
2021-12-28 12:00:00+00:00,3225200.04189562
2021-12-28 13:00:00+00:00,3225055.36868778
2021-12-28 14:00:00+00:00,3225255.20221671
2021-12-28 15:00:00+00:00,3223026.11648048
2021-12-28 16:00:00+00:00,3226443.17826096
2021-12-28 17:00:00+00:00,3226555.63444381
2021-12-28 18:00:00+00:00,3225046.94303857
2021-12-28 19:00:00+00:00,3225503.89074578
2021-12-28 20:00:00+00:00,3224031.9619054203
2021-12-28 21:00:00+00:00,3223971.4229796003
2021-12-28 22:00:00+00:00,3227988.39025787
2021-12-28 23:00:00+00:00,3226721.5245398
2021-12-29 00:00:00+00:00,3218742.93379102
2021-12-29 01:00:00+00:00,3219726.25917745
2021-12-29 02:00:00+00:00,3219922.31388253
2021-12-29 03:00:00+00:00,3220744.16931881
2021-12-29 04:00:00+00:00,3220808.64790964
2021-12-29 05:00:00+00:00,3219206.80223885
2021-12-29 06:00:00+00:00,3218330.7594664902
2021-12-29 07:00:00+00:00,3218865.25860847
2021-12-29 08:00:00+00:00,3220042.2406618
2021-12-29 09:00:00+00:00,3219671.56179222
2021-12-29 10:00:00+00:00,3221033.29412758
2021-12-29 11:00:00+00:00,3221413.18407302
2021-12-29 12:00:00+00:00,3222416.3621226
2021-12-29 13:00:00+00:00,3212907.8573051
2021-12-29 14:00:00+00:00,3213085.75382138
2021-12-29 15:00:00+00:00,3214071.09506132
2021-12-29 16:00:00+00:00,3215551.93445085
2021-12-29 17:00:00+00:00,3215915.89041427
2021-12-29 18:00:00+00:00,3219200.80023807
2021-12-29 19:00:00+00:00,3219373.8383483803
2021-12-29 20:00:00+00:00,3213657.2027102
2021-12-29 21:00:00+00:00,3213158.96440396
2021-12-29 22:00:00+00:00,3213364.68478711
2021-12-29 23:00:00+00:00,3213342.44032775
2021-12-30 00:00:00+00:00,3211814.28968243
2021-12-30 01:00:00+00:00,3211964.22210691
2021-12-30 02:00:00+00:00,3213436.8787959903
2021-12-30 03:00:00+00:00,3214249.06757991
2021-12-30 04:00:00+00:00,3214398.51236471
2021-12-30 05:00:00+00:00,3214929.1754685203
2021-12-30 06:00:00+00:00,3214057.2920561302
2021-12-30 07:00:00+00:00,3213959.24284842
2021-12-30 08:00:00+00:00,3212964.33559119
2021-12-30 09:00:00+00:00,3212735.5983082303
2021-12-30 10:00:00+00:00,3212735.5983082303
2021-12-30 11:00:00+00:00,3214067.60200809
2021-12-30 12:00:00+00:00,3212104.8148593
2021-12-30 13:00:00+00:00,3212540.86983944
2021-12-30 14:00:00+00:00,3212962.60007904
2021-12-30 15:00:00+00:00,3215334.43552012
2021-12-30 16:00:00+00:00,3196646.54553377
2021-12-30 17:00:00+00:00,3195413.3876838903
2021-12-30 18:00:00+00:00,3198617.07620774
2021-12-30 19:00:00+00:00,3202341.90056397
2021-12-30 20:00:00+00:00,3201541.36188138
2021-12-30 21:00:00+00:00,3200779.1474913303
2021-12-30 22:00:00+00:00,3202256.4084671102
2021-12-30 23:00:00+00:00,3203151.97424176
2021-12-31 00:00:00+00:00,3201907.05958991
2021-12-31 01:00:00+00:00,3201977.16201292
2021-12-31 02:00:00+00:00,3201979.02928268
2021-12-31 03:00:00+00:00,3202590.1526789702
2021-12-31 04:00:00+00:00,3206859.99600998
2021-12-31 05:00:00+00:00,3209076.49452445
2021-12-31 06:00:00+00:00,3209290.3577532102
2021-12-31 07:00:00+00:00,3209312.39330427
2021-12-31 08:00:00+00:00,3209505.28714973
2021-12-31 09:00:00+00:00,3209080.2658902803
2021-12-31 10:00:00+00:00,3208920.37744312
2021-12-31 11:00:00+00:00,3224478.69029344
2021-12-31 12:00:00+00:00,3224519.13572471
2021-12-31 13:00:00+00:00,3223360.01047742
2021-12-31 14:00:00+00:00,3223418.50477489
2021-12-31 15:00:00+00:00,3233880.03608013
2021-12-31 16:00:00+00:00,3235378.59387845
2021-12-31 17:00:00+00:00,3233557.0897277403
2021-12-31 18:00:00+00:00,3232855.09946927
2021-12-31 19:00:00+00:00,3234045.38684101
2021-12-31 20:00:00+00:00,3233131.25636883
2021-12-31 21:00:00+00:00,3232924.80652144
2021-12-31 22:00:00+00:00,3233949.86197023
2021-12-31 23:00:00+00:00,3234149.1316584
2022-01-01 00:00:00+00:00,3234292.99070605
2022-01-01 01:00:00+00:00,3234383.21780406
2022-01-01 02:00:00+00:00,3234151.2045947
2022-01-01 03:00:00+00:00,3234114.0893317
2022-01-01 04:00:00+00:00,3233345.44517889
2022-01-01 05:00:00+00:00,3233323.49434188
2022-01-01 06:00:00+00:00,3233310.08239411
2022-01-01 07:00:00+00:00,3233245.64525529
2022-01-01 08:00:00+00:00,3233295.2605979103
2022-01-01 09:00:00+00:00,3233358.67182167
2022-01-01 10:00:00+00:00,3236292.08333999
2022-01-01 11:00:00+00:00,3236169.67009023
2022-01-01 12:00:00+00:00,3235759.40945325
2022-01-01 13:00:00+00:00,3235826.7649504
2022-01-01 14:00:00+00:00,3235872.18774963
2022-01-01 15:00:00+00:00,3238518.19824632
2022-01-01 16:00:00+00:00,3235876.37240903
2022-01-01 17:00:00+00:00,3236847.1198477503
2022-01-01 18:00:00+00:00,3237064.39409558
2022-01-01 19:00:00+00:00,3238929.81989186
2022-01-01 20:00:00+00:00,3238830.4882304003
2022-01-01 21:00:00+00:00,3238655.83505276
2022-01-01 22:00:00+00:00,3240024.66012344
2022-01-01 23:00:00+00:00,3240594.51146428
2022-01-02 00:00:00+00:00,3241601.46981186
2022-01-02 01:00:00+00:00,3239689.76992065
2022-01-02 02:00:00+00:00,3239423.00219194
2022-01-02 03:00:00+00:00,3239561.84812409
2022-01-02 04:00:00+00:00,3238125.70879588
2022-01-02 05:00:00+00:00,3238309.8889923003
2022-01-02 06:00:00+00:00,3238725.38765314
2022-01-02 07:00:00+00:00,3238776.54912161
2022-01-02 08:00:00+00:00,3238834.1734999
2022-01-02 09:00:00+00:00,3237738.44031148
2022-01-02 10:00:00+00:00,3237359.94574554
2022-01-02 11:00:00+00:00,3236636.73800905
2022-01-02 12:00:00+00:00,3236643.48297804
2022-01-02 13:00:00+00:00,3236675.98735897
2022-01-02 14:00:00+00:00,3237038.54735093
2022-01-02 15:00:00+00:00,3237228.43228471
2022-01-02 16:00:00+00:00,3237239.19236426
2022-01-02 17:00:00+00:00,3237344.7427037
2022-01-02 18:00:00+00:00,3236272.75176012
2022-01-02 19:00:00+00:00,3236319.79778105
2022-01-02 20:00:00+00:00,3236391.7953058803
2022-01-02 21:00:00+00:00,3236391.72093241
2022-01-02 22:00:00+00:00,3236780.59345286
2022-01-02 23:00:00+00:00,3236743.00599349
2022-01-03 00:00:00+00:00,3235772.73762978
2022-01-03 01:00:00+00:00,3235788.79100704
2022-01-03 02:00:00+00:00,3235787.41693708
2022-01-03 03:00:00+00:00,3236007.48225176
2022-01-03 04:00:00+00:00,3235256.39409585
2022-01-03 05:00:00+00:00,3235247.94255227
2022-01-03 06:00:00+00:00,3234902.39613564
2022-01-03 07:00:00+00:00,3234914.45664847
2022-01-03 08:00:00+00:00,3233616.82933362
2022-01-03 09:00:00+00:00,3234358.09747884
2022-01-03 10:00:00+00:00,3234118.70171824
2022-01-03 11:00:00+00:00,3234142.26277582
2022-01-03 12:00:00+00:00,3233023.9988996102
2022-01-03 13:00:00+00:00,3233000.6342922403
2022-01-03 14:00:00+00:00,3231899.14205683
2022-01-03 15:00:00+00:00,3231930.07455178
2022-01-03 16:00:00+00:00,3231863.6200428302
2022-01-03 17:00:00+00:00,3235217.56917448
2022-01-03 18:00:00+00:00,3235852.5405042903
2022-01-03 19:00:00+00:00,3236729.43356988
2022-01-03 20:00:00+00:00,3234879.18229745
2022-01-03 21:00:00+00:00,3236530.7775923503
2022-01-03 22:00:00+00:00,3236096.57250205
2022-01-03 23:00:00+00:00,3236140.6757624103
2022-01-04 00:00:00+00:00,3234503.66115512
2022-01-04 01:00:00+00:00,3234723.36932639
2022-01-04 02:00:00+00:00,3236429.82485213
2022-01-04 03:00:00+00:00,3235984.35294075
2022-01-04 04:00:00+00:00,3235990.48720717
2022-01-04 05:00:00+00:00,3236063.37107517
2022-01-04 06:00:00+00:00,3236999.28752706
2022-01-04 07:00:00+00:00,3236606.33302644
2022-01-04 08:00:00+00:00,3238905.05404741
2022-01-04 09:00:00+00:00,3236709.68027254
2022-01-04 10:00:00+00:00,3237028.44998332
2022-01-04 11:00:00+00:00,3237202.9588726303
2022-01-04 12:00:00+00:00,3237712.32321644
2022-01-04 13:00:00+00:00,3237775.25597629
2022-01-04 14:00:00+00:00,3238437.00584964
2022-01-04 15:00:00+00:00,3237526.47757743
2022-01-04 16:00:00+00:00,3237080.7736366102
2022-01-04 17:00:00+00:00,3237454.18563196
2022-01-04 18:00:00+00:00,3238813.74077071
2022-01-04 19:00:00+00:00,3235735.09242239
2022-01-04 20:00:00+00:00,3235232.76490873
2022-01-04 21:00:00+00:00,3233868.27050763
2022-01-04 22:00:00+00:00,3234027.84264791
2022-01-04 23:00:00+00:00,3233187.1584006
2022-01-05 00:00:00+00:00,3232089.98828674
2022-01-05 01:00:00+00:00,3232187.25693833
2022-01-05 02:00:00+00:00,3232499.31513962
2022-01-05 03:00:00+00:00,3231183.96646011
2022-01-05 04:00:00+00:00,3231070.93353779
2022-01-05 05:00:00+00:00,3231323.7656167
2022-01-05 06:00:00+00:00,3231826.51244243
2022-01-05 07:00:00+00:00,3231890.24074571
2022-01-05 08:00:00+00:00,3231956.84065335
2022-01-05 09:00:00+00:00,3231698.35934539
2022-01-05 10:00:00+00:00,3230556.07055389
2022-01-05 11:00:00+00:00,3230364.5652230303
2022-01-05 12:00:00+00:00,3230215.96939916
2022-01-05 13:00:00+00:00,3230071.82671217
2022-01-05 14:00:00+00:00,3230177.38032365
2022-01-05 15:00:00+00:00,3230345.9850062
2022-01-05 16:00:00+00:00,3230191.81076325
2022-01-05 17:00:00+00:00,3228435.55807639
2022-01-05 18:00:00+00:00,3227739.70646991
2022-01-05 19:00:00+00:00,3227773.83070805
2022-01-05 20:00:00+00:00,3228239.30852943
2022-01-05 21:00:00+00:00,3229729.09529912
2022-01-05 22:00:00+00:00,3231097.14605727
2022-01-05 23:00:00+00:00,3230119.0048666
2022-01-06 00:00:00+00:00,3231374.1624312103
2022-01-06 01:00:00+00:00,3229055.3589524203
2022-01-06 02:00:00+00:00,3230543.6007228
2022-01-06 03:00:00+00:00,3231626.04240463
2022-01-06 04:00:00+00:00,3229457.94382768
2022-01-06 05:00:00+00:00,3231620.69832995
2022-01-06 06:00:00+00:00,3219988.0965872
2022-01-06 07:00:00+00:00,3220026.45164158
2022-01-06 08:00:00+00:00,3220298.22378621
2022-01-06 09:00:00+00:00,3220749.52228866
2022-01-06 10:00:00+00:00,3220766.5630316
2022-01-06 11:00:00+00:00,3220783.68050991
2022-01-06 12:00:00+00:00,3217732.31258927
2022-01-06 13:00:00+00:00,3217510.69275928
2022-01-06 14:00:00+00:00,3210363.54614675
2022-01-06 15:00:00+00:00,3211621.99373179
2022-01-06 16:00:00+00:00,3211376.80381734
2022-01-06 17:00:00+00:00,3210764.95994461
2022-01-06 18:00:00+00:00,3209620.73363502
2022-01-06 19:00:00+00:00,3208578.4686538
2022-01-06 20:00:00+00:00,3209283.5767897703
2022-01-06 21:00:00+00:00,3209549.8196659302
2022-01-06 22:00:00+00:00,3209184.45641598
2022-01-06 23:00:00+00:00,3209774.0273575
2022-01-07 00:00:00+00:00,3209050.19635012
2022-01-07 01:00:00+00:00,3209080.17740534
2022-01-07 02:00:00+00:00,3208756.4766827603
2022-01-07 03:00:00+00:00,3209049.37882443
2022-01-07 04:00:00+00:00,3210914.59738664
2022-01-07 05:00:00+00:00,3209139.93797141
2022-01-07 06:00:00+00:00,3210722.7901537702
2022-01-07 07:00:00+00:00,3209796.52046891
2022-01-07 08:00:00+00:00,3210861.8746279
2022-01-07 09:00:00+00:00,3209090.2632278
2022-01-07 10:00:00+00:00,3210101.25304506
2022-01-07 11:00:00+00:00,3209205.82437999
2022-01-07 12:00:00+00:00,3208321.3701702403
2022-01-07 13:00:00+00:00,3208393.10837215
2022-01-07 14:00:00+00:00,3207463.7256286102
2022-01-07 15:00:00+00:00,3209109.81028866
2022-01-07 16:00:00+00:00,3208247.82728877
2022-01-07 17:00:00+00:00,3208265.0029950403
2022-01-07 18:00:00+00:00,3205936.77358293
2022-01-07 19:00:00+00:00,3206364.4718000903
2022-01-07 20:00:00+00:00,3208449.28816598
2022-01-07 21:00:00+00:00,3208269.42020577
2022-01-07 22:00:00+00:00,3204395.74574898
2022-01-07 23:00:00+00:00,3208830.42702328
2022-01-08 00:00:00+00:00,3208875.9317192
2022-01-08 01:00:00+00:00,3208607.2592071
2022-01-08 02:00:00+00:00,3208575.45106087
2022-01-08 03:00:00+00:00,3208702.03872497
2022-01-08 04:00:00+00:00,3208569.79903493
2022-01-08 05:00:00+00:00,3208594.04930378
2022-01-08 06:00:00+00:00,3208618.59266756
2022-01-08 07:00:00+00:00,3208662.7983507803
2022-01-08 08:00:00+00:00,3209828.26828416
2022-01-08 09:00:00+00:00,3209840.9682014203
2022-01-08 10:00:00+00:00,3210019.77769177
2022-01-08 11:00:00+00:00,3210099.66642337
2022-01-08 12:00:00+00:00,3209893.04698176
2022-01-08 13:00:00+00:00,3209877.98293448
2022-01-08 14:00:00+00:00,3208743.4971552403
2022-01-08 15:00:00+00:00,3208743.4971552403
2022-01-08 16:00:00+00:00,3207655.15237053
2022-01-08 17:00:00+00:00,3207777.51152068
2022-01-08 18:00:00+00:00,3206698.74951011
2022-01-08 19:00:00+00:00,3206234.18604823
2022-01-08 20:00:00+00:00,3204590.77338042
2022-01-08 21:00:00+00:00,3204587.72091403
2022-01-08 22:00:00+00:00,3204477.08599826
2022-01-08 23:00:00+00:00,3204299.45249167
2022-01-09 00:00:00+00:00,3204379.02681992
2022-01-09 01:00:00+00:00,3204403.21255267
2022-01-09 02:00:00+00:00,3205391.24644476
2022-01-09 03:00:00+00:00,3205402.84328159
2022-01-09 04:00:00+00:00,3205416.66770335
2022-01-09 05:00:00+00:00,3205466.10237263
2022-01-09 06:00:00+00:00,3205416.48823995
2022-01-09 07:00:00+00:00,3205673.09517988
2022-01-09 08:00:00+00:00,3205632.1183157703
2022-01-09 09:00:00+00:00,3206079.99803995
2022-01-09 10:00:00+00:00,3204433.20219398
2022-01-09 11:00:00+00:00,3204501.13977187
2022-01-09 12:00:00+00:00,3204657.7476068703
2022-01-09 13:00:00+00:00,3205588.37544768
2022-01-09 14:00:00+00:00,3205496.08895886
2022-01-09 15:00:00+00:00,3205586.27974
2022-01-09 16:00:00+00:00,3204602.52065596
2022-01-09 17:00:00+00:00,3204627.9655052503
2022-01-09 18:00:00+00:00,3205607.66350669
2022-01-09 19:00:00+00:00,3205633.20274613
2022-01-09 20:00:00+00:00,3206772.84020127
2022-01-09 21:00:00+00:00,3208000.45980077
2022-01-09 22:00:00+00:00,3207942.05294664
2022-01-09 23:00:00+00:00,3205675.45443534
2022-01-10 00:00:00+00:00,3205805.2427862403
2022-01-10 01:00:00+00:00,3205829.58686306
2022-01-10 02:00:00+00:00,3205838.8251141203
2022-01-10 03:00:00+00:00,3205853.72192813
2022-01-10 04:00:00+00:00,3205975.63592683
2022-01-10 05:00:00+00:00,3206028.66498442
2022-01-10 06:00:00+00:00,3205762.0671174503
2022-01-10 07:00:00+00:00,3207116.15802362
2022-01-10 08:00:00+00:00,3206684.78820023
2022-01-10 09:00:00+00:00,3206734.70020556
2022-01-10 10:00:00+00:00,3205886.05307465
2022-01-10 11:00:00+00:00,3205979.12689379
2022-01-10 12:00:00+00:00,3207023.84051964
2022-01-10 13:00:00+00:00,3206797.25374466
2022-01-10 14:00:00+00:00,3209437.80827756
2022-01-10 15:00:00+00:00,3210179.89725797
2022-01-10 16:00:00+00:00,3209706.32760928
2022-01-10 17:00:00+00:00,3209135.63147758
2022-01-10 18:00:00+00:00,3209979.33951778
2022-01-10 19:00:00+00:00,3209725.04051599
2022-01-10 20:00:00+00:00,3210398.6355150403
2022-01-10 21:00:00+00:00,3208747.9401638103
2022-01-10 22:00:00+00:00,3209154.52711224
2022-01-10 23:00:00+00:00,3209730.57789591
2022-01-11 00:00:00+00:00,3209688.56720471
2022-01-11 01:00:00+00:00,3210512.89645608
2022-01-11 02:00:00+00:00,3210618.09787993
2022-01-11 03:00:00+00:00,3210436.6869003703
2022-01-11 04:00:00+00:00,3210391.68972622
2022-01-11 05:00:00+00:00,3210745.10431748
2022-01-11 06:00:00+00:00,3211151.14277722
2022-01-11 07:00:00+00:00,3211286.07688287
2022-01-11 08:00:00+00:00,3211381.58728903
2022-01-11 09:00:00+00:00,3212035.3863044
2022-01-11 10:00:00+00:00,3212327.05957532
2022-01-11 11:00:00+00:00,3212384.90951492
2022-01-11 12:00:00+00:00,3212372.8710528603
2022-01-11 13:00:00+00:00,3213631.14454026
2022-01-11 14:00:00+00:00,3214425.08444044
2022-01-11 15:00:00+00:00,3217282.87327064
2022-01-11 16:00:00+00:00,3215667.77606492
2022-01-11 17:00:00+00:00,3215886.0581578203
2022-01-11 18:00:00+00:00,3214121.09479542
2022-01-11 19:00:00+00:00,3207792.90476719
2022-01-11 20:00:00+00:00,3197594.01807156
2022-01-11 21:00:00+00:00,3197715.86673469
2022-01-11 22:00:00+00:00,3197777.33109347
2022-01-11 23:00:00+00:00,3197704.3847206603
2022-01-12 00:00:00+00:00,3197704.3847206603
2022-01-12 01:00:00+00:00,3198196.59411852
2022-01-12 02:00:00+00:00,3198311.31974321
2022-01-12 03:00:00+00:00,3198108.66688863
2022-01-12 04:00:00+00:00,3198110.8278243
2022-01-12 05:00:00+00:00,3198140.74762068
2022-01-12 06:00:00+00:00,3197129.49535649
2022-01-12 07:00:00+00:00,3198582.11781946
2022-01-12 08:00:00+00:00,3198582.84608209
2022-01-12 09:00:00+00:00,3198612.52094407
2022-01-12 10:00:00+00:00,3198852.29553801
2022-01-12 11:00:00+00:00,3199990.48127905
2022-01-12 12:00:00+00:00,3200148.27966604
2022-01-12 13:00:00+00:00,3201457.2365002
2022-01-12 14:00:00+00:00,3200220.95866642
2022-01-12 15:00:00+00:00,3198901.61105246
2022-01-12 16:00:00+00:00,3199081.70825677
2022-01-12 17:00:00+00:00,3198988.31022228
2022-01-12 18:00:00+00:00,3197810.28249876
2022-01-12 19:00:00+00:00,3198613.71844116
2022-01-12 20:00:00+00:00,3198978.490522
2022-01-12 21:00:00+00:00,3198723.23580346
2022-01-12 22:00:00+00:00,3199682.3004559902
2022-01-12 23:00:00+00:00,3199840.4911922
2022-01-13 00:00:00+00:00,3199765.16219792
2022-01-13 01:00:00+00:00,3200342.74713315
2022-01-13 02:00:00+00:00,3200281.37758684
2022-01-13 03:00:00+00:00,3200618.3883413803
2022-01-13 04:00:00+00:00,3200611.78754542
2022-01-13 05:00:00+00:00,3200366.53543997
2022-01-13 06:00:00+00:00,3200346.50297702
2022-01-13 07:00:00+00:00,3200543.25905766
2022-01-13 08:00:00+00:00,3200567.49170809
2022-01-13 09:00:00+00:00,3200697.33498348
2022-01-13 10:00:00+00:00,3200776.599525
2022-01-13 11:00:00+00:00,3207007.67550067
2022-01-13 12:00:00+00:00,3206956.15657577
2022-01-13 13:00:00+00:00,3205605.1204644903
2022-01-13 14:00:00+00:00,3204683.1351936
2022-01-13 15:00:00+00:00,3207721.63619067
2022-01-13 16:00:00+00:00,3207885.99491711
2022-01-13 17:00:00+00:00,3217844.14589324
2022-01-13 18:00:00+00:00,3217413.9234233303
2022-01-13 19:00:00+00:00,3217609.48502312
2022-01-13 20:00:00+00:00,3216224.5288469503
2022-01-13 21:00:00+00:00,3216439.68561127
2022-01-13 22:00:00+00:00,3227967.66299213
2022-01-13 23:00:00+00:00,3224283.32414089
2022-01-14 00:00:00+00:00,3214530.5225239303
2022-01-14 01:00:00+00:00,3214610.38011825
2022-01-14 02:00:00+00:00,3214912.28840499
2022-01-14 03:00:00+00:00,3215100.09363662
2022-01-14 04:00:00+00:00,3215138.43562672
2022-01-14 05:00:00+00:00,3215132.92064739
2022-01-14 06:00:00+00:00,3216507.70539243
2022-01-14 07:00:00+00:00,3216753.64030098
2022-01-14 08:00:00+00:00,3216592.73857602
2022-01-14 09:00:00+00:00,3214794.68798552
2022-01-14 10:00:00+00:00,3214023.41194435
2022-01-14 11:00:00+00:00,3214478.74214764
2022-01-14 12:00:00+00:00,3214463.72571724
2022-01-14 13:00:00+00:00,3214670.37456699
2022-01-14 14:00:00+00:00,3214833.28601618
2022-01-14 15:00:00+00:00,3215430.3202028
2022-01-14 16:00:00+00:00,3215674.1104086
2022-01-14 17:00:00+00:00,3218145.99965056
2022-01-14 18:00:00+00:00,3227046.06317265
2022-01-14 19:00:00+00:00,3224429.97683427
2022-01-14 20:00:00+00:00,3222414.15130266
2022-01-14 21:00:00+00:00,3231559.26502792
2022-01-14 22:00:00+00:00,3232700.28675298
2022-01-14 23:00:00+00:00,3232997.5179068
2022-01-15 00:00:00+00:00,3231838.81124687
2022-01-15 01:00:00+00:00,3231750.46956427
2022-01-15 02:00:00+00:00,3231795.20149915
2022-01-15 03:00:00+00:00,3231972.5377113903
2022-01-15 04:00:00+00:00,3232007.71633497
2022-01-15 05:00:00+00:00,3232002.72656702
2022-01-15 06:00:00+00:00,3232031.62148565
2022-01-15 07:00:00+00:00,3232020.90470742
2022-01-15 08:00:00+00:00,3232066.997208
2022-01-15 09:00:00+00:00,3232116.27892636
2022-01-15 10:00:00+00:00,3232059.39680923
2022-01-15 11:00:00+00:00,3232248.54497263
2022-01-15 12:00:00+00:00,3232322.41175427
2022-01-15 13:00:00+00:00,3230538.73794642
2022-01-15 14:00:00+00:00,3230565.72211303
2022-01-15 15:00:00+00:00,3230489.19829945
2022-01-15 16:00:00+00:00,3230698.72704849
2022-01-15 17:00:00+00:00,3230717.96743547
2022-01-15 18:00:00+00:00,3231097.45874916
2022-01-15 19:00:00+00:00,3231099.04979094
2022-01-15 20:00:00+00:00,3231025.39225666
2022-01-15 21:00:00+00:00,3229963.35400432
2022-01-15 22:00:00+00:00,3229919.23325425
2022-01-15 23:00:00+00:00,3229981.17906438
2022-01-16 00:00:00+00:00,3230012.53623916
2022-01-16 01:00:00+00:00,3230099.44483418
2022-01-16 02:00:00+00:00,3229798.75087657
2022-01-16 03:00:00+00:00,3229821.03392214
2022-01-16 04:00:00+00:00,3229872.0059735803
2022-01-16 05:00:00+00:00,3229949.04389989
2022-01-16 06:00:00+00:00,3229894.35158197
2022-01-16 07:00:00+00:00,3229895.62976745
2022-01-16 08:00:00+00:00,3229970.74823282
2022-01-16 09:00:00+00:00,3230005.88331912
2022-01-16 10:00:00+00:00,3230184.2452497003
2022-01-16 11:00:00+00:00,3230236.36002805
2022-01-16 12:00:00+00:00,3230247.02641276
2022-01-16 13:00:00+00:00,3230249.96819713
2022-01-16 14:00:00+00:00,3232887.6187607
2022-01-16 15:00:00+00:00,3234071.6411082903
2022-01-16 16:00:00+00:00,3234311.20316485
2022-01-16 17:00:00+00:00,3234240.94568188
2022-01-16 18:00:00+00:00,3234107.67340317
2022-01-16 19:00:00+00:00,3234086.5486037
2022-01-16 20:00:00+00:00,3233152.99784047
2022-01-16 21:00:00+00:00,3233179.05811677
2022-01-16 22:00:00+00:00,3233219.91126878
2022-01-16 23:00:00+00:00,3233063.3087858
2022-01-17 00:00:00+00:00,3232988.41268761
2022-01-17 01:00:00+00:00,3231840.4059541803
2022-01-17 02:00:00+00:00,3231862.2533496
2022-01-17 03:00:00+00:00,3233293.9627401303
2022-01-17 04:00:00+00:00,3232386.49831184
2022-01-17 05:00:00+00:00,3233651.69456371
2022-01-17 06:00:00+00:00,3232863.3205197
2022-01-17 07:00:00+00:00,3231977.01338754
2022-01-17 08:00:00+00:00,3232159.72022128
2022-01-17 09:00:00+00:00,3232023.35485946
2022-01-17 10:00:00+00:00,3232263.96740347
2022-01-17 11:00:00+00:00,3233454.0208526
2022-01-17 12:00:00+00:00,3233388.78872343
2022-01-17 13:00:00+00:00,3231591.97676327
2022-01-17 14:00:00+00:00,3232369.02308073
2022-01-17 15:00:00+00:00,3230572.33554957
2022-01-17 16:00:00+00:00,3230636.10753872
2022-01-17 17:00:00+00:00,3230541.1960157203
2022-01-17 18:00:00+00:00,3230597.68857752
2022-01-17 19:00:00+00:00,3232754.18052257
2022-01-17 20:00:00+00:00,3234767.62705611
2022-01-17 21:00:00+00:00,3234697.71293243
2022-01-17 22:00:00+00:00,3234290.77456022
2022-01-17 23:00:00+00:00,3233657.39501803
2022-01-18 00:00:00+00:00,3232820.0431547
2022-01-18 01:00:00+00:00,3232643.75498731
2022-01-18 02:00:00+00:00,3232829.1243244703
2022-01-18 03:00:00+00:00,3234038.64857934
2022-01-18 04:00:00+00:00,3234093.1333333203
2022-01-18 05:00:00+00:00,3234767.2727934
2022-01-18 06:00:00+00:00,3236858.84882225
2022-01-18 07:00:00+00:00,3235738.70585863
2022-01-18 08:00:00+00:00,3235796.17469284
2022-01-18 09:00:00+00:00,3235844.93540609
2022-01-18 10:00:00+00:00,3235768.53632374
2022-01-18 11:00:00+00:00,3236256.58057607
2022-01-18 12:00:00+00:00,3237116.8364211
2022-01-18 13:00:00+00:00,3237890.20708122
2022-01-18 14:00:00+00:00,3236113.51327299
2022-01-18 15:00:00+00:00,3235835.82828832
2022-01-18 16:00:00+00:00,3235952.41374001
2022-01-18 17:00:00+00:00,3233545.3272126103
2022-01-18 18:00:00+00:00,3233922.18158382
2022-01-18 19:00:00+00:00,3233871.78592478
2022-01-18 20:00:00+00:00,3232706.61905061
2022-01-18 21:00:00+00:00,3233017.79973403
2022-01-18 22:00:00+00:00,3234258.42430105
2022-01-18 23:00:00+00:00,3233851.80229901
2022-01-19 00:00:00+00:00,3234122.6317823
2022-01-19 01:00:00+00:00,3234262.65869347
2022-01-19 02:00:00+00:00,3233959.67462774
2022-01-19 03:00:00+00:00,3233591.61046813
2022-01-19 04:00:00+00:00,3233534.8313010703
2022-01-19 05:00:00+00:00,3233661.62899803
2022-01-19 06:00:00+00:00,3234127.94952343
2022-01-19 07:00:00+00:00,3234178.51985264
2022-01-19 08:00:00+00:00,3233110.26681507
2022-01-19 09:00:00+00:00,3232954.1284227
2022-01-19 10:00:00+00:00,3231373.7670278703
2022-01-19 11:00:00+00:00,3231108.72071849
2022-01-19 12:00:00+00:00,3230923.7301603
2022-01-19 13:00:00+00:00,3230666.47962314
2022-01-19 14:00:00+00:00,3229523.5207034303
2022-01-19 15:00:00+00:00,3220187.0217454
2022-01-19 16:00:00+00:00,3220337.3111429103
2022-01-19 17:00:00+00:00,3206595.67901418
2022-01-19 18:00:00+00:00,3207443.93504391
2022-01-19 19:00:00+00:00,3207239.37701844
2022-01-19 20:00:00+00:00,3207840.6484585702
2022-01-19 21:00:00+00:00,3207519.89832961
2022-01-19 22:00:00+00:00,3210585.51847515
2022-01-19 23:00:00+00:00,3210680.7592491303
2022-01-20 00:00:00+00:00,3210882.78336346
2022-01-20 01:00:00+00:00,3211930.13188453
2022-01-20 02:00:00+00:00,3210076.90042104
2022-01-20 03:00:00+00:00,3210686.19400514
2022-01-20 04:00:00+00:00,3210628.95077293
2022-01-20 05:00:00+00:00,3210912.06892549
2022-01-20 06:00:00+00:00,3210815.4374587103
2022-01-20 07:00:00+00:00,3210807.85958952
2022-01-20 08:00:00+00:00,3210823.28390933
2022-01-20 09:00:00+00:00,3211009.9381668903
2022-01-20 10:00:00+00:00,3211164.33642497
2022-01-20 11:00:00+00:00,3211161.05085862
2022-01-20 12:00:00+00:00,3211842.29378633
2022-01-20 13:00:00+00:00,3222396.13115399
2022-01-20 14:00:00+00:00,3223240.90568986
2022-01-20 15:00:00+00:00,3223124.71330935
2022-01-20 16:00:00+00:00,3222945.43280381
2022-01-20 17:00:00+00:00,3219345.7034318103
2022-01-20 18:00:00+00:00,3218190.6256658803
2022-01-20 19:00:00+00:00,3219729.51698977
2022-01-20 20:00:00+00:00,3221027.30288166
2022-01-20 21:00:00+00:00,3221882.59440759
2022-01-20 22:00:00+00:00,3221336.46569666
2022-01-20 23:00:00+00:00,3222608.3831356103
2022-01-21 00:00:00+00:00,3222522.54686944
2022-01-21 01:00:00+00:00,3220610.54862731
2022-01-21 02:00:00+00:00,3220064.57098193
2022-01-21 03:00:00+00:00,3218598.13938149
2022-01-21 04:00:00+00:00,3218736.81176031
2022-01-21 05:00:00+00:00,3218767.20441631
2022-01-21 06:00:00+00:00,3219961.1822489
2022-01-21 07:00:00+00:00,3220424.3389534
2022-01-21 08:00:00+00:00,3220403.26362702
2022-01-21 09:00:00+00:00,3218927.30114082
2022-01-21 10:00:00+00:00,3218966.5069465
2022-01-21 11:00:00+00:00,3218753.81564915
2022-01-21 12:00:00+00:00,3217783.14518364
2022-01-21 13:00:00+00:00,3220412.88415346
2022-01-21 14:00:00+00:00,3219510.13970523
2022-01-21 15:00:00+00:00,3221415.16070984
2022-01-21 16:00:00+00:00,3223298.10669588
2022-01-21 17:00:00+00:00,3226305.06882407
2022-01-21 18:00:00+00:00,3229955.55092607
2022-01-21 19:00:00+00:00,3230478.1731079603
2022-01-21 20:00:00+00:00,3229622.75327825
2022-01-21 21:00:00+00:00,3229576.89258001
2022-01-21 22:00:00+00:00,3231193.7051449902
2022-01-21 23:00:00+00:00,3227326.9117615903
2022-01-22 00:00:00+00:00,3224929.02225808
2022-01-22 01:00:00+00:00,3228676.56079929
2022-01-22 02:00:00+00:00,3228672.66060322
2022-01-22 03:00:00+00:00,3228275.66315324
2022-01-22 04:00:00+00:00,3225864.4473926
2022-01-22 05:00:00+00:00,3225933.99331168
2022-01-22 06:00:00+00:00,3227283.53714633
2022-01-22 07:00:00+00:00,3225768.93970815
2022-01-22 08:00:00+00:00,3224958.1545782
2022-01-22 09:00:00+00:00,3224811.10184265
2022-01-22 10:00:00+00:00,3224796.17488437
2022-01-22 11:00:00+00:00,3224282.37448552
2022-01-22 12:00:00+00:00,3223135.3750467
2022-01-22 13:00:00+00:00,3222450.7849911503
2022-01-22 14:00:00+00:00,3222504.50018815
2022-01-22 15:00:00+00:00,3223711.0492764
2022-01-22 16:00:00+00:00,3223192.9726254
2022-01-22 17:00:00+00:00,3222987.19378665
2022-01-22 18:00:00+00:00,3221008.3754945
2022-01-22 19:00:00+00:00,3221193.95881555
2022-01-22 20:00:00+00:00,3220337.2462056503
2022-01-22 21:00:00+00:00,3219825.7081915
2022-01-22 22:00:00+00:00,3218950.3449847302
2022-01-22 23:00:00+00:00,3219395.15695902
2022-01-23 00:00:00+00:00,3218530.03449133
2022-01-23 01:00:00+00:00,3218471.6795287603
2022-01-23 02:00:00+00:00,3218545.5645124703
2022-01-23 03:00:00+00:00,3218718.34457341
2022-01-23 04:00:00+00:00,3218850.76100673
2022-01-23 05:00:00+00:00,3218753.59262851
2022-01-23 06:00:00+00:00,3219613.18533731
2022-01-23 07:00:00+00:00,3219175.2041197303
2022-01-23 08:00:00+00:00,3219148.90863157
2022-01-23 09:00:00+00:00,3219251.46841009
2022-01-23 10:00:00+00:00,3219177.82373867
2022-01-23 11:00:00+00:00,3217942.43285444
2022-01-23 12:00:00+00:00,3217944.73894182
2022-01-23 13:00:00+00:00,3217900.6990018203
2022-01-23 14:00:00+00:00,3216636.21825356
2022-01-23 15:00:00+00:00,3217074.18257556
2022-01-23 16:00:00+00:00,3221110.03727917
2022-01-23 17:00:00+00:00,3220983.59264948
2022-01-23 18:00:00+00:00,3220939.13867489
2022-01-23 19:00:00+00:00,3221919.18138657
2022-01-23 20:00:00+00:00,3221767.52960108
2022-01-23 21:00:00+00:00,3221633.669886
2022-01-23 22:00:00+00:00,3222238.28952959
2022-01-23 23:00:00+00:00,3222141.69884844
2022-01-24 00:00:00+00:00,3223671.32777793
2022-01-24 01:00:00+00:00,3225017.16662785
2022-01-24 02:00:00+00:00,3221317.32320935
2022-01-24 03:00:00+00:00,3222090.63409065
2022-01-24 04:00:00+00:00,3221843.63963276
2022-01-24 05:00:00+00:00,3222094.61266325
2022-01-24 06:00:00+00:00,3221987.2476346
2022-01-24 07:00:00+00:00,3222305.66501321
2022-01-24 08:00:00+00:00,3222238.97683281
2022-01-24 09:00:00+00:00,3218102.0447977902
2022-01-24 10:00:00+00:00,3217252.444215
2022-01-24 11:00:00+00:00,3217253.93616383
2022-01-24 12:00:00+00:00,3220820.84855784
2022-01-24 13:00:00+00:00,3219074.74624266
2022-01-24 14:00:00+00:00,3219627.30958992
2022-01-24 15:00:00+00:00,3220980.74345738
2022-01-24 16:00:00+00:00,3221088.02368243
2022-01-24 17:00:00+00:00,3223863.29421211
2022-01-24 18:00:00+00:00,3235782.61734099
2022-01-24 19:00:00+00:00,3230690.19362537
2022-01-24 20:00:00+00:00,3231758.50567684
2022-01-24 21:00:00+00:00,3229180.20594287
2022-01-24 22:00:00+00:00,3229224.21811674
2022-01-24 23:00:00+00:00,3219895.02220676
2022-01-25 00:00:00+00:00,3220119.50548239
2022-01-25 01:00:00+00:00,3219261.48647622
2022-01-25 02:00:00+00:00,3219933.5265718503
2022-01-25 03:00:00+00:00,3218757.95126868
2022-01-25 04:00:00+00:00,3219875.08734279
2022-01-25 05:00:00+00:00,3219745.78075424
2022-01-25 06:00:00+00:00,3219586.12125041
2022-01-25 07:00:00+00:00,3220405.14465592
2022-01-25 08:00:00+00:00,3221912.97015706
2022-01-25 09:00:00+00:00,3220834.81222427
2022-01-25 10:00:00+00:00,3220640.31631108
2022-01-25 11:00:00+00:00,3220311.55760175
2022-01-25 12:00:00+00:00,3220306.5073350803
2022-01-25 13:00:00+00:00,3222844.81962361
2022-01-25 14:00:00+00:00,3222899.03475291
2022-01-25 15:00:00+00:00,3235677.98042751
2022-01-25 16:00:00+00:00,3235623.99393212
2022-01-25 17:00:00+00:00,3237930.92554335
2022-01-25 18:00:00+00:00,3241751.2912175
2022-01-25 19:00:00+00:00,3242095.19582732
2022-01-25 20:00:00+00:00,3241974.62954001
2022-01-25 21:00:00+00:00,3243138.3870098502
2022-01-25 22:00:00+00:00,3242700.62065126
2022-01-25 23:00:00+00:00,3242311.57376597
2022-01-26 00:00:00+00:00,3241789.19005747
2022-01-26 01:00:00+00:00,3242770.32571541
2022-01-26 02:00:00+00:00,3243476.46843617
2022-01-26 03:00:00+00:00,3241551.60843725
2022-01-26 04:00:00+00:00,3241569.28908661
2022-01-26 05:00:00+00:00,3240468.16226331
2022-01-26 06:00:00+00:00,3240405.61361275
2022-01-26 07:00:00+00:00,3239516.30876857
2022-01-26 08:00:00+00:00,3239365.95913152
2022-01-26 09:00:00+00:00,3239447.57780653
2022-01-26 10:00:00+00:00,3239482.80466631
2022-01-26 11:00:00+00:00,3239496.58626628
2022-01-26 12:00:00+00:00,3239407.05362355
2022-01-26 13:00:00+00:00,3240029.04705083
2022-01-26 14:00:00+00:00,3240064.38280611
2022-01-26 15:00:00+00:00,3239329.77500074
2022-01-26 16:00:00+00:00,3240088.41791166
2022-01-26 17:00:00+00:00,3234200.94000538
2022-01-26 18:00:00+00:00,3234682.57516959
2022-01-26 19:00:00+00:00,3235791.33479565
2022-01-26 20:00:00+00:00,3235078.05772616
2022-01-26 21:00:00+00:00,3233833.45317422
2022-01-26 22:00:00+00:00,3242859.01924632
2022-01-26 23:00:00+00:00,3241877.62849345
2022-01-27 00:00:00+00:00,3242325.62678948
2022-01-27 01:00:00+00:00,3242678.73660507
2022-01-27 02:00:00+00:00,3244286.00363534
2022-01-27 03:00:00+00:00,3243591.50450182
2022-01-27 04:00:00+00:00,3244622.01278336
2022-01-27 05:00:00+00:00,3245885.86134187
2022-01-27 06:00:00+00:00,3247007.01879615
2022-01-27 07:00:00+00:00,3247539.9684142303
2022-01-27 08:00:00+00:00,3247260.82059312
2022-01-27 09:00:00+00:00,3247194.93063823
2022-01-27 10:00:00+00:00,3248589.85810092
2022-01-27 11:00:00+00:00,3249566.35999793
2022-01-27 12:00:00+00:00,3250521.81182642
2022-01-27 13:00:00+00:00,3248260.54988466
2022-01-27 14:00:00+00:00,3247138.26552558
2022-01-27 15:00:00+00:00,3245646.0009023
2022-01-27 16:00:00+00:00,3246465.194482
2022-01-27 17:00:00+00:00,3246700.6112907203
2022-01-27 18:00:00+00:00,3249231.40659643
2022-01-27 19:00:00+00:00,3250040.69869766
2022-01-27 20:00:00+00:00,3250145.8840831
2022-01-27 21:00:00+00:00,3248855.59734336
2022-01-27 22:00:00+00:00,3248253.64025216
2022-01-27 23:00:00+00:00,3248294.77448783
2022-01-28 00:00:00+00:00,3248194.55861365
2022-01-28 01:00:00+00:00,3248347.46984591
2022-01-28 02:00:00+00:00,3248643.81261038
2022-01-28 03:00:00+00:00,3247212.82285533
2022-01-28 04:00:00+00:00,3247604.0568014
2022-01-28 05:00:00+00:00,3245581.46076862
2022-01-28 06:00:00+00:00,3245822.26069968
2022-01-28 07:00:00+00:00,3246583.4046789003
2022-01-28 08:00:00+00:00,3245903.55199525
2022-01-28 09:00:00+00:00,3246707.5531016
2022-01-28 10:00:00+00:00,3246707.5531016
2022-01-28 11:00:00+00:00,3257323.64440211
2022-01-28 12:00:00+00:00,3257447.0497748503
2022-01-28 13:00:00+00:00,3257096.82895523
2022-01-28 14:00:00+00:00,3254267.50357361
2022-01-28 15:00:00+00:00,3252357.79572965
2022-01-28 16:00:00+00:00,3251895.30332783
2022-01-28 17:00:00+00:00,3251537.32398644
2022-01-28 18:00:00+00:00,3250252.42727048
2022-01-28 19:00:00+00:00,3246212.03015383
2022-01-28 20:00:00+00:00,3248288.3223353103
2022-01-28 21:00:00+00:00,3249564.77760244
2022-01-28 22:00:00+00:00,3250366.37169274
2022-01-28 23:00:00+00:00,3251164.77226779
2022-01-29 00:00:00+00:00,3247824.24989408
2022-01-29 01:00:00+00:00,3247733.5744870203
2022-01-29 02:00:00+00:00,3246948.7524984903
2022-01-29 03:00:00+00:00,3247849.61664909
2022-01-29 04:00:00+00:00,3248169.32769895
2022-01-29 05:00:00+00:00,3248173.15253539
2022-01-29 06:00:00+00:00,3248100.68025892
2022-01-29 07:00:00+00:00,3248121.45501664
2022-01-29 08:00:00+00:00,3247900.92852491
2022-01-29 09:00:00+00:00,3247761.96197724
2022-01-29 10:00:00+00:00,3247947.6125657503
2022-01-29 11:00:00+00:00,3247837.99242591
2022-01-29 12:00:00+00:00,3247844.93523855
2022-01-29 13:00:00+00:00,3247962.6613844
2022-01-29 14:00:00+00:00,3247990.81203003
2022-01-29 15:00:00+00:00,3247986.2259018403
2022-01-29 16:00:00+00:00,3247948.74429039
2022-01-29 17:00:00+00:00,3247960.89144797
2022-01-29 18:00:00+00:00,3246034.4577855403
2022-01-29 19:00:00+00:00,3245912.48535921
2022-01-29 20:00:00+00:00,3245802.99422778
2022-01-29 21:00:00+00:00,3245947.65331711
2022-01-29 22:00:00+00:00,3245815.59422042
2022-01-29 23:00:00+00:00,3244649.0808766
2022-01-30 00:00:00+00:00,3244566.89287845
2022-01-30 01:00:00+00:00,3245594.94988974
2022-01-30 02:00:00+00:00,3246550.41921194
2022-01-30 03:00:00+00:00,3243061.38053914
2022-01-30 04:00:00+00:00,3243570.14118923
2022-01-30 05:00:00+00:00,3243635.15848018
2022-01-30 06:00:00+00:00,3243643.3356416
2022-01-30 07:00:00+00:00,3243729.65635327
2022-01-30 08:00:00+00:00,3243807.32361509
2022-01-30 09:00:00+00:00,3244921.87451635
2022-01-30 10:00:00+00:00,3246327.8387598
2022-01-30 11:00:00+00:00,3246256.94514701
2022-01-30 12:00:00+00:00,3246276.99493743
2022-01-30 13:00:00+00:00,3246025.33345387
2022-01-30 14:00:00+00:00,3246016.39010427
2022-01-30 15:00:00+00:00,3245957.93675209
2022-01-30 16:00:00+00:00,3246079.8864268
2022-01-30 17:00:00+00:00,3246067.22982987
2022-01-30 18:00:00+00:00,3243925.7820569803
2022-01-30 19:00:00+00:00,3243903.62271685
2022-01-30 20:00:00+00:00,3243835.25289487
2022-01-30 21:00:00+00:00,3243944.07704174
2022-01-30 22:00:00+00:00,3244092.2893949603
2022-01-30 23:00:00+00:00,3244130.31975616
2022-01-31 00:00:00+00:00,3244163.0835453
2022-01-31 01:00:00+00:00,3243603.78201903
2022-01-31 02:00:00+00:00,3243576.05608906
2022-01-31 03:00:00+00:00,3243594.47760546
2022-01-31 04:00:00+00:00,3243167.4624538003
2022-01-31 05:00:00+00:00,3243195.83901213
2022-01-31 06:00:00+00:00,3243185.51277948
2022-01-31 07:00:00+00:00,3243393.71707561
2022-01-31 08:00:00+00:00,3243079.83363342
2022-01-31 09:00:00+00:00,3242993.3419841803
2022-01-31 10:00:00+00:00,3242928.2126844
2022-01-31 11:00:00+00:00,3243988.11695978
2022-01-31 12:00:00+00:00,3245382.89812864
2022-01-31 13:00:00+00:00,3244516.91622473
2022-01-31 14:00:00+00:00,3245426.2596764
2022-01-31 15:00:00+00:00,3245572.3950346103
2022-01-31 16:00:00+00:00,3254489.17737397
2022-01-31 17:00:00+00:00,3254315.96854152
2022-01-31 18:00:00+00:00,3254119.39668246
2022-01-31 19:00:00+00:00,3245461.70835887
2022-01-31 20:00:00+00:00,3244290.54925513
2022-01-31 21:00:00+00:00,3244569.6664855
2022-01-31 22:00:00+00:00,3245911.49355672
2022-01-31 23:00:00+00:00,3245860.1275123702
2022-02-01 00:00:00+00:00,3248865.88406169
2022-02-01 01:00:00+00:00,3248048.6466126502
2022-02-01 02:00:00+00:00,3249840.82928872
2022-02-01 03:00:00+00:00,3249867.48364845
2022-02-01 04:00:00+00:00,3251293.03228978
2022-02-01 05:00:00+00:00,3253415.85133153
2022-02-01 06:00:00+00:00,3254023.99645413
2022-02-01 07:00:00+00:00,3254239.11787327
2022-02-01 08:00:00+00:00,3253904.52001737
2022-02-01 09:00:00+00:00,3254219.21740916
2022-02-01 10:00:00+00:00,3253846.75390081
2022-02-01 11:00:00+00:00,3254013.36700575
2022-02-01 12:00:00+00:00,3252923.27811258
2022-02-01 13:00:00+00:00,3252536.27711914
2022-02-01 14:00:00+00:00,3252463.53136228
2022-02-01 15:00:00+00:00,3252237.01222008
2022-02-01 16:00:00+00:00,3252370.88745949
2022-02-01 17:00:00+00:00,3246964.84914903
2022-02-01 18:00:00+00:00,3246985.29050274
2022-02-01 19:00:00+00:00,3246906.7928349
2022-02-01 20:00:00+00:00,3247168.08567955
2022-02-01 21:00:00+00:00,3246698.55540607
2022-02-01 22:00:00+00:00,3246722.4531403
2022-02-01 23:00:00+00:00,3248879.7447793
2022-02-02 00:00:00+00:00,3248806.68703287
2022-02-02 01:00:00+00:00,3248472.51637112
2022-02-02 02:00:00+00:00,3248429.85663467
2022-02-02 03:00:00+00:00,3248564.34575442
2022-02-02 04:00:00+00:00,3248608.77416492
2022-02-02 05:00:00+00:00,3248719.27636863
2022-02-02 06:00:00+00:00,3249111.48764362
2022-02-02 07:00:00+00:00,3249481.9258762603
2022-02-02 08:00:00+00:00,3249663.0007316503
2022-02-02 09:00:00+00:00,3247650.11969916
2022-02-02 10:00:00+00:00,3247467.44335844
2022-02-02 11:00:00+00:00,3247560.17765501
2022-02-02 12:00:00+00:00,3247539.08833363
2022-02-02 13:00:00+00:00,3247599.64765614
2022-02-02 14:00:00+00:00,3249192.07406741
2022-02-02 15:00:00+00:00,3249002.60005628
2022-02-02 16:00:00+00:00,3249224.00040118
2022-02-02 17:00:00+00:00,3249603.13529242
2022-02-02 18:00:00+00:00,3248200.15524685
2022-02-02 19:00:00+00:00,3248246.48041608
2022-02-02 20:00:00+00:00,3248875.26165305
2022-02-02 21:00:00+00:00,3249337.89420736
2022-02-02 22:00:00+00:00,3251192.06179338
2022-02-02 23:00:00+00:00,3250696.67186917
2022-02-03 00:00:00+00:00,3249657.73610628
2022-02-03 01:00:00+00:00,3249287.27454592
2022-02-03 02:00:00+00:00,3248969.56405573
2022-02-03 03:00:00+00:00,3248967.83507064
2022-02-03 04:00:00+00:00,3249057.89530785
2022-02-03 05:00:00+00:00,3249113.8674063203
2022-02-03 06:00:00+00:00,3249965.0114165302
2022-02-03 07:00:00+00:00,3250098.47816509
2022-02-03 08:00:00+00:00,3250098.47816509
2022-02-03 09:00:00+00:00,3250988.32724817
2022-02-03 10:00:00+00:00,3251928.75355676
2022-02-03 11:00:00+00:00,3251933.92648377
2022-02-03 12:00:00+00:00,3251829.7707864502
2022-02-03 13:00:00+00:00,3250355.42365778
2022-02-03 14:00:00+00:00,3251196.46671521
2022-02-03 15:00:00+00:00,3254001.37166244
2022-02-03 16:00:00+00:00,3254389.17319105
2022-02-03 17:00:00+00:00,3254012.41375441
2022-02-03 18:00:00+00:00,3254039.8367821
2022-02-03 19:00:00+00:00,3255055.39828843
2022-02-03 20:00:00+00:00,3255127.56432537
2022-02-03 21:00:00+00:00,3254120.44433376
2022-02-03 22:00:00+00:00,3251266.0284288703
2022-02-03 23:00:00+00:00,3251278.78908088
2022-02-04 00:00:00+00:00,3251210.73321316
2022-02-04 01:00:00+00:00,3250103.34964624
2022-02-04 02:00:00+00:00,3249915.40129212
2022-02-04 03:00:00+00:00,3249659.84681771
2022-02-04 04:00:00+00:00,3250844.28474072
2022-02-04 05:00:00+00:00,3250575.67951338
2022-02-04 06:00:00+00:00,3247617.38194964
2022-02-04 07:00:00+00:00,3248036.38552611
2022-02-04 08:00:00+00:00,3248347.39246748
2022-02-04 09:00:00+00:00,3248511.11548197
2022-02-04 10:00:00+00:00,3248692.38360267
2022-02-04 11:00:00+00:00,3248522.79220985
2022-02-04 12:00:00+00:00,3248385.46333443
2022-02-04 13:00:00+00:00,3248038.60938333
2022-02-04 14:00:00+00:00,3247235.07314927
2022-02-04 15:00:00+00:00,3247306.58548742
2022-02-04 16:00:00+00:00,3248774.75292574
2022-02-04 17:00:00+00:00,3250715.12691043
2022-02-04 18:00:00+00:00,3249911.31621252
2022-02-04 19:00:00+00:00,3249770.50637736
2022-02-04 20:00:00+00:00,3248681.90931713
2022-02-04 21:00:00+00:00,3250834.4391543902
2022-02-04 22:00:00+00:00,3250304.30354635
2022-02-04 23:00:00+00:00,3249091.5184549303
2022-02-05 00:00:00+00:00,3249058.11677883
2022-02-05 01:00:00+00:00,3249411.94061029
2022-02-05 02:00:00+00:00,3248250.03406883
2022-02-05 03:00:00+00:00,3249331.40587503
2022-02-05 04:00:00+00:00,3249984.39600837
2022-02-05 05:00:00+00:00,3249101.059374
2022-02-05 06:00:00+00:00,3248680.01789607
2022-02-05 07:00:00+00:00,3249857.4581469703
2022-02-05 08:00:00+00:00,3249867.28414522
2022-02-05 09:00:00+00:00,3251027.93440173
2022-02-05 10:00:00+00:00,3252258.68430045
2022-02-05 11:00:00+00:00,3253327.54243818
2022-02-05 12:00:00+00:00,3252679.91272918
2022-02-05 13:00:00+00:00,3252773.14005176
2022-02-05 14:00:00+00:00,3252814.27631404
2022-02-05 15:00:00+00:00,3252625.79984576
2022-02-05 16:00:00+00:00,3252466.37577801
2022-02-05 17:00:00+00:00,3252226.51946064
2022-02-05 18:00:00+00:00,3251064.63052072
2022-02-05 19:00:00+00:00,3251061.11679377
2022-02-05 20:00:00+00:00,3251538.91615979
2022-02-05 21:00:00+00:00,3251545.1045094403
2022-02-05 22:00:00+00:00,3251476.4636578
2022-02-05 23:00:00+00:00,3251651.74833892
2022-02-06 00:00:00+00:00,3251676.02118999
2022-02-06 01:00:00+00:00,3251615.88766383
2022-02-06 02:00:00+00:00,3250737.15118422
2022-02-06 03:00:00+00:00,3250621.4521854003
2022-02-06 04:00:00+00:00,3250632.13548871
2022-02-06 05:00:00+00:00,3250616.16532613
2022-02-06 06:00:00+00:00,3250612.86864339
2022-02-06 07:00:00+00:00,3250764.07792014
2022-02-06 08:00:00+00:00,3250744.19423864
2022-02-06 09:00:00+00:00,3251000.4388098703
2022-02-06 10:00:00+00:00,3250905.78663833
2022-02-06 11:00:00+00:00,3250950.62572452
2022-02-06 12:00:00+00:00,3250916.31208799
2022-02-06 13:00:00+00:00,3250941.34728994
2022-02-06 14:00:00+00:00,3250699.49503567
2022-02-06 15:00:00+00:00,3250085.95380867
2022-02-06 16:00:00+00:00,3250084.92888903
2022-02-06 17:00:00+00:00,3246188.47610038
2022-02-06 18:00:00+00:00,3246268.18939382
2022-02-06 19:00:00+00:00,3246295.09060888
2022-02-06 20:00:00+00:00,3246289.36054867
2022-02-06 21:00:00+00:00,3246187.43776023
2022-02-06 22:00:00+00:00,3246189.72182757
2022-02-06 23:00:00+00:00,3247205.13566897
2022-02-07 00:00:00+00:00,3247052.23015399
2022-02-07 01:00:00+00:00,3248195.60254527
2022-02-07 02:00:00+00:00,3247250.28048799
2022-02-07 03:00:00+00:00,3248214.61285817
2022-02-07 04:00:00+00:00,3248364.5726873
2022-02-07 05:00:00+00:00,3248420.46407102
2022-02-07 06:00:00+00:00,3247467.60956032
2022-02-07 07:00:00+00:00,3247991.2777834
2022-02-07 08:00:00+00:00,3248183.95217161
2022-02-07 09:00:00+00:00,3249511.27802853
2022-02-07 10:00:00+00:00,3246222.39620532
2022-02-07 11:00:00+00:00,3247556.6951976903
2022-02-07 12:00:00+00:00,3246040.97613112
2022-02-07 13:00:00+00:00,3248771.14891987
2022-02-07 14:00:00+00:00,3247783.91954342
2022-02-07 15:00:00+00:00,3251748.07492699
2022-02-07 16:00:00+00:00,3251746.56283921
2022-02-07 17:00:00+00:00,3253091.42040191
2022-02-07 18:00:00+00:00,3255271.37674997
2022-02-07 19:00:00+00:00,3254596.2101645702
2022-02-07 20:00:00+00:00,3253957.74553749
2022-02-07 21:00:00+00:00,3252506.01483664
2022-02-07 22:00:00+00:00,3252128.63345695
2022-02-07 23:00:00+00:00,3242559.37422672
2022-02-08 00:00:00+00:00,3242662.93225239
2022-02-08 01:00:00+00:00,3242822.21013332
2022-02-08 02:00:00+00:00,3242528.97990115
2022-02-08 03:00:00+00:00,3227716.10964106
2022-02-08 04:00:00+00:00,3227498.2920245603
2022-02-08 05:00:00+00:00,3223655.2820416703
2022-02-08 06:00:00+00:00,3221320.32717171
2022-02-08 07:00:00+00:00,3221766.38964393
2022-02-08 08:00:00+00:00,3221264.6680249
2022-02-08 09:00:00+00:00,3223574.53306944
2022-02-08 10:00:00+00:00,3222113.45047614
2022-02-08 11:00:00+00:00,3222209.83354138
2022-02-08 12:00:00+00:00,3222169.99888886
2022-02-08 13:00:00+00:00,3222457.13814436
2022-02-08 14:00:00+00:00,3224053.92008263
2022-02-08 15:00:00+00:00,3223800.29604362
2022-02-08 16:00:00+00:00,3225442.30187482
2022-02-08 17:00:00+00:00,3225843.96460061
2022-02-08 18:00:00+00:00,3225315.30067445
2022-02-08 19:00:00+00:00,3225257.86679242
2022-02-08 20:00:00+00:00,3225663.19959158
2022-02-08 21:00:00+00:00,3223826.81729076
2022-02-08 22:00:00+00:00,3223794.20120087
2022-02-08 23:00:00+00:00,3221306.21809529
2022-02-09 00:00:00+00:00,3221360.00408546
2022-02-09 01:00:00+00:00,3219612.93733922
2022-02-09 02:00:00+00:00,3219704.75213073
2022-02-09 03:00:00+00:00,3219810.63791572
2022-02-09 04:00:00+00:00,3219947.91633438
2022-02-09 05:00:00+00:00,3219978.27092484
2022-02-09 06:00:00+00:00,3220451.23499618
2022-02-09 07:00:00+00:00,3218910.66893757
2022-02-09 08:00:00+00:00,3218936.98460502
2022-02-09 09:00:00+00:00,3217645.06713905
2022-02-09 10:00:00+00:00,3218712.08144583
2022-02-09 11:00:00+00:00,3218772.68783043
2022-02-09 12:00:00+00:00,3218830.27699934
2022-02-09 13:00:00+00:00,3218246.7246731003
2022-02-09 14:00:00+00:00,3218992.33317569
2022-02-09 15:00:00+00:00,3219661.05297914
2022-02-09 16:00:00+00:00,3219515.30022189
2022-02-09 17:00:00+00:00,3218274.97999151
2022-02-09 18:00:00+00:00,3218119.46476283
2022-02-09 19:00:00+00:00,3218039.01704844
2022-02-09 20:00:00+00:00,3218271.18740451
2022-02-09 21:00:00+00:00,3219289.62515846
2022-02-09 22:00:00+00:00,3209398.1669163
2022-02-09 23:00:00+00:00,3211673.54073727
2022-02-10 00:00:00+00:00,3209313.15277813
2022-02-10 01:00:00+00:00,3209294.97187248
2022-02-10 02:00:00+00:00,3209160.6325144903
2022-02-10 03:00:00+00:00,3209374.1440907503
2022-02-10 04:00:00+00:00,3209027.93552668
2022-02-10 05:00:00+00:00,3208993.39861396
2022-02-10 06:00:00+00:00,3209043.7757224003
2022-02-10 07:00:00+00:00,3208462.42896079
2022-02-10 08:00:00+00:00,3205096.31586543
2022-02-10 09:00:00+00:00,3209153.86205877
2022-02-10 10:00:00+00:00,3216271.40012233
2022-02-10 11:00:00+00:00,3216274.22215966
2022-02-10 12:00:00+00:00,3217072.4203591
2022-02-10 13:00:00+00:00,3216789.1490056403
2022-02-10 14:00:00+00:00,3217859.2907161
2022-02-10 15:00:00+00:00,3217149.33796543
2022-02-10 16:00:00+00:00,3216700.82784528
2022-02-10 17:00:00+00:00,3218855.80569264
2022-02-10 18:00:00+00:00,3220276.13020567
2022-02-10 19:00:00+00:00,3220107.83919753
2022-02-10 20:00:00+00:00,3220180.68571383
2022-02-10 21:00:00+00:00,3219825.31381725
2022-02-10 22:00:00+00:00,3219460.4526747
2022-02-10 23:00:00+00:00,3219461.96557628
2022-02-11 00:00:00+00:00,3219074.83073373
2022-02-11 01:00:00+00:00,3218663.92574727
2022-02-11 02:00:00+00:00,3218653.41537404
2022-02-11 03:00:00+00:00,3218581.72841645
2022-02-11 04:00:00+00:00,3218724.1924220603
2022-02-11 05:00:00+00:00,3218799.60038708
2022-02-11 06:00:00+00:00,3218795.34650874
2022-02-11 07:00:00+00:00,3217552.42462436
2022-02-11 08:00:00+00:00,3217623.33104644
2022-02-11 09:00:00+00:00,3206935.1500687
2022-02-11 10:00:00+00:00,3193677.82458505
2022-02-11 11:00:00+00:00,3192747.22688488
2022-02-11 12:00:00+00:00,3194230.47804387
2022-02-11 13:00:00+00:00,3192895.64824841
2022-02-11 14:00:00+00:00,3194189.16691223
2022-02-11 15:00:00+00:00,3204901.14788068
2022-02-11 16:00:00+00:00,3205416.66817585
2022-02-11 17:00:00+00:00,3206852.30993152
2022-02-11 18:00:00+00:00,3204544.5263425303
2022-02-11 19:00:00+00:00,3204574.55676828
2022-02-11 20:00:00+00:00,3204807.36048804
2022-02-11 21:00:00+00:00,3203349.74244156
2022-02-11 22:00:00+00:00,3214279.26910543
2022-02-11 23:00:00+00:00,3215371.61388767
2022-02-12 00:00:00+00:00,3215474.01830435
2022-02-12 01:00:00+00:00,3226023.83315795
2022-02-12 02:00:00+00:00,3226103.34675872
2022-02-12 03:00:00+00:00,3227526.14903886
2022-02-12 04:00:00+00:00,3228642.05082103
2022-02-12 05:00:00+00:00,3228972.0564732403
2022-02-12 06:00:00+00:00,3229078.79177126
2022-02-12 07:00:00+00:00,3229026.20096103
2022-02-12 08:00:00+00:00,3229074.72835874
2022-02-12 09:00:00+00:00,3229944.92570139
2022-02-12 10:00:00+00:00,3232552.5485889
2022-02-12 11:00:00+00:00,3230830.69754804
2022-02-12 12:00:00+00:00,3229814.31566629
2022-02-12 13:00:00+00:00,3229884.00325046
2022-02-12 14:00:00+00:00,3230042.75752505
2022-02-12 15:00:00+00:00,3230073.16563207
2022-02-12 16:00:00+00:00,3230016.92432222
2022-02-12 17:00:00+00:00,3231068.36327432
2022-02-12 18:00:00+00:00,3231076.8478094903
2022-02-12 19:00:00+00:00,3231093.64922409
2022-02-12 20:00:00+00:00,3231082.27903458
2022-02-12 21:00:00+00:00,3231158.58755389
2022-02-12 22:00:00+00:00,3231118.40585093
2022-02-12 23:00:00+00:00,3230123.10140889
2022-02-13 00:00:00+00:00,3230317.40003078
2022-02-13 01:00:00+00:00,3230262.85407165
2022-02-13 02:00:00+00:00,3231613.03035407
2022-02-13 03:00:00+00:00,3232825.42967434
2022-02-13 04:00:00+00:00,3232988.58294986
2022-02-13 05:00:00+00:00,3233006.31378899
2022-02-13 06:00:00+00:00,3233019.30277428
2022-02-13 07:00:00+00:00,3232964.77664283
2022-02-13 08:00:00+00:00,3233046.56036138
2022-02-13 09:00:00+00:00,3230391.30415397
2022-02-13 10:00:00+00:00,3230477.32895297
2022-02-13 11:00:00+00:00,3230669.17708797
2022-02-13 12:00:00+00:00,3232056.89065849
2022-02-13 13:00:00+00:00,3232100.2204777203
2022-02-13 14:00:00+00:00,3232261.70701394
2022-02-13 15:00:00+00:00,3232269.48438506
2022-02-13 16:00:00+00:00,3231856.97093567
2022-02-13 17:00:00+00:00,3230329.32562036
2022-02-13 18:00:00+00:00,3230075.04124358
2022-02-13 19:00:00+00:00,3230127.52986777
2022-02-13 20:00:00+00:00,3230129.36595456
2022-02-13 21:00:00+00:00,3230104.80288401
2022-02-13 22:00:00+00:00,3230092.72525338
2022-02-13 23:00:00+00:00,3228519.58570313
2022-02-14 00:00:00+00:00,3228340.8138709
2022-02-14 01:00:00+00:00,3227329.91494998
2022-02-14 02:00:00+00:00,3229882.85452427
2022-02-14 03:00:00+00:00,3228098.140514
2022-02-14 04:00:00+00:00,3229441.80964788
2022-02-14 05:00:00+00:00,3229380.33659182
2022-02-14 06:00:00+00:00,3229447.8662540503
2022-02-14 07:00:00+00:00,3230071.32297146
2022-02-14 08:00:00+00:00,3241032.32269587
2022-02-14 09:00:00+00:00,3240577.44673086
2022-02-14 10:00:00+00:00,3239802.80420618
2022-02-14 11:00:00+00:00,3239471.4715987
2022-02-14 12:00:00+00:00,3240072.8687124
2022-02-14 13:00:00+00:00,3239590.92809613
2022-02-14 14:00:00+00:00,3229787.75270651
2022-02-14 15:00:00+00:00,3230596.20311761
2022-02-14 16:00:00+00:00,3230213.27544187
2022-02-14 17:00:00+00:00,3244400.57811322
2022-02-14 18:00:00+00:00,3243079.20609314
2022-02-14 19:00:00+00:00,3244279.55720762
2022-02-14 20:00:00+00:00,3243009.00170894
2022-02-14 21:00:00+00:00,3243136.95006197
2022-02-14 22:00:00+00:00,3242885.1610750603
2022-02-14 23:00:00+00:00,3242461.44996573
2022-02-15 00:00:00+00:00,3242467.36779129
2022-02-15 01:00:00+00:00,3242324.08549889
2022-02-15 02:00:00+00:00,3242309.2825298
2022-02-15 03:00:00+00:00,3242355.65004597
2022-02-15 04:00:00+00:00,3242481.60563628
2022-02-15 05:00:00+00:00,3242542.75106428
2022-02-15 06:00:00+00:00,3242595.05084378
2022-02-15 07:00:00+00:00,3242960.68420708
2022-02-15 08:00:00+00:00,3242082.83470556
2022-02-15 09:00:00+00:00,3242616.94859451
2022-02-15 10:00:00+00:00,3243912.5607290203
2022-02-15 11:00:00+00:00,3244330.87337127
2022-02-15 12:00:00+00:00,3244248.6064191703
2022-02-15 13:00:00+00:00,3244364.04399306
2022-02-15 14:00:00+00:00,3244602.8299360103
2022-02-15 15:00:00+00:00,3249627.03320545
2022-02-15 16:00:00+00:00,3239208.82173691
2022-02-15 17:00:00+00:00,3236543.28941219
2022-02-15 18:00:00+00:00,3235136.70520452
2022-02-15 19:00:00+00:00,3235205.29274735
2022-02-15 20:00:00+00:00,3234871.31187369
2022-02-15 21:00:00+00:00,3234747.31775545
2022-02-15 22:00:00+00:00,3233212.55686274
2022-02-15 23:00:00+00:00,3234019.53964197
2022-02-16 00:00:00+00:00,3235485.5416496
2022-02-16 01:00:00+00:00,3235298.61935894
2022-02-16 02:00:00+00:00,3235249.9684378603
2022-02-16 03:00:00+00:00,3236393.27252281
2022-02-16 04:00:00+00:00,3236478.48928605
2022-02-16 05:00:00+00:00,3236502.47357641
2022-02-16 06:00:00+00:00,3236575.74115607
2022-02-16 07:00:00+00:00,3237739.0287299203
2022-02-16 08:00:00+00:00,3237640.08548977
2022-02-16 09:00:00+00:00,3238858.9649703703
2022-02-16 10:00:00+00:00,3237740.63910445
2022-02-16 11:00:00+00:00,3237829.41107752
2022-02-16 12:00:00+00:00,3237697.48487348
2022-02-16 13:00:00+00:00,3238191.5946226
2022-02-16 14:00:00+00:00,3238633.47120761
2022-02-16 15:00:00+00:00,3238597.78303497
2022-02-16 16:00:00+00:00,3238710.73075586
2022-02-16 17:00:00+00:00,3238620.56273086
2022-02-16 18:00:00+00:00,3238806.76119927
2022-02-16 19:00:00+00:00,3237698.26875795
2022-02-16 20:00:00+00:00,3236654.08081976
2022-02-16 21:00:00+00:00,3235724.34131767
2022-02-16 22:00:00+00:00,3232704.61275361
2022-02-16 23:00:00+00:00,3231429.98617943
2022-02-17 00:00:00+00:00,3233843.3056855
2022-02-17 01:00:00+00:00,3233845.22425253
2022-02-17 02:00:00+00:00,3233570.31446343
2022-02-17 03:00:00+00:00,3233591.1599800503
2022-02-17 04:00:00+00:00,3233314.8236189303
2022-02-17 05:00:00+00:00,3233326.67822291
2022-02-17 06:00:00+00:00,3234364.8556915103
2022-02-17 07:00:00+00:00,3234666.15948311
2022-02-17 08:00:00+00:00,3234651.05431097
2022-02-17 09:00:00+00:00,3232452.78221237
2022-02-17 10:00:00+00:00,3232106.40574874
2022-02-17 11:00:00+00:00,3232090.29634864
2022-02-17 12:00:00+00:00,3230951.27851856
2022-02-17 13:00:00+00:00,3231689.09935274
2022-02-17 14:00:00+00:00,3231840.44448402
2022-02-17 15:00:00+00:00,3236037.94302676
2022-02-17 16:00:00+00:00,3237269.5174322003
2022-02-17 17:00:00+00:00,3237419.18754688
2022-02-17 18:00:00+00:00,3235512.9847612903
2022-02-17 19:00:00+00:00,3235618.35947855
2022-02-17 20:00:00+00:00,3235888.47636944
2022-02-17 21:00:00+00:00,3235993.81200836
2022-02-17 22:00:00+00:00,3231995.19143069
2022-02-17 23:00:00+00:00,3231893.25242525
2022-02-18 00:00:00+00:00,3231966.17154563
2022-02-18 01:00:00+00:00,3230534.47781247
2022-02-18 02:00:00+00:00,3230691.15541171
2022-02-18 03:00:00+00:00,3230787.81844883
2022-02-18 04:00:00+00:00,3230680.39883951
2022-02-18 05:00:00+00:00,3231763.99715195
2022-02-18 06:00:00+00:00,3231882.0664439
2022-02-18 07:00:00+00:00,3230232.65641902
2022-02-18 08:00:00+00:00,3229215.21710726
2022-02-18 09:00:00+00:00,3227909.08060611
2022-02-18 10:00:00+00:00,3226799.07146271
2022-02-18 11:00:00+00:00,3226126.36667932
2022-02-18 12:00:00+00:00,3226204.02939433
2022-02-18 13:00:00+00:00,3226245.76394985
2022-02-18 14:00:00+00:00,3226251.2114499
2022-02-18 15:00:00+00:00,3225406.50775219
2022-02-18 16:00:00+00:00,3221868.10679098
2022-02-18 17:00:00+00:00,3223007.48309694
2022-02-18 18:00:00+00:00,3223434.15565008
2022-02-18 19:00:00+00:00,3221913.78584787
2022-02-18 20:00:00+00:00,3222155.47851468
2022-02-18 21:00:00+00:00,3223267.73818431
2022-02-18 22:00:00+00:00,3222408.34640317
2022-02-18 23:00:00+00:00,3225776.65923597
2022-02-19 00:00:00+00:00,3225778.01979071
2022-02-19 01:00:00+00:00,3225688.6585591403
2022-02-19 02:00:00+00:00,3225599.33255376
2022-02-19 03:00:00+00:00,3225548.1901569
2022-02-19 04:00:00+00:00,3225593.04879358
2022-02-19 05:00:00+00:00,3225482.70483438
2022-02-19 06:00:00+00:00,3225225.65270378
2022-02-19 07:00:00+00:00,3225126.17823179
2022-02-19 08:00:00+00:00,3225667.97165618
2022-02-19 09:00:00+00:00,3224003.70799117
2022-02-19 10:00:00+00:00,3220473.75621237
2022-02-19 11:00:00+00:00,3220579.36356287
2022-02-19 12:00:00+00:00,3220587.80934582
2022-02-19 13:00:00+00:00,3220585.35425384
2022-02-19 14:00:00+00:00,3220633.60224948
2022-02-19 15:00:00+00:00,3220702.24646113
2022-02-19 16:00:00+00:00,3220769.54350802
2022-02-19 17:00:00+00:00,3220821.03148655
2022-02-19 18:00:00+00:00,3220834.98945446
2022-02-19 19:00:00+00:00,3220859.86884828
2022-02-19 20:00:00+00:00,3220941.42390809
2022-02-19 21:00:00+00:00,3220956.6249738
2022-02-19 22:00:00+00:00,3220960.06409535
2022-02-19 23:00:00+00:00,3220979.49034156
2022-02-20 00:00:00+00:00,3220953.0084872902
2022-02-20 01:00:00+00:00,3220904.36702391
2022-02-20 02:00:00+00:00,3220672.43625945
2022-02-20 03:00:00+00:00,3220994.02783231
2022-02-20 04:00:00+00:00,3221036.54628844
2022-02-20 05:00:00+00:00,3221174.69230722
2022-02-20 06:00:00+00:00,3221041.24818774
2022-02-20 07:00:00+00:00,3221070.66455359
2022-02-20 08:00:00+00:00,3221043.99646383
2022-02-20 09:00:00+00:00,3221180.70561777
2022-02-20 10:00:00+00:00,3221579.54293907
2022-02-20 11:00:00+00:00,3219782.04929551
2022-02-20 12:00:00+00:00,3220025.96496407
2022-02-20 13:00:00+00:00,3220033.40233511
2022-02-20 14:00:00+00:00,3220017.04736877
2022-02-20 15:00:00+00:00,3219747.27180894
2022-02-20 16:00:00+00:00,3219805.6429945403
2022-02-20 17:00:00+00:00,3219837.5677926303
2022-02-20 18:00:00+00:00,3219346.19948634
2022-02-20 19:00:00+00:00,3219393.00830125
2022-02-20 20:00:00+00:00,3219379.36010355
2022-02-20 21:00:00+00:00,3219421.62204422
2022-02-20 22:00:00+00:00,3219416.44481039
2022-02-20 23:00:00+00:00,3219424.18481638
2022-02-21 00:00:00+00:00,3219348.9011073
2022-02-21 01:00:00+00:00,3220876.54176816
2022-02-21 02:00:00+00:00,3222599.55538263
2022-02-21 03:00:00+00:00,3222573.6125021502
2022-02-21 04:00:00+00:00,3222690.85148773
2022-02-21 05:00:00+00:00,3222799.65979382
2022-02-21 06:00:00+00:00,3222871.0023620003
2022-02-21 07:00:00+00:00,3222944.76498654
2022-02-21 08:00:00+00:00,3222416.91253438
2022-02-21 09:00:00+00:00,3224644.67319709
2022-02-21 10:00:00+00:00,3225266.15708355
2022-02-21 11:00:00+00:00,3225258.23271895
2022-02-21 12:00:00+00:00,3225178.41483144
2022-02-21 13:00:00+00:00,3217922.12111161
2022-02-21 14:00:00+00:00,3220604.94272868
2022-02-21 15:00:00+00:00,3220272.80468719
2022-02-21 16:00:00+00:00,3221856.26253694
2022-02-21 17:00:00+00:00,3221799.29781157
2022-02-21 18:00:00+00:00,3221910.30430366
2022-02-21 19:00:00+00:00,3222047.6986588403
2022-02-21 20:00:00+00:00,3220746.7672418803
2022-02-21 21:00:00+00:00,3220986.25469008
2022-02-21 22:00:00+00:00,3220988.78017322
2022-02-21 23:00:00+00:00,3221201.17344451
2022-02-22 00:00:00+00:00,3220994.34171928
2022-02-22 01:00:00+00:00,3221254.53762501
2022-02-22 02:00:00+00:00,3220049.85638614
2022-02-22 03:00:00+00:00,3220328.60261189
2022-02-22 04:00:00+00:00,3220427.24184986
2022-02-22 05:00:00+00:00,3224582.89211114
2022-02-22 06:00:00+00:00,3224950.07442968
2022-02-22 07:00:00+00:00,3226170.4170489903
2022-02-22 08:00:00+00:00,3223942.99981554
2022-02-22 09:00:00+00:00,3223874.82664249
2022-02-22 10:00:00+00:00,3224095.27963356
2022-02-22 11:00:00+00:00,3224294.41353421
2022-02-22 12:00:00+00:00,3224494.48064611
2022-02-22 13:00:00+00:00,3223563.59616853
2022-02-22 14:00:00+00:00,3223834.76470965
2022-02-22 15:00:00+00:00,3224919.64068535
2022-02-22 16:00:00+00:00,3226047.38247919
2022-02-22 17:00:00+00:00,3225364.39991253
2022-02-22 18:00:00+00:00,3222713.13500861
2022-02-22 19:00:00+00:00,3221190.83180609
2022-02-22 20:00:00+00:00,3220937.38189781
2022-02-22 21:00:00+00:00,3221135.05913023
2022-02-22 22:00:00+00:00,3221081.63464566
2022-02-22 23:00:00+00:00,3221258.13128754
2022-02-23 00:00:00+00:00,3221260.89212073
2022-02-23 01:00:00+00:00,3221376.98052336
2022-02-23 02:00:00+00:00,3220302.73268283
2022-02-23 03:00:00+00:00,3220397.40516398
2022-02-23 04:00:00+00:00,3223040.00411993
2022-02-23 05:00:00+00:00,3221926.0158406203
2022-02-23 06:00:00+00:00,3221975.07591295
2022-02-23 07:00:00+00:00,3223262.98360833
2022-02-23 08:00:00+00:00,3222958.85683783
2022-02-23 09:00:00+00:00,3222678.73384307
2022-02-23 10:00:00+00:00,3223971.00116949
2022-02-23 11:00:00+00:00,3223937.38022284
2022-02-23 12:00:00+00:00,3223951.23037546
2022-02-23 13:00:00+00:00,3224475.29708244
2022-02-23 14:00:00+00:00,3224405.40151059
2022-02-23 15:00:00+00:00,3223129.83056237
2022-02-23 16:00:00+00:00,3226513.59226447
2022-02-23 17:00:00+00:00,3225498.18710222
2022-02-23 18:00:00+00:00,3226128.29317663
2022-02-23 19:00:00+00:00,3226078.33222353
2022-02-23 20:00:00+00:00,3226754.11669662
2022-02-23 21:00:00+00:00,3226820.50474954
2022-02-23 22:00:00+00:00,3227788.37392902
2022-02-23 23:00:00+00:00,3229741.16494571
2022-02-24 00:00:00+00:00,3229440.8929911
2022-02-24 01:00:00+00:00,3229622.36922538
2022-02-24 02:00:00+00:00,3228753.57899572
2022-02-24 03:00:00+00:00,3228229.70913616
2022-02-24 04:00:00+00:00,3223586.52047033
2022-02-24 05:00:00+00:00,3223836.91908712
2022-02-24 06:00:00+00:00,3223944.8340943
2022-02-24 07:00:00+00:00,3222615.38405312
2022-02-24 08:00:00+00:00,3222450.49315452
2022-02-24 09:00:00+00:00,3220132.02993698
2022-02-24 10:00:00+00:00,3215029.8916842
2022-02-24 11:00:00+00:00,3214868.6356015103
2022-02-24 12:00:00+00:00,3214086.13798425
2022-02-24 13:00:00+00:00,3213999.56738629
2022-02-24 14:00:00+00:00,3215638.37906573
2022-02-24 15:00:00+00:00,3215526.77586223
2022-02-24 16:00:00+00:00,3217401.49795019
2022-02-24 17:00:00+00:00,3214478.51976931
2022-02-24 18:00:00+00:00,3213048.48173997
2022-02-24 19:00:00+00:00,3215523.88276808
2022-02-24 20:00:00+00:00,3215800.73674826
2022-02-24 21:00:00+00:00,3215976.56591526
2022-02-24 22:00:00+00:00,3215921.29988675
2022-02-24 23:00:00+00:00,3216081.3999414803
2022-02-25 00:00:00+00:00,3216154.79532023
2022-02-25 01:00:00+00:00,3228629.36365513
2022-02-25 02:00:00+00:00,3228776.94368965
2022-02-25 03:00:00+00:00,3228476.72225482
2022-02-25 04:00:00+00:00,3228360.75140158
2022-02-25 05:00:00+00:00,3228526.80369698
2022-02-25 06:00:00+00:00,3226536.88825109
2022-02-25 07:00:00+00:00,3225436.71782104
2022-02-25 08:00:00+00:00,3226216.16347208
2022-02-25 09:00:00+00:00,3226322.35622773
2022-02-25 10:00:00+00:00,3226339.08344356
2022-02-25 11:00:00+00:00,3225192.5666558
2022-02-25 12:00:00+00:00,3224374.32400961
2022-02-25 13:00:00+00:00,3224393.3674137
2022-02-25 14:00:00+00:00,3222007.08015345
2022-02-25 15:00:00+00:00,3222349.36127329
2022-02-25 16:00:00+00:00,3221328.2139009503
2022-02-25 17:00:00+00:00,3225740.34746838
2022-02-25 18:00:00+00:00,3226676.71143372
2022-02-25 19:00:00+00:00,3226999.32673099
2022-02-25 20:00:00+00:00,3224782.26050051
2022-02-25 21:00:00+00:00,3222095.1285178
2022-02-25 22:00:00+00:00,3224473.3580641
2022-02-25 23:00:00+00:00,3225461.23113851
2022-02-26 00:00:00+00:00,3224871.61900427
2022-02-26 01:00:00+00:00,3224761.82676159
2022-02-26 02:00:00+00:00,3223922.79685532
2022-02-26 03:00:00+00:00,3223985.15035854
2022-02-26 04:00:00+00:00,3223532.23717835
2022-02-26 05:00:00+00:00,3223374.8619428403
2022-02-26 06:00:00+00:00,3224402.28455419
2022-02-26 07:00:00+00:00,3224671.83950013
2022-02-26 08:00:00+00:00,3225987.98335581
2022-02-26 09:00:00+00:00,3226916.65340277
2022-02-26 10:00:00+00:00,3226911.76915027
2022-02-26 11:00:00+00:00,3227080.59755322
2022-02-26 12:00:00+00:00,3226594.46661603
2022-02-26 13:00:00+00:00,3227531.02048913
2022-02-26 14:00:00+00:00,3227718.61073617
2022-02-26 15:00:00+00:00,3227830.8524833
2022-02-26 16:00:00+00:00,3227799.6404928
2022-02-26 17:00:00+00:00,3227771.61874385
2022-02-26 18:00:00+00:00,3227780.97805409
2022-02-26 19:00:00+00:00,3227799.56176261
2022-02-26 20:00:00+00:00,3227106.46256941
2022-02-26 21:00:00+00:00,3227038.24187935
2022-02-26 22:00:00+00:00,3226764.539031
2022-02-26 23:00:00+00:00,3227962.63377304
2022-02-27 00:00:00+00:00,3228038.70254788
2022-02-27 01:00:00+00:00,3228074.39144572
2022-02-27 02:00:00+00:00,3227992.88216864
2022-02-27 03:00:00+00:00,3227481.67467076
2022-02-27 04:00:00+00:00,3227485.34907445
2022-02-27 05:00:00+00:00,3227453.40075612
2022-02-27 06:00:00+00:00,3227794.15509844
2022-02-27 07:00:00+00:00,3227827.5589039503
2022-02-27 08:00:00+00:00,3227716.67533478
2022-02-27 09:00:00+00:00,3227771.0663147
2022-02-27 10:00:00+00:00,3227783.3958118903
2022-02-27 11:00:00+00:00,3227510.82989872
2022-02-27 12:00:00+00:00,3227449.27091016
2022-02-27 13:00:00+00:00,3227389.82359958
2022-02-27 14:00:00+00:00,3227366.25633394
2022-02-27 15:00:00+00:00,3227382.06833959
2022-02-27 16:00:00+00:00,3227469.00098186
2022-02-27 17:00:00+00:00,3227392.95306497
2022-02-27 18:00:00+00:00,3226386.18799946
2022-02-27 19:00:00+00:00,3226388.60787033
2022-02-27 20:00:00+00:00,3226317.8441204
2022-02-27 21:00:00+00:00,3226424.77432318
2022-02-27 22:00:00+00:00,3226386.0167804603
2022-02-27 23:00:00+00:00,3226394.19621152
2022-02-28 00:00:00+00:00,3226422.01616525
2022-02-28 01:00:00+00:00,3224926.0087420302
2022-02-28 02:00:00+00:00,3224997.81473705
2022-02-28 03:00:00+00:00,3225201.43238657
2022-02-28 04:00:00+00:00,3226465.9144265503
2022-02-28 05:00:00+00:00,3226764.96023082
2022-02-28 06:00:00+00:00,3226917.03967681
2022-02-28 07:00:00+00:00,3227676.24157544
2022-02-28 08:00:00+00:00,3225521.0486519
2022-02-28 09:00:00+00:00,3227151.70691173
2022-02-28 10:00:00+00:00,3226477.49226692
2022-02-28 11:00:00+00:00,3226439.65869752
2022-02-28 12:00:00+00:00,3226126.54038126
2022-02-28 13:00:00+00:00,3227040.85697076
2022-02-28 14:00:00+00:00,3227335.8028493
2022-02-28 15:00:00+00:00,3227599.5819309303
2022-02-28 16:00:00+00:00,3228884.87425195
2022-02-28 17:00:00+00:00,3225893.34158018
2022-02-28 18:00:00+00:00,3224103.62512666
2022-02-28 19:00:00+00:00,3223604.67725199
2022-02-28 20:00:00+00:00,3223455.98888143
2022-02-28 21:00:00+00:00,3222127.93695971
2022-02-28 22:00:00+00:00,3218416.7098116903
2022-02-28 23:00:00+00:00,3216481.02989496
2022-03-01 00:00:00+00:00,3217559.9329193
2022-03-01 01:00:00+00:00,3217818.81095629
2022-03-01 02:00:00+00:00,3216516.46380794
2022-03-01 03:00:00+00:00,3216346.39078242
2022-03-01 04:00:00+00:00,3217247.59746181
2022-03-01 05:00:00+00:00,3215381.49843989
2022-03-01 06:00:00+00:00,3215627.27920161
2022-03-01 07:00:00+00:00,3213078.3048407
2022-03-01 08:00:00+00:00,3213722.1840841803
2022-03-01 09:00:00+00:00,3213348.62083052
2022-03-01 10:00:00+00:00,3212895.00307497
2022-03-01 11:00:00+00:00,3213214.95457204
2022-03-01 12:00:00+00:00,3214102.18877909
2022-03-01 13:00:00+00:00,3214492.08795444
2022-03-01 14:00:00+00:00,3215461.1909478703
2022-03-01 15:00:00+00:00,3213877.67755692
2022-03-01 16:00:00+00:00,3211434.76659051
2022-03-01 17:00:00+00:00,3211182.70591356
2022-03-01 18:00:00+00:00,3211912.41066664
2022-03-01 19:00:00+00:00,3211985.64806663
2022-03-01 20:00:00+00:00,3211574.56619762
2022-03-01 21:00:00+00:00,3210685.8108766503
2022-03-01 22:00:00+00:00,3226407.29066857
2022-03-01 23:00:00+00:00,3213403.75724111
2022-03-02 00:00:00+00:00,3214043.73502766
2022-03-02 01:00:00+00:00,3214120.19622482
2022-03-02 02:00:00+00:00,3213829.3344647703
2022-03-02 03:00:00+00:00,3215029.8868072
2022-03-02 04:00:00+00:00,3215295.01942594
2022-03-02 05:00:00+00:00,3215208.6178301102
2022-03-02 06:00:00+00:00,3215295.30075811
2022-03-02 07:00:00+00:00,3214257.50508289
2022-03-02 08:00:00+00:00,3212943.43500457
2022-03-02 09:00:00+00:00,3214052.27261147
2022-03-02 10:00:00+00:00,3213925.62418946
2022-03-02 11:00:00+00:00,3211244.67894471
2022-03-02 12:00:00+00:00,3210964.92214934
2022-03-02 13:00:00+00:00,3211713.54206556
2022-03-02 14:00:00+00:00,3201131.53465285
2022-03-02 15:00:00+00:00,3203663.66939291
2022-03-02 16:00:00+00:00,3201310.1342535103
2022-03-02 17:00:00+00:00,3200388.80904056
2022-03-02 18:00:00+00:00,3202724.22441766
2022-03-02 19:00:00+00:00,3202351.55620733
2022-03-02 20:00:00+00:00,3200063.21935361
2022-03-02 21:00:00+00:00,3200944.93134599
2022-03-02 22:00:00+00:00,3202334.41830101
2022-03-02 23:00:00+00:00,3201747.09925659
2022-03-03 00:00:00+00:00,3201774.77262712
2022-03-03 01:00:00+00:00,3201984.07632817
2022-03-03 02:00:00+00:00,3202216.55469239
2022-03-03 03:00:00+00:00,3201641.17362582
2022-03-03 04:00:00+00:00,3202723.3371668
2022-03-03 05:00:00+00:00,3202611.59534307
2022-03-03 06:00:00+00:00,3201950.19135766
2022-03-03 07:00:00+00:00,3201043.01629228
2022-03-03 08:00:00+00:00,3201278.1139590703
2022-03-03 09:00:00+00:00,3201010.8622112502
2022-03-03 10:00:00+00:00,3200122.66509456
2022-03-03 11:00:00+00:00,3200298.61833832
2022-03-03 12:00:00+00:00,3199713.05997478
2022-03-03 13:00:00+00:00,3200113.70872017
2022-03-03 14:00:00+00:00,3197972.4489914803
2022-03-03 15:00:00+00:00,3193457.26484642
2022-03-03 16:00:00+00:00,3192587.96636994
2022-03-03 17:00:00+00:00,3190614.29571698
2022-03-03 18:00:00+00:00,3190894.01064758
2022-03-03 19:00:00+00:00,3191721.9250808
2022-03-03 20:00:00+00:00,3189337.65491655
2022-03-03 21:00:00+00:00,3188977.78980552
2022-03-03 22:00:00+00:00,3189528.90617756
2022-03-03 23:00:00+00:00,3188292.19199567
2022-03-04 00:00:00+00:00,3189272.0153103103
2022-03-04 01:00:00+00:00,3189356.01928803
2022-03-04 02:00:00+00:00,3190423.47169501
2022-03-04 03:00:00+00:00,3188399.96944821
2022-03-04 04:00:00+00:00,3188013.8201398603
2022-03-04 05:00:00+00:00,3187971.59343898
2022-03-04 06:00:00+00:00,3188315.29674738
2022-03-04 07:00:00+00:00,3188420.11588759
2022-03-04 08:00:00+00:00,3198642.49820717
2022-03-04 09:00:00+00:00,3198566.05850125
2022-03-04 10:00:00+00:00,3198488.25746404
2022-03-04 11:00:00+00:00,3200433.61597297
2022-03-04 12:00:00+00:00,3200231.169517
2022-03-04 13:00:00+00:00,3201146.49628581
2022-03-04 14:00:00+00:00,3200647.3385490603
2022-03-04 15:00:00+00:00,3200677.35890642
2022-03-04 16:00:00+00:00,3198443.35656556
2022-03-04 17:00:00+00:00,3196698.89740205
2022-03-04 18:00:00+00:00,3195526.56642762
2022-03-04 19:00:00+00:00,3193367.1336001502
2022-03-04 20:00:00+00:00,3189576.47424014
2022-03-04 21:00:00+00:00,3190304.39521624
2022-03-04 22:00:00+00:00,3190882.61394783
2022-03-04 23:00:00+00:00,3192316.23931924
2022-03-05 00:00:00+00:00,3192341.97557126
2022-03-05 01:00:00+00:00,3190251.21607258
2022-03-05 02:00:00+00:00,3190249.86890296
2022-03-05 03:00:00+00:00,3190211.6160718
2022-03-05 04:00:00+00:00,3190253.37834558
2022-03-05 05:00:00+00:00,3190287.8339684103
2022-03-05 06:00:00+00:00,3190198.08085933
2022-03-05 07:00:00+00:00,3191210.27994999
2022-03-05 08:00:00+00:00,3191218.8818714903
2022-03-05 09:00:00+00:00,3191262.9510259
2022-03-05 10:00:00+00:00,3191297.22092742
2022-03-05 11:00:00+00:00,3191386.67207508
2022-03-05 12:00:00+00:00,3191249.62462122
2022-03-05 13:00:00+00:00,3191322.35041576
2022-03-05 14:00:00+00:00,3191401.06856518
2022-03-05 15:00:00+00:00,3191509.93796015
2022-03-05 16:00:00+00:00,3191614.27763161
2022-03-05 17:00:00+00:00,3191783.81155007
2022-03-05 18:00:00+00:00,3191802.18020342
2022-03-05 19:00:00+00:00,3191809.68055951
2022-03-05 20:00:00+00:00,3191813.6557661803
2022-03-05 21:00:00+00:00,3191886.55338001
2022-03-05 22:00:00+00:00,3191988.81814729
2022-03-05 23:00:00+00:00,3192006.42973874
2022-03-06 00:00:00+00:00,3192046.48223649
2022-03-06 01:00:00+00:00,3191868.75756351
2022-03-06 02:00:00+00:00,3191937.24545828
2022-03-06 03:00:00+00:00,3191976.33453677
2022-03-06 04:00:00+00:00,3191885.1585697
2022-03-06 05:00:00+00:00,3191612.88290165
2022-03-06 06:00:00+00:00,3191622.54459436
2022-03-06 07:00:00+00:00,3192200.79125534
2022-03-06 08:00:00+00:00,3192284.5119919903
2022-03-06 09:00:00+00:00,3192328.4225883
2022-03-06 10:00:00+00:00,3192070.76274521
2022-03-06 11:00:00+00:00,3192045.52307222
2022-03-06 12:00:00+00:00,3192089.54129309
2022-03-06 13:00:00+00:00,3192130.11118789
2022-03-06 14:00:00+00:00,3192145.42997328
2022-03-06 15:00:00+00:00,3190361.7495747
2022-03-06 16:00:00+00:00,3190389.56481742
2022-03-06 17:00:00+00:00,3190496.29300024
2022-03-06 18:00:00+00:00,3190512.6770083
2022-03-06 19:00:00+00:00,3190436.82853207
2022-03-06 20:00:00+00:00,3190458.4589255
2022-03-06 21:00:00+00:00,3190419.67072688
2022-03-06 22:00:00+00:00,3190595.21443549
2022-03-06 23:00:00+00:00,3190906.04118257
2022-03-07 00:00:00+00:00,3190957.46960069
2022-03-07 01:00:00+00:00,3190948.18622848
2022-03-07 02:00:00+00:00,3189843.5610904703
2022-03-07 03:00:00+00:00,3189907.5615391303
2022-03-07 04:00:00+00:00,3189955.7361596
2022-03-07 05:00:00+00:00,3190467.25536185
2022-03-07 06:00:00+00:00,3190491.55068852
2022-03-07 07:00:00+00:00,3190990.93611298
2022-03-07 08:00:00+00:00,3191388.46977538
2022-03-07 09:00:00+00:00,3191919.95833757
2022-03-07 10:00:00+00:00,3190774.57700382
2022-03-07 11:00:00+00:00,3190867.63563875
2022-03-07 12:00:00+00:00,3190666.64730786
2022-03-07 13:00:00+00:00,3192037.54094401
2022-03-07 14:00:00+00:00,3189377.39193943
2022-03-07 15:00:00+00:00,3192717.81313663
2022-03-07 16:00:00+00:00,3193350.49674398
2022-03-07 17:00:00+00:00,3194874.1915880702
2022-03-07 18:00:00+00:00,3197658.92095523
2022-03-07 19:00:00+00:00,3195879.8449015203
2022-03-07 20:00:00+00:00,3194998.82862612
2022-03-07 21:00:00+00:00,3195156.71251485
2022-03-07 22:00:00+00:00,3205413.11558918
2022-03-07 23:00:00+00:00,3208007.91633416
2022-03-08 00:00:00+00:00,3206517.36917695
2022-03-08 01:00:00+00:00,3207557.90385902
2022-03-08 02:00:00+00:00,3208506.60364098
2022-03-08 03:00:00+00:00,3209695.77868505
2022-03-08 04:00:00+00:00,3209764.01575026
2022-03-08 05:00:00+00:00,3205667.66781494
2022-03-08 06:00:00+00:00,3206752.0056497003
2022-03-08 07:00:00+00:00,3206713.18368679
2022-03-08 08:00:00+00:00,3207112.76201114
2022-03-08 09:00:00+00:00,3207067.02225296
2022-03-08 10:00:00+00:00,3206436.49578275
2022-03-08 11:00:00+00:00,3205998.01625808
2022-03-08 12:00:00+00:00,3205130.94337194
2022-03-08 13:00:00+00:00,3205780.0339694703
2022-03-08 14:00:00+00:00,3204503.64285069
2022-03-08 15:00:00+00:00,3203803.14662144
2022-03-08 16:00:00+00:00,3203931.67494202
2022-03-08 17:00:00+00:00,3205017.56179209
2022-03-08 18:00:00+00:00,3204700.36961114
2022-03-08 19:00:00+00:00,3206184.265077
2022-03-08 20:00:00+00:00,3205078.3361934302
2022-03-08 21:00:00+00:00,3203670.59850112
2022-03-08 22:00:00+00:00,3203549.30265527
2022-03-08 23:00:00+00:00,3203607.27477827
2022-03-09 00:00:00+00:00,3203665.7920283503
2022-03-09 01:00:00+00:00,3203673.40685796
2022-03-09 02:00:00+00:00,3200600.4659233
2022-03-09 03:00:00+00:00,3202184.55861516
2022-03-09 04:00:00+00:00,3201909.81992609
2022-03-09 05:00:00+00:00,3201942.55499821
2022-03-09 06:00:00+00:00,3201823.22244948
2022-03-09 07:00:00+00:00,3203706.08990267
2022-03-09 08:00:00+00:00,3201919.94602916
2022-03-09 09:00:00+00:00,3199831.54904432
2022-03-09 10:00:00+00:00,3199802.36399402
2022-03-09 11:00:00+00:00,3199855.1403992
2022-03-09 12:00:00+00:00,3201271.36078833
2022-03-09 13:00:00+00:00,3202602.67536287
2022-03-09 14:00:00+00:00,3204221.07845741
2022-03-09 15:00:00+00:00,3205800.94472364
2022-03-09 16:00:00+00:00,3204887.92361505
2022-03-09 17:00:00+00:00,3214682.8926706403
2022-03-09 18:00:00+00:00,3213809.63252602
2022-03-09 19:00:00+00:00,3214774.48111126
2022-03-09 20:00:00+00:00,3210749.48566064
2022-03-09 21:00:00+00:00,3211116.0082657
2022-03-09 22:00:00+00:00,3210592.64277131
2022-03-09 23:00:00+00:00,3210654.0627247803
2022-03-10 00:00:00+00:00,3211800.91504122
2022-03-10 01:00:00+00:00,3211774.25536465
2022-03-10 02:00:00+00:00,3210875.59540962
2022-03-10 03:00:00+00:00,3210362.13642169
2022-03-10 04:00:00+00:00,3210414.58370513
2022-03-10 05:00:00+00:00,3210896.83688904
2022-03-10 06:00:00+00:00,3210932.88949958
2022-03-10 07:00:00+00:00,3208930.07591702
2022-03-10 08:00:00+00:00,3208750.92740893
2022-03-10 09:00:00+00:00,3208624.51863967
2022-03-10 10:00:00+00:00,3208703.00317778
2022-03-10 11:00:00+00:00,3208677.80389978
2022-03-10 12:00:00+00:00,3207069.1853098
2022-03-10 13:00:00+00:00,3207049.45676322
2022-03-10 14:00:00+00:00,3206942.7772788303
2022-03-10 15:00:00+00:00,3204506.34255562
2022-03-10 16:00:00+00:00,3204348.59546916
2022-03-10 17:00:00+00:00,3205108.70964632
2022-03-10 18:00:00+00:00,3203665.13492595
2022-03-10 19:00:00+00:00,3200009.93512339
2022-03-10 20:00:00+00:00,3201136.35713617
2022-03-10 21:00:00+00:00,3201679.64921647
2022-03-10 22:00:00+00:00,3200739.3262017
2022-03-10 23:00:00+00:00,3198296.98972234
2022-03-11 00:00:00+00:00,3203340.81401166
2022-03-11 01:00:00+00:00,3221636.5533113503
2022-03-11 02:00:00+00:00,3221915.00831771
2022-03-11 03:00:00+00:00,3222015.360553
2022-03-11 04:00:00+00:00,3222005.77699929
2022-03-11 05:00:00+00:00,3222083.79983884
2022-03-11 06:00:00+00:00,3221280.90598912
2022-03-11 07:00:00+00:00,3220792.4054954
2022-03-11 08:00:00+00:00,3220777.15496607
2022-03-11 09:00:00+00:00,3221012.37823254
2022-03-11 10:00:00+00:00,3220606.00466055
2022-03-11 11:00:00+00:00,3221643.6085430603
2022-03-11 12:00:00+00:00,3221227.09583291
2022-03-11 13:00:00+00:00,3221314.16334057
2022-03-11 14:00:00+00:00,3220378.06218851
2022-03-11 15:00:00+00:00,3219711.6548531903
2022-03-11 16:00:00+00:00,3219662.39239373
2022-03-11 17:00:00+00:00,3219709.46565836
2022-03-11 18:00:00+00:00,3218358.95384335
2022-03-11 19:00:00+00:00,3222162.61372683
2022-03-11 20:00:00+00:00,3209073.4502500603
2022-03-11 21:00:00+00:00,3209005.11838323
2022-03-11 22:00:00+00:00,3209796.76629409
2022-03-11 23:00:00+00:00,3209389.1651204303
2022-03-12 00:00:00+00:00,3209394.64262332
2022-03-12 01:00:00+00:00,3210062.11386631
2022-03-12 02:00:00+00:00,3209982.5368768102
2022-03-12 03:00:00+00:00,3209975.69794446
2022-03-12 04:00:00+00:00,3210009.48894971
2022-03-12 05:00:00+00:00,3209983.487543
2022-03-12 06:00:00+00:00,3210101.51934126
2022-03-12 07:00:00+00:00,3208467.66333642
2022-03-12 08:00:00+00:00,3208465.21605361
2022-03-12 09:00:00+00:00,3207948.46734151
2022-03-12 10:00:00+00:00,3207860.67031138
2022-03-12 11:00:00+00:00,3208981.24154854
2022-03-12 12:00:00+00:00,3209053.05875725
2022-03-12 13:00:00+00:00,3209085.08614633
2022-03-12 14:00:00+00:00,3209220.11311515
2022-03-12 15:00:00+00:00,3208837.33914928
2022-03-12 16:00:00+00:00,3209896.17076248
2022-03-12 17:00:00+00:00,3210529.0115091302
2022-03-12 18:00:00+00:00,3210560.44705646
2022-03-12 19:00:00+00:00,3209540.04809568
2022-03-12 20:00:00+00:00,3209541.87899975
2022-03-12 21:00:00+00:00,3209541.95734727
2022-03-12 22:00:00+00:00,3209550.65888782
2022-03-12 23:00:00+00:00,3208469.6732176603
2022-03-13 00:00:00+00:00,3208454.98083166
2022-03-13 01:00:00+00:00,3208456.06324708
2022-03-13 02:00:00+00:00,3209129.60383764
2022-03-13 03:00:00+00:00,3209291.53571578
2022-03-13 04:00:00+00:00,3209365.41856316
2022-03-13 05:00:00+00:00,3209439.17474495
2022-03-13 06:00:00+00:00,3209443.31572542
2022-03-13 07:00:00+00:00,3209491.5174417603
2022-03-13 08:00:00+00:00,3209494.11264121
2022-03-13 09:00:00+00:00,3209544.61301118
2022-03-13 10:00:00+00:00,3208806.999851
2022-03-13 11:00:00+00:00,3208885.50411561
2022-03-13 12:00:00+00:00,3208900.76132522
2022-03-13 13:00:00+00:00,3208911.01396883
2022-03-13 14:00:00+00:00,3206017.5745556
2022-03-13 15:00:00+00:00,3204663.66026289
2022-03-13 16:00:00+00:00,3204648.52503628
2022-03-13 17:00:00+00:00,3204650.5529647903
2022-03-13 18:00:00+00:00,3204609.98410841
2022-03-13 19:00:00+00:00,3204630.35501983
2022-03-13 20:00:00+00:00,3204650.0210902
2022-03-13 21:00:00+00:00,3204548.81200612
2022-03-13 22:00:00+00:00,3204534.99521565
2022-03-13 23:00:00+00:00,3204804.86104205
2022-03-14 00:00:00+00:00,3204856.84549795
2022-03-14 01:00:00+00:00,3203592.57571049
2022-03-14 02:00:00+00:00,3204057.17345211
2022-03-14 03:00:00+00:00,3204109.00630752
2022-03-14 04:00:00+00:00,3204126.0056164
2022-03-14 05:00:00+00:00,3204060.81297079
2022-03-14 06:00:00+00:00,3204827.20216773
2022-03-14 07:00:00+00:00,3205697.58315343
2022-03-14 08:00:00+00:00,3205816.52372832
2022-03-14 09:00:00+00:00,3205122.78887696
2022-03-14 10:00:00+00:00,3205125.78934655
2022-03-14 11:00:00+00:00,3203897.56104055
2022-03-14 12:00:00+00:00,3204112.08564759
2022-03-14 13:00:00+00:00,3205193.88456036
2022-03-14 14:00:00+00:00,3205102.17000691
2022-03-14 15:00:00+00:00,3205132.19311721
2022-03-14 16:00:00+00:00,3205306.73751302
2022-03-14 17:00:00+00:00,3206159.54901645
2022-03-14 18:00:00+00:00,3204430.82627975
2022-03-14 19:00:00+00:00,3204219.88414465
2022-03-14 20:00:00+00:00,3204321.29080506
2022-03-14 21:00:00+00:00,3204448.52663333
2022-03-14 22:00:00+00:00,3201940.01290242
2022-03-14 23:00:00+00:00,3202468.3988420703
2022-03-15 00:00:00+00:00,3202463.37303066
2022-03-15 01:00:00+00:00,3202490.19093678
2022-03-15 02:00:00+00:00,3203183.0276185703
2022-03-15 03:00:00+00:00,3203279.29762895
2022-03-15 04:00:00+00:00,3202392.51641338
2022-03-15 05:00:00+00:00,3202458.34117318
2022-03-15 06:00:00+00:00,3201661.32271558
2022-03-15 07:00:00+00:00,3201843.8282807902
2022-03-15 08:00:00+00:00,3201835.2815767
2022-03-15 09:00:00+00:00,3201532.87423808
2022-03-15 10:00:00+00:00,3201645.39442869
2022-03-15 11:00:00+00:00,3200187.16146514
2022-03-15 12:00:00+00:00,3198096.4709503
2022-03-15 13:00:00+00:00,3198095.64923696
2022-03-15 14:00:00+00:00,3199242.73709774
2022-03-15 15:00:00+00:00,3200024.4431071403
2022-03-15 16:00:00+00:00,3199553.17416825
2022-03-15 17:00:00+00:00,3199445.40327207
2022-03-15 18:00:00+00:00,3199520.82451497
2022-03-15 19:00:00+00:00,3199491.66862684
2022-03-15 20:00:00+00:00,3191424.31406462
2022-03-15 21:00:00+00:00,3191421.37024524
2022-03-15 22:00:00+00:00,3190849.30782694
2022-03-15 23:00:00+00:00,3190079.69378342
2022-03-16 00:00:00+00:00,3190270.83731779
2022-03-16 01:00:00+00:00,3189864.9378016703
2022-03-16 02:00:00+00:00,3187845.22998277
2022-03-16 03:00:00+00:00,3187599.0978162102
2022-03-16 04:00:00+00:00,3187470.62679594
2022-03-16 05:00:00+00:00,3188908.25744355
2022-03-16 06:00:00+00:00,3189093.40386608
2022-03-16 07:00:00+00:00,3188959.40275941
2022-03-16 08:00:00+00:00,3188559.48260081
2022-03-16 09:00:00+00:00,3187558.20859225
2022-03-16 10:00:00+00:00,3187252.2896754
2022-03-16 11:00:00+00:00,3187299.18876511
2022-03-16 12:00:00+00:00,3188310.70421643
2022-03-16 13:00:00+00:00,3188823.72455446
2022-03-16 14:00:00+00:00,3188190.67644579
2022-03-16 15:00:00+00:00,3188580.1815664503
2022-03-16 16:00:00+00:00,3192115.60093869
2022-03-16 17:00:00+00:00,3191270.70612638
2022-03-16 18:00:00+00:00,3199531.60283753
2022-03-16 19:00:00+00:00,3199203.5833086
2022-03-16 20:00:00+00:00,3199147.47296146
2022-03-16 21:00:00+00:00,3198556.60201937
2022-03-16 22:00:00+00:00,3199597.0975992
2022-03-16 23:00:00+00:00,3199562.75077607
2022-03-17 00:00:00+00:00,3199299.22754606
2022-03-17 01:00:00+00:00,3199476.2334692
2022-03-17 02:00:00+00:00,3199271.88949392
2022-03-17 03:00:00+00:00,3199597.56200099
2022-03-17 04:00:00+00:00,3199901.78991171
2022-03-17 05:00:00+00:00,3199728.58521303
2022-03-17 06:00:00+00:00,3200687.37342468
2022-03-17 07:00:00+00:00,3203637.4494830603
2022-03-17 08:00:00+00:00,3203562.49232087
2022-03-17 09:00:00+00:00,3204454.83225127
2022-03-17 10:00:00+00:00,3204404.71634806
2022-03-17 11:00:00+00:00,3203223.75157679
2022-03-17 12:00:00+00:00,3203808.47407794
2022-03-17 13:00:00+00:00,3213828.93211039
2022-03-17 14:00:00+00:00,3214666.32765238
2022-03-17 15:00:00+00:00,3214213.41628727
2022-03-17 16:00:00+00:00,3214649.8554942403
2022-03-17 17:00:00+00:00,3214415.17370817
2022-03-17 18:00:00+00:00,3212353.02380689
2022-03-17 19:00:00+00:00,3213441.90518694
2022-03-17 20:00:00+00:00,3212196.33828752
2022-03-17 21:00:00+00:00,3215356.39611756
2022-03-17 22:00:00+00:00,3215282.37978775
2022-03-17 23:00:00+00:00,3215264.6107206102
2022-03-18 00:00:00+00:00,3215314.7511489303
2022-03-18 01:00:00+00:00,3215292.25223277
2022-03-18 02:00:00+00:00,3215004.08474764
2022-03-18 03:00:00+00:00,3216479.8570674
2022-03-18 04:00:00+00:00,3216697.67529539
2022-03-18 05:00:00+00:00,3216558.52533087
2022-03-18 06:00:00+00:00,3216581.26844667
2022-03-18 07:00:00+00:00,3216677.7066185703
2022-03-18 08:00:00+00:00,3215707.0099702
2022-03-18 09:00:00+00:00,3215384.34450127
2022-03-18 10:00:00+00:00,3214964.15513184
2022-03-18 11:00:00+00:00,3215291.45460111
2022-03-18 12:00:00+00:00,3214959.56028699
2022-03-18 13:00:00+00:00,3215080.2775999303
2022-03-18 14:00:00+00:00,3214848.73149757
2022-03-18 15:00:00+00:00,3214923.50436986
2022-03-18 16:00:00+00:00,3220002.5950308503
2022-03-18 17:00:00+00:00,3220847.55788793
2022-03-18 18:00:00+00:00,3220875.82526923
2022-03-18 19:00:00+00:00,3221115.1103307903
2022-03-18 20:00:00+00:00,3221002.23633467
2022-03-18 21:00:00+00:00,3219915.31983981
2022-03-18 22:00:00+00:00,3218868.78902848
2022-03-18 23:00:00+00:00,3218262.96379016
2022-03-19 00:00:00+00:00,3218266.43537539
2022-03-19 01:00:00+00:00,3217957.7048793803
2022-03-19 02:00:00+00:00,3217797.94014579
2022-03-19 03:00:00+00:00,3217741.95311222
2022-03-19 04:00:00+00:00,3217714.68254937
2022-03-19 05:00:00+00:00,3217686.49630841
2022-03-19 06:00:00+00:00,3217674.68273568
2022-03-19 07:00:00+00:00,3217114.82124328
2022-03-19 08:00:00+00:00,3217168.43682286
2022-03-19 09:00:00+00:00,3217116.77133834
2022-03-19 10:00:00+00:00,3218039.40090455
2022-03-19 11:00:00+00:00,3219026.60647645
2022-03-19 12:00:00+00:00,3217131.46248974
2022-03-19 13:00:00+00:00,3216299.81322231
2022-03-19 14:00:00+00:00,3216042.70381739
2022-03-19 15:00:00+00:00,3216079.41025754
2022-03-19 16:00:00+00:00,3214061.19683626
2022-03-19 17:00:00+00:00,3214398.14156568
2022-03-19 18:00:00+00:00,3214474.3825204503
2022-03-19 19:00:00+00:00,3217322.14390842
2022-03-19 20:00:00+00:00,3217331.17512521
2022-03-19 21:00:00+00:00,3217358.12662927
2022-03-19 22:00:00+00:00,3217377.67572237
2022-03-19 23:00:00+00:00,3217272.9635246103
2022-03-20 00:00:00+00:00,3217252.04052256
2022-03-20 01:00:00+00:00,3217525.40895261
2022-03-20 02:00:00+00:00,3217303.46765435
2022-03-20 03:00:00+00:00,3217307.67267628
2022-03-20 04:00:00+00:00,3216767.44479843
2022-03-20 05:00:00+00:00,3217069.9384436603
2022-03-20 06:00:00+00:00,3217094.96002953
2022-03-20 07:00:00+00:00,3216117.4856552603
2022-03-20 08:00:00+00:00,3216299.07799435
2022-03-20 09:00:00+00:00,3216356.0827015
2022-03-20 10:00:00+00:00,3215244.51242043
2022-03-20 11:00:00+00:00,3215307.37230236
2022-03-20 12:00:00+00:00,3215294.36290108
2022-03-20 13:00:00+00:00,3215305.12661164
2022-03-20 14:00:00+00:00,3214778.28539397
2022-03-20 15:00:00+00:00,3215221.71476598
2022-03-20 16:00:00+00:00,3215239.70797681
2022-03-20 17:00:00+00:00,3215354.21296177
2022-03-20 18:00:00+00:00,3215390.79790324
2022-03-20 19:00:00+00:00,3216467.35692181
2022-03-20 20:00:00+00:00,3216458.67941151
2022-03-20 21:00:00+00:00,3216461.34520563
2022-03-20 22:00:00+00:00,3216494.41683058
2022-03-20 23:00:00+00:00,3216509.97928345
2022-03-21 00:00:00+00:00,3216657.05499766
2022-03-21 01:00:00+00:00,3215516.84952499
2022-03-21 02:00:00+00:00,3215495.27206961
2022-03-21 03:00:00+00:00,3215941.79778919
2022-03-21 04:00:00+00:00,3216074.49607581
2022-03-21 05:00:00+00:00,3217075.95234176
2022-03-21 06:00:00+00:00,3218188.52022435
2022-03-21 07:00:00+00:00,3218026.85149962
2022-03-21 08:00:00+00:00,3218037.4018671
2022-03-21 09:00:00+00:00,3217771.05701544
2022-03-21 10:00:00+00:00,3217941.19711121
2022-03-21 11:00:00+00:00,3216041.08061221
2022-03-21 12:00:00+00:00,3218364.8394115902
2022-03-21 13:00:00+00:00,3218665.98236491
2022-03-21 14:00:00+00:00,3218779.05088586
2022-03-21 15:00:00+00:00,3218650.12233065
2022-03-21 16:00:00+00:00,3216508.80334447
2022-03-21 17:00:00+00:00,3216561.0824759603
2022-03-21 18:00:00+00:00,3220391.87472483
2022-03-21 19:00:00+00:00,3220965.8785208003
2022-03-21 20:00:00+00:00,3220904.59644659
2022-03-21 21:00:00+00:00,3222873.40011904
2022-03-21 22:00:00+00:00,3225360.0911212103
2022-03-21 23:00:00+00:00,3225380.4461667603
2022-03-22 00:00:00+00:00,3225437.89659236
2022-03-22 01:00:00+00:00,3225413.92670204
2022-03-22 02:00:00+00:00,3214887.25750073
2022-03-22 03:00:00+00:00,3214638.67643678
2022-03-22 04:00:00+00:00,3214821.45577419
2022-03-22 05:00:00+00:00,3215471.98883852
2022-03-22 06:00:00+00:00,3215496.75253496
2022-03-22 07:00:00+00:00,3212959.67271173
2022-03-22 08:00:00+00:00,3210825.94037394
2022-03-22 09:00:00+00:00,3210343.69050808
2022-03-22 10:00:00+00:00,3210140.9673118303
2022-03-22 11:00:00+00:00,3223332.64031835
2022-03-22 12:00:00+00:00,3222797.89143976
2022-03-22 13:00:00+00:00,3220796.11856598
2022-03-22 14:00:00+00:00,3222567.35175142
2022-03-22 15:00:00+00:00,3221836.1979204803
2022-03-22 16:00:00+00:00,3222664.86471664
2022-03-22 17:00:00+00:00,3221730.92200464
2022-03-22 18:00:00+00:00,3220510.04273564
2022-03-22 19:00:00+00:00,3221432.19502484
2022-03-22 20:00:00+00:00,3219732.57463957
2022-03-22 21:00:00+00:00,3219563.01555948
2022-03-22 22:00:00+00:00,3219969.38395491
2022-03-22 23:00:00+00:00,3219957.11025234
2022-03-23 00:00:00+00:00,3219868.41461704
2022-03-23 01:00:00+00:00,3220114.6183282803
2022-03-23 02:00:00+00:00,3220037.9246441103
2022-03-23 03:00:00+00:00,3221088.00895994
2022-03-23 04:00:00+00:00,3221134.5742787
2022-03-23 05:00:00+00:00,3220997.47234897
2022-03-23 06:00:00+00:00,3220867.48972896
2022-03-23 07:00:00+00:00,3221779.35313793
2022-03-23 08:00:00+00:00,3221935.05609442
2022-03-23 09:00:00+00:00,3221935.62812772
2022-03-23 10:00:00+00:00,3221662.99554242
2022-03-23 11:00:00+00:00,3221516.67800966
2022-03-23 12:00:00+00:00,3220292.47628265
2022-03-23 13:00:00+00:00,3220156.59529222
2022-03-23 14:00:00+00:00,3219096.38279124
2022-03-23 15:00:00+00:00,3219428.97838558
2022-03-23 16:00:00+00:00,3217440.97353101
2022-03-23 17:00:00+00:00,3216007.1219669
2022-03-23 18:00:00+00:00,3215759.6339860503
2022-03-23 19:00:00+00:00,3214680.21369908
2022-03-23 20:00:00+00:00,3214911.87151514
2022-03-23 21:00:00+00:00,3214991.08083027
2022-03-23 22:00:00+00:00,3215670.44548012
2022-03-23 23:00:00+00:00,3215590.35081255
2022-03-24 00:00:00+00:00,3215598.03430453
2022-03-24 01:00:00+00:00,3215645.6333795
2022-03-24 02:00:00+00:00,3215562.94494054
2022-03-24 03:00:00+00:00,3215637.92436122
2022-03-24 04:00:00+00:00,3215664.3725051703
2022-03-24 05:00:00+00:00,3215585.28087954
2022-03-24 06:00:00+00:00,3215630.1503019203
2022-03-24 07:00:00+00:00,3215570.16878851
2022-03-24 08:00:00+00:00,3215611.93134013
2022-03-24 09:00:00+00:00,3215675.20414976
2022-03-24 10:00:00+00:00,3211857.41574813
2022-03-24 11:00:00+00:00,3212098.55729681
2022-03-24 12:00:00+00:00,3211926.57482422
2022-03-24 13:00:00+00:00,3212269.63814975
2022-03-24 14:00:00+00:00,3214234.77759858
2022-03-24 15:00:00+00:00,3211396.19501077
2022-03-24 16:00:00+00:00,3211585.1745916503
2022-03-24 17:00:00+00:00,3209336.83526782
2022-03-24 18:00:00+00:00,3208714.11798806
2022-03-24 19:00:00+00:00,3208671.12849507
2022-03-24 20:00:00+00:00,3207428.00367245
2022-03-24 21:00:00+00:00,3207204.1675111502
2022-03-24 22:00:00+00:00,3208743.14452287
2022-03-24 23:00:00+00:00,3208786.70474735
2022-03-25 00:00:00+00:00,3208780.93601349
2022-03-25 01:00:00+00:00,3207404.36321805
2022-03-25 02:00:00+00:00,3206603.6952475603
2022-03-25 03:00:00+00:00,3205741.73402857
2022-03-25 04:00:00+00:00,3206713.3390491903
2022-03-25 05:00:00+00:00,3206725.77701388
2022-03-25 06:00:00+00:00,3206383.67081947
2022-03-25 07:00:00+00:00,3206771.59112114
2022-03-25 08:00:00+00:00,3205908.74207026
2022-03-25 09:00:00+00:00,3205543.09767537
2022-03-25 10:00:00+00:00,3206689.48462807
2022-03-25 11:00:00+00:00,3204581.17855916
2022-03-25 12:00:00+00:00,3204452.13928258
2022-03-25 13:00:00+00:00,3205663.40888029
2022-03-25 14:00:00+00:00,3203981.56921
2022-03-25 15:00:00+00:00,3202357.03437233
2022-03-25 16:00:00+00:00,3202130.15789034
2022-03-25 17:00:00+00:00,3205156.62888453
2022-03-25 18:00:00+00:00,3206414.5723223803
2022-03-25 19:00:00+00:00,3204943.25729956
2022-03-25 20:00:00+00:00,3203711.13313373
2022-03-25 21:00:00+00:00,3204417.74152711
2022-03-25 22:00:00+00:00,3204334.21762884
2022-03-25 23:00:00+00:00,3204333.79722813
2022-03-26 00:00:00+00:00,3203096.5409271
2022-03-26 01:00:00+00:00,3203173.89987705
2022-03-26 02:00:00+00:00,3203180.95763455
2022-03-26 03:00:00+00:00,3204345.1520618303
2022-03-26 04:00:00+00:00,3204128.19455463
2022-03-26 05:00:00+00:00,3204184.2396906703
2022-03-26 06:00:00+00:00,3204197.5653783903
2022-03-26 07:00:00+00:00,3204012.7019257
2022-03-26 08:00:00+00:00,3204038.11195922
2022-03-26 09:00:00+00:00,3204003.67252189
2022-03-26 10:00:00+00:00,3204007.88185743
2022-03-26 11:00:00+00:00,3203791.6037213
2022-03-26 12:00:00+00:00,3203809.77483131
2022-03-26 13:00:00+00:00,3203839.07466852
2022-03-26 14:00:00+00:00,3202796.57071241
2022-03-26 15:00:00+00:00,3202928.96125429
2022-03-26 16:00:00+00:00,3203002.09769624
2022-03-26 17:00:00+00:00,3202951.89567128
2022-03-26 18:00:00+00:00,3202957.07366015
2022-03-26 19:00:00+00:00,3202955.90876185
2022-03-26 20:00:00+00:00,3202971.18688114
2022-03-26 21:00:00+00:00,3202999.83862179
2022-03-26 22:00:00+00:00,3202985.63045545
2022-03-26 23:00:00+00:00,3203008.49639238
2022-03-27 00:00:00+00:00,3203098.29213684
2022-03-27 01:00:00+00:00,3203130.8991898103
2022-03-27 02:00:00+00:00,3204621.85920821
2022-03-27 03:00:00+00:00,3204637.30411829
2022-03-27 04:00:00+00:00,3204674.90522719
2022-03-27 05:00:00+00:00,3204690.98896066
2022-03-27 06:00:00+00:00,3204730.24764593
2022-03-27 07:00:00+00:00,3204795.7210381
2022-03-27 08:00:00+00:00,3204827.0671316
2022-03-27 09:00:00+00:00,3204359.57915266
2022-03-27 10:00:00+00:00,3204390.02231163
2022-03-27 11:00:00+00:00,3204410.09035738
2022-03-27 12:00:00+00:00,3204434.41561923
2022-03-27 13:00:00+00:00,3204417.83378322
2022-03-27 14:00:00+00:00,3204444.5618162
2022-03-27 15:00:00+00:00,3204440.68379557
2022-03-27 16:00:00+00:00,3204482.63880342
2022-03-27 17:00:00+00:00,3204484.2345601
2022-03-27 18:00:00+00:00,3204530.07799248
2022-03-27 19:00:00+00:00,3204919.38678332
2022-03-27 20:00:00+00:00,3204927.85517652
2022-03-27 21:00:00+00:00,3204974.87303586
2022-03-27 22:00:00+00:00,3206044.2104514902
2022-03-27 23:00:00+00:00,3206006.05312074
2022-03-28 00:00:00+00:00,3207326.5418063803
2022-03-28 01:00:00+00:00,3206169.52367408
2022-03-28 02:00:00+00:00,3206406.0911387103
2022-03-28 03:00:00+00:00,3207529.7714305
2022-03-28 04:00:00+00:00,3203305.58703995
2022-03-28 05:00:00+00:00,3203622.97213198
2022-03-28 06:00:00+00:00,3202103.54156937
2022-03-28 07:00:00+00:00,3202241.1313717803
2022-03-28 08:00:00+00:00,3200855.7927049003
2022-03-28 09:00:00+00:00,3200646.10995567
2022-03-28 10:00:00+00:00,3199918.57611147
2022-03-28 11:00:00+00:00,3199941.21744829
2022-03-28 12:00:00+00:00,3202383.3085906003
2022-03-28 13:00:00+00:00,3202672.09585464
2022-03-28 14:00:00+00:00,3202082.36585285
2022-03-28 15:00:00+00:00,3201471.19571383
2022-03-28 16:00:00+00:00,3201982.67601762
2022-03-28 17:00:00+00:00,3202202.95282431
2022-03-28 18:00:00+00:00,3202124.72304575
2022-03-28 19:00:00+00:00,3204037.27655546
2022-03-28 20:00:00+00:00,3202351.17133264
2022-03-28 21:00:00+00:00,3202288.01528402
2022-03-28 22:00:00+00:00,3201499.70937387
2022-03-28 23:00:00+00:00,3201104.57102506
2022-03-29 00:00:00+00:00,3202061.74418273
2022-03-29 01:00:00+00:00,3202042.167166
2022-03-29 02:00:00+00:00,3202052.93464991
2022-03-29 03:00:00+00:00,3201741.68704856
2022-03-29 04:00:00+00:00,3203450.84954671
2022-03-29 05:00:00+00:00,3202785.95859896
2022-03-29 06:00:00+00:00,3202600.8418312003
2022-03-29 07:00:00+00:00,3202647.08328541
2022-03-29 08:00:00+00:00,3202816.12049694
2022-03-29 09:00:00+00:00,3203030.59745713
2022-03-29 10:00:00+00:00,3203154.22271442
2022-03-29 11:00:00+00:00,3203143.66619785
2022-03-29 12:00:00+00:00,3203489.6808241
2022-03-29 13:00:00+00:00,3209813.86293657
2022-03-29 14:00:00+00:00,3197264.16606957
2022-03-29 15:00:00+00:00,3198629.33395066
2022-03-29 16:00:00+00:00,3198677.43383202
2022-03-29 17:00:00+00:00,3201213.0856228103
2022-03-29 18:00:00+00:00,3192842.51638296
2022-03-29 19:00:00+00:00,3194835.58328499
2022-03-29 20:00:00+00:00,3195530.36804424
2022-03-29 21:00:00+00:00,3195398.05225093
2022-03-29 22:00:00+00:00,3195389.99554978
2022-03-29 23:00:00+00:00,3195456.25218444
2022-03-30 00:00:00+00:00,3195494.13200769
2022-03-30 01:00:00+00:00,3189116.6069878
2022-03-30 02:00:00+00:00,3187162.2835515
2022-03-30 03:00:00+00:00,3186647.01368433
2022-03-30 04:00:00+00:00,3186693.45946487
2022-03-30 05:00:00+00:00,3186932.88501059
2022-03-30 06:00:00+00:00,3187162.9188972902
2022-03-30 07:00:00+00:00,3188049.7914176
2022-03-30 08:00:00+00:00,3188267.06906693
2022-03-30 09:00:00+00:00,3188257.31676142
2022-03-30 10:00:00+00:00,3188335.12906077
2022-03-30 11:00:00+00:00,3188303.76438629
2022-03-30 12:00:00+00:00,3184752.79843171
2022-03-30 13:00:00+00:00,3185314.35408751
2022-03-30 14:00:00+00:00,3183460.5696037
2022-03-30 15:00:00+00:00,3183608.11406619
2022-03-30 16:00:00+00:00,3183435.8099454
2022-03-30 17:00:00+00:00,3183441.65379027
2022-03-30 18:00:00+00:00,3183535.61385264
2022-03-30 19:00:00+00:00,3183789.05460759
2022-03-30 20:00:00+00:00,3182432.56571486
2022-03-30 21:00:00+00:00,3182988.9205183
2022-03-30 22:00:00+00:00,3182974.29965716
2022-03-30 23:00:00+00:00,3183006.90532813
2022-03-31 00:00:00+00:00,3183334.85933994
2022-03-31 01:00:00+00:00,3183474.7329048
2022-03-31 02:00:00+00:00,3183544.9278384103
2022-03-31 03:00:00+00:00,3183607.61340569
2022-03-31 04:00:00+00:00,3184100.7626518
2022-03-31 05:00:00+00:00,3184067.14725681
2022-03-31 06:00:00+00:00,3184312.3990137703
2022-03-31 07:00:00+00:00,3184424.0492997
2022-03-31 08:00:00+00:00,3183231.70439857
2022-03-31 09:00:00+00:00,3183246.84781216
2022-03-31 10:00:00+00:00,3183416.28831611
2022-03-31 11:00:00+00:00,3182342.61587906
2022-03-31 12:00:00+00:00,3181855.4316419
2022-03-31 13:00:00+00:00,3181855.4316419
2022-03-31 14:00:00+00:00,3182053.75862076
2022-03-31 15:00:00+00:00,3182041.6097239703
2022-03-31 16:00:00+00:00,3180995.6459024902
2022-03-31 17:00:00+00:00,3179609.7727224203
2022-03-31 18:00:00+00:00,3179724.57370611
2022-03-31 19:00:00+00:00,3176243.09765861
2022-03-31 20:00:00+00:00,3179249.1519424203
2022-03-31 21:00:00+00:00,3178795.50922166
2022-03-31 22:00:00+00:00,3180398.25046203
2022-03-31 23:00:00+00:00,3180787.87330142
2022-04-01 00:00:00+00:00,3180824.91269831
2022-04-01 01:00:00+00:00,3180875.84690114
2022-04-01 02:00:00+00:00,3182257.86157664
2022-04-01 03:00:00+00:00,3182297.0908867
2022-04-01 04:00:00+00:00,3182475.26503486
2022-04-01 05:00:00+00:00,3182628.08566838
2022-04-01 06:00:00+00:00,3182483.22571792
2022-04-01 07:00:00+00:00,3182876.10733354
2022-04-01 08:00:00+00:00,3182269.29302752
2022-04-01 09:00:00+00:00,3181070.56355265
2022-04-01 10:00:00+00:00,3181070.56355265
2022-04-01 11:00:00+00:00,3183492.79049371
2022-04-01 12:00:00+00:00,3184496.36198169
2022-04-01 13:00:00+00:00,3184522.95994676
2022-04-01 14:00:00+00:00,3187392.4021265
2022-04-01 15:00:00+00:00,3187706.42208342
2022-04-01 16:00:00+00:00,3187644.51306873
2022-04-01 17:00:00+00:00,3186290.95925741
2022-04-01 18:00:00+00:00,3186455.64156302
2022-04-01 19:00:00+00:00,3187783.77298521
2022-04-01 20:00:00+00:00,3188704.92074789
2022-04-01 21:00:00+00:00,3187526.1481366
2022-04-01 22:00:00+00:00,3187668.60151431
2022-04-01 23:00:00+00:00,3187610.12208644
2022-04-02 00:00:00+00:00,3187539.74601446
2022-04-02 01:00:00+00:00,3187561.45132774
2022-04-02 02:00:00+00:00,3187985.10316431
2022-04-02 03:00:00+00:00,3188019.20337408
2022-04-02 04:00:00+00:00,3187970.4706713
2022-04-02 05:00:00+00:00,3187977.3947385303
2022-04-02 06:00:00+00:00,3187778.14144164
2022-04-02 07:00:00+00:00,3187740.7248337
2022-04-02 08:00:00+00:00,3187719.21471121
2022-04-02 09:00:00+00:00,3187790.80146036
2022-04-02 10:00:00+00:00,3187798.00743893
2022-04-02 11:00:00+00:00,3187760.33416552
2022-04-02 12:00:00+00:00,3187261.20518202
2022-04-02 13:00:00+00:00,3187284.97719371
2022-04-02 14:00:00+00:00,3187302.89160207
2022-04-02 15:00:00+00:00,3191522.83041907
2022-04-02 16:00:00+00:00,3191540.03168482
2022-04-02 17:00:00+00:00,3191334.9692446003
2022-04-02 18:00:00+00:00,3191371.64417091
2022-04-02 19:00:00+00:00,3191399.02570775
2022-04-02 20:00:00+00:00,3191375.93683978
2022-04-02 21:00:00+00:00,3191391.4353805003
2022-04-02 22:00:00+00:00,3190343.46221382
2022-04-02 23:00:00+00:00,3189917.42450205
2022-04-03 00:00:00+00:00,3188864.48614978
2022-04-03 01:00:00+00:00,3188874.2997369203
2022-04-03 02:00:00+00:00,3188867.6543661403
2022-04-03 03:00:00+00:00,3188900.95261245
2022-04-03 04:00:00+00:00,3188898.76161658
2022-04-03 05:00:00+00:00,3188899.42925104
2022-04-03 06:00:00+00:00,3188906.52378288
2022-04-03 07:00:00+00:00,3188913.63612592
2022-04-03 08:00:00+00:00,3188938.04736547
2022-04-03 09:00:00+00:00,3188920.22223667
2022-04-03 10:00:00+00:00,3188931.34342684
2022-04-03 11:00:00+00:00,3179013.1612426
2022-04-03 12:00:00+00:00,3178976.08091581
2022-04-03 13:00:00+00:00,3178964.04336412
2022-04-03 14:00:00+00:00,3178995.58466968
2022-04-03 15:00:00+00:00,3180265.6741773803
2022-04-03 16:00:00+00:00,3180258.1794753
2022-04-03 17:00:00+00:00,3181564.65992188
2022-04-03 18:00:00+00:00,3182691.65499252
2022-04-03 19:00:00+00:00,3182698.75308893
2022-04-03 20:00:00+00:00,3182669.35883353
2022-04-03 21:00:00+00:00,3182675.00421418
2022-04-03 22:00:00+00:00,3181363.4368963502
2022-04-03 23:00:00+00:00,3180045.29426258
2022-04-04 00:00:00+00:00,3181091.49297614
2022-04-04 01:00:00+00:00,3179992.79750406
2022-04-04 02:00:00+00:00,3180032.61620019
2022-04-04 03:00:00+00:00,3180162.21250715
2022-04-04 04:00:00+00:00,3181132.33672565
2022-04-04 05:00:00+00:00,3171564.06479908
2022-04-04 06:00:00+00:00,3171575.44420382
2022-04-04 07:00:00+00:00,3170784.4968053503
2022-04-04 08:00:00+00:00,3170779.3997720103
2022-04-04 09:00:00+00:00,3171271.7781279
2022-04-04 10:00:00+00:00,3171467.24460982
2022-04-04 11:00:00+00:00,3171507.23972878
2022-04-04 12:00:00+00:00,3170133.6007776503
2022-04-04 13:00:00+00:00,3170243.72517697
2022-04-04 14:00:00+00:00,3167960.43337968
2022-04-04 15:00:00+00:00,3168091.7914779
2022-04-04 16:00:00+00:00,3170055.57562148
2022-04-04 17:00:00+00:00,3172054.19034827
2022-04-04 18:00:00+00:00,3173183.99640444
2022-04-04 19:00:00+00:00,3173233.64766635
2022-04-04 20:00:00+00:00,3182487.73514032
2022-04-04 21:00:00+00:00,3186412.80333416
2022-04-04 22:00:00+00:00,3183754.6006472
2022-04-04 23:00:00+00:00,3183811.21879742
2022-04-05 00:00:00+00:00,3179261.24257746
2022-04-05 01:00:00+00:00,3179064.19677174
2022-04-05 02:00:00+00:00,3178243.83353352
2022-04-05 03:00:00+00:00,3178289.04516647
2022-04-05 04:00:00+00:00,3178372.68154915
2022-04-05 05:00:00+00:00,3178381.62306764
2022-04-05 06:00:00+00:00,3176294.9132778603
2022-04-05 07:00:00+00:00,3176313.85973685
2022-04-05 08:00:00+00:00,3175406.27802601
2022-04-05 09:00:00+00:00,3175537.59892864
2022-04-05 10:00:00+00:00,3175444.6296038902
2022-04-05 11:00:00+00:00,3175508.24919026
2022-04-05 12:00:00+00:00,3176078.7017305503
2022-04-05 13:00:00+00:00,3175838.73658184
2022-04-05 14:00:00+00:00,3175759.4920301703
2022-04-05 15:00:00+00:00,3175778.24775566
2022-04-05 16:00:00+00:00,3175867.34493407
2022-04-05 17:00:00+00:00,3175829.77230211
2022-04-05 18:00:00+00:00,3175912.15769481
2022-04-05 19:00:00+00:00,3175314.40423533
2022-04-05 20:00:00+00:00,3175278.45530289
2022-04-05 21:00:00+00:00,3174690.2691607
2022-04-05 22:00:00+00:00,3174711.49751424
2022-04-05 23:00:00+00:00,3175244.2896359502
2022-04-06 00:00:00+00:00,3175322.39560778
2022-04-06 01:00:00+00:00,3175345.59299163
2022-04-06 02:00:00+00:00,3176458.8632691
2022-04-06 03:00:00+00:00,3176379.50965365
2022-04-06 04:00:00+00:00,3175475.30414051
2022-04-06 05:00:00+00:00,3165884.56750234
2022-04-06 06:00:00+00:00,3165959.57335969
2022-04-06 07:00:00+00:00,3166061.9214313203
2022-04-06 08:00:00+00:00,3165902.8512625103
2022-04-06 09:00:00+00:00,3166944.95112119
2022-04-06 10:00:00+00:00,3168825.5958541
2022-04-06 11:00:00+00:00,3170202.98134497
2022-04-06 12:00:00+00:00,3172956.25985911
2022-04-06 13:00:00+00:00,3170669.11257937
2022-04-06 14:00:00+00:00,3170642.49949993
2022-04-06 15:00:00+00:00,3170673.05589651
2022-04-06 16:00:00+00:00,3170255.15872134
2022-04-06 17:00:00+00:00,3169985.54695094
2022-04-06 18:00:00+00:00,3173112.20171413
2022-04-06 19:00:00+00:00,3175754.94350931
2022-04-06 20:00:00+00:00,3176685.24321114
2022-04-06 21:00:00+00:00,3176641.14689868
2022-04-06 22:00:00+00:00,3176459.8151195003
2022-04-06 23:00:00+00:00,3176083.73187963
2022-04-07 00:00:00+00:00,3176261.55999826
2022-04-07 01:00:00+00:00,3175487.44615805
2022-04-07 02:00:00+00:00,3173445.23950642
2022-04-07 03:00:00+00:00,3175125.31474132
2022-04-07 04:00:00+00:00,3175117.70137491
2022-04-07 05:00:00+00:00,3175153.95130006
2022-04-07 06:00:00+00:00,3175084.41012066
2022-04-07 07:00:00+00:00,3172626.8266763003
2022-04-07 08:00:00+00:00,3172799.19826669
2022-04-07 09:00:00+00:00,3171240.31784008
2022-04-07 10:00:00+00:00,3171701.83782204
2022-04-07 11:00:00+00:00,3171745.71733066
2022-04-07 12:00:00+00:00,3172828.26010487
2022-04-07 13:00:00+00:00,3173996.38196391
2022-04-07 14:00:00+00:00,3175123.75557512
2022-04-07 15:00:00+00:00,3175240.37831804
2022-04-07 16:00:00+00:00,3176126.04046138
2022-04-07 17:00:00+00:00,3176127.66415605
2022-04-07 18:00:00+00:00,3176095.74576483
2022-04-07 19:00:00+00:00,3177349.25909325
2022-04-07 20:00:00+00:00,3170821.46572921
2022-04-07 21:00:00+00:00,3170326.70198711
2022-04-07 22:00:00+00:00,3170047.5174844502
2022-04-07 23:00:00+00:00,3169917.79851059
2022-04-08 00:00:00+00:00,3170035.0370902503
2022-04-08 01:00:00+00:00,3170013.61436233
2022-04-08 02:00:00+00:00,3168540.86743546
2022-04-08 03:00:00+00:00,3168580.62560059
2022-04-08 04:00:00+00:00,3169275.22310132
2022-04-08 05:00:00+00:00,3179476.89535913
2022-04-08 06:00:00+00:00,3179574.7305838102
2022-04-08 07:00:00+00:00,3179665.72792843
2022-04-08 08:00:00+00:00,3179627.99067469
2022-04-08 09:00:00+00:00,3179703.4450430903
2022-04-08 10:00:00+00:00,3179542.9639238003
2022-04-08 11:00:00+00:00,3179664.36609483
2022-04-08 12:00:00+00:00,3179996.99053658
2022-04-08 13:00:00+00:00,3179108.98074721
2022-04-08 14:00:00+00:00,3181657.8671390703
2022-04-08 15:00:00+00:00,3181712.40365318
2022-04-08 16:00:00+00:00,3181821.7158255302
2022-04-08 17:00:00+00:00,3182784.52186338
2022-04-08 18:00:00+00:00,3182884.87930426
2022-04-08 19:00:00+00:00,3183131.63316926
2022-04-08 20:00:00+00:00,3184256.35580112
2022-04-08 21:00:00+00:00,3183882.21580174
2022-04-08 22:00:00+00:00,3183984.05377192
2022-04-08 23:00:00+00:00,3184038.06667053
2022-04-09 00:00:00+00:00,3184145.42789281
2022-04-09 01:00:00+00:00,3184052.89467665
2022-04-09 02:00:00+00:00,3184093.6668487303
2022-04-09 03:00:00+00:00,3184124.90926858
2022-04-09 04:00:00+00:00,3184204.54673175
2022-04-09 05:00:00+00:00,3184248.52066239
2022-04-09 06:00:00+00:00,3184133.84682194
2022-04-09 07:00:00+00:00,3184132.6271837302
2022-04-09 08:00:00+00:00,3184166.43190182
2022-04-09 09:00:00+00:00,3184265.14915431
2022-04-09 10:00:00+00:00,3184444.2235725
2022-04-09 11:00:00+00:00,3184527.31016376
2022-04-09 12:00:00+00:00,3184545.04307654
2022-04-09 13:00:00+00:00,3184478.5924183
2022-04-09 14:00:00+00:00,3184562.69042982
2022-04-09 15:00:00+00:00,3184646.16555143
2022-04-09 16:00:00+00:00,3184666.7007480003
2022-04-09 17:00:00+00:00,3184662.32009836
2022-04-09 18:00:00+00:00,3184854.6356928903
2022-04-09 19:00:00+00:00,3184783.78575407
2022-04-09 20:00:00+00:00,3184801.16612096
2022-04-09 21:00:00+00:00,3184909.58471011
2022-04-09 22:00:00+00:00,3184925.00464991
2022-04-09 23:00:00+00:00,3184872.50527874
2022-04-10 00:00:00+00:00,3185006.52900825
2022-04-10 01:00:00+00:00,3185022.36519814
2022-04-10 02:00:00+00:00,3184935.01889654
2022-04-10 03:00:00+00:00,3184956.59631492
2022-04-10 04:00:00+00:00,3184993.24131345
2022-04-10 05:00:00+00:00,3185002.85483499
2022-04-10 06:00:00+00:00,3191176.13812703
2022-04-10 07:00:00+00:00,3191208.7940602303
2022-04-10 08:00:00+00:00,3191297.0430156803
2022-04-10 09:00:00+00:00,3191346.67317705
2022-04-10 10:00:00+00:00,3191397.78806221
2022-04-10 11:00:00+00:00,3191497.05228252
2022-04-10 12:00:00+00:00,3191524.62260123
2022-04-10 13:00:00+00:00,3188771.75724737
2022-04-10 14:00:00+00:00,3188695.542331
2022-04-10 15:00:00+00:00,3188719.6736547803
2022-04-10 16:00:00+00:00,3187757.92782834
2022-04-10 17:00:00+00:00,3187881.63645906
2022-04-10 18:00:00+00:00,3187927.2735259
2022-04-10 19:00:00+00:00,3187942.02122071
2022-04-10 20:00:00+00:00,3188064.6448223
2022-04-10 21:00:00+00:00,3188048.06010228
2022-04-10 22:00:00+00:00,3188065.09260678
2022-04-10 23:00:00+00:00,3188147.24572562
2022-04-11 00:00:00+00:00,3188148.49253492
2022-04-11 01:00:00+00:00,3188113.46386374
2022-04-11 02:00:00+00:00,3186841.5487368302
2022-04-11 03:00:00+00:00,3186866.94539148
2022-04-11 04:00:00+00:00,3186830.10380236
2022-04-11 05:00:00+00:00,3176897.58250335
2022-04-11 06:00:00+00:00,3176911.68101044
2022-04-11 07:00:00+00:00,3176820.57515215
2022-04-11 08:00:00+00:00,3176420.62817335
2022-04-11 09:00:00+00:00,3176762.82034857
2022-04-11 10:00:00+00:00,3178515.77697254
2022-04-11 11:00:00+00:00,3176706.72895438
2022-04-11 12:00:00+00:00,3177247.82023104
2022-04-11 13:00:00+00:00,3176032.41125816
2022-04-11 14:00:00+00:00,3176007.41907505
2022-04-11 15:00:00+00:00,3176564.20054008
2022-04-11 16:00:00+00:00,3174570.69719766
2022-04-11 17:00:00+00:00,3175864.19316759
2022-04-11 18:00:00+00:00,3185391.59484673
2022-04-11 19:00:00+00:00,3185942.1718423
2022-04-11 20:00:00+00:00,3186808.15312061
2022-04-11 21:00:00+00:00,3187523.96568181
2022-04-11 22:00:00+00:00,3187640.11508198
2022-04-11 23:00:00+00:00,3187708.0234701103
2022-04-12 00:00:00+00:00,3187565.63617841
2022-04-12 01:00:00+00:00,3197415.45858955
2022-04-12 02:00:00+00:00,3197552.26662029
2022-04-12 03:00:00+00:00,3197377.21924341
2022-04-12 04:00:00+00:00,3197393.1091997502
2022-04-12 05:00:00+00:00,3197592.88920655
2022-04-12 06:00:00+00:00,3197588.35331618
2022-04-12 07:00:00+00:00,3196491.21411167
2022-04-12 08:00:00+00:00,3196470.15174553
2022-04-12 09:00:00+00:00,3196938.49691446
2022-04-12 10:00:00+00:00,3197290.53448341
2022-04-12 11:00:00+00:00,3198284.71480756
2022-04-12 12:00:00+00:00,3199907.18811244
2022-04-12 13:00:00+00:00,3200743.50710217
2022-04-12 14:00:00+00:00,3201901.48175456
2022-04-12 15:00:00+00:00,3202001.23362021
2022-04-12 16:00:00+00:00,3203224.42360911
2022-04-12 17:00:00+00:00,3203220.97545214
2022-04-12 18:00:00+00:00,3203020.53377186
2022-04-12 19:00:00+00:00,3202895.1793433903
2022-04-12 20:00:00+00:00,3202826.14306013
2022-04-12 21:00:00+00:00,3204076.0766888503
2022-04-12 22:00:00+00:00,3204325.50743575
2022-04-12 23:00:00+00:00,3204958.2404727
2022-04-13 00:00:00+00:00,3204595.09173595
2022-04-13 01:00:00+00:00,3202084.1751075
2022-04-13 02:00:00+00:00,3202106.7717148103
2022-04-13 03:00:00+00:00,3201930.57415735
2022-04-13 04:00:00+00:00,3201833.21140599
2022-04-13 05:00:00+00:00,3202051.01130945
2022-04-13 06:00:00+00:00,3192126.1917873803
2022-04-13 07:00:00+00:00,3191200.42799258
2022-04-13 08:00:00+00:00,3191177.8676969903
2022-04-13 09:00:00+00:00,3190640.51418687
2022-04-13 10:00:00+00:00,3190475.76504354
2022-04-13 11:00:00+00:00,3190323.45061253
2022-04-13 12:00:00+00:00,3190355.5803890103
2022-04-13 13:00:00+00:00,3192084.73457796
2022-04-13 14:00:00+00:00,3192372.78448773
2022-04-13 15:00:00+00:00,3190350.3827034603
2022-04-13 16:00:00+00:00,3190333.40717511
2022-04-13 17:00:00+00:00,3189063.08039652
2022-04-13 18:00:00+00:00,3190092.14173968
2022-04-13 19:00:00+00:00,3190275.52618759
2022-04-13 20:00:00+00:00,3191132.18884887
2022-04-13 21:00:00+00:00,3190451.0934192003
2022-04-13 22:00:00+00:00,3191729.5710089803
2022-04-13 23:00:00+00:00,3191660.89878064
2022-04-14 00:00:00+00:00,3192558.01375892
2022-04-14 01:00:00+00:00,3192617.97843018
2022-04-14 02:00:00+00:00,3190831.6222905503
2022-04-14 03:00:00+00:00,3192074.81301017
2022-04-14 04:00:00+00:00,3192304.05941704
2022-04-14 05:00:00+00:00,3192363.86945408
2022-04-14 06:00:00+00:00,3192490.18861177
2022-04-14 07:00:00+00:00,3192506.96145578
2022-04-14 08:00:00+00:00,3189931.82659593
2022-04-14 09:00:00+00:00,3189000.12509922
2022-04-14 10:00:00+00:00,3188599.34447742
2022-04-14 11:00:00+00:00,3188638.67027043
2022-04-14 12:00:00+00:00,3188645.28595762
2022-04-14 13:00:00+00:00,3188633.95188385
2022-04-14 14:00:00+00:00,3186649.37780022
2022-04-14 15:00:00+00:00,3189153.1035251003
2022-04-14 16:00:00+00:00,3191366.46769699
2022-04-14 17:00:00+00:00,3189225.72440091
2022-04-14 18:00:00+00:00,3189375.19896944
2022-04-14 19:00:00+00:00,3189288.84134264
2022-04-14 20:00:00+00:00,3189256.4535967703
2022-04-14 21:00:00+00:00,3179728.64267859
2022-04-14 22:00:00+00:00,3179522.51835335
2022-04-14 23:00:00+00:00,3179763.2217033203
2022-04-15 00:00:00+00:00,3179280.36656002
2022-04-15 01:00:00+00:00,3180430.7445961703
2022-04-15 02:00:00+00:00,3181991.9734737203
2022-04-15 03:00:00+00:00,3180378.79923993
2022-04-15 04:00:00+00:00,3179108.0645872
2022-04-15 05:00:00+00:00,3179502.91199449
2022-04-15 06:00:00+00:00,3179541.92490272
2022-04-15 07:00:00+00:00,3178421.09604434
2022-04-15 08:00:00+00:00,3178421.15577493
2022-04-15 09:00:00+00:00,3175731.03302202
2022-04-15 10:00:00+00:00,3176347.6700475803
2022-04-15 11:00:00+00:00,3176529.27554786
2022-04-15 12:00:00+00:00,3176674.4212970003
2022-04-15 13:00:00+00:00,3176767.3727765703
2022-04-15 14:00:00+00:00,3176811.9535494
2022-04-15 15:00:00+00:00,3175958.57386693
2022-04-15 16:00:00+00:00,3175998.43369775
2022-04-15 17:00:00+00:00,3176074.6967018303
2022-04-15 18:00:00+00:00,3176400.87463895
2022-04-15 19:00:00+00:00,3177592.3528034203
2022-04-15 20:00:00+00:00,3177888.65807993
2022-04-15 21:00:00+00:00,3177887.38311149
2022-04-15 22:00:00+00:00,3177325.23949124
2022-04-15 23:00:00+00:00,3177396.21939127
2022-04-16 00:00:00+00:00,3177340.32081878
2022-04-16 01:00:00+00:00,3177670.32058527
2022-04-16 02:00:00+00:00,3177685.6350485203
2022-04-16 03:00:00+00:00,3177681.48484332
2022-04-16 04:00:00+00:00,3177702.34390945
2022-04-16 05:00:00+00:00,3177757.92855812
2022-04-16 06:00:00+00:00,3177786.60084308
2022-04-16 07:00:00+00:00,3177762.57668865
2022-04-16 08:00:00+00:00,3177750.7236309103
2022-04-16 09:00:00+00:00,3177403.2995082103
2022-04-16 10:00:00+00:00,3177198.05635744
2022-04-16 11:00:00+00:00,3176920.8266518502
2022-04-16 12:00:00+00:00,3177875.93549312
2022-04-16 13:00:00+00:00,3177867.45619936
2022-04-16 14:00:00+00:00,3177874.10066916
2022-04-16 15:00:00+00:00,3177940.6964188903
2022-04-16 16:00:00+00:00,3179114.77323371
2022-04-16 17:00:00+00:00,3179114.0784389903
2022-04-16 18:00:00+00:00,3179129.7448383
2022-04-16 19:00:00+00:00,3179108.85115397
2022-04-16 20:00:00+00:00,3179395.78271456
2022-04-16 21:00:00+00:00,3178367.46074865
2022-04-16 22:00:00+00:00,3178377.12240153
2022-04-16 23:00:00+00:00,3178385.96143017
2022-04-17 00:00:00+00:00,3178572.2043162603
2022-04-17 01:00:00+00:00,3178317.73974211
2022-04-17 02:00:00+00:00,3178290.47570204
2022-04-17 03:00:00+00:00,3178336.91184841
2022-04-17 04:00:00+00:00,3168364.10066326
2022-04-17 05:00:00+00:00,3168372.76277182
2022-04-17 06:00:00+00:00,3168311.83956818
2022-04-17 07:00:00+00:00,3168315.08051686
2022-04-17 08:00:00+00:00,3166513.9582725
2022-04-17 09:00:00+00:00,3166520.31229858
2022-04-17 10:00:00+00:00,3166559.62393422
2022-04-17 11:00:00+00:00,3166591.0706674103
2022-04-17 12:00:00+00:00,3166608.67522636
2022-04-17 13:00:00+00:00,3166608.5116508403
2022-04-17 14:00:00+00:00,3166615.57150575
2022-04-17 15:00:00+00:00,3166658.24166366
2022-04-17 16:00:00+00:00,3166740.74958032
2022-04-17 17:00:00+00:00,3166826.94344958
2022-04-17 18:00:00+00:00,3166845.27982244
2022-04-17 19:00:00+00:00,3166899.45372944
2022-04-17 20:00:00+00:00,3166874.73786969
2022-04-17 21:00:00+00:00,3166877.65599035
2022-04-17 22:00:00+00:00,3166897.4276715303
2022-04-17 23:00:00+00:00,3168037.89240831
2022-04-18 00:00:00+00:00,3167985.8418057603
2022-04-18 01:00:00+00:00,3167870.62603101
2022-04-18 02:00:00+00:00,3167926.91186325
2022-04-18 03:00:00+00:00,3167965.86162383
2022-04-18 04:00:00+00:00,3169429.96277366
2022-04-18 05:00:00+00:00,3168428.69800316
2022-04-18 06:00:00+00:00,3168506.21136785
2022-04-18 07:00:00+00:00,3168848.76285067
2022-04-18 08:00:00+00:00,3168940.15531302
2022-04-18 09:00:00+00:00,3169052.1538224
2022-04-18 10:00:00+00:00,3174068.0758077903
2022-04-18 11:00:00+00:00,3173851.1635848703
2022-04-18 12:00:00+00:00,3174809.68151866
2022-04-18 13:00:00+00:00,3174326.68311525
2022-04-18 14:00:00+00:00,3174611.97285713
2022-04-18 15:00:00+00:00,3173651.64868525
2022-04-18 16:00:00+00:00,3173028.40166811
2022-04-18 17:00:00+00:00,3177596.75277543
2022-04-18 18:00:00+00:00,3178925.00368054
2022-04-18 19:00:00+00:00,3168479.8128227303
2022-04-18 20:00:00+00:00,3168718.0788568403
2022-04-18 21:00:00+00:00,3168535.09853569
2022-04-18 22:00:00+00:00,3168467.1131320703
2022-04-18 23:00:00+00:00,3168374.88751026
2022-04-19 00:00:00+00:00,3167318.24178066
2022-04-19 01:00:00+00:00,3167606.47584265
2022-04-19 02:00:00+00:00,3167581.7632421
2022-04-19 03:00:00+00:00,3166409.90294435
2022-04-19 04:00:00+00:00,3165467.04973188
2022-04-19 05:00:00+00:00,3165505.7916770503
2022-04-19 06:00:00+00:00,3165589.18486976
2022-04-19 07:00:00+00:00,3165635.72343319
2022-04-19 08:00:00+00:00,3164997.38491492
2022-04-19 09:00:00+00:00,3163670.8156627403
2022-04-19 10:00:00+00:00,3164126.87397607
2022-04-19 11:00:00+00:00,3164473.6287496
2022-04-19 12:00:00+00:00,3165607.89844034
2022-04-19 13:00:00+00:00,3167606.83801232
2022-04-19 14:00:00+00:00,3167700.34086762
2022-04-19 15:00:00+00:00,3168642.26259054
2022-04-19 16:00:00+00:00,3166353.7046371303
2022-04-19 17:00:00+00:00,3164602.59511483
2022-04-19 18:00:00+00:00,3164657.26730585
2022-04-19 19:00:00+00:00,3164747.3624980203
2022-04-19 20:00:00+00:00,3164744.71300795
2022-04-19 21:00:00+00:00,3164668.88193356
2022-04-19 22:00:00+00:00,3166031.62830688
2022-04-19 23:00:00+00:00,3164769.21306532
2022-04-20 00:00:00+00:00,3164354.29892692
2022-04-20 01:00:00+00:00,3165964.0594341
2022-04-20 02:00:00+00:00,3165527.84997117
2022-04-20 03:00:00+00:00,3165541.7133759
2022-04-20 04:00:00+00:00,3164947.76873091
2022-04-20 05:00:00+00:00,3164139.94017751
2022-04-20 06:00:00+00:00,3164038.0541663603
2022-04-20 07:00:00+00:00,3164198.11773288
2022-04-20 08:00:00+00:00,3164017.85990276
2022-04-20 09:00:00+00:00,3163952.43990048
2022-04-20 10:00:00+00:00,3164342.54948759
2022-04-20 11:00:00+00:00,3164462.22413888
2022-04-20 12:00:00+00:00,3167820.15412437
2022-04-20 13:00:00+00:00,3167264.70287239
2022-04-20 14:00:00+00:00,3164012.0832545003
2022-04-20 15:00:00+00:00,3164078.80640354
2022-04-20 16:00:00+00:00,3163507.55048911
2022-04-20 17:00:00+00:00,3162240.65087014
2022-04-20 18:00:00+00:00,3162263.05378226
2022-04-20 19:00:00+00:00,3161977.70298971
2022-04-20 20:00:00+00:00,3162046.78139168
2022-04-20 21:00:00+00:00,3160775.16231386
2022-04-20 22:00:00+00:00,3160791.12085047
2022-04-20 23:00:00+00:00,3160759.29371605
2022-04-21 00:00:00+00:00,3160887.99238746
2022-04-21 01:00:00+00:00,3160766.2964315102
2022-04-21 02:00:00+00:00,3160781.91430837
2022-04-21 03:00:00+00:00,3160906.4791108603
2022-04-21 04:00:00+00:00,3161095.38326075
2022-04-21 05:00:00+00:00,3161215.20163931
2022-04-21 06:00:00+00:00,3160144.98700498
2022-04-21 07:00:00+00:00,3160113.47546254
2022-04-21 08:00:00+00:00,3163582.92104874
2022-04-21 09:00:00+00:00,3165002.89540346
2022-04-21 10:00:00+00:00,3164216.72573697
2022-04-21 11:00:00+00:00,3164401.73742434
2022-04-21 12:00:00+00:00,3165043.42003115
2022-04-21 13:00:00+00:00,3165063.17879011
2022-04-21 14:00:00+00:00,3162917.86719913
2022-04-21 15:00:00+00:00,3162333.38997382
2022-04-21 16:00:00+00:00,3160973.47136026
2022-04-21 17:00:00+00:00,3160862.95658065
2022-04-21 18:00:00+00:00,3160071.14468423
2022-04-21 19:00:00+00:00,3161097.58808016
2022-04-21 20:00:00+00:00,3160489.21652163
2022-04-21 21:00:00+00:00,3161333.81874497
2022-04-21 22:00:00+00:00,3161330.98453325
2022-04-21 23:00:00+00:00,3161014.89156123
2022-04-22 00:00:00+00:00,3162072.12956323
2022-04-22 01:00:00+00:00,3162202.2976406403
2022-04-22 02:00:00+00:00,3162353.36146224
2022-04-22 03:00:00+00:00,3162458.16445922
2022-04-22 04:00:00+00:00,3162476.9199820003
2022-04-22 05:00:00+00:00,3162454.7707054
2022-04-22 06:00:00+00:00,3162660.32034916
2022-04-22 07:00:00+00:00,3162985.25627403
2022-04-22 08:00:00+00:00,3162205.17454396
2022-04-22 09:00:00+00:00,3162209.8388890503
2022-04-22 10:00:00+00:00,3162055.74774848
2022-04-22 11:00:00+00:00,3161966.09771244
2022-04-22 12:00:00+00:00,3160833.86913132
2022-04-22 13:00:00+00:00,3154829.38615238
2022-04-22 14:00:00+00:00,3154987.39583283
2022-04-22 15:00:00+00:00,3154763.74559877
2022-04-22 16:00:00+00:00,3154779.73655179
2022-04-22 17:00:00+00:00,3157476.11809586
2022-04-22 18:00:00+00:00,3156909.91315099
2022-04-22 19:00:00+00:00,3156792.90990586
2022-04-22 20:00:00+00:00,3155555.27382012
2022-04-22 21:00:00+00:00,3155763.00775239
2022-04-22 22:00:00+00:00,3154682.6289060903
2022-04-22 23:00:00+00:00,3154723.33238725
2022-04-23 00:00:00+00:00,3154831.9769688
2022-04-23 01:00:00+00:00,3154868.23757304
2022-04-23 02:00:00+00:00,3154678.43260989
2022-04-23 03:00:00+00:00,3154597.74427211
2022-04-23 04:00:00+00:00,3154625.88812689
2022-04-23 05:00:00+00:00,3154629.65059317
2022-04-23 06:00:00+00:00,3154654.52807549
2022-04-23 07:00:00+00:00,3154672.12009311
2022-04-23 08:00:00+00:00,3154650.13966963
2022-04-23 09:00:00+00:00,3154701.40624484
2022-04-23 10:00:00+00:00,3155409.79232575
2022-04-23 11:00:00+00:00,3155506.27920348
2022-04-23 12:00:00+00:00,3155510.58663661
2022-04-23 13:00:00+00:00,3155651.44710016
2022-04-23 14:00:00+00:00,3155614.52628655
2022-04-23 15:00:00+00:00,3155649.43189646
2022-04-23 16:00:00+00:00,3155627.2854471803
2022-04-23 17:00:00+00:00,3155640.92247462
2022-04-23 18:00:00+00:00,3155655.75799548
2022-04-23 19:00:00+00:00,3154610.28274756
2022-04-23 20:00:00+00:00,3154627.9924827903
2022-04-23 21:00:00+00:00,3154606.43708872
2022-04-23 22:00:00+00:00,3155565.84525066
2022-04-23 23:00:00+00:00,3155564.72405023
2022-04-24 00:00:00+00:00,3154608.3602747503
2022-04-24 01:00:00+00:00,3155834.66011533
2022-04-24 02:00:00+00:00,3155937.51776912
2022-04-24 03:00:00+00:00,3157237.4565812503
2022-04-24 04:00:00+00:00,3157281.70612514
2022-04-24 05:00:00+00:00,3157178.30381575
2022-04-24 06:00:00+00:00,3157179.76841133
2022-04-24 07:00:00+00:00,3157176.64272335
2022-04-24 08:00:00+00:00,3157020.43265524
2022-04-24 09:00:00+00:00,3157059.71360332
2022-04-24 10:00:00+00:00,3157152.43437286
2022-04-24 11:00:00+00:00,3157162.06146106
2022-04-24 12:00:00+00:00,3160061.54133262
2022-04-24 13:00:00+00:00,3162177.70759246
2022-04-24 14:00:00+00:00,3156055.33844942
2022-04-24 15:00:00+00:00,3156055.9929286
2022-04-24 16:00:00+00:00,3156077.40949354
2022-04-24 17:00:00+00:00,3156210.61739365
2022-04-24 18:00:00+00:00,3156245.89583349
2022-04-24 19:00:00+00:00,3156316.19206534
2022-04-24 20:00:00+00:00,3156309.52255325
2022-04-24 21:00:00+00:00,3156268.45204413
2022-04-24 22:00:00+00:00,3156272.08326738
2022-04-24 23:00:00+00:00,3156180.68227552
2022-04-25 00:00:00+00:00,3156186.50181639
2022-04-25 01:00:00+00:00,3157098.80245968
2022-04-25 02:00:00+00:00,3157113.36409392
2022-04-25 03:00:00+00:00,3157509.80365783
2022-04-25 04:00:00+00:00,3156536.54338717
2022-04-25 05:00:00+00:00,3159045.23569992
2022-04-25 06:00:00+00:00,3158952.98869072
2022-04-25 07:00:00+00:00,3158046.07846326
2022-04-25 08:00:00+00:00,3155623.9061671803
2022-04-25 09:00:00+00:00,3155695.96098929
2022-04-25 10:00:00+00:00,3155618.94361156
2022-04-25 11:00:00+00:00,3155561.50336238
2022-04-25 12:00:00+00:00,3155679.07831992
2022-04-25 13:00:00+00:00,3155630.90426083
2022-04-25 14:00:00+00:00,3155820.76781906
2022-04-25 15:00:00+00:00,3154619.35128768
2022-04-25 16:00:00+00:00,3154775.37834565
2022-04-25 17:00:00+00:00,3154768.1892738
2022-04-25 18:00:00+00:00,3157852.887919
2022-04-25 19:00:00+00:00,3157887.98896549
2022-04-25 20:00:00+00:00,3158240.34054356
2022-04-25 21:00:00+00:00,3158259.31658193
2022-04-25 22:00:00+00:00,3158101.75731367
2022-04-25 23:00:00+00:00,3158087.011241
2022-04-26 00:00:00+00:00,3157889.69988502
2022-04-26 01:00:00+00:00,3161077.5887672
2022-04-26 02:00:00+00:00,3161898.02269294
2022-04-26 03:00:00+00:00,3161339.25991196
2022-04-26 04:00:00+00:00,3163556.73627559
2022-04-26 05:00:00+00:00,3163542.84185984
2022-04-26 06:00:00+00:00,3163530.57514642
2022-04-26 07:00:00+00:00,3163547.61278465
2022-04-26 08:00:00+00:00,3163594.18740659
2022-04-26 09:00:00+00:00,3163608.88764426
2022-04-26 10:00:00+00:00,3163993.6925593503
2022-04-26 11:00:00+00:00,3163966.66049777
2022-04-26 12:00:00+00:00,3164963.10166521
2022-04-26 13:00:00+00:00,3165024.5668352502
2022-04-26 14:00:00+00:00,3165230.92065845
2022-04-26 15:00:00+00:00,3166367.24333712
2022-04-26 16:00:00+00:00,3166389.5567750703
2022-04-26 17:00:00+00:00,3165971.8563553803
2022-04-26 18:00:00+00:00,3165889.36167368
2022-04-26 19:00:00+00:00,3166027.94528487
2022-04-26 20:00:00+00:00,3166275.71991366
2022-04-26 21:00:00+00:00,3166268.14985062
2022-04-26 22:00:00+00:00,3164838.32270998
2022-04-26 23:00:00+00:00,3168547.7541907
2022-04-27 00:00:00+00:00,3159323.27537507
2022-04-27 01:00:00+00:00,3160554.52163438
2022-04-27 02:00:00+00:00,3160814.06391739
2022-04-27 03:00:00+00:00,3160848.79780839
2022-04-27 04:00:00+00:00,3161390.2030050303
2022-04-27 05:00:00+00:00,3161402.7796336203
2022-04-27 06:00:00+00:00,3161164.50961592
2022-04-27 07:00:00+00:00,3161100.97343278
2022-04-27 08:00:00+00:00,3161588.2275118
2022-04-27 09:00:00+00:00,3158970.39267718
2022-04-27 10:00:00+00:00,3158718.81296868
2022-04-27 11:00:00+00:00,3159836.11126695
2022-04-27 12:00:00+00:00,3159849.23066587
2022-04-27 13:00:00+00:00,3159820.25513428
2022-04-27 14:00:00+00:00,3159817.63462552
2022-04-27 15:00:00+00:00,3161180.63321274
2022-04-27 16:00:00+00:00,3162325.76646674
2022-04-27 17:00:00+00:00,3162329.29085477
2022-04-27 18:00:00+00:00,3162785.37878196
2022-04-27 19:00:00+00:00,3161686.75988896
2022-04-27 20:00:00+00:00,3162276.47911973
2022-04-27 21:00:00+00:00,3161375.19410873
2022-04-27 22:00:00+00:00,3162429.71683589
2022-04-27 23:00:00+00:00,3160592.12273289
2022-04-28 00:00:00+00:00,3160451.95574612
2022-04-28 01:00:00+00:00,3160481.9248780003
2022-04-28 02:00:00+00:00,3160811.8878954
2022-04-28 03:00:00+00:00,3161011.57025485
2022-04-28 04:00:00+00:00,3160606.71339664
2022-04-28 05:00:00+00:00,3160606.71339664
2022-04-28 06:00:00+00:00,3160185.90539875
2022-04-28 07:00:00+00:00,3166489.83022364
2022-04-28 08:00:00+00:00,3162227.1717035403
2022-04-28 09:00:00+00:00,3162288.79780644
2022-04-28 10:00:00+00:00,3160456.15911156
2022-04-28 11:00:00+00:00,3158296.8497988
2022-04-28 12:00:00+00:00,3159429.19721949
2022-04-28 13:00:00+00:00,3159755.02701907
2022-04-28 14:00:00+00:00,3156151.15350017
2022-04-28 15:00:00+00:00,3156121.82301534
2022-04-28 16:00:00+00:00,3155870.9806186003
2022-04-28 17:00:00+00:00,3155764.18518055
2022-04-28 18:00:00+00:00,3156902.3127742503
2022-04-28 19:00:00+00:00,3160615.91755442
2022-04-28 20:00:00+00:00,3159289.65225077
2022-04-28 21:00:00+00:00,3159093.52799026
2022-04-28 22:00:00+00:00,3159096.92174404
2022-04-28 23:00:00+00:00,3159017.53735132
2022-04-29 00:00:00+00:00,3158872.08357039
2022-04-29 01:00:00+00:00,3157823.59902814
2022-04-29 02:00:00+00:00,3157784.53380918
2022-04-29 03:00:00+00:00,3157796.20161021
2022-04-29 04:00:00+00:00,3158795.66773907
2022-04-29 05:00:00+00:00,3159123.17424501
2022-04-29 06:00:00+00:00,3159278.22508612
2022-04-29 07:00:00+00:00,3159413.02471703
2022-04-29 08:00:00+00:00,3158485.63302159
2022-04-29 09:00:00+00:00,3159799.88265148
2022-04-29 10:00:00+00:00,3161840.85652959
2022-04-29 11:00:00+00:00,3161858.611011
2022-04-29 12:00:00+00:00,3160849.71538387
2022-04-29 13:00:00+00:00,3160839.72835871
2022-04-29 14:00:00+00:00,3160068.08479495
2022-04-29 15:00:00+00:00,3160032.45697828
2022-04-29 16:00:00+00:00,3157292.89529604
2022-04-29 17:00:00+00:00,3157213.40010874
2022-04-29 18:00:00+00:00,3156853.63184615
2022-04-29 19:00:00+00:00,3155367.11297287
2022-04-29 20:00:00+00:00,3156419.11648705
2022-04-29 21:00:00+00:00,3155753.39586366
2022-04-29 22:00:00+00:00,3155198.05050143
2022-04-29 23:00:00+00:00,3155303.99858594
2022-04-30 00:00:00+00:00,3155353.4484262
2022-04-30 01:00:00+00:00,3155362.85069443
2022-04-30 02:00:00+00:00,3155339.29507726
2022-04-30 03:00:00+00:00,3154345.56772744
2022-04-30 04:00:00+00:00,3154378.0072907
2022-04-30 05:00:00+00:00,3155467.69666395
2022-04-30 06:00:00+00:00,3155482.2010109
2022-04-30 07:00:00+00:00,3155485.57072966
2022-04-30 08:00:00+00:00,3155644.98948122
2022-04-30 09:00:00+00:00,3155378.00512796
2022-04-30 10:00:00+00:00,3155395.32343587
2022-04-30 11:00:00+00:00,3155383.50802121
2022-04-30 12:00:00+00:00,3155477.62589673
2022-04-30 13:00:00+00:00,3155454.32380575
2022-04-30 14:00:00+00:00,3155501.56857732
2022-04-30 15:00:00+00:00,3155506.49337745
2022-04-30 16:00:00+00:00,3155814.9817398502
2022-04-30 17:00:00+00:00,3155864.05580896
2022-04-30 18:00:00+00:00,3155846.66031571
2022-04-30 19:00:00+00:00,3156775.82855988
2022-04-30 20:00:00+00:00,3156817.78330292
2022-04-30 21:00:00+00:00,3157001.58286912
2022-04-30 22:00:00+00:00,3157016.65555682
2022-04-30 23:00:00+00:00,3157079.6462891703
2022-05-01 00:00:00+00:00,3158077.03485115
2022-05-01 01:00:00+00:00,3158078.39637347
2022-05-01 02:00:00+00:00,3158234.6016738103
2022-05-01 03:00:00+00:00,3158254.80617295
2022-05-01 04:00:00+00:00,3158276.95292743
2022-05-01 05:00:00+00:00,3158520.08595969
2022-05-01 06:00:00+00:00,3158583.06851161
2022-05-01 07:00:00+00:00,3159568.65677298
2022-05-01 08:00:00+00:00,3159968.81290505
2022-05-01 09:00:00+00:00,3160121.68144214
2022-05-01 10:00:00+00:00,3160183.47440291
2022-05-01 11:00:00+00:00,3157750.08947793
2022-05-01 12:00:00+00:00,3158604.52844883
2022-05-01 13:00:00+00:00,3158583.36410597
2022-05-01 14:00:00+00:00,3158354.05407368
2022-05-01 15:00:00+00:00,3158382.92954462
2022-05-01 16:00:00+00:00,3158381.97504848
2022-05-01 17:00:00+00:00,3158282.63711394
2022-05-01 18:00:00+00:00,3158294.75198558
2022-05-01 19:00:00+00:00,3158324.68548794
2022-05-01 20:00:00+00:00,3158235.61212052
2022-05-01 21:00:00+00:00,3158157.09712043
2022-05-01 22:00:00+00:00,3158216.9114472303
2022-05-01 23:00:00+00:00,3158222.53081317
2022-05-02 00:00:00+00:00,3158567.6277160803
2022-05-02 01:00:00+00:00,3157323.63894727
2022-05-02 02:00:00+00:00,3157484.65739131
2022-05-02 03:00:00+00:00,3157507.51311953
2022-05-02 04:00:00+00:00,3157469.0507913902
2022-05-02 05:00:00+00:00,3157452.02811546
2022-05-02 06:00:00+00:00,3157451.66122475
2022-05-02 07:00:00+00:00,3157458.03035314
2022-05-02 08:00:00+00:00,3157976.27147506
2022-05-02 09:00:00+00:00,3157997.01393813
2022-05-02 10:00:00+00:00,3158057.5211955
2022-05-02 11:00:00+00:00,3157059.20198872
2022-05-02 12:00:00+00:00,3156833.45518151
2022-05-02 13:00:00+00:00,3156867.9660564
2022-05-02 14:00:00+00:00,3160737.2699555
2022-05-02 15:00:00+00:00,3168749.66582445
2022-05-02 16:00:00+00:00,3168401.31313061
2022-05-02 17:00:00+00:00,3169494.77963315
2022-05-02 18:00:00+00:00,3168309.71777894
2022-05-02 19:00:00+00:00,3168295.89226813
2022-05-02 20:00:00+00:00,3167493.5719553703
2022-05-02 21:00:00+00:00,3167248.88362944
2022-05-02 22:00:00+00:00,3160084.3898852803
2022-05-02 23:00:00+00:00,3159980.64305436
2022-05-03 00:00:00+00:00,3161125.8879900803
2022-05-03 01:00:00+00:00,3157732.53493388
2022-05-03 02:00:00+00:00,3157814.52224142
2022-05-03 03:00:00+00:00,3158166.56065524
2022-05-03 04:00:00+00:00,3158320.2856164603
2022-05-03 05:00:00+00:00,3158445.83229601
2022-05-03 06:00:00+00:00,3157385.319378
2022-05-03 07:00:00+00:00,3157559.54733889
2022-05-03 08:00:00+00:00,3156990.98298106
2022-05-03 09:00:00+00:00,3157173.28807723
2022-05-03 10:00:00+00:00,3157524.6584467
2022-05-03 11:00:00+00:00,3158639.63462022
2022-05-03 12:00:00+00:00,3160973.17880189
2022-05-03 13:00:00+00:00,3161086.16747553
2022-05-03 14:00:00+00:00,3161324.24663612
2022-05-03 15:00:00+00:00,3160114.22887813
2022-05-03 16:00:00+00:00,3158503.66924072
2022-05-03 17:00:00+00:00,3158708.83236792
2022-05-03 18:00:00+00:00,3158721.29557808
2022-05-03 19:00:00+00:00,3158721.33758889
2022-05-03 20:00:00+00:00,3154823.29439018
2022-05-03 21:00:00+00:00,3152097.70666222
2022-05-03 22:00:00+00:00,3145265.46801147
2022-05-03 23:00:00+00:00,3146409.99150395
2022-05-04 00:00:00+00:00,3146421.12731555
2022-05-04 01:00:00+00:00,3146562.40589868
2022-05-04 02:00:00+00:00,3146730.34045828
2022-05-04 03:00:00+00:00,3144724.8278967
2022-05-04 04:00:00+00:00,3144557.33716727
2022-05-04 05:00:00+00:00,3144568.32226534
2022-05-04 06:00:00+00:00,3145082.10953841
2022-05-04 07:00:00+00:00,3144821.4045114
2022-05-04 08:00:00+00:00,3145090.17044904
2022-05-04 09:00:00+00:00,3144900.09116678
2022-05-04 10:00:00+00:00,3144849.72784718
2022-05-04 11:00:00+00:00,3143812.11474303
2022-05-04 12:00:00+00:00,3142680.8285296
2022-05-04 13:00:00+00:00,3142579.35022531
2022-05-04 14:00:00+00:00,3141033.51396816
2022-05-04 15:00:00+00:00,3141148.23872888
2022-05-04 16:00:00+00:00,3139576.09917352
2022-05-04 17:00:00+00:00,3138020.36608101
2022-05-04 18:00:00+00:00,3136397.37003306
2022-05-04 19:00:00+00:00,3133724.6709903
2022-05-04 20:00:00+00:00,3125862.09225909
2022-05-04 21:00:00+00:00,3128842.05725243
2022-05-04 22:00:00+00:00,3129067.24369635
2022-05-04 23:00:00+00:00,3131122.67001343
2022-05-05 00:00:00+00:00,3131155.36004098
2022-05-05 01:00:00+00:00,3131948.43644601
2022-05-05 02:00:00+00:00,3132333.07906639
2022-05-05 03:00:00+00:00,3132085.93046969
2022-05-05 04:00:00+00:00,3133926.77702712
2022-05-05 05:00:00+00:00,3133652.2329176
2022-05-05 06:00:00+00:00,3133332.33185412
2022-05-05 07:00:00+00:00,3133282.18402731
2022-05-05 08:00:00+00:00,3134446.25133135
2022-05-05 09:00:00+00:00,3133617.6142207203
2022-05-05 10:00:00+00:00,3133357.74868031
2022-05-05 11:00:00+00:00,3134962.97543547
2022-05-05 12:00:00+00:00,3135722.54802821
2022-05-05 13:00:00+00:00,3136470.96256694
2022-05-05 14:00:00+00:00,3132805.01243392
2022-05-05 15:00:00+00:00,3134650.73993336
2022-05-05 16:00:00+00:00,3134628.43710613
2022-05-05 17:00:00+00:00,3134517.78639033
2022-05-05 18:00:00+00:00,3138017.8809162
2022-05-05 19:00:00+00:00,3135360.81958771
2022-05-05 20:00:00+00:00,3135128.24872945
2022-05-05 21:00:00+00:00,3134804.27044195
2022-05-05 22:00:00+00:00,3137001.98268177
2022-05-05 23:00:00+00:00,3137304.88249606
2022-05-06 00:00:00+00:00,3138628.75194713
2022-05-06 01:00:00+00:00,3138607.06968751
2022-05-06 02:00:00+00:00,3138914.2646576
2022-05-06 03:00:00+00:00,3140298.75188905
2022-05-06 04:00:00+00:00,3142875.21846754
2022-05-06 05:00:00+00:00,3142056.8400913603
2022-05-06 06:00:00+00:00,3142316.73184598
2022-05-06 07:00:00+00:00,3142191.83673182
2022-05-06 08:00:00+00:00,3142159.50434848
2022-05-06 09:00:00+00:00,3142051.0061782203
2022-05-06 10:00:00+00:00,3142716.2178979903
2022-05-06 11:00:00+00:00,3143310.48666973
2022-05-06 12:00:00+00:00,3141423.24897286
2022-05-06 13:00:00+00:00,3142814.15656474
2022-05-06 14:00:00+00:00,3142352.9663660103
2022-05-06 15:00:00+00:00,3142849.28875004
2022-05-06 16:00:00+00:00,3138270.75297277
2022-05-06 17:00:00+00:00,3152777.72863106
2022-05-06 18:00:00+00:00,3153051.41270352
2022-05-06 19:00:00+00:00,3152953.54954065
2022-05-06 20:00:00+00:00,3152584.09145717
2022-05-06 21:00:00+00:00,3142346.3565333
2022-05-06 22:00:00+00:00,3142211.86441773
2022-05-06 23:00:00+00:00,3134499.13598971
2022-05-07 00:00:00+00:00,3134336.41889221
2022-05-07 01:00:00+00:00,3134698.60723428
2022-05-07 02:00:00+00:00,3134739.00162109
2022-05-07 03:00:00+00:00,3134741.55114211
2022-05-07 04:00:00+00:00,3134768.72343984
2022-05-07 05:00:00+00:00,3134771.74585427
2022-05-07 06:00:00+00:00,3134812.44265977
2022-05-07 07:00:00+00:00,3134811.95962068
2022-05-07 08:00:00+00:00,3134815.63151828
2022-05-07 09:00:00+00:00,3134110.8896819
2022-05-07 10:00:00+00:00,3134743.5018048403
2022-05-07 11:00:00+00:00,3135292.96352515
2022-05-07 12:00:00+00:00,3135184.34990087
2022-05-07 13:00:00+00:00,3135292.86686375
2022-05-07 14:00:00+00:00,3128937.67345013
2022-05-07 15:00:00+00:00,3129251.48790086
2022-05-07 16:00:00+00:00,3129183.5116898
2022-05-07 17:00:00+00:00,3129062.51096623
2022-05-07 18:00:00+00:00,3127745.43753556
2022-05-07 19:00:00+00:00,3127649.86443422
2022-05-07 20:00:00+00:00,3127742.93138794
2022-05-07 21:00:00+00:00,3127903.5699117
2022-05-07 22:00:00+00:00,3127648.51564406
2022-05-07 23:00:00+00:00,3129994.66650739
2022-05-08 00:00:00+00:00,3125892.10158739
2022-05-08 01:00:00+00:00,3125159.99633219
2022-05-08 02:00:00+00:00,3125325.97962667
2022-05-08 03:00:00+00:00,3126039.18881464
2022-05-08 04:00:00+00:00,3126399.5971803
2022-05-08 05:00:00+00:00,3126345.94532017
2022-05-08 06:00:00+00:00,3126412.66326345
2022-05-08 07:00:00+00:00,3124125.93845446
2022-05-08 08:00:00+00:00,3124495.83580338
2022-05-08 09:00:00+00:00,3124619.33181127
2022-05-08 10:00:00+00:00,3124558.24129878
2022-05-08 11:00:00+00:00,3124571.12616148
2022-05-08 12:00:00+00:00,3124619.4889317
2022-05-08 13:00:00+00:00,3125364.21815063
2022-05-08 14:00:00+00:00,3126090.05358779
2022-05-08 15:00:00+00:00,3123763.90581541
2022-05-08 16:00:00+00:00,3122798.62017777
2022-05-08 17:00:00+00:00,3120938.74991982
2022-05-08 18:00:00+00:00,3121655.88992591
2022-05-08 19:00:00+00:00,3125643.9660469103
2022-05-08 20:00:00+00:00,3127481.77900187
2022-05-08 21:00:00+00:00,3125381.85587528
2022-05-08 22:00:00+00:00,3123882.566301
2022-05-08 23:00:00+00:00,3122539.84437992
2022-05-09 00:00:00+00:00,3122556.74011219
2022-05-09 01:00:00+00:00,3123113.09510328
2022-05-09 02:00:00+00:00,3123213.25765619
2022-05-09 03:00:00+00:00,3123438.65609622
2022-05-09 04:00:00+00:00,3122865.96278092
2022-05-09 05:00:00+00:00,3121869.8575068703
2022-05-09 06:00:00+00:00,3121210.18492876
2022-05-09 07:00:00+00:00,3121634.78484233
2022-05-09 08:00:00+00:00,3122122.27853015
2022-05-09 09:00:00+00:00,3122603.80595932
2022-05-09 10:00:00+00:00,3118215.6793376
2022-05-09 11:00:00+00:00,3117477.51594473
2022-05-09 12:00:00+00:00,3118475.65711566
2022-05-09 13:00:00+00:00,3120855.70981212
2022-05-09 14:00:00+00:00,3123596.43167701
2022-05-09 15:00:00+00:00,3122227.8181968
2022-05-09 16:00:00+00:00,3120594.56633079
2022-05-09 17:00:00+00:00,3123159.80301203
2022-05-09 18:00:00+00:00,3118570.4220832502
2022-05-09 19:00:00+00:00,3116772.3683922
2022-05-09 20:00:00+00:00,3119234.0669342503
2022-05-09 21:00:00+00:00,3125057.03845081
2022-05-09 22:00:00+00:00,3124793.05905665
2022-05-09 23:00:00+00:00,3113717.88424668
2022-05-10 00:00:00+00:00,3112039.800833
2022-05-10 01:00:00+00:00,3112015.30090862
2022-05-10 02:00:00+00:00,3113188.97891957
2022-05-10 03:00:00+00:00,3113372.5442828
2022-05-10 04:00:00+00:00,3113628.97663571
2022-05-10 05:00:00+00:00,3113755.61875041
2022-05-10 06:00:00+00:00,3113936.24843938
2022-05-10 07:00:00+00:00,3111221.9924826203
2022-05-10 08:00:00+00:00,3111730.31129207
2022-05-10 09:00:00+00:00,3114144.84722078
2022-05-10 10:00:00+00:00,3112949.02109675
2022-05-10 11:00:00+00:00,3113063.30881032
2022-05-10 12:00:00+00:00,3113047.45216176
2022-05-10 13:00:00+00:00,3111263.57520908
2022-05-10 14:00:00+00:00,3108847.51429688
2022-05-10 15:00:00+00:00,3113457.46984692
2022-05-10 16:00:00+00:00,3110850.54464137
2022-05-10 17:00:00+00:00,3107962.48352591
2022-05-10 18:00:00+00:00,3109804.41579718
2022-05-10 19:00:00+00:00,3110579.33844959
2022-05-10 20:00:00+00:00,3111260.16235722
2022-05-10 21:00:00+00:00,3111001.9090733
2022-05-10 22:00:00+00:00,3110676.97969555
2022-05-10 23:00:00+00:00,3111775.06504306
2022-05-11 00:00:00+00:00,3112104.97102186
2022-05-11 01:00:00+00:00,3112394.3452426
2022-05-11 02:00:00+00:00,3112472.95808573
2022-05-11 03:00:00+00:00,3114766.23142512
2022-05-11 04:00:00+00:00,3119406.84038573
2022-05-11 05:00:00+00:00,3119363.82775388
2022-05-11 06:00:00+00:00,3122716.43976931
2022-05-11 07:00:00+00:00,3109292.73396284
2022-05-11 08:00:00+00:00,3107527.49356816
2022-05-11 09:00:00+00:00,3106341.55408005
2022-05-11 10:00:00+00:00,3107413.16156653
2022-05-11 11:00:00+00:00,3106218.274261
2022-05-11 12:00:00+00:00,3109577.64774238
2022-05-11 13:00:00+00:00,3110344.92853171
2022-05-11 14:00:00+00:00,3109292.32732372
2022-05-11 15:00:00+00:00,3106181.57741977
2022-05-11 16:00:00+00:00,3104821.25847623
2022-05-11 17:00:00+00:00,3103019.9446671
2022-05-11 18:00:00+00:00,3090783.81899837
2022-05-11 19:00:00+00:00,3090679.75999581
2022-05-11 20:00:00+00:00,3110651.94433637
2022-05-11 21:00:00+00:00,3094009.37709352
2022-05-11 22:00:00+00:00,3096104.13645658
2022-05-11 23:00:00+00:00,3090617.8064658702
2022-05-12 00:00:00+00:00,3092411.8273444
2022-05-12 01:00:00+00:00,3092818.44511157
2022-05-12 02:00:00+00:00,3092647.54982881
2022-05-12 03:00:00+00:00,3090897.00921549
2022-05-12 04:00:00+00:00,3087015.84545285
2022-05-12 05:00:00+00:00,3082772.97787365
2022-05-12 06:00:00+00:00,3085283.87071448
2022-05-12 07:00:00+00:00,3089810.0558711
2022-05-12 08:00:00+00:00,3090679.9415412103
2022-05-12 09:00:00+00:00,3090638.52281447
2022-05-12 10:00:00+00:00,3084710.5791189303
2022-05-12 11:00:00+00:00,3084414.22747763
2022-05-12 12:00:00+00:00,3094535.5946751903
2022-05-12 13:00:00+00:00,3093673.27236508
2022-05-12 14:00:00+00:00,3097646.12313412
2022-05-12 15:00:00+00:00,3099866.09336149
2022-05-12 16:00:00+00:00,3106669.1666452503
2022-05-12 17:00:00+00:00,3107718.32744174
2022-05-12 18:00:00+00:00,3106601.42555041
2022-05-12 19:00:00+00:00,3105032.98691732
2022-05-12 20:00:00+00:00,3110176.52842541
2022-05-12 21:00:00+00:00,3111484.46770967
2022-05-12 22:00:00+00:00,3113425.73357063
2022-05-12 23:00:00+00:00,3114294.78407604
2022-05-13 00:00:00+00:00,3114418.22258258
2022-05-13 01:00:00+00:00,3115846.7022169703
2022-05-13 02:00:00+00:00,3116002.20677518
2022-05-13 03:00:00+00:00,3116268.08247962
2022-05-13 04:00:00+00:00,3115474.64264365
2022-05-13 05:00:00+00:00,3117137.09204087
2022-05-13 06:00:00+00:00,3116017.8712135903
2022-05-13 07:00:00+00:00,3115900.11485725
2022-05-13 08:00:00+00:00,3115324.30720524
2022-05-13 09:00:00+00:00,3110191.43696297
2022-05-13 10:00:00+00:00,3108783.34592894
2022-05-13 11:00:00+00:00,3109631.09154037
2022-05-13 12:00:00+00:00,3115567.21273798
2022-05-13 13:00:00+00:00,3115270.03354405
2022-05-13 14:00:00+00:00,3115442.94540556
2022-05-13 15:00:00+00:00,3116663.78998667
2022-05-13 16:00:00+00:00,3119193.68391051
2022-05-13 17:00:00+00:00,3118568.39726672
2022-05-13 18:00:00+00:00,3117753.94201582
2022-05-13 19:00:00+00:00,3116796.29032129
2022-05-13 20:00:00+00:00,3114141.26115085
2022-05-13 21:00:00+00:00,3107465.70434329
2022-05-13 22:00:00+00:00,3107658.17760628
2022-05-13 23:00:00+00:00,3108216.7136369
2022-05-14 00:00:00+00:00,3109228.03072169
2022-05-14 01:00:00+00:00,3106808.49160445
2022-05-14 02:00:00+00:00,3106805.4606
2022-05-14 03:00:00+00:00,3106914.28858179
2022-05-14 04:00:00+00:00,3107010.89992924
2022-05-14 05:00:00+00:00,3107534.30375682
2022-05-14 06:00:00+00:00,3106409.68189375
2022-05-14 07:00:00+00:00,3106294.16114696
2022-05-14 08:00:00+00:00,3106316.28173409
2022-05-14 09:00:00+00:00,3133610.34213736
2022-05-14 10:00:00+00:00,3134109.42777469
2022-05-14 11:00:00+00:00,3133197.53462571
2022-05-14 12:00:00+00:00,3133159.4752039
2022-05-14 13:00:00+00:00,3134561.69434734
2022-05-14 14:00:00+00:00,3134579.6733963
2022-05-14 15:00:00+00:00,3134762.8430707
2022-05-14 16:00:00+00:00,3134767.79457718
2022-05-14 17:00:00+00:00,3133619.1390310703
2022-05-14 18:00:00+00:00,3132646.81038113
2022-05-14 19:00:00+00:00,3132592.53522656
2022-05-14 20:00:00+00:00,3132579.56183339
2022-05-14 21:00:00+00:00,3131406.19972777
2022-05-14 22:00:00+00:00,3131432.1499804
2022-05-14 23:00:00+00:00,3131343.71944016
2022-05-15 00:00:00+00:00,3130047.17300043
2022-05-15 01:00:00+00:00,3130802.80343498
2022-05-15 02:00:00+00:00,3130834.92961448
2022-05-15 03:00:00+00:00,3130476.04388503
2022-05-15 04:00:00+00:00,3129457.76505323
2022-05-15 05:00:00+00:00,3128537.1220984003
2022-05-15 06:00:00+00:00,3127965.11948041
2022-05-15 07:00:00+00:00,3128959.28312406
2022-05-15 08:00:00+00:00,3129781.61627347
2022-05-15 09:00:00+00:00,3130945.62664337
2022-05-15 10:00:00+00:00,3129813.48091813
2022-05-15 11:00:00+00:00,3129806.73107171
2022-05-15 12:00:00+00:00,3130003.60128223
2022-05-15 13:00:00+00:00,3129941.6377562
2022-05-15 14:00:00+00:00,3130021.70042844
2022-05-15 15:00:00+00:00,3129677.6547885
2022-05-15 16:00:00+00:00,3128710.58313246
2022-05-15 17:00:00+00:00,3128955.65899504
2022-05-15 18:00:00+00:00,3128938.77749892
2022-05-15 19:00:00+00:00,3128890.4823534302
2022-05-15 20:00:00+00:00,3127911.40348722
2022-05-15 21:00:00+00:00,3128094.62265616
2022-05-15 22:00:00+00:00,3128091.4836954
2022-05-15 23:00:00+00:00,3128101.44498868
2022-05-16 00:00:00+00:00,3130417.6688742302
2022-05-16 01:00:00+00:00,3130336.01010556
2022-05-16 02:00:00+00:00,3131089.3880693503
2022-05-16 03:00:00+00:00,3131460.3601658703
2022-05-16 04:00:00+00:00,3132646.47853579
2022-05-16 05:00:00+00:00,3132648.07044619
2022-05-16 06:00:00+00:00,3133221.22372887
2022-05-16 07:00:00+00:00,3133226.95595228
2022-05-16 08:00:00+00:00,3131309.53347075
2022-05-16 09:00:00+00:00,3129123.97136882
2022-05-16 10:00:00+00:00,3119316.9238228803
2022-05-16 11:00:00+00:00,3116589.11234234
2022-05-16 12:00:00+00:00,3116857.6967081903
2022-05-16 13:00:00+00:00,3116792.63579396
2022-05-16 14:00:00+00:00,3113905.26164201
2022-05-16 15:00:00+00:00,3115300.76064689
2022-05-16 16:00:00+00:00,3116679.9756701803
2022-05-16 17:00:00+00:00,3120640.65720313
2022-05-16 18:00:00+00:00,3119306.37860216
2022-05-16 19:00:00+00:00,3121178.5234504
2022-05-16 20:00:00+00:00,3132044.5098651303
2022-05-16 21:00:00+00:00,3131085.22401931
2022-05-16 22:00:00+00:00,3122589.80406988
2022-05-16 23:00:00+00:00,3123697.08492091
2022-05-17 00:00:00+00:00,3123694.73982248
2022-05-17 01:00:00+00:00,3122492.86725178
2022-05-17 02:00:00+00:00,3122571.89776411
2022-05-17 03:00:00+00:00,3123073.42914021
2022-05-17 04:00:00+00:00,3125370.90113274
2022-05-17 05:00:00+00:00,3125420.29994833
2022-05-17 06:00:00+00:00,3125671.90342482
2022-05-17 07:00:00+00:00,3125477.2457913803
2022-05-17 08:00:00+00:00,3123351.45255486
2022-05-17 09:00:00+00:00,3121551.19836121
2022-05-17 10:00:00+00:00,3125227.32594354
2022-05-17 11:00:00+00:00,3123823.89544419
2022-05-17 12:00:00+00:00,3125751.21277601
2022-05-17 13:00:00+00:00,3131274.1829640702
2022-05-17 14:00:00+00:00,3132304.2831249
2022-05-17 15:00:00+00:00,3133533.3116587503
2022-05-17 16:00:00+00:00,3126884.74781218
2022-05-17 17:00:00+00:00,3137219.27791153
2022-05-17 18:00:00+00:00,3137260.68911709
2022-05-17 19:00:00+00:00,3137533.34165633
2022-05-17 20:00:00+00:00,3144124.30439849
2022-05-17 21:00:00+00:00,3143540.80851376
2022-05-17 22:00:00+00:00,3142842.24310993
2022-05-17 23:00:00+00:00,3144516.3301577102
2022-05-18 00:00:00+00:00,3144495.39182295
2022-05-18 01:00:00+00:00,3144552.09899327
2022-05-18 02:00:00+00:00,3144347.92710966
2022-05-18 03:00:00+00:00,3144469.37761209
2022-05-18 04:00:00+00:00,3144454.5624789703
2022-05-18 05:00:00+00:00,3143933.78352211
2022-05-18 06:00:00+00:00,3141048.86541881
2022-05-18 07:00:00+00:00,3141847.2218816
2022-05-18 08:00:00+00:00,3140274.39821593
2022-05-18 09:00:00+00:00,3140396.03261416
2022-05-18 10:00:00+00:00,3139769.30115529
2022-05-18 11:00:00+00:00,3139795.44554332
2022-05-18 12:00:00+00:00,3148369.97608241
2022-05-18 13:00:00+00:00,3148110.1045275303
2022-05-18 14:00:00+00:00,3149968.6595911803
2022-05-18 15:00:00+00:00,3147391.2139406903
2022-05-18 16:00:00+00:00,3145452.8410747
2022-05-18 17:00:00+00:00,3146791.0771559603
2022-05-18 18:00:00+00:00,3146065.23735544
2022-05-18 19:00:00+00:00,3146167.1467362302
2022-05-18 20:00:00+00:00,3145174.05511179
2022-05-18 21:00:00+00:00,3144333.73787895
2022-05-18 22:00:00+00:00,3142040.9489187603
2022-05-18 23:00:00+00:00,3141501.69644097
2022-05-19 00:00:00+00:00,3137883.16230946
2022-05-19 01:00:00+00:00,3137941.54556368
2022-05-19 02:00:00+00:00,3138405.96494781
2022-05-19 03:00:00+00:00,3137421.08876295
2022-05-19 04:00:00+00:00,3138448.32666247
2022-05-19 05:00:00+00:00,3138533.05721721
2022-05-19 06:00:00+00:00,3138630.37311091
2022-05-19 07:00:00+00:00,3138616.8840468
2022-05-19 08:00:00+00:00,3138802.36958001
2022-05-19 09:00:00+00:00,3138785.27737107
2022-05-19 10:00:00+00:00,3138486.13093835
2022-05-19 11:00:00+00:00,3138596.61527697
2022-05-19 12:00:00+00:00,3140371.58021195
2022-05-19 13:00:00+00:00,3140053.97075404
2022-05-19 14:00:00+00:00,3137942.73650248
2022-05-19 15:00:00+00:00,3145254.7463453
2022-05-19 16:00:00+00:00,3149586.68381044
2022-05-19 17:00:00+00:00,3154385.15080201
2022-05-19 18:00:00+00:00,3152009.79871713
2022-05-19 19:00:00+00:00,3151300.05672342
2022-05-19 20:00:00+00:00,3151111.02082071
2022-05-19 21:00:00+00:00,3151466.4032854103
2022-05-19 22:00:00+00:00,3151694.1820294
2022-05-19 23:00:00+00:00,3150363.56163651
2022-05-20 00:00:00+00:00,3151958.64032111
2022-05-20 01:00:00+00:00,3155126.03598059
2022-05-20 02:00:00+00:00,3157435.96264232
2022-05-20 03:00:00+00:00,3157044.7501615
2022-05-20 04:00:00+00:00,3157108.69186777
2022-05-20 05:00:00+00:00,3157081.05743907
2022-05-20 06:00:00+00:00,3161534.82245697
2022-05-20 07:00:00+00:00,3157332.02456905
2022-05-20 08:00:00+00:00,3155794.1348752403
2022-05-20 09:00:00+00:00,3156275.61398737
2022-05-20 10:00:00+00:00,3154560.60428603
2022-05-20 11:00:00+00:00,3154258.5911172302
2022-05-20 12:00:00+00:00,3152579.70792989
2022-05-20 13:00:00+00:00,3151490.0178027903
2022-05-20 14:00:00+00:00,3152244.73995442
2022-05-20 15:00:00+00:00,3151041.68723825
2022-05-20 16:00:00+00:00,3152145.6383616203
2022-05-20 17:00:00+00:00,3149686.26453957
2022-05-20 18:00:00+00:00,3150058.76147328
2022-05-20 19:00:00+00:00,3152096.93112441
2022-05-20 20:00:00+00:00,3154772.51950157
2022-05-20 21:00:00+00:00,3151691.20670888
2022-05-20 22:00:00+00:00,3152540.9761317703
2022-05-20 23:00:00+00:00,3151427.05136269
2022-05-21 00:00:00+00:00,3151457.36904014
2022-05-21 01:00:00+00:00,3151640.68551454
2022-05-21 02:00:00+00:00,3151761.53353631
2022-05-21 03:00:00+00:00,3151779.41201403
2022-05-21 04:00:00+00:00,3151998.31364243
2022-05-21 05:00:00+00:00,3152118.4750943403
2022-05-21 06:00:00+00:00,3152121.42259735
2022-05-21 07:00:00+00:00,3152055.97482993
2022-05-21 08:00:00+00:00,3153322.8323911102
2022-05-21 09:00:00+00:00,3153360.17332156
2022-05-21 10:00:00+00:00,3155376.46986483
2022-05-21 11:00:00+00:00,3155479.45032854
2022-05-21 12:00:00+00:00,3155483.96974103
2022-05-21 13:00:00+00:00,3155458.89698646
2022-05-21 14:00:00+00:00,3155546.69312502
2022-05-21 15:00:00+00:00,3155535.29988542
2022-05-21 16:00:00+00:00,3153435.79803674
2022-05-21 17:00:00+00:00,3153599.20000443
2022-05-21 18:00:00+00:00,3153581.58038178
2022-05-21 19:00:00+00:00,3153586.01321753
2022-05-21 20:00:00+00:00,3154336.90958756
2022-05-21 21:00:00+00:00,3154255.22850716
2022-05-21 22:00:00+00:00,3154261.16686399
2022-05-21 23:00:00+00:00,3154181.84681627
2022-05-22 00:00:00+00:00,3151735.76016451
2022-05-22 01:00:00+00:00,3151637.1394764
2022-05-22 02:00:00+00:00,3151681.27570892
2022-05-22 03:00:00+00:00,3152910.98205936
2022-05-22 04:00:00+00:00,3152874.52736553
2022-05-22 05:00:00+00:00,3152874.52736553
2022-05-22 06:00:00+00:00,3152876.92298244
2022-05-22 07:00:00+00:00,3152879.18767001
2022-05-22 08:00:00+00:00,3153122.36452972
2022-05-22 09:00:00+00:00,3155165.56340666
2022-05-22 10:00:00+00:00,3155119.66153006
2022-05-22 11:00:00+00:00,3155165.4620988
2022-05-22 12:00:00+00:00,3154156.26095114
2022-05-22 13:00:00+00:00,3154156.26095114
2022-05-22 14:00:00+00:00,3154222.6441273103
2022-05-22 15:00:00+00:00,3154884.2008835003
2022-05-22 16:00:00+00:00,3155960.2753432
2022-05-22 17:00:00+00:00,3156045.25783265
2022-05-22 18:00:00+00:00,3155216.68535484
2022-05-22 19:00:00+00:00,3156251.7506486
2022-05-22 20:00:00+00:00,3157227.7510660603
2022-05-22 21:00:00+00:00,3157239.48997724
2022-05-22 22:00:00+00:00,3154755.40500546
2022-05-22 23:00:00+00:00,3153782.74648335
2022-05-23 00:00:00+00:00,3153842.1582624703
2022-05-23 01:00:00+00:00,3152055.7947247
2022-05-23 02:00:00+00:00,3151542.28149197
2022-05-23 03:00:00+00:00,3152298.64376248
2022-05-23 04:00:00+00:00,3151229.13864214
2022-05-23 05:00:00+00:00,3151108.0339846
2022-05-23 06:00:00+00:00,3151069.9155483902
2022-05-23 07:00:00+00:00,3151226.49107478
2022-05-23 08:00:00+00:00,3151114.39350545
2022-05-23 09:00:00+00:00,3151107.931294
2022-05-23 10:00:00+00:00,3147766.46449284
2022-05-23 11:00:00+00:00,3147993.19474073
2022-05-23 12:00:00+00:00,3147557.8592836102
2022-05-23 13:00:00+00:00,3148500.76827018
2022-05-23 14:00:00+00:00,3148329.72152372
2022-05-23 15:00:00+00:00,3148106.43636072
2022-05-23 16:00:00+00:00,3148309.80324911
2022-05-23 17:00:00+00:00,3145973.08541376
2022-05-23 18:00:00+00:00,3145946.65106524
2022-05-23 19:00:00+00:00,3144988.54382708
2022-05-23 20:00:00+00:00,3145978.14604732
2022-05-23 21:00:00+00:00,3145873.38989986
2022-05-23 22:00:00+00:00,3145163.34296821
2022-05-23 23:00:00+00:00,3144678.58619947
2022-05-24 00:00:00+00:00,3152624.41064636
2022-05-24 01:00:00+00:00,3154636.15541519
2022-05-24 02:00:00+00:00,3156757.85740913
2022-05-24 03:00:00+00:00,3156667.09960648
2022-05-24 04:00:00+00:00,3156385.88130811
2022-05-24 05:00:00+00:00,3159285.9366889503
2022-05-24 06:00:00+00:00,3159352.98176896
2022-05-24 07:00:00+00:00,3157786.4308548803
2022-05-24 08:00:00+00:00,3158202.99094712
2022-05-24 09:00:00+00:00,3156859.89833047
2022-05-24 10:00:00+00:00,3158966.49735013
2022-05-24 11:00:00+00:00,3160436.24375217
2022-05-24 12:00:00+00:00,3161122.28401239
2022-05-24 13:00:00+00:00,3161203.5404294003
2022-05-24 14:00:00+00:00,3158036.75295314
2022-05-24 15:00:00+00:00,3156121.39432404
2022-05-24 16:00:00+00:00,3151276.49512218
2022-05-24 17:00:00+00:00,3151312.47329911
2022-05-24 18:00:00+00:00,3155873.24395296
2022-05-24 19:00:00+00:00,3153400.40485311
2022-05-24 20:00:00+00:00,3153549.30751335
2022-05-24 21:00:00+00:00,3148388.47048776
2022-05-24 22:00:00+00:00,3148327.33546356
2022-05-24 23:00:00+00:00,3148568.71920295
2022-05-25 00:00:00+00:00,3148598.65479384
2022-05-25 01:00:00+00:00,3148724.52966074
2022-05-25 02:00:00+00:00,3148761.67097003
2022-05-25 03:00:00+00:00,3152639.83330744
2022-05-25 04:00:00+00:00,3151627.08890144
2022-05-25 05:00:00+00:00,3152175.36135539
2022-05-25 06:00:00+00:00,3152223.8066479103
2022-05-25 07:00:00+00:00,3151065.19650843
2022-05-25 08:00:00+00:00,3150778.45234935
2022-05-25 09:00:00+00:00,3151370.14046675
2022-05-25 10:00:00+00:00,3151370.14046675
2022-05-25 11:00:00+00:00,3149484.39545847
2022-05-25 12:00:00+00:00,3149297.1625945303
2022-05-25 13:00:00+00:00,3149655.59910376
2022-05-25 14:00:00+00:00,3150245.86646967
2022-05-25 15:00:00+00:00,3149388.1157385902
2022-05-25 16:00:00+00:00,3148966.81031272
2022-05-25 17:00:00+00:00,3148592.76819629
2022-05-25 18:00:00+00:00,3149144.55778501
2022-05-25 19:00:00+00:00,3148695.58519844
2022-05-25 20:00:00+00:00,3150859.53610281
2022-05-25 21:00:00+00:00,3151295.66894348
2022-05-25 22:00:00+00:00,3150445.59608054
2022-05-25 23:00:00+00:00,3150075.53973358
2022-05-26 00:00:00+00:00,3150116.74571726
2022-05-26 01:00:00+00:00,3150060.88392587
2022-05-26 02:00:00+00:00,3148870.4728170102
2022-05-26 03:00:00+00:00,3148913.1824308
2022-05-26 04:00:00+00:00,3149948.39607487
2022-05-26 05:00:00+00:00,3150686.45946885
2022-05-26 06:00:00+00:00,3151469.0908811903
2022-05-26 07:00:00+00:00,3149509.53627678
2022-05-26 08:00:00+00:00,3148826.73483044
2022-05-26 09:00:00+00:00,3149229.70161685
2022-05-26 10:00:00+00:00,3149161.6042078403
2022-05-26 11:00:00+00:00,3149111.3550323
2022-05-26 12:00:00+00:00,3149470.74397045
2022-05-26 13:00:00+00:00,3152252.26902925
2022-05-26 14:00:00+00:00,3150744.49111361
2022-05-26 15:00:00+00:00,3149997.22430644
2022-05-26 16:00:00+00:00,3150467.54581212
2022-05-26 17:00:00+00:00,3149524.49712396
2022-05-26 18:00:00+00:00,3149203.9796209303
2022-05-26 19:00:00+00:00,3149767.36727468
2022-05-26 20:00:00+00:00,3150679.68087176
2022-05-26 21:00:00+00:00,3148084.00670724
2022-05-26 22:00:00+00:00,3149514.72557808
2022-05-26 23:00:00+00:00,3147751.733013
2022-05-27 00:00:00+00:00,3148038.03278296
2022-05-27 01:00:00+00:00,3149158.20395284
2022-05-27 02:00:00+00:00,3149621.10138244
2022-05-27 03:00:00+00:00,3149379.25196685
2022-05-27 04:00:00+00:00,3149323.90983479
2022-05-27 05:00:00+00:00,3151009.76100438
2022-05-27 06:00:00+00:00,3151117.3107840503
2022-05-27 07:00:00+00:00,3149564.1689213603
2022-05-27 08:00:00+00:00,3149099.75246187
2022-05-27 09:00:00+00:00,3149192.51066308
2022-05-27 10:00:00+00:00,3149385.05159435
2022-05-27 11:00:00+00:00,3148727.97200307
2022-05-27 12:00:00+00:00,3148168.90515683
2022-05-27 13:00:00+00:00,3146937.08222831
2022-05-27 14:00:00+00:00,3145290.64840814
2022-05-27 15:00:00+00:00,3146760.9992705
2022-05-27 16:00:00+00:00,3146300.1365432
2022-05-27 17:00:00+00:00,3147412.16777866
2022-05-27 18:00:00+00:00,3146563.48049829
2022-05-27 19:00:00+00:00,3146691.31318306
2022-05-27 20:00:00+00:00,3146416.54172714
2022-05-27 21:00:00+00:00,3147464.04994442
2022-05-27 22:00:00+00:00,3147824.65843743
2022-05-27 23:00:00+00:00,3146529.9555179
2022-05-28 00:00:00+00:00,3145998.29171596
2022-05-28 01:00:00+00:00,3147289.15209022
2022-05-28 02:00:00+00:00,3147289.15209022
2022-05-28 03:00:00+00:00,3147580.27944994
2022-05-28 04:00:00+00:00,3147583.08448306
2022-05-28 05:00:00+00:00,3146847.70419157
2022-05-28 06:00:00+00:00,3146871.47680974
2022-05-28 07:00:00+00:00,3146883.34087956
2022-05-28 08:00:00+00:00,3146837.34835297
2022-05-28 09:00:00+00:00,3148662.58962729
2022-05-28 10:00:00+00:00,3148532.01544472
2022-05-28 11:00:00+00:00,3148614.81680019
2022-05-28 12:00:00+00:00,3148602.9802792
2022-05-28 13:00:00+00:00,3148565.2415586603
2022-05-28 14:00:00+00:00,3149762.55346
2022-05-28 15:00:00+00:00,3149960.74815068
2022-05-28 16:00:00+00:00,3150023.30554984
2022-05-28 17:00:00+00:00,3149807.61347047
2022-05-28 18:00:00+00:00,3149844.10782455
2022-05-28 19:00:00+00:00,3149885.11310135
2022-05-28 20:00:00+00:00,3149896.52166562
2022-05-28 21:00:00+00:00,3149887.43618958
2022-05-28 22:00:00+00:00,3149887.53464508
2022-05-28 23:00:00+00:00,3149956.69551385
2022-05-29 00:00:00+00:00,3147634.3744175
2022-05-29 01:00:00+00:00,3144739.3318734
2022-05-29 02:00:00+00:00,3145953.20016209
2022-05-29 03:00:00+00:00,3146103.9611027
2022-05-29 04:00:00+00:00,3146264.4534693803
2022-05-29 05:00:00+00:00,3146320.11938824
2022-05-29 06:00:00+00:00,3146386.56003221
2022-05-29 07:00:00+00:00,3146529.06978652
2022-05-29 08:00:00+00:00,3146667.7967088
2022-05-29 09:00:00+00:00,3146347.4404188
2022-05-29 10:00:00+00:00,3146334.2923722
2022-05-29 11:00:00+00:00,3147408.31940846
2022-05-29 12:00:00+00:00,3148318.42481551
2022-05-29 13:00:00+00:00,3148218.68576041
2022-05-29 14:00:00+00:00,3147589.35278443
2022-05-29 15:00:00+00:00,3147569.86990936
2022-05-29 16:00:00+00:00,3147127.77902454
2022-05-29 17:00:00+00:00,3147130.94140463
2022-05-29 18:00:00+00:00,3147137.36128797
2022-05-29 19:00:00+00:00,3147118.8674607603
2022-05-29 20:00:00+00:00,3147107.25221295
2022-05-29 21:00:00+00:00,3146499.52897522
2022-05-29 22:00:00+00:00,3146634.95983442
2022-05-29 23:00:00+00:00,3146647.34061865
2022-05-30 00:00:00+00:00,3146635.4848859003
2022-05-30 01:00:00+00:00,3146889.25456149
2022-05-30 02:00:00+00:00,3145055.19083855
2022-05-30 03:00:00+00:00,3145314.16105142
2022-05-30 04:00:00+00:00,3145667.78949971
2022-05-30 05:00:00+00:00,3145684.77519457
2022-05-30 06:00:00+00:00,3145940.0922818203
2022-05-30 07:00:00+00:00,3147570.95447315
2022-05-30 08:00:00+00:00,3144211.4168542502
2022-05-30 09:00:00+00:00,3142154.4217755003
2022-05-30 10:00:00+00:00,3142070.6727427
2022-05-30 11:00:00+00:00,3142037.02521556
2022-05-30 12:00:00+00:00,3140918.7030650303
2022-05-30 13:00:00+00:00,3141303.84784422
2022-05-30 14:00:00+00:00,3141420.77022174
2022-05-30 15:00:00+00:00,3141431.87738265
2022-05-30 16:00:00+00:00,3141404.1843446
2022-05-30 17:00:00+00:00,3141079.18675103
2022-05-30 18:00:00+00:00,3141155.27134676
2022-05-30 19:00:00+00:00,3140997.27378281
2022-05-30 20:00:00+00:00,3141182.04891488
2022-05-30 21:00:00+00:00,3141109.3670536
2022-05-30 22:00:00+00:00,3141201.74880591
2022-05-30 23:00:00+00:00,3141199.95389676
2022-05-31 00:00:00+00:00,3140784.39571612
2022-05-31 01:00:00+00:00,3138749.03937598
2022-05-31 02:00:00+00:00,3137737.44957162
2022-05-31 03:00:00+00:00,3138526.27558473
2022-05-31 04:00:00+00:00,3137483.61722987
2022-05-31 05:00:00+00:00,3138903.1956842
2022-05-31 06:00:00+00:00,3137964.67416332
2022-05-31 07:00:00+00:00,3138032.08744374
2022-05-31 08:00:00+00:00,3137248.61525121
2022-05-31 09:00:00+00:00,3137763.2800532
2022-05-31 10:00:00+00:00,3136663.25717607
2022-05-31 11:00:00+00:00,3135911.60062997
2022-05-31 12:00:00+00:00,3135884.5961171603
2022-05-31 13:00:00+00:00,3137130.87321037
2022-05-31 14:00:00+00:00,3136283.32705086
2022-05-31 15:00:00+00:00,3136573.31803033
2022-05-31 16:00:00+00:00,3134731.46661345
2022-05-31 17:00:00+00:00,3132537.62370593
2022-05-31 18:00:00+00:00,3124390.64375934
2022-05-31 19:00:00+00:00,3126600.12423436
2022-05-31 20:00:00+00:00,3126841.38950594
2022-05-31 21:00:00+00:00,3123768.13314677
2022-05-31 22:00:00+00:00,3121225.19063014
2022-05-31 23:00:00+00:00,3123239.95241635
2022-06-01 00:00:00+00:00,3118580.23860133
2022-06-01 01:00:00+00:00,3121214.7958773603
2022-06-01 02:00:00+00:00,3122006.06251577
2022-06-01 03:00:00+00:00,3123066.48999729
2022-06-01 04:00:00+00:00,3123281.15495079
2022-06-01 05:00:00+00:00,3123675.33348501
2022-06-01 06:00:00+00:00,3123795.42748903
2022-06-01 07:00:00+00:00,3125140.72332987
2022-06-01 08:00:00+00:00,3125197.52771889
2022-06-01 09:00:00+00:00,3123954.54884096
2022-06-01 10:00:00+00:00,3125370.68731672
2022-06-01 11:00:00+00:00,3126529.42093689
2022-06-01 12:00:00+00:00,3127691.7083966
2022-06-01 13:00:00+00:00,3127879.5154567403
2022-06-01 14:00:00+00:00,3126887.26299536
2022-06-01 15:00:00+00:00,3125750.57148133
2022-06-01 16:00:00+00:00,3121427.2224812303
2022-06-01 17:00:00+00:00,3119057.12859006
2022-06-01 18:00:00+00:00,3120088.6139622
2022-06-01 19:00:00+00:00,3124194.60044003
2022-06-01 20:00:00+00:00,3125362.18127279
2022-06-01 21:00:00+00:00,3125864.68250994
2022-06-01 22:00:00+00:00,3125741.24879455
2022-06-01 23:00:00+00:00,3123515.49520503
2022-06-02 00:00:00+00:00,3123830.38901668
2022-06-02 01:00:00+00:00,3124505.35691237
2022-06-02 02:00:00+00:00,3122567.124961
2022-06-02 03:00:00+00:00,3123706.8725233
2022-06-02 04:00:00+00:00,3124348.17144193
2022-06-02 05:00:00+00:00,3123758.59191866
2022-06-02 06:00:00+00:00,3123230.67388959
2022-06-02 07:00:00+00:00,3123052.1074229903
2022-06-02 08:00:00+00:00,3123184.7360567
2022-06-02 09:00:00+00:00,3123995.4978086
2022-06-02 10:00:00+00:00,3123204.09046773
2022-06-02 11:00:00+00:00,3123177.6920532
2022-06-02 12:00:00+00:00,3123411.20185206
2022-06-02 13:00:00+00:00,3122909.6449501403
2022-06-02 14:00:00+00:00,3123371.69877359
2022-06-02 15:00:00+00:00,3124579.47256524
2022-06-02 16:00:00+00:00,3125714.62485917
2022-06-02 17:00:00+00:00,3128958.78453562
2022-06-02 18:00:00+00:00,3130229.37069214
2022-06-02 19:00:00+00:00,3130346.92895367
2022-06-02 20:00:00+00:00,3130217.27670806
2022-06-02 21:00:00+00:00,3131107.17730546
2022-06-02 22:00:00+00:00,3120869.99723009
2022-06-02 23:00:00+00:00,3120411.84640631
2022-06-03 00:00:00+00:00,3120997.30979221
2022-06-03 01:00:00+00:00,3119937.23360203
2022-06-03 02:00:00+00:00,3120270.71798708
2022-06-03 03:00:00+00:00,3122219.63560692
2022-06-03 04:00:00+00:00,3121683.51189133
2022-06-03 05:00:00+00:00,3119932.38111318
2022-06-03 06:00:00+00:00,3118629.07747914
2022-06-03 07:00:00+00:00,3120102.80461223
2022-06-03 08:00:00+00:00,3119223.71811248
2022-06-03 09:00:00+00:00,3119437.87741729
2022-06-03 10:00:00+00:00,3119879.93055661
2022-06-03 11:00:00+00:00,3120689.46129874
2022-06-03 12:00:00+00:00,3119283.47336754
2022-06-03 13:00:00+00:00,3113988.84271748
2022-06-03 14:00:00+00:00,3113807.29261737
2022-06-03 15:00:00+00:00,3112152.53541234
2022-06-03 16:00:00+00:00,3111249.03678013
2022-06-03 17:00:00+00:00,3111385.92265052
2022-06-03 18:00:00+00:00,3111576.07709774
2022-06-03 19:00:00+00:00,3111689.7581077702
2022-06-03 20:00:00+00:00,3111732.47984966
2022-06-03 21:00:00+00:00,3118271.2859165003
2022-06-03 22:00:00+00:00,3118412.48488922
2022-06-03 23:00:00+00:00,3119950.41916609
2022-06-04 00:00:00+00:00,3119954.19793717
2022-06-04 01:00:00+00:00,3121481.4891925203
2022-06-04 02:00:00+00:00,3121438.88395355
2022-06-04 03:00:00+00:00,3119454.3257666
2022-06-04 04:00:00+00:00,3119421.83239156
2022-06-04 05:00:00+00:00,3118332.97462445
2022-06-04 06:00:00+00:00,3118338.8771411
2022-06-04 07:00:00+00:00,3118185.11388818
2022-06-04 08:00:00+00:00,3118193.0006185803
2022-06-04 09:00:00+00:00,3120049.4997238102
2022-06-04 10:00:00+00:00,3120234.44708329
2022-06-04 11:00:00+00:00,3120529.688247
2022-06-04 12:00:00+00:00,3119543.99046052
2022-06-04 13:00:00+00:00,3114565.9919111603
2022-06-04 14:00:00+00:00,3114600.2836141903
2022-06-04 15:00:00+00:00,3114536.00481862
2022-06-04 16:00:00+00:00,3111001.68531601
2022-06-04 17:00:00+00:00,3112404.19745665
2022-06-04 18:00:00+00:00,3112500.87206341
2022-06-04 19:00:00+00:00,3112493.34543947
2022-06-04 20:00:00+00:00,3112487.2835052
2022-06-04 21:00:00+00:00,3112808.96905174
2022-06-04 22:00:00+00:00,3112967.57524647
2022-06-04 23:00:00+00:00,3112967.34434967
2022-06-05 00:00:00+00:00,3112825.4097220902
2022-06-05 01:00:00+00:00,3112651.47320922
2022-06-05 02:00:00+00:00,3112700.48277692
2022-06-05 03:00:00+00:00,3112727.5416382803
2022-06-05 04:00:00+00:00,3112754.2157474803
2022-06-05 05:00:00+00:00,3112763.12021796
2022-06-05 06:00:00+00:00,3112776.6205476
2022-06-05 07:00:00+00:00,3112810.66113547
2022-06-05 08:00:00+00:00,3112842.45869
2022-06-05 09:00:00+00:00,3112966.88573122
2022-06-05 10:00:00+00:00,3112963.12555299
2022-06-05 11:00:00+00:00,3113105.69515615
2022-06-05 12:00:00+00:00,3113019.85704433
2022-06-05 13:00:00+00:00,3113033.3074132903
2022-06-05 14:00:00+00:00,3113053.9829189
2022-06-05 15:00:00+00:00,3113026.57062278
2022-06-05 16:00:00+00:00,3112626.62073411
2022-06-05 17:00:00+00:00,3112773.54531924
2022-06-05 18:00:00+00:00,3112361.19872316
2022-06-05 19:00:00+00:00,3112324.89720548
2022-06-05 20:00:00+00:00,3111960.32085915
2022-06-05 21:00:00+00:00,3111816.64108587
2022-06-05 22:00:00+00:00,3111662.31454207
2022-06-05 23:00:00+00:00,3111754.79640067
2022-06-06 00:00:00+00:00,3111850.5841798503
2022-06-06 01:00:00+00:00,3111981.13116296
2022-06-06 02:00:00+00:00,3111725.5011679702
2022-06-06 03:00:00+00:00,3111429.45366348
2022-06-06 04:00:00+00:00,3110935.67184573
2022-06-06 05:00:00+00:00,3110987.54743809
2022-06-06 06:00:00+00:00,3112240.9312756
2022-06-06 07:00:00+00:00,3112454.31286974
2022-06-06 08:00:00+00:00,3110073.90164888
2022-06-06 09:00:00+00:00,3109815.82009055
2022-06-06 10:00:00+00:00,3110218.417244
2022-06-06 11:00:00+00:00,3110091.20000698
2022-06-06 12:00:00+00:00,3110122.34450708
2022-06-06 13:00:00+00:00,3111204.89424458
2022-06-06 14:00:00+00:00,3112109.20415902
2022-06-06 15:00:00+00:00,3098807.96012433
2022-06-06 16:00:00+00:00,3100460.04203794
2022-06-06 17:00:00+00:00,3101333.18804994
2022-06-06 18:00:00+00:00,3101458.4734876603
2022-06-06 19:00:00+00:00,3102453.9793536803
2022-06-06 20:00:00+00:00,3102966.80192708
2022-06-06 21:00:00+00:00,3102964.86763989
2022-06-06 22:00:00+00:00,3102244.24118391
2022-06-06 23:00:00+00:00,3101620.0456045303
2022-06-07 00:00:00+00:00,3100978.19744189
2022-06-07 01:00:00+00:00,3101697.18953901
2022-06-07 02:00:00+00:00,3100879.92408211
2022-06-07 03:00:00+00:00,3102091.9110399
2022-06-07 04:00:00+00:00,3102292.12443476
2022-06-07 05:00:00+00:00,3102553.94614826
2022-06-07 06:00:00+00:00,3103564.8585194303
2022-06-07 07:00:00+00:00,3103502.30119943
2022-06-07 08:00:00+00:00,3103565.18626295
2022-06-07 09:00:00+00:00,3103507.23804986
2022-06-07 10:00:00+00:00,3102845.74939943
2022-06-07 11:00:00+00:00,3101412.10070216
2022-06-07 12:00:00+00:00,3103422.71325984
2022-06-07 13:00:00+00:00,3103440.15272067
2022-06-07 14:00:00+00:00,3103750.01490747
2022-06-07 15:00:00+00:00,3102459.25706053
2022-06-07 16:00:00+00:00,3102670.91607341
2022-06-07 17:00:00+00:00,3101538.956675
2022-06-07 18:00:00+00:00,3101730.2652718
2022-06-07 19:00:00+00:00,3101969.46139619
2022-06-07 20:00:00+00:00,3102871.71055056
2022-06-07 21:00:00+00:00,3102871.71055056
2022-06-07 22:00:00+00:00,3102966.18980015
2022-06-07 23:00:00+00:00,3104997.03202536
2022-06-08 00:00:00+00:00,3103909.54553898
2022-06-08 01:00:00+00:00,3103716.29228628
2022-06-08 02:00:00+00:00,3103652.01093593
2022-06-08 03:00:00+00:00,3104327.25841748
2022-06-08 04:00:00+00:00,3105742.24508653
2022-06-08 05:00:00+00:00,3105833.39962151
2022-06-08 06:00:00+00:00,3105609.4934722
2022-06-08 07:00:00+00:00,3106312.11216467
2022-06-08 08:00:00+00:00,3105141.42282774
2022-06-08 09:00:00+00:00,3105137.76016796
2022-06-08 10:00:00+00:00,3105271.67694082
2022-06-08 11:00:00+00:00,3105235.04033763
2022-06-08 12:00:00+00:00,3105140.0763555
2022-06-08 13:00:00+00:00,3105140.0763555
2022-06-08 14:00:00+00:00,3100682.3824230903
2022-06-08 15:00:00+00:00,3101022.14533894
2022-06-08 16:00:00+00:00,3103442.91417641
2022-06-08 17:00:00+00:00,3103326.60292147
2022-06-08 18:00:00+00:00,3101947.2106430503
2022-06-08 19:00:00+00:00,3101600.7957571303
2022-06-08 20:00:00+00:00,3100670.3205748303
2022-06-08 21:00:00+00:00,3101788.39675807
2022-06-08 22:00:00+00:00,3099745.11094231
2022-06-08 23:00:00+00:00,3099527.92608849
2022-06-09 00:00:00+00:00,3099581.9236080702
2022-06-09 01:00:00+00:00,3099537.16678168
2022-06-09 02:00:00+00:00,3099507.63113048
2022-06-09 03:00:00+00:00,3099529.0480582803
2022-06-09 04:00:00+00:00,3099520.05143404
2022-06-09 05:00:00+00:00,3099637.60878536
2022-06-09 06:00:00+00:00,3099662.23590275
2022-06-09 07:00:00+00:00,3099267.43110429
2022-06-09 08:00:00+00:00,3099101.66763693
2022-06-09 09:00:00+00:00,3099014.40366143
2022-06-09 10:00:00+00:00,3098682.42126835
2022-06-09 11:00:00+00:00,3097960.74486172
2022-06-09 12:00:00+00:00,3098823.96855247
2022-06-09 13:00:00+00:00,3100488.38786782
2022-06-09 14:00:00+00:00,3101330.33002085
2022-06-09 15:00:00+00:00,3098441.0254651
2022-06-09 16:00:00+00:00,3098219.96878644
2022-06-09 17:00:00+00:00,3097954.4104584
2022-06-09 18:00:00+00:00,3098204.8925204403
2022-06-09 19:00:00+00:00,3098229.93806212
2022-06-09 20:00:00+00:00,3097156.80073243
2022-06-09 21:00:00+00:00,3096941.03854218
2022-06-09 22:00:00+00:00,3097087.6378324702
2022-06-09 23:00:00+00:00,3097104.07929814
2022-06-10 00:00:00+00:00,3097587.54943454
2022-06-10 01:00:00+00:00,3097734.8457293003
2022-06-10 02:00:00+00:00,3095019.49703499
2022-06-10 03:00:00+00:00,3096134.25976792
2022-06-10 04:00:00+00:00,3096153.44648873
2022-06-10 05:00:00+00:00,3095038.16178082
2022-06-10 06:00:00+00:00,3094559.43862399
2022-06-10 07:00:00+00:00,3094542.3158384003
2022-06-10 08:00:00+00:00,3094754.04579273
2022-06-10 09:00:00+00:00,3094640.23938685
2022-06-10 10:00:00+00:00,3094641.52953161
2022-06-10 11:00:00+00:00,3095930.30700045
2022-06-10 12:00:00+00:00,3096288.37741558
2022-06-10 13:00:00+00:00,3096758.83237058
2022-06-10 14:00:00+00:00,3099890.98027295
2022-06-10 15:00:00+00:00,3099890.98027295
2022-06-10 16:00:00+00:00,3092246.64494644
2022-06-10 17:00:00+00:00,3092428.53433672
2022-06-10 18:00:00+00:00,3093145.04609974
2022-06-10 19:00:00+00:00,3093388.74608946
2022-06-10 20:00:00+00:00,3098423.57957908
2022-06-10 21:00:00+00:00,3106421.374267
2022-06-10 22:00:00+00:00,3107698.27996768
2022-06-10 23:00:00+00:00,3107946.7663743
2022-06-11 00:00:00+00:00,3107949.23970787
2022-06-11 01:00:00+00:00,3107743.65928788
2022-06-11 02:00:00+00:00,3107782.57484539
2022-06-11 03:00:00+00:00,3108016.27915621
2022-06-11 04:00:00+00:00,3107953.36741548
2022-06-11 05:00:00+00:00,3107964.63784596
2022-06-11 06:00:00+00:00,3107971.96691962
2022-06-11 07:00:00+00:00,3107908.75241337
2022-06-11 08:00:00+00:00,3108015.98430655
2022-06-11 09:00:00+00:00,3108196.05230946
2022-06-11 10:00:00+00:00,3108182.03528086
2022-06-11 11:00:00+00:00,3108369.87762382
2022-06-11 12:00:00+00:00,3107584.70879194
2022-06-11 13:00:00+00:00,3108539.27123116
2022-06-11 14:00:00+00:00,3111858.00697459
2022-06-11 15:00:00+00:00,3107943.20808303
2022-06-11 16:00:00+00:00,3108207.51060603
2022-06-11 17:00:00+00:00,3107888.9768884
2022-06-11 18:00:00+00:00,3107399.25265722
2022-06-11 19:00:00+00:00,3107469.65574687
2022-06-11 20:00:00+00:00,3106579.14408077
2022-06-11 21:00:00+00:00,3106615.52666257
2022-06-11 22:00:00+00:00,3092194.89957144
2022-06-11 23:00:00+00:00,3092547.56775655
2022-06-12 00:00:00+00:00,3089476.85049861
2022-06-12 01:00:00+00:00,3089433.93982636
2022-06-12 02:00:00+00:00,3089378.15892948
2022-06-12 03:00:00+00:00,3088898.0484235003
2022-06-12 04:00:00+00:00,3089254.68215384
2022-06-12 05:00:00+00:00,3089111.2853549803
2022-06-12 06:00:00+00:00,3088854.2286184803
2022-06-12 07:00:00+00:00,3088846.986963
2022-06-12 08:00:00+00:00,3088867.92100781
2022-06-12 09:00:00+00:00,3089265.51144718
2022-06-12 10:00:00+00:00,3087572.25334185
2022-06-12 11:00:00+00:00,3087885.86273014
2022-06-12 12:00:00+00:00,3087294.07754131
2022-06-12 13:00:00+00:00,3087144.9771218603
2022-06-12 14:00:00+00:00,3088630.84944432
2022-06-12 15:00:00+00:00,3087323.06745963
2022-06-12 16:00:00+00:00,3090944.0613581003
2022-06-12 17:00:00+00:00,3090396.7160727503
2022-06-12 18:00:00+00:00,3090219.72646655
2022-06-12 19:00:00+00:00,3087139.92435246
2022-06-12 20:00:00+00:00,3090531.46383411
2022-06-12 21:00:00+00:00,3087303.5913277
2022-06-12 22:00:00+00:00,3084449.89272105
2022-06-12 23:00:00+00:00,3084701.39524225
2022-06-13 00:00:00+00:00,3081956.18823805
2022-06-13 01:00:00+00:00,3082637.15789163
2022-06-13 02:00:00+00:00,3082637.15789163
2022-06-13 03:00:00+00:00,3086556.18245669
2022-06-13 04:00:00+00:00,3096799.07672225
2022-06-13 05:00:00+00:00,3086648.58492277
2022-06-13 06:00:00+00:00,3086220.2156275
2022-06-13 07:00:00+00:00,3086526.44493128
2022-06-13 08:00:00+00:00,3096765.93941036
2022-06-13 09:00:00+00:00,3102908.41147925
2022-06-13 10:00:00+00:00,3103191.53130747
2022-06-13 11:00:00+00:00,3102976.15360132
2022-06-13 12:00:00+00:00,3111765.2025656
2022-06-13 13:00:00+00:00,3109417.4978126
2022-06-13 14:00:00+00:00,3100533.3402293
2022-06-13 15:00:00+00:00,3101691.42837904
2022-06-13 16:00:00+00:00,3112261.74533895
2022-06-13 17:00:00+00:00,3092943.17065135
2022-06-13 18:00:00+00:00,3093360.89712339
2022-06-13 19:00:00+00:00,3090838.25693135
2022-06-13 20:00:00+00:00,3104123.70013621
2022-06-13 21:00:00+00:00,3100608.93526832
2022-06-13 22:00:00+00:00,3102069.00478821
2022-06-13 23:00:00+00:00,3092622.50906858
2022-06-14 00:00:00+00:00,3088096.71421406
2022-06-14 01:00:00+00:00,3088728.49768695
2022-06-14 02:00:00+00:00,3071683.91113723
2022-06-14 03:00:00+00:00,3070791.59096576
2022-06-14 04:00:00+00:00,3074491.3801799603
2022-06-14 05:00:00+00:00,3074720.9591357303
2022-06-14 06:00:00+00:00,3073975.15386655
2022-06-14 07:00:00+00:00,3072403.30515596
2022-06-14 08:00:00+00:00,3073582.20139406
2022-06-14 09:00:00+00:00,3074375.90239303
2022-06-14 10:00:00+00:00,3074238.76667372
2022-06-14 11:00:00+00:00,3075770.67131729
2022-06-14 12:00:00+00:00,3081183.30709607
2022-06-14 13:00:00+00:00,3077083.60435183
2022-06-14 14:00:00+00:00,3076028.12892701
2022-06-14 15:00:00+00:00,3075428.34982487
2022-06-14 16:00:00+00:00,3076651.41486654
2022-06-14 17:00:00+00:00,3077862.35773789
2022-06-14 18:00:00+00:00,3076603.25224728
2022-06-14 19:00:00+00:00,3068459.95403997
2022-06-14 20:00:00+00:00,3065491.87260443
2022-06-14 21:00:00+00:00,3066814.59500983
2022-06-14 22:00:00+00:00,3077030.40742227
2022-06-14 23:00:00+00:00,3066933.57885531
2022-06-15 00:00:00+00:00,3065910.61781879
2022-06-15 01:00:00+00:00,3069157.9865038902
2022-06-15 02:00:00+00:00,3070655.87152499
2022-06-15 03:00:00+00:00,3070718.13346649
2022-06-15 04:00:00+00:00,3070683.22924092
2022-06-15 05:00:00+00:00,3069754.88060356
2022-06-15 06:00:00+00:00,3071681.4362315102
2022-06-15 07:00:00+00:00,3073123.2810756
2022-06-15 08:00:00+00:00,3076531.9727600003
2022-06-15 09:00:00+00:00,3070418.15287455
2022-06-15 10:00:00+00:00,3056073.89915562
2022-06-15 11:00:00+00:00,3055783.19111253
2022-06-15 12:00:00+00:00,3057326.90841677
2022-06-15 13:00:00+00:00,3060790.14299538
2022-06-15 14:00:00+00:00,3073039.83860996
2022-06-15 15:00:00+00:00,3075034.98987565
2022-06-15 16:00:00+00:00,3078632.55926218
2022-06-15 17:00:00+00:00,3082220.90436467
2022-06-15 18:00:00+00:00,3082897.94118168
2022-06-15 19:00:00+00:00,3077023.19082764
2022-06-15 20:00:00+00:00,3076513.70143431
2022-06-15 21:00:00+00:00,3075724.38021742
2022-06-15 22:00:00+00:00,3070291.67358434
2022-06-15 23:00:00+00:00,3069635.02242444
2022-06-16 00:00:00+00:00,3063001.52231544
2022-06-16 01:00:00+00:00,3053341.43934088
2022-06-16 02:00:00+00:00,3056559.35572508
2022-06-16 03:00:00+00:00,3057940.55866181
2022-06-16 04:00:00+00:00,3059433.8270446
2022-06-16 05:00:00+00:00,3058075.55718469
2022-06-16 06:00:00+00:00,3058319.1876882003
2022-06-16 07:00:00+00:00,3068467.39015494
2022-06-16 08:00:00+00:00,3068916.82000923
2022-06-16 09:00:00+00:00,3074002.4098842
2022-06-16 10:00:00+00:00,3070975.22054108
2022-06-16 11:00:00+00:00,3070975.22054108
2022-06-16 12:00:00+00:00,3072689.33947871
2022-06-16 13:00:00+00:00,3072961.7464118702
2022-06-16 14:00:00+00:00,3081690.97994436
2022-06-16 15:00:00+00:00,3079713.23093367
2022-06-16 16:00:00+00:00,3085940.50423162
2022-06-16 17:00:00+00:00,3090277.86400282
2022-06-16 18:00:00+00:00,3092544.59681189
2022-06-16 19:00:00+00:00,3096858.85646125
2022-06-16 20:00:00+00:00,3091503.28830742
2022-06-16 21:00:00+00:00,3080434.43014839
2022-06-16 22:00:00+00:00,3095258.8258335
2022-06-16 23:00:00+00:00,3084320.99961618
2022-06-17 00:00:00+00:00,3091282.72255985
2022-06-17 01:00:00+00:00,3091178.22826403
2022-06-17 02:00:00+00:00,3087903.28775969
2022-06-17 03:00:00+00:00,3089838.35865278
2022-06-17 04:00:00+00:00,3089879.58906789
2022-06-17 05:00:00+00:00,3090112.78026185
2022-06-17 06:00:00+00:00,3089994.4921237603
2022-06-17 07:00:00+00:00,3085592.6104581403
2022-06-17 08:00:00+00:00,3086522.0871344903
2022-06-17 09:00:00+00:00,3089042.4271958503
2022-06-17 10:00:00+00:00,3100843.9812995503
2022-06-17 11:00:00+00:00,3130696.54458478
2022-06-17 12:00:00+00:00,3129114.27702981
2022-06-17 13:00:00+00:00,3128123.76029482
2022-06-17 14:00:00+00:00,3130431.95068343
2022-06-17 15:00:00+00:00,3138182.91857776
2022-06-17 16:00:00+00:00,3138748.48719845
2022-06-17 17:00:00+00:00,3140163.8643606203
2022-06-17 18:00:00+00:00,3136524.5431629303
2022-06-17 19:00:00+00:00,3136405.78610255
2022-06-17 20:00:00+00:00,3138345.0049796803
2022-06-17 21:00:00+00:00,3146577.38974902
2022-06-17 22:00:00+00:00,3144380.70111323
2022-06-17 23:00:00+00:00,3142505.44244901
2022-06-18 00:00:00+00:00,3131561.07988336
2022-06-18 01:00:00+00:00,3134129.34696234
2022-06-18 02:00:00+00:00,3140697.92854926
2022-06-18 03:00:00+00:00,3138620.89967282
2022-06-18 04:00:00+00:00,3138591.5285776
2022-06-18 05:00:00+00:00,3138557.11396654
2022-06-18 06:00:00+00:00,3139444.43277102
2022-06-18 07:00:00+00:00,3137511.45638612
2022-06-18 08:00:00+00:00,3138522.42033782
2022-06-18 09:00:00+00:00,3139872.86560213
2022-06-18 10:00:00+00:00,3139628.2805815903
2022-06-18 11:00:00+00:00,3139724.09322342
2022-06-18 12:00:00+00:00,3140097.00987649
2022-06-18 13:00:00+00:00,3140745.78576974
2022-06-18 14:00:00+00:00,3139903.05343092
2022-06-18 15:00:00+00:00,3142402.72930795
2022-06-18 16:00:00+00:00,3140846.69603051
2022-06-18 17:00:00+00:00,3132648.3719897303
2022-06-18 18:00:00+00:00,3130830.71986994
2022-06-18 19:00:00+00:00,3113928.01229258
2022-06-18 20:00:00+00:00,3119489.48033776
2022-06-18 21:00:00+00:00,3119227.89069473
2022-06-18 22:00:00+00:00,3118402.647096
2022-06-18 23:00:00+00:00,3121844.72619682
2022-06-19 00:00:00+00:00,3119259.53207038
2022-06-19 01:00:00+00:00,3119641.82686736
2022-06-19 02:00:00+00:00,3119549.52065605
2022-06-19 03:00:00+00:00,3120406.00834614
2022-06-19 04:00:00+00:00,3119807.59606215
2022-06-19 05:00:00+00:00,3109590.05472852
2022-06-19 06:00:00+00:00,3108848.19631249
2022-06-19 07:00:00+00:00,3109256.34770885
2022-06-19 08:00:00+00:00,3113626.34246451
2022-06-19 09:00:00+00:00,3116951.79127313
2022-06-19 10:00:00+00:00,3115390.9172697403
2022-06-19 11:00:00+00:00,3118318.41030324
2022-06-19 12:00:00+00:00,3117810.86653133
2022-06-19 13:00:00+00:00,3115567.42606851
2022-06-19 14:00:00+00:00,3115032.8290879
2022-06-19 15:00:00+00:00,3115126.61863737
2022-06-19 16:00:00+00:00,3119261.5096667903
2022-06-19 17:00:00+00:00,3120174.62504681
2022-06-19 18:00:00+00:00,3120117.94983279
2022-06-19 19:00:00+00:00,3120223.45175805
2022-06-19 20:00:00+00:00,3118533.06310959
2022-06-19 21:00:00+00:00,3118436.20558243
2022-06-19 22:00:00+00:00,3118469.10830756
2022-06-19 23:00:00+00:00,3119594.6517698
2022-06-20 00:00:00+00:00,3118473.51465794
2022-06-20 01:00:00+00:00,3118668.98271911
2022-06-20 02:00:00+00:00,3118370.50487862
2022-06-20 03:00:00+00:00,3118767.61964435
2022-06-20 04:00:00+00:00,3130352.95379928
2022-06-20 05:00:00+00:00,3130587.0012379303
2022-06-20 06:00:00+00:00,3125230.2726244302
2022-06-20 07:00:00+00:00,3125756.01083113
2022-06-20 08:00:00+00:00,3126196.28411657
2022-06-20 09:00:00+00:00,3124927.82342055
2022-06-20 10:00:00+00:00,3128533.3743617
2022-06-20 11:00:00+00:00,3127884.65996574
2022-06-20 12:00:00+00:00,3129473.56744153
2022-06-20 13:00:00+00:00,3137322.83919379
2022-06-20 14:00:00+00:00,3135062.1705098
2022-06-20 15:00:00+00:00,3134751.36063115
2022-06-20 16:00:00+00:00,3136747.92007485
2022-06-20 17:00:00+00:00,3138095.11571979
2022-06-20 18:00:00+00:00,3136463.9997377703
2022-06-20 19:00:00+00:00,3136646.7672047103
2022-06-20 20:00:00+00:00,3137427.7488614
2022-06-20 21:00:00+00:00,3137728.51534573
2022-06-20 22:00:00+00:00,3138941.4842791
2022-06-20 23:00:00+00:00,3138834.0757106
2022-06-21 00:00:00+00:00,3138366.81572619
2022-06-21 01:00:00+00:00,3139055.68715074
2022-06-21 02:00:00+00:00,3137908.79744421
2022-06-21 03:00:00+00:00,3139047.90648196
2022-06-21 04:00:00+00:00,3139137.36700246
2022-06-21 05:00:00+00:00,3138008.68621552
2022-06-21 06:00:00+00:00,3138516.12556118
2022-06-21 07:00:00+00:00,3138416.363428
2022-06-21 08:00:00+00:00,3132773.02762925
2022-06-21 09:00:00+00:00,3118812.21831224
2022-06-21 10:00:00+00:00,3119188.7864402
2022-06-21 11:00:00+00:00,3121272.71267443
2022-06-21 12:00:00+00:00,3124344.50910437
2022-06-21 13:00:00+00:00,3124901.60753074
2022-06-21 14:00:00+00:00,3120721.38814136
2022-06-21 15:00:00+00:00,3118551.3985971003
2022-06-21 16:00:00+00:00,3117535.17182539
2022-06-21 17:00:00+00:00,3114681.37332066
2022-06-21 18:00:00+00:00,3109958.38851377
2022-06-21 19:00:00+00:00,3112502.3001366
2022-06-21 20:00:00+00:00,3103908.42769449
2022-06-21 21:00:00+00:00,3103310.4025369403
2022-06-21 22:00:00+00:00,3101378.44772834
2022-06-21 23:00:00+00:00,3103657.3461496
2022-06-22 00:00:00+00:00,3103608.18214362
2022-06-22 01:00:00+00:00,3105106.49665023
2022-06-22 02:00:00+00:00,3108149.9225416
2022-06-22 03:00:00+00:00,3109741.42124533
2022-06-22 04:00:00+00:00,3111140.28790031
2022-06-22 05:00:00+00:00,3111564.6057024403
2022-06-22 06:00:00+00:00,3107477.14236178
2022-06-22 07:00:00+00:00,3108175.5569668403
2022-06-22 08:00:00+00:00,3108267.94939443
2022-06-22 09:00:00+00:00,3107351.12426981
2022-06-22 10:00:00+00:00,3107458.0586847
2022-06-22 11:00:00+00:00,3107879.7687482
2022-06-22 12:00:00+00:00,3108645.84064947
2022-06-22 13:00:00+00:00,3108607.40425201
2022-06-22 14:00:00+00:00,3106891.65384066
2022-06-22 15:00:00+00:00,3107343.6387910102
2022-06-22 16:00:00+00:00,3107294.62131865
2022-06-22 17:00:00+00:00,3108368.53153064
2022-06-22 18:00:00+00:00,3116089.41863481
2022-06-22 19:00:00+00:00,3126125.48802805
2022-06-22 20:00:00+00:00,3125810.2468838203
2022-06-22 21:00:00+00:00,3125141.99140674
2022-06-22 22:00:00+00:00,3125022.16104228
2022-06-22 23:00:00+00:00,3123671.4916158603
2022-06-23 00:00:00+00:00,3123927.94178172
2022-06-23 01:00:00+00:00,3122875.36926271
2022-06-23 02:00:00+00:00,3112811.92746729
2022-06-23 03:00:00+00:00,3112726.60067764
2022-06-23 04:00:00+00:00,3112643.30816695
2022-06-23 05:00:00+00:00,3113271.56971301
2022-06-23 06:00:00+00:00,3114245.09572418
2022-06-23 07:00:00+00:00,3112715.79750106
2022-06-23 08:00:00+00:00,3112757.04363936
2022-06-23 09:00:00+00:00,3113051.89457568
2022-06-23 10:00:00+00:00,3111585.09081825
2022-06-23 11:00:00+00:00,3112099.31248056
2022-06-23 12:00:00+00:00,3111503.40431415
2022-06-23 13:00:00+00:00,3110554.48208793
2022-06-23 14:00:00+00:00,3112127.67748175
2022-06-23 15:00:00+00:00,3111143.10028783
2022-06-23 16:00:00+00:00,3110454.69446893
2022-06-23 17:00:00+00:00,3107247.15930277
2022-06-23 18:00:00+00:00,3107333.074323
2022-06-23 19:00:00+00:00,3106124.62643091
2022-06-23 20:00:00+00:00,3106248.6193365
2022-06-23 21:00:00+00:00,3104505.32427321
2022-06-23 22:00:00+00:00,3105765.91435633
2022-06-23 23:00:00+00:00,3107069.00958746
2022-06-24 00:00:00+00:00,3108816.77672973
2022-06-24 01:00:00+00:00,3107431.38592022
2022-06-24 02:00:00+00:00,3107524.09556092
2022-06-24 03:00:00+00:00,3103759.13547715
2022-06-24 04:00:00+00:00,3103790.12775364
2022-06-24 05:00:00+00:00,3103653.27480871
2022-06-24 06:00:00+00:00,3102376.8014599
2022-06-24 07:00:00+00:00,3104902.02946027
2022-06-24 08:00:00+00:00,3104256.30184627
2022-06-24 09:00:00+00:00,3102637.69574576
2022-06-24 10:00:00+00:00,3103052.86382577
2022-06-24 11:00:00+00:00,3103595.10086807
2022-06-24 12:00:00+00:00,3103958.9420191
2022-06-24 13:00:00+00:00,3102560.34091555
2022-06-24 14:00:00+00:00,3101414.29599929
2022-06-24 15:00:00+00:00,3100055.13894637
2022-06-24 16:00:00+00:00,3100811.33823028
2022-06-24 17:00:00+00:00,3101121.7749776603
2022-06-24 18:00:00+00:00,3097070.7262748
2022-06-24 19:00:00+00:00,3093399.03698867
2022-06-24 20:00:00+00:00,3103429.48665416
2022-06-24 21:00:00+00:00,3105085.74194498
2022-06-24 22:00:00+00:00,3092577.8453553
2022-06-24 23:00:00+00:00,3093581.55276047
2022-06-25 00:00:00+00:00,3094962.99221416
2022-06-25 01:00:00+00:00,3094125.27834737
2022-06-25 02:00:00+00:00,3094137.03781402
2022-06-25 03:00:00+00:00,3095101.07830158
2022-06-25 04:00:00+00:00,3095129.66651105
2022-06-25 05:00:00+00:00,3093440.36070186
2022-06-25 06:00:00+00:00,3095143.15481773
2022-06-25 07:00:00+00:00,3094177.34372032
2022-06-25 08:00:00+00:00,3091650.54856106
2022-06-25 09:00:00+00:00,3090604.97086215
2022-06-25 10:00:00+00:00,3090689.45219872
2022-06-25 11:00:00+00:00,3091798.1513541
2022-06-25 12:00:00+00:00,3091797.97432108
2022-06-25 13:00:00+00:00,3091742.66324992
2022-06-25 14:00:00+00:00,3091829.95332899
2022-06-25 15:00:00+00:00,3091363.9985240903
2022-06-25 16:00:00+00:00,3091373.09966593
2022-06-25 17:00:00+00:00,3091265.9153408
2022-06-25 18:00:00+00:00,3091286.22117649
2022-06-25 19:00:00+00:00,3092373.34603742
2022-06-25 20:00:00+00:00,3092353.2267350103
2022-06-25 21:00:00+00:00,3092351.59301158
2022-06-25 22:00:00+00:00,3092355.22997765
2022-06-25 23:00:00+00:00,3092370.99962646
2022-06-26 00:00:00+00:00,3092397.6795496
2022-06-26 01:00:00+00:00,3094324.86702138
2022-06-26 02:00:00+00:00,3094407.90670628
2022-06-26 03:00:00+00:00,3094460.40879147
2022-06-26 04:00:00+00:00,3094499.11321417
2022-06-26 05:00:00+00:00,3094515.10475539
2022-06-26 06:00:00+00:00,3094590.78259891
2022-06-26 07:00:00+00:00,3094614.2032438
2022-06-26 08:00:00+00:00,3094938.12652574
2022-06-26 09:00:00+00:00,3093910.73577377
2022-06-26 10:00:00+00:00,3093963.51325206
2022-06-26 11:00:00+00:00,3092922.91655876
2022-06-26 12:00:00+00:00,3092918.71622036
2022-06-26 13:00:00+00:00,3093932.09332667
2022-06-26 14:00:00+00:00,3093934.99518261
2022-06-26 15:00:00+00:00,3093998.24882641
2022-06-26 16:00:00+00:00,3095184.95915903
2022-06-26 17:00:00+00:00,3095178.51030453
2022-06-26 18:00:00+00:00,3095183.67557943
2022-06-26 19:00:00+00:00,3094186.52989947
2022-06-26 20:00:00+00:00,3094197.66854821
2022-06-26 21:00:00+00:00,3094120.25403008
2022-06-26 22:00:00+00:00,3094223.72222023
2022-06-26 23:00:00+00:00,3094245.4951005
2022-06-27 00:00:00+00:00,3094140.1357981903
2022-06-27 01:00:00+00:00,3094043.95145971
2022-06-27 02:00:00+00:00,3094547.81666015
2022-06-27 03:00:00+00:00,3095347.28167879
2022-06-27 04:00:00+00:00,3095965.33539912
2022-06-27 05:00:00+00:00,3095716.48553039
2022-06-27 06:00:00+00:00,3095240.83199217
2022-06-27 07:00:00+00:00,3094308.3426794
2022-06-27 08:00:00+00:00,3088865.50582644
2022-06-27 09:00:00+00:00,3090010.4106614003
2022-06-27 10:00:00+00:00,3088957.86717795
2022-06-27 11:00:00+00:00,3089127.04728196
2022-06-27 12:00:00+00:00,3089211.33465403
2022-06-27 13:00:00+00:00,3084471.25933302
2022-06-27 14:00:00+00:00,3094749.39133817
2022-06-27 15:00:00+00:00,3095430.73660648
2022-06-27 16:00:00+00:00,3093846.24638909
2022-06-27 17:00:00+00:00,3093971.33380514
2022-06-27 18:00:00+00:00,3093646.80590732
2022-06-27 19:00:00+00:00,3083400.03890591
2022-06-27 20:00:00+00:00,3082966.99533665
2022-06-27 21:00:00+00:00,3086974.66021652
2022-06-27 22:00:00+00:00,3085755.36876413
2022-06-27 23:00:00+00:00,3085465.7060747603
2022-06-28 00:00:00+00:00,3085325.52261838
2022-06-28 01:00:00+00:00,3091526.58582557
2022-06-28 02:00:00+00:00,3092278.01224997
2022-06-28 03:00:00+00:00,3092295.51250154
2022-06-28 04:00:00+00:00,3093418.93171462
2022-06-28 05:00:00+00:00,3093575.88153384
2022-06-28 06:00:00+00:00,3093782.0041823
2022-06-28 07:00:00+00:00,3092896.81368449
2022-06-28 08:00:00+00:00,3092610.45629393
2022-06-28 09:00:00+00:00,3091331.70655224
2022-06-28 10:00:00+00:00,3090666.9432285703
2022-06-28 11:00:00+00:00,3090890.41590398
2022-06-28 12:00:00+00:00,3092443.69787493
2022-06-28 13:00:00+00:00,3092750.69742563
2022-06-28 14:00:00+00:00,3092166.30389892
2022-06-28 15:00:00+00:00,3093322.49354508
2022-06-28 16:00:00+00:00,3090719.62175608
2022-06-28 17:00:00+00:00,3092045.4686272102
2022-06-28 18:00:00+00:00,3091424.53494723
2022-06-28 19:00:00+00:00,3091983.57863692
2022-06-28 20:00:00+00:00,3091588.92050351
2022-06-28 21:00:00+00:00,3090979.0016446603
2022-06-28 22:00:00+00:00,3091715.69022992
2022-06-28 23:00:00+00:00,3089918.01315448
2022-06-29 00:00:00+00:00,3090135.05708669
2022-06-29 01:00:00+00:00,3089642.43585381
2022-06-29 02:00:00+00:00,3080156.23028056
2022-06-29 03:00:00+00:00,3078171.04440207
2022-06-29 04:00:00+00:00,3079252.99530627
2022-06-29 05:00:00+00:00,3079344.0232185703
2022-06-29 06:00:00+00:00,3077730.19803101
2022-06-29 07:00:00+00:00,3078915.88660897
2022-06-29 08:00:00+00:00,3078597.5505108302
2022-06-29 09:00:00+00:00,3077163.76426769
2022-06-29 10:00:00+00:00,3077054.87477282
2022-06-29 11:00:00+00:00,3077723.62537829
2022-06-29 12:00:00+00:00,3078810.30849529
2022-06-29 13:00:00+00:00,3078290.5059199203
2022-06-29 14:00:00+00:00,3078353.90318859
2022-06-29 15:00:00+00:00,3078284.85968114
2022-06-29 16:00:00+00:00,3076286.16149214
2022-06-29 17:00:00+00:00,3081807.0731919003
2022-06-29 18:00:00+00:00,3079926.67624131
2022-06-29 19:00:00+00:00,3078289.9826913
2022-06-29 20:00:00+00:00,3085808.23372603
2022-06-29 21:00:00+00:00,3083751.10764561
2022-06-29 22:00:00+00:00,3071104.26991344
2022-06-29 23:00:00+00:00,3073451.48364734
2022-06-30 00:00:00+00:00,3071171.16560273
2022-06-30 01:00:00+00:00,3070916.19524752
2022-06-30 02:00:00+00:00,3071074.76947931
2022-06-30 03:00:00+00:00,3073313.65816948
2022-06-30 04:00:00+00:00,3073316.98991015
2022-06-30 05:00:00+00:00,3073437.64485065
2022-06-30 06:00:00+00:00,3075327.0435359
2022-06-30 07:00:00+00:00,3075246.7397627803
2022-06-30 08:00:00+00:00,3072482.26103242
2022-06-30 09:00:00+00:00,3071832.9266124
2022-06-30 10:00:00+00:00,3069625.86172271
2022-06-30 11:00:00+00:00,3070392.25183691
2022-06-30 12:00:00+00:00,3072606.45385855
2022-06-30 13:00:00+00:00,3076636.20243762
2022-06-30 14:00:00+00:00,3076636.20243762
2022-06-30 15:00:00+00:00,3077194.42567473
2022-06-30 16:00:00+00:00,3078210.55468857
2022-06-30 17:00:00+00:00,3078538.64313721
2022-06-30 18:00:00+00:00,3079442.71417085
2022-06-30 19:00:00+00:00,3082793.18128163
2022-06-30 20:00:00+00:00,3079049.34087888
2022-06-30 21:00:00+00:00,3076302.58484023
2022-06-30 22:00:00+00:00,3074549.54322003
2022-06-30 23:00:00+00:00,3074648.45449036
2022-07-01 00:00:00+00:00,3072465.20822819
2022-07-01 01:00:00+00:00,3073393.54551498
2022-07-01 02:00:00+00:00,3070303.22862114
2022-07-01 03:00:00+00:00,3070370.84152791
2022-07-01 04:00:00+00:00,3069482.22801282
2022-07-01 05:00:00+00:00,3069020.44000201
2022-07-01 06:00:00+00:00,3068136.53110222
2022-07-01 07:00:00+00:00,3068400.56222241
2022-07-01 08:00:00+00:00,3068087.64283762
2022-07-01 09:00:00+00:00,3068676.10844656
2022-07-01 10:00:00+00:00,3068103.1989362203
2022-07-01 11:00:00+00:00,3069525.40213122
2022-07-01 12:00:00+00:00,3068626.80409921
2022-07-01 13:00:00+00:00,3069797.00216124
2022-07-01 14:00:00+00:00,3074780.57138604
2022-07-01 15:00:00+00:00,3068836.3678779
2022-07-01 16:00:00+00:00,3070566.83013213
2022-07-01 17:00:00+00:00,3073465.88420818
2022-07-01 18:00:00+00:00,3072761.71269833
2022-07-01 19:00:00+00:00,3070468.71446357
2022-07-01 20:00:00+00:00,3070218.95995758
2022-07-01 21:00:00+00:00,3070120.43242449
2022-07-01 22:00:00+00:00,3071037.04051814
2022-07-01 23:00:00+00:00,3072779.32341191
2022-07-02 00:00:00+00:00,3082596.74666033
2022-07-02 01:00:00+00:00,3081634.2833574
2022-07-02 02:00:00+00:00,3081076.7319587
2022-07-02 03:00:00+00:00,3081150.63826206
2022-07-02 04:00:00+00:00,3077675.85932512
2022-07-02 05:00:00+00:00,3077704.85853071
2022-07-02 06:00:00+00:00,3077708.05663806
2022-07-02 07:00:00+00:00,3077725.96444488
2022-07-02 08:00:00+00:00,3077686.68070658
2022-07-02 09:00:00+00:00,3076763.69487594
2022-07-02 10:00:00+00:00,3077809.34891441
2022-07-02 11:00:00+00:00,3077803.61416498
2022-07-02 12:00:00+00:00,3077803.8581563
2022-07-02 13:00:00+00:00,3079103.01933594
2022-07-02 14:00:00+00:00,3079782.80336639
2022-07-02 15:00:00+00:00,3079796.69067119
2022-07-02 16:00:00+00:00,3079664.34388168
2022-07-02 17:00:00+00:00,3079578.10333755
2022-07-02 18:00:00+00:00,3079617.0880952403
2022-07-02 19:00:00+00:00,3079603.77226715
2022-07-02 20:00:00+00:00,3079085.92222915
2022-07-02 21:00:00+00:00,3079217.56008906
2022-07-02 22:00:00+00:00,3079219.53943466
2022-07-02 23:00:00+00:00,3078807.4991307
2022-07-03 00:00:00+00:00,3081111.12206988
2022-07-03 01:00:00+00:00,3080735.53960093
2022-07-03 02:00:00+00:00,3080773.9593404
2022-07-03 03:00:00+00:00,3080771.16841719
2022-07-03 04:00:00+00:00,3079584.09269606
2022-07-03 05:00:00+00:00,3078741.15970344
2022-07-03 06:00:00+00:00,3078763.4745455203
2022-07-03 07:00:00+00:00,3078786.57384203
2022-07-03 08:00:00+00:00,3078715.20484477
2022-07-03 09:00:00+00:00,3078509.77954157
2022-07-03 10:00:00+00:00,3078582.80671574
2022-07-03 11:00:00+00:00,3077445.45869217
2022-07-03 12:00:00+00:00,3077462.19913777
2022-07-03 13:00:00+00:00,3077677.19371618
2022-07-03 14:00:00+00:00,3077973.72907573
2022-07-03 15:00:00+00:00,3080015.3213006803
2022-07-03 16:00:00+00:00,3080124.56268136
2022-07-03 17:00:00+00:00,3081792.61653496
2022-07-03 18:00:00+00:00,3081914.34479727
2022-07-03 19:00:00+00:00,3084123.44674928
2022-07-03 20:00:00+00:00,3083584.49486454
2022-07-03 21:00:00+00:00,3081496.2150007603
2022-07-03 22:00:00+00:00,3081977.25324351
2022-07-03 23:00:00+00:00,3082029.2066899003
2022-07-04 00:00:00+00:00,3082173.28296385
2022-07-04 01:00:00+00:00,3081999.93158735
2022-07-04 02:00:00+00:00,3082046.59594745
2022-07-04 03:00:00+00:00,3082138.71176505
2022-07-04 04:00:00+00:00,3080368.00457648
2022-07-04 05:00:00+00:00,3078744.45974601
2022-07-04 06:00:00+00:00,3077160.75147941
2022-07-04 07:00:00+00:00,3078870.44521147
2022-07-04 08:00:00+00:00,3078739.19844063
2022-07-04 09:00:00+00:00,3077343.75943225
2022-07-04 10:00:00+00:00,3079339.0391711
2022-07-04 11:00:00+00:00,3079613.25485491
2022-07-04 12:00:00+00:00,3082631.18611258
2022-07-04 13:00:00+00:00,3082935.57043738
2022-07-04 14:00:00+00:00,3081768.82117583
2022-07-04 15:00:00+00:00,3081613.65939946
2022-07-04 16:00:00+00:00,3081550.7906491
2022-07-04 17:00:00+00:00,3081270.05605712
2022-07-04 18:00:00+00:00,3081270.05605712
2022-07-04 19:00:00+00:00,3081561.19587179
2022-07-04 20:00:00+00:00,3081568.10884902
2022-07-04 21:00:00+00:00,3081402.41846241
2022-07-04 22:00:00+00:00,3081573.5795821203
2022-07-04 23:00:00+00:00,3080973.82102458
2022-07-05 00:00:00+00:00,3080970.27386688
2022-07-05 01:00:00+00:00,3077174.79249794
2022-07-05 02:00:00+00:00,3077548.72302359
2022-07-05 03:00:00+00:00,3077775.3351098
2022-07-05 04:00:00+00:00,3076912.75068198
2022-07-05 05:00:00+00:00,3076578.76375241
2022-07-05 06:00:00+00:00,3076532.12761193
2022-07-05 07:00:00+00:00,3076833.04954962
2022-07-05 08:00:00+00:00,3076939.33466695
2022-07-05 09:00:00+00:00,3076858.0926012
2022-07-05 10:00:00+00:00,3076706.21150175
2022-07-05 11:00:00+00:00,3076912.92249728
2022-07-05 12:00:00+00:00,3077856.0746982
2022-07-05 13:00:00+00:00,3077852.574221
2022-07-05 14:00:00+00:00,3078300.16139031
2022-07-05 15:00:00+00:00,3076004.4300729
2022-07-05 16:00:00+00:00,3075035.29402531
2022-07-05 17:00:00+00:00,3072981.1718493
2022-07-05 18:00:00+00:00,3072571.06041174
2022-07-05 19:00:00+00:00,3073332.6545297
2022-07-05 20:00:00+00:00,3072298.88034073
2022-07-05 21:00:00+00:00,3072790.99352561
2022-07-05 22:00:00+00:00,3073759.04537109
2022-07-05 23:00:00+00:00,3073534.90860926
2022-07-06 00:00:00+00:00,3074246.50440282
2022-07-06 01:00:00+00:00,3074647.21978612
2022-07-06 02:00:00+00:00,3074609.73450084
2022-07-06 03:00:00+00:00,3075041.42699801
2022-07-06 04:00:00+00:00,3074011.9364203103
2022-07-06 05:00:00+00:00,3075004.62874936
2022-07-06 06:00:00+00:00,3075146.05266276
2022-07-06 07:00:00+00:00,3075270.65553395
2022-07-06 08:00:00+00:00,3075213.14154973
2022-07-06 09:00:00+00:00,3076039.87913112
2022-07-06 10:00:00+00:00,3076099.6461415603
2022-07-06 11:00:00+00:00,3076179.2066754103
2022-07-06 12:00:00+00:00,3076274.01477989
2022-07-06 13:00:00+00:00,3077508.26673934
2022-07-06 14:00:00+00:00,3078717.30465978
2022-07-06 15:00:00+00:00,3078653.19802415
2022-07-06 16:00:00+00:00,3083316.79971414
2022-07-06 17:00:00+00:00,3081219.67182619
2022-07-06 18:00:00+00:00,3082221.66950605
2022-07-06 19:00:00+00:00,3085662.88799655
2022-07-06 20:00:00+00:00,3087333.8186488203
2022-07-06 21:00:00+00:00,3087395.68219149
2022-07-06 22:00:00+00:00,3087414.39440106
2022-07-06 23:00:00+00:00,3087288.43449396
2022-07-07 00:00:00+00:00,3089348.83972129
2022-07-07 01:00:00+00:00,3086655.93070213
2022-07-07 02:00:00+00:00,3086675.1652826
2022-07-07 03:00:00+00:00,3086932.4744624
2022-07-07 04:00:00+00:00,3086437.40482581
2022-07-07 05:00:00+00:00,3085441.56432573
2022-07-07 06:00:00+00:00,3084218.95606987
2022-07-07 07:00:00+00:00,3085487.31995353
2022-07-07 08:00:00+00:00,3084221.06962313
2022-07-07 09:00:00+00:00,3082061.43058234
2022-07-07 10:00:00+00:00,3081279.16293276
2022-07-07 11:00:00+00:00,3082404.98056794
2022-07-07 12:00:00+00:00,3083993.1495863902
2022-07-07 13:00:00+00:00,3085351.02408367
2022-07-07 14:00:00+00:00,3084738.1971902
2022-07-07 15:00:00+00:00,3081642.40924826
2022-07-07 16:00:00+00:00,3080344.0027491
2022-07-07 17:00:00+00:00,3087002.21320553
2022-07-07 18:00:00+00:00,3086232.50431669
2022-07-07 19:00:00+00:00,3084965.84032014
2022-07-07 20:00:00+00:00,3085419.96214736
2022-07-07 21:00:00+00:00,3086756.54310335
2022-07-07 22:00:00+00:00,3090454.0408924
2022-07-07 23:00:00+00:00,3090546.10525872
2022-07-08 00:00:00+00:00,3089154.22291571
2022-07-08 01:00:00+00:00,3090996.4394966
2022-07-08 02:00:00+00:00,3090971.87514078
2022-07-08 03:00:00+00:00,3091052.2485713502
2022-07-08 04:00:00+00:00,3091288.7665843503
2022-07-08 05:00:00+00:00,3085932.34018924
2022-07-08 06:00:00+00:00,3089874.24557826
2022-07-08 07:00:00+00:00,3089404.7920307
2022-07-08 08:00:00+00:00,3085927.28062658
2022-07-08 09:00:00+00:00,3085898.68508277
2022-07-08 10:00:00+00:00,3085961.41791157
2022-07-08 11:00:00+00:00,3085813.72334051
2022-07-08 12:00:00+00:00,3086622.56721285
2022-07-08 13:00:00+00:00,3085938.96635692
2022-07-08 14:00:00+00:00,3085785.9350155
2022-07-08 15:00:00+00:00,3094068.84011216
2022-07-08 16:00:00+00:00,3085544.1904061
2022-07-08 17:00:00+00:00,3088681.0455459
2022-07-08 18:00:00+00:00,3088360.81721188
2022-07-08 19:00:00+00:00,3085681.08831575
2022-07-08 20:00:00+00:00,3086137.57403111
2022-07-08 21:00:00+00:00,3086390.97594691
2022-07-08 22:00:00+00:00,3088187.38683792
2022-07-08 23:00:00+00:00,3088306.0951167
2022-07-09 00:00:00+00:00,3089377.3398149
2022-07-09 01:00:00+00:00,3088977.8436826
2022-07-09 02:00:00+00:00,3088703.90913632
2022-07-09 03:00:00+00:00,3088727.77883567
2022-07-09 04:00:00+00:00,3088721.71000249
2022-07-09 05:00:00+00:00,3088659.68488675
2022-07-09 06:00:00+00:00,3088685.2105598003
2022-07-09 07:00:00+00:00,3088716.13986663
2022-07-09 08:00:00+00:00,3087644.79821463
2022-07-09 09:00:00+00:00,3086605.8618719103
2022-07-09 10:00:00+00:00,3086636.45549266
2022-07-09 11:00:00+00:00,3086645.22020621
2022-07-09 12:00:00+00:00,3086556.2270968603
2022-07-09 13:00:00+00:00,3088645.61428012
2022-07-09 14:00:00+00:00,3086815.8444506302
2022-07-09 15:00:00+00:00,3087850.53872367
2022-07-09 16:00:00+00:00,3087972.6673740903
2022-07-09 17:00:00+00:00,3087986.39097647
2022-07-09 18:00:00+00:00,3088146.70386346
2022-07-09 19:00:00+00:00,3089938.8752406803
2022-07-09 20:00:00+00:00,3089834.6712387702
2022-07-09 21:00:00+00:00,3090038.43585351
2022-07-09 22:00:00+00:00,3090021.4553453303
2022-07-09 23:00:00+00:00,3089991.4185300902
2022-07-10 00:00:00+00:00,3090104.35420852
2022-07-10 01:00:00+00:00,3090360.39461954
2022-07-10 02:00:00+00:00,3089572.1596502103
2022-07-10 03:00:00+00:00,3090585.46795779
2022-07-10 04:00:00+00:00,3090580.20295239
2022-07-10 05:00:00+00:00,3090526.51151128
2022-07-10 06:00:00+00:00,3088848.67120012
2022-07-10 07:00:00+00:00,3089216.44458985
2022-07-10 08:00:00+00:00,3088286.08965329
2022-07-10 09:00:00+00:00,3086338.86430608
2022-07-10 10:00:00+00:00,3086210.96004729
2022-07-10 11:00:00+00:00,3086340.44622669
2022-07-10 12:00:00+00:00,3086552.42094181
2022-07-10 13:00:00+00:00,3086848.34669042
2022-07-10 14:00:00+00:00,3088256.0194607503
2022-07-10 15:00:00+00:00,3088164.67664657
2022-07-10 16:00:00+00:00,3088106.48173083
2022-07-10 17:00:00+00:00,3088183.21966547
2022-07-10 18:00:00+00:00,3088771.97495405
2022-07-10 19:00:00+00:00,3090004.67842151
2022-07-10 20:00:00+00:00,3090001.65009402
2022-07-10 21:00:00+00:00,3090154.45869724
2022-07-10 22:00:00+00:00,3090157.75651251
2022-07-10 23:00:00+00:00,3089480.60304267
2022-07-11 00:00:00+00:00,3086069.12403205
2022-07-11 01:00:00+00:00,3086351.9423188902
2022-07-11 02:00:00+00:00,3085629.93678392
2022-07-11 03:00:00+00:00,3085648.61270342
2022-07-11 04:00:00+00:00,3086660.99451553
2022-07-11 05:00:00+00:00,3085728.9416569
2022-07-11 06:00:00+00:00,3085712.56742644
2022-07-11 07:00:00+00:00,3085483.5978744
2022-07-11 08:00:00+00:00,3086433.93003355
2022-07-11 09:00:00+00:00,3085907.0866031903
2022-07-11 10:00:00+00:00,3085136.08662526
2022-07-11 11:00:00+00:00,3083633.83357541
2022-07-11 12:00:00+00:00,3082583.61894673
2022-07-11 13:00:00+00:00,3091315.85038339
2022-07-11 14:00:00+00:00,3086059.1648064703
2022-07-11 15:00:00+00:00,3085806.84775451
2022-07-11 16:00:00+00:00,3087815.81227377
2022-07-11 17:00:00+00:00,3089791.82939961
2022-07-11 18:00:00+00:00,3089481.69318187
2022-07-11 19:00:00+00:00,3089330.22319885
2022-07-11 20:00:00+00:00,3085763.28398261
2022-07-11 21:00:00+00:00,3083471.5345053
2022-07-11 22:00:00+00:00,3082972.56462191
2022-07-11 23:00:00+00:00,3085446.43739449
2022-07-12 00:00:00+00:00,3084148.57748416
2022-07-12 01:00:00+00:00,3082160.63459071
2022-07-12 02:00:00+00:00,3082377.4620399103
2022-07-12 03:00:00+00:00,3082921.31306657
2022-07-12 04:00:00+00:00,3082905.58181901
2022-07-12 05:00:00+00:00,3084204.63000137
2022-07-12 06:00:00+00:00,3084204.32680402
2022-07-12 07:00:00+00:00,3084071.53494592
2022-07-12 08:00:00+00:00,3084711.70284015
2022-07-12 09:00:00+00:00,3083779.19603989
2022-07-12 10:00:00+00:00,3085527.36426706
2022-07-12 11:00:00+00:00,3086059.1755782003
2022-07-12 12:00:00+00:00,3086188.95257276
2022-07-12 13:00:00+00:00,3085536.2978404
2022-07-12 14:00:00+00:00,3089887.90691995
2022-07-12 15:00:00+00:00,3092666.5936113
2022-07-12 16:00:00+00:00,3094358.92826597
2022-07-12 17:00:00+00:00,3095696.81198359
2022-07-12 18:00:00+00:00,3095721.3951367303
2022-07-12 19:00:00+00:00,3097408.62531198
2022-07-12 20:00:00+00:00,3097579.10987418
2022-07-12 21:00:00+00:00,3096406.75052158
2022-07-12 22:00:00+00:00,3099397.7877107603
2022-07-12 23:00:00+00:00,3098504.75866419
2022-07-13 00:00:00+00:00,3095024.49294589
2022-07-13 01:00:00+00:00,3095321.22490707
2022-07-13 02:00:00+00:00,3095636.1718088603
2022-07-13 03:00:00+00:00,3096828.73489204
2022-07-13 04:00:00+00:00,3096365.77553811
2022-07-13 05:00:00+00:00,3097440.96767929
2022-07-13 06:00:00+00:00,3096335.05595947
2022-07-13 07:00:00+00:00,3098114.5838292902
2022-07-13 08:00:00+00:00,3098238.13615301
2022-07-13 09:00:00+00:00,3096245.97189476
2022-07-13 10:00:00+00:00,3096723.49363255
2022-07-13 11:00:00+00:00,3096839.29432014
2022-07-13 12:00:00+00:00,3097190.79134373
2022-07-13 13:00:00+00:00,3095157.85777203
2022-07-13 14:00:00+00:00,3095299.7611093502
2022-07-13 15:00:00+00:00,3096111.97513233
2022-07-13 16:00:00+00:00,3095930.76719033
2022-07-13 17:00:00+00:00,3100433.95242236
2022-07-13 18:00:00+00:00,3099609.48388363
2022-07-13 19:00:00+00:00,3100426.2718848903
2022-07-13 20:00:00+00:00,3102539.3275701
2022-07-13 21:00:00+00:00,3107639.35539124
2022-07-13 22:00:00+00:00,3106919.0971726403
2022-07-13 23:00:00+00:00,3106610.63199219
2022-07-14 00:00:00+00:00,3106723.51012212
2022-07-14 01:00:00+00:00,3105423.32409808
2022-07-14 02:00:00+00:00,3114627.29378135
2022-07-14 03:00:00+00:00,3114694.19739402
2022-07-14 04:00:00+00:00,3114595.80503421
2022-07-14 05:00:00+00:00,3116183.92023918
2022-07-14 06:00:00+00:00,3113806.08019078
2022-07-14 07:00:00+00:00,3113331.93538771
2022-07-14 08:00:00+00:00,3112589.20225895
2022-07-14 09:00:00+00:00,3111393.17831997
2022-07-14 10:00:00+00:00,3111051.3253587303
2022-07-14 11:00:00+00:00,3111244.38515464
2022-07-14 12:00:00+00:00,3114765.47977396
2022-07-14 13:00:00+00:00,3114545.78489399
2022-07-14 14:00:00+00:00,3119302.06761604
2022-07-14 15:00:00+00:00,3119191.19428254
2022-07-14 16:00:00+00:00,3119942.08667552
2022-07-14 17:00:00+00:00,3119729.5827197903
2022-07-14 18:00:00+00:00,3119417.41474199
2022-07-14 19:00:00+00:00,3119231.70808919
2022-07-14 20:00:00+00:00,3120366.48486959
2022-07-14 21:00:00+00:00,3120931.66078133
2022-07-14 22:00:00+00:00,3120044.44893275
2022-07-14 23:00:00+00:00,3119261.80757966
2022-07-15 00:00:00+00:00,3119767.73417029
2022-07-15 01:00:00+00:00,3120724.54182103
2022-07-15 02:00:00+00:00,3121314.06165206
2022-07-15 03:00:00+00:00,3121327.46556691
2022-07-15 04:00:00+00:00,3121280.53079565
2022-07-15 05:00:00+00:00,3122317.69977203
2022-07-15 06:00:00+00:00,3113069.5389771103
2022-07-15 07:00:00+00:00,3113055.76238537
2022-07-15 08:00:00+00:00,3112007.58556705
2022-07-15 09:00:00+00:00,3118215.37983846
2022-07-15 10:00:00+00:00,3118359.93954164
2022-07-15 11:00:00+00:00,3110569.21563371
2022-07-15 12:00:00+00:00,3109870.66249189
2022-07-15 13:00:00+00:00,3113013.9304989
2022-07-15 14:00:00+00:00,3104276.2667866503
2022-07-15 15:00:00+00:00,3102757.06463528
2022-07-15 16:00:00+00:00,3103925.60002151
2022-07-15 17:00:00+00:00,3100700.43397677
2022-07-15 18:00:00+00:00,3102521.57356653
2022-07-15 19:00:00+00:00,3102507.77626845
2022-07-15 20:00:00+00:00,3102486.76259489
2022-07-15 21:00:00+00:00,3098649.16841215
2022-07-15 22:00:00+00:00,3097791.39291635
2022-07-15 23:00:00+00:00,3097987.41302682
2022-07-16 00:00:00+00:00,3097931.97908654
2022-07-16 01:00:00+00:00,3097894.50443695
2022-07-16 02:00:00+00:00,3097483.27272208
2022-07-16 03:00:00+00:00,3096426.92432352
2022-07-16 04:00:00+00:00,3096404.9486536803
2022-07-16 05:00:00+00:00,3097558.39739829
2022-07-16 06:00:00+00:00,3097544.15479691
2022-07-16 07:00:00+00:00,3097795.54456162
2022-07-16 08:00:00+00:00,3097821.58500649
2022-07-16 09:00:00+00:00,3095533.97828568
2022-07-16 10:00:00+00:00,3095006.9189145803
2022-07-16 11:00:00+00:00,3095036.46420752
2022-07-16 12:00:00+00:00,3095111.99696125
2022-07-16 13:00:00+00:00,3095104.76543329
2022-07-16 14:00:00+00:00,3096164.25356127
2022-07-16 15:00:00+00:00,3096330.41054103
2022-07-16 16:00:00+00:00,3096022.01517774
2022-07-16 17:00:00+00:00,3095768.72735096
2022-07-16 18:00:00+00:00,3095710.66164524
2022-07-16 19:00:00+00:00,3095711.04360015
2022-07-16 20:00:00+00:00,3096742.10201506
2022-07-16 21:00:00+00:00,3097425.02501009
2022-07-16 22:00:00+00:00,3097623.25399474
2022-07-16 23:00:00+00:00,3097527.27426345
2022-07-17 00:00:00+00:00,3098520.28613573
2022-07-17 01:00:00+00:00,3082840.2423520703
2022-07-17 02:00:00+00:00,3082819.2309216303
2022-07-17 03:00:00+00:00,3082819.99140275
2022-07-17 04:00:00+00:00,3082786.06809154
2022-07-17 05:00:00+00:00,3082820.69467282
2022-07-17 06:00:00+00:00,3082855.38448602
2022-07-17 07:00:00+00:00,3082861.92439199
2022-07-17 08:00:00+00:00,3084911.0378329903
2022-07-17 09:00:00+00:00,3082683.08817165
2022-07-17 10:00:00+00:00,3083699.8766061403
2022-07-17 11:00:00+00:00,3083698.69328361
2022-07-17 12:00:00+00:00,3083688.43589713
2022-07-17 13:00:00+00:00,3083720.77770088
2022-07-17 14:00:00+00:00,3084164.5934148203
2022-07-17 15:00:00+00:00,3084219.60500396
2022-07-17 16:00:00+00:00,3083169.94601571
2022-07-17 17:00:00+00:00,3083300.67542308
2022-07-17 18:00:00+00:00,3083315.78477509
2022-07-17 19:00:00+00:00,3083335.36860152
2022-07-17 20:00:00+00:00,3083399.38200191
2022-07-17 21:00:00+00:00,3080829.67290006
2022-07-17 22:00:00+00:00,3082010.6370178103
2022-07-17 23:00:00+00:00,3085382.3037200603
2022-07-18 00:00:00+00:00,3085583.69713428
2022-07-18 01:00:00+00:00,3085296.60443743
2022-07-18 02:00:00+00:00,3085464.7958393
2022-07-18 03:00:00+00:00,3086114.64684719
2022-07-18 04:00:00+00:00,3087228.7954189703
2022-07-18 05:00:00+00:00,3087196.88761354
2022-07-18 06:00:00+00:00,3087255.16628327
2022-07-18 07:00:00+00:00,3087073.44896709
2022-07-18 08:00:00+00:00,3088661.76234872
2022-07-18 09:00:00+00:00,3087027.5650233203
2022-07-18 10:00:00+00:00,3087882.16939741
2022-07-18 11:00:00+00:00,3080561.08470396
2022-07-18 12:00:00+00:00,3080870.7215691702
2022-07-18 13:00:00+00:00,3080861.07880644
2022-07-18 14:00:00+00:00,3083617.87765476
2022-07-18 15:00:00+00:00,3075024.72610526
2022-07-18 16:00:00+00:00,3075826.06082738
2022-07-18 17:00:00+00:00,3072929.52622364
2022-07-18 18:00:00+00:00,3069385.48197914
2022-07-18 19:00:00+00:00,3069360.28084144
2022-07-18 20:00:00+00:00,3066807.60061388
2022-07-18 21:00:00+00:00,3068411.27223311
2022-07-18 22:00:00+00:00,3070498.8299107403
2022-07-18 23:00:00+00:00,3070948.4084298
2022-07-19 00:00:00+00:00,3072099.21173719
2022-07-19 01:00:00+00:00,3077620.68876119
2022-07-19 02:00:00+00:00,3069711.38430686
2022-07-19 03:00:00+00:00,3069833.48687308
2022-07-19 04:00:00+00:00,3067886.44857792
2022-07-19 05:00:00+00:00,3077675.90222093
2022-07-19 06:00:00+00:00,3077678.02315546
2022-07-19 07:00:00+00:00,3076463.08874432
2022-07-19 08:00:00+00:00,3076823.38814675
2022-07-19 09:00:00+00:00,3076687.33272007
2022-07-19 10:00:00+00:00,3076658.59970356
2022-07-19 11:00:00+00:00,3076767.33082388
2022-07-19 12:00:00+00:00,3076416.5940405303
2022-07-19 13:00:00+00:00,3076258.63208317
2022-07-19 14:00:00+00:00,3083391.37083469
2022-07-19 15:00:00+00:00,3085012.15089171
2022-07-19 16:00:00+00:00,3086329.1159671
2022-07-19 17:00:00+00:00,3073387.36332322
2022-07-19 18:00:00+00:00,3073239.07006572
2022-07-19 19:00:00+00:00,3072960.4046379
2022-07-19 20:00:00+00:00,3073645.6952704103
2022-07-19 21:00:00+00:00,3073713.37552345
2022-07-19 22:00:00+00:00,3075935.20424164
2022-07-19 23:00:00+00:00,3077949.8474744903
2022-07-20 00:00:00+00:00,3075153.371056
2022-07-20 01:00:00+00:00,3075523.00918668
2022-07-20 02:00:00+00:00,3075502.20986612
2022-07-20 03:00:00+00:00,3076388.10328457
2022-07-20 04:00:00+00:00,3074629.25844762
2022-07-20 05:00:00+00:00,3074668.15851446
2022-07-20 06:00:00+00:00,3073891.4772073203
2022-07-20 07:00:00+00:00,3072970.55512013
2022-07-20 08:00:00+00:00,3073423.19580581
2022-07-20 09:00:00+00:00,3073245.6112706303
2022-07-20 10:00:00+00:00,3061530.61544389
2022-07-20 11:00:00+00:00,3061201.36372549
2022-07-20 12:00:00+00:00,3061356.3065937
2022-07-20 13:00:00+00:00,3060902.44157215
2022-07-20 14:00:00+00:00,3060498.03009763
2022-07-20 15:00:00+00:00,3060512.15975839
2022-07-20 16:00:00+00:00,3061418.62418671
2022-07-20 17:00:00+00:00,3060824.6396223702
2022-07-20 18:00:00+00:00,3060555.12586334
2022-07-20 19:00:00+00:00,3059907.01081104
2022-07-20 20:00:00+00:00,3058624.77198441
2022-07-20 21:00:00+00:00,3058500.3014824702
2022-07-20 22:00:00+00:00,3060325.72317671
2022-07-20 23:00:00+00:00,3062697.55398425
2022-07-21 00:00:00+00:00,3061585.45996455
2022-07-21 01:00:00+00:00,3062740.36235864
2022-07-21 02:00:00+00:00,3061428.87777399
2022-07-21 03:00:00+00:00,3062059.00343864
2022-07-21 04:00:00+00:00,3062359.62232592
2022-07-21 05:00:00+00:00,3061264.59351162
2022-07-21 06:00:00+00:00,3061937.77366156
2022-07-21 07:00:00+00:00,3062154.51592302
2022-07-21 08:00:00+00:00,3061690.05446528
2022-07-21 09:00:00+00:00,3059984.20090952
2022-07-21 10:00:00+00:00,3062489.59887145
2022-07-21 11:00:00+00:00,3060843.24535042
2022-07-21 12:00:00+00:00,3064679.29322548
2022-07-21 13:00:00+00:00,3063785.71476665
2022-07-21 14:00:00+00:00,3058901.7454746
2022-07-21 15:00:00+00:00,3058585.27952985
2022-07-21 16:00:00+00:00,3058084.1196820303
2022-07-21 17:00:00+00:00,3058461.58496243
2022-07-21 18:00:00+00:00,3058336.08412055
2022-07-21 19:00:00+00:00,3062809.03387526
2022-07-21 20:00:00+00:00,3062822.79752855
2022-07-21 21:00:00+00:00,3062129.3623491
2022-07-21 22:00:00+00:00,3062114.42857172
2022-07-21 23:00:00+00:00,3060984.34926907
2022-07-22 00:00:00+00:00,3060844.88088822
2022-07-22 01:00:00+00:00,3059872.36839882
2022-07-22 02:00:00+00:00,3059640.99225223
2022-07-22 03:00:00+00:00,3059600.62546198
2022-07-22 04:00:00+00:00,3060010.22109458
2022-07-22 05:00:00+00:00,3058202.14814335
2022-07-22 06:00:00+00:00,3058446.40433664
2022-07-22 07:00:00+00:00,3060822.92754252
2022-07-22 08:00:00+00:00,3061427.89984739
2022-07-22 09:00:00+00:00,3060023.97369657
2022-07-22 10:00:00+00:00,3060574.48165313
2022-07-22 11:00:00+00:00,3060742.8458825
2022-07-22 12:00:00+00:00,3060145.94326975
2022-07-22 13:00:00+00:00,3060216.78214684
2022-07-22 14:00:00+00:00,3062113.54157444
2022-07-22 15:00:00+00:00,3062189.77090597
2022-07-22 16:00:00+00:00,3060367.90145701
2022-07-22 17:00:00+00:00,3057019.54451558
2022-07-22 18:00:00+00:00,3047070.2938755
2022-07-22 19:00:00+00:00,3046217.21349039
2022-07-22 20:00:00+00:00,3046994.75736696
2022-07-22 21:00:00+00:00,3047795.63265351
2022-07-22 22:00:00+00:00,3046370.22802124
2022-07-22 23:00:00+00:00,3046329.08495331
2022-07-23 00:00:00+00:00,3046331.02839846
2022-07-23 01:00:00+00:00,3048681.48813928
2022-07-23 02:00:00+00:00,3048414.17363742
2022-07-23 03:00:00+00:00,3048415.2814413803
2022-07-23 04:00:00+00:00,3048689.95819895
2022-07-23 05:00:00+00:00,3048698.7164467103
2022-07-23 06:00:00+00:00,3048695.06542665
2022-07-23 07:00:00+00:00,3048680.02961759
2022-07-23 08:00:00+00:00,3049821.0524642803
2022-07-23 09:00:00+00:00,3049857.13238487
2022-07-23 10:00:00+00:00,3050012.83797472
2022-07-23 11:00:00+00:00,3050094.45939461
2022-07-23 12:00:00+00:00,3050378.15522968
2022-07-23 13:00:00+00:00,3050380.24380777
2022-07-23 14:00:00+00:00,3050467.98144092
2022-07-23 15:00:00+00:00,3050177.78982535
2022-07-23 16:00:00+00:00,3050748.69574275
2022-07-23 17:00:00+00:00,3050803.4735575803
2022-07-23 18:00:00+00:00,3051165.77599463
2022-07-23 19:00:00+00:00,3051706.73687016
2022-07-23 20:00:00+00:00,3051676.9387839
2022-07-23 21:00:00+00:00,3051294.91997426
2022-07-23 22:00:00+00:00,3051556.08956525
2022-07-23 23:00:00+00:00,3051304.82967019
2022-07-24 00:00:00+00:00,3051349.95992006
2022-07-24 01:00:00+00:00,3051355.63062861
2022-07-24 02:00:00+00:00,3052060.6247727
2022-07-24 03:00:00+00:00,3052010.27373968
2022-07-24 04:00:00+00:00,3052015.15887362
2022-07-24 05:00:00+00:00,3041552.19246422
2022-07-24 06:00:00+00:00,3041490.1944326903
2022-07-24 07:00:00+00:00,3042583.76642453
2022-07-24 08:00:00+00:00,3043592.1932695103
2022-07-24 09:00:00+00:00,3042613.1567597003
2022-07-24 10:00:00+00:00,3042610.1826835
2022-07-24 11:00:00+00:00,3044445.03909476
2022-07-24 12:00:00+00:00,3044417.70752052
2022-07-24 13:00:00+00:00,3044304.72203626
2022-07-24 14:00:00+00:00,3044526.2001749
2022-07-24 15:00:00+00:00,3044618.11628102
2022-07-24 16:00:00+00:00,3045491.86082255
2022-07-24 17:00:00+00:00,3045559.63538493
2022-07-24 18:00:00+00:00,3046582.97013791
2022-07-24 19:00:00+00:00,3046579.16510625
2022-07-24 20:00:00+00:00,3046590.56443816
2022-07-24 21:00:00+00:00,3046601.68932292
2022-07-24 22:00:00+00:00,3045574.22753745
2022-07-24 23:00:00+00:00,3046621.00747109
2022-07-25 00:00:00+00:00,3046643.1479587
2022-07-25 01:00:00+00:00,3046850.8946035
2022-07-25 02:00:00+00:00,3048860.95908809
2022-07-25 03:00:00+00:00,3057553.51015316
2022-07-25 04:00:00+00:00,3056216.35097429
2022-07-25 05:00:00+00:00,3054984.56108811
2022-07-25 06:00:00+00:00,3054870.81016356
2022-07-25 07:00:00+00:00,3054920.56480332
2022-07-25 08:00:00+00:00,3054810.65079362
2022-07-25 09:00:00+00:00,3055624.64311687
2022-07-25 10:00:00+00:00,3055340.6043481003
2022-07-25 11:00:00+00:00,3055475.60166068
2022-07-25 12:00:00+00:00,3055643.80311506
2022-07-25 13:00:00+00:00,3053734.73767847
2022-07-25 14:00:00+00:00,3055245.54297466
2022-07-25 15:00:00+00:00,3055427.97117428
2022-07-25 16:00:00+00:00,3055224.47582028
2022-07-25 17:00:00+00:00,3054823.13174108
2022-07-25 18:00:00+00:00,3055873.34863973
2022-07-25 19:00:00+00:00,3054835.37781271
2022-07-25 20:00:00+00:00,3056106.25971237
2022-07-25 21:00:00+00:00,3055991.26335553
2022-07-25 22:00:00+00:00,3056956.16753835
2022-07-25 23:00:00+00:00,3056970.16506996
2022-07-26 00:00:00+00:00,3056140.8669415503
2022-07-26 01:00:00+00:00,3056835.22235913
2022-07-26 02:00:00+00:00,3056913.97409626
2022-07-26 03:00:00+00:00,3056897.12966241
2022-07-26 04:00:00+00:00,3059091.66546534
2022-07-26 05:00:00+00:00,3057648.67047866
2022-07-26 06:00:00+00:00,3057668.48909325
2022-07-26 07:00:00+00:00,3056048.48539112
2022-07-26 08:00:00+00:00,3059715.38685549
2022-07-26 09:00:00+00:00,3059976.96763659
2022-07-26 10:00:00+00:00,3059946.86257075
2022-07-26 11:00:00+00:00,3060663.87582378
2022-07-26 12:00:00+00:00,3061644.83844879
2022-07-26 13:00:00+00:00,3062808.29981876
2022-07-26 14:00:00+00:00,3062198.53953173
2022-07-26 15:00:00+00:00,3062448.56077532
2022-07-26 16:00:00+00:00,3062208.21436972
2022-07-26 17:00:00+00:00,3061626.7648859
2022-07-26 18:00:00+00:00,3061604.4671253
2022-07-26 19:00:00+00:00,3061471.58502957
2022-07-26 20:00:00+00:00,3059916.9993888
2022-07-26 21:00:00+00:00,3049252.18020793
2022-07-26 22:00:00+00:00,3049237.1701228903
2022-07-26 23:00:00+00:00,3049205.78008787
2022-07-27 00:00:00+00:00,3049085.3110022102
2022-07-27 01:00:00+00:00,3049348.72919871
2022-07-27 02:00:00+00:00,3049221.75154141
2022-07-27 03:00:00+00:00,3050433.0663873
2022-07-27 04:00:00+00:00,3050454.9570791502
2022-07-27 05:00:00+00:00,3049268.87944163
2022-07-27 06:00:00+00:00,3049521.54517687
2022-07-27 07:00:00+00:00,3048384.90992405
2022-07-27 08:00:00+00:00,3048354.68297533
2022-07-27 09:00:00+00:00,3047141.22365385
2022-07-27 10:00:00+00:00,3050069.97665293
2022-07-27 11:00:00+00:00,3050807.94253876
2022-07-27 12:00:00+00:00,3049396.05325764
2022-07-27 13:00:00+00:00,3050202.78416083
2022-07-27 14:00:00+00:00,3050547.99491979
2022-07-27 15:00:00+00:00,3052698.66400191
2022-07-27 16:00:00+00:00,3053326.32746273
2022-07-27 17:00:00+00:00,3052451.49990287
2022-07-27 18:00:00+00:00,3052808.10240852
2022-07-27 19:00:00+00:00,3053296.3950139
2022-07-27 20:00:00+00:00,3051447.42711497
2022-07-27 21:00:00+00:00,3051815.97035589
2022-07-27 22:00:00+00:00,3051970.44427286
2022-07-27 23:00:00+00:00,3051741.45546304
2022-07-28 00:00:00+00:00,3054091.50131092
2022-07-28 01:00:00+00:00,3054168.10416686
2022-07-28 02:00:00+00:00,3053971.58825859
2022-07-28 03:00:00+00:00,3054384.51816625
2022-07-28 04:00:00+00:00,3053458.17475108
2022-07-28 05:00:00+00:00,3055949.92984343
2022-07-28 06:00:00+00:00,3054373.89612649
2022-07-28 07:00:00+00:00,3054997.4831488603
2022-07-28 08:00:00+00:00,3055909.3039998
2022-07-28 09:00:00+00:00,3065655.13433827
2022-07-28 10:00:00+00:00,3065514.31772449
2022-07-28 11:00:00+00:00,3066749.12220133
2022-07-28 12:00:00+00:00,3066679.91188883
2022-07-28 13:00:00+00:00,3066041.25557697
2022-07-28 14:00:00+00:00,3066901.2295192
2022-07-28 15:00:00+00:00,3060274.6568949
2022-07-28 16:00:00+00:00,3061254.2916837903
2022-07-28 17:00:00+00:00,3062189.91134911
2022-07-28 18:00:00+00:00,3060026.43019921
2022-07-28 19:00:00+00:00,3061369.14197324
2022-07-28 20:00:00+00:00,3062133.61592263
2022-07-28 21:00:00+00:00,3062184.95473138
2022-07-28 22:00:00+00:00,3072021.43637216
2022-07-28 23:00:00+00:00,3070981.00767111
2022-07-29 00:00:00+00:00,3068665.51695421
2022-07-29 01:00:00+00:00,3068728.09030759
2022-07-29 02:00:00+00:00,3068716.22656212
2022-07-29 03:00:00+00:00,3067925.70100632
2022-07-29 04:00:00+00:00,3065944.73999971
2022-07-29 05:00:00+00:00,3066309.17516224
2022-07-29 06:00:00+00:00,3066853.88984061
2022-07-29 07:00:00+00:00,3068756.9732859703
2022-07-29 08:00:00+00:00,3068936.21532517
2022-07-29 09:00:00+00:00,3068759.92198997
2022-07-29 10:00:00+00:00,3068878.77857919
2022-07-29 11:00:00+00:00,3070893.2947940603
2022-07-29 12:00:00+00:00,3069763.66697643
2022-07-29 13:00:00+00:00,3071097.1157926703
2022-07-29 14:00:00+00:00,3070028.42853028
2022-07-29 15:00:00+00:00,3075402.91165452
2022-07-29 16:00:00+00:00,3074695.02237445
2022-07-29 17:00:00+00:00,3073551.90968584
2022-07-29 18:00:00+00:00,3073184.39063632
2022-07-29 19:00:00+00:00,3073345.97357311
2022-07-29 20:00:00+00:00,3072666.51356576
2022-07-29 21:00:00+00:00,3073370.64967073
2022-07-29 22:00:00+00:00,3073304.33249481
2022-07-29 23:00:00+00:00,3074055.90478195
2022-07-30 00:00:00+00:00,3075091.40824008
2022-07-30 01:00:00+00:00,3075072.19516782
2022-07-30 02:00:00+00:00,3074905.84547106
2022-07-30 03:00:00+00:00,3073287.51739733
2022-07-30 04:00:00+00:00,3073372.71827121
2022-07-30 05:00:00+00:00,3073422.28537271
2022-07-30 06:00:00+00:00,3071110.42807699
2022-07-30 07:00:00+00:00,3070344.3410520502
2022-07-30 08:00:00+00:00,3069408.26390337
2022-07-30 09:00:00+00:00,3068376.2500004303
2022-07-30 10:00:00+00:00,3068393.2902833303
2022-07-30 11:00:00+00:00,3068369.45166027
2022-07-30 12:00:00+00:00,3068344.24958617
2022-07-30 13:00:00+00:00,3068361.90788043
2022-07-30 14:00:00+00:00,3068404.02163202
2022-07-30 15:00:00+00:00,3068420.0749418703
2022-07-30 16:00:00+00:00,3068582.55619868
2022-07-30 17:00:00+00:00,3068284.46676291
2022-07-30 18:00:00+00:00,3068266.73289588
2022-07-30 19:00:00+00:00,3068268.10846884
2022-07-30 20:00:00+00:00,3064783.60104087
2022-07-30 21:00:00+00:00,3064736.40371555
2022-07-30 22:00:00+00:00,3064749.77176152
2022-07-30 23:00:00+00:00,3063713.00309095
2022-07-31 00:00:00+00:00,3063715.86549408
2022-07-31 01:00:00+00:00,3063677.64493655
2022-07-31 02:00:00+00:00,3064688.68264017
2022-07-31 03:00:00+00:00,3064691.50881928
2022-07-31 04:00:00+00:00,3064709.17157994
2022-07-31 05:00:00+00:00,3064709.96081301
2022-07-31 06:00:00+00:00,3064717.73782074
2022-07-31 07:00:00+00:00,3063726.29311094
2022-07-31 08:00:00+00:00,3063859.2223336003
2022-07-31 09:00:00+00:00,3062788.98302463
2022-07-31 10:00:00+00:00,3062754.98816523
2022-07-31 11:00:00+00:00,3062774.83876931
2022-07-31 12:00:00+00:00,3063905.10265608
2022-07-31 13:00:00+00:00,3062842.56557314
2022-07-31 14:00:00+00:00,3061639.45805783
2022-07-31 15:00:00+00:00,3061632.97544571
2022-07-31 16:00:00+00:00,3061530.53763104
2022-07-31 17:00:00+00:00,3061545.80572086
2022-07-31 18:00:00+00:00,3062774.71512439
2022-07-31 19:00:00+00:00,3062744.88307229
2022-07-31 20:00:00+00:00,3062775.05199617
2022-07-31 21:00:00+00:00,3062964.49912056
2022-07-31 22:00:00+00:00,3062254.55591036
2022-07-31 23:00:00+00:00,3062341.41062905
2022-08-01 00:00:00+00:00,3062079.88359205
2022-08-01 01:00:00+00:00,3060873.37135805
2022-08-01 02:00:00+00:00,3061914.31774925
2022-08-01 03:00:00+00:00,3061914.31774925
2022-08-01 04:00:00+00:00,3062061.31560243
2022-08-01 05:00:00+00:00,3061087.8081368
2022-08-01 06:00:00+00:00,3062170.44405834
2022-08-01 07:00:00+00:00,3060161.96824772
2022-08-01 08:00:00+00:00,3060213.72532205
2022-08-01 09:00:00+00:00,3060395.2238240503
2022-08-01 10:00:00+00:00,3060268.15324911
2022-08-01 11:00:00+00:00,3060178.58759005
2022-08-01 12:00:00+00:00,3060830.55531971
2022-08-01 13:00:00+00:00,3053135.37549952
2022-08-01 14:00:00+00:00,3053004.28681936
2022-08-01 15:00:00+00:00,3053068.6930318
2022-08-01 16:00:00+00:00,3056340.76651716
2022-08-01 17:00:00+00:00,3055664.0718263
2022-08-01 18:00:00+00:00,3055284.74726843
2022-08-01 19:00:00+00:00,3056625.6248164102
2022-08-01 20:00:00+00:00,3056788.9767989703
2022-08-01 21:00:00+00:00,3057038.81665573
2022-08-01 22:00:00+00:00,3057246.11441533
2022-08-01 23:00:00+00:00,3057323.1506712902
2022-08-02 00:00:00+00:00,3058273.11280783
2022-08-02 01:00:00+00:00,3058067.62573694
2022-08-02 02:00:00+00:00,3058250.57436991
2022-08-02 03:00:00+00:00,3058217.89930007
2022-08-02 04:00:00+00:00,3058188.5418322203
2022-08-02 05:00:00+00:00,3058141.6000656
2022-08-02 06:00:00+00:00,3059224.70644065
2022-08-02 07:00:00+00:00,3059327.1263801903
2022-08-02 08:00:00+00:00,3058519.23868084
2022-08-02 09:00:00+00:00,3057445.16298145
2022-08-02 10:00:00+00:00,3057524.33001934
2022-08-02 11:00:00+00:00,3057255.91329938
2022-08-02 12:00:00+00:00,3054980.23819951
2022-08-02 13:00:00+00:00,3056204.09428208
2022-08-02 14:00:00+00:00,3055702.25965536
2022-08-02 15:00:00+00:00,3054259.3643615902
2022-08-02 16:00:00+00:00,3056045.4962219503
2022-08-02 17:00:00+00:00,3056608.72149999
2022-08-02 18:00:00+00:00,3046675.72218426
2022-08-02 19:00:00+00:00,3046672.09210017
2022-08-02 20:00:00+00:00,3047067.95317957
2022-08-02 21:00:00+00:00,3041489.8351779203
2022-08-02 22:00:00+00:00,3041467.61720772
2022-08-02 23:00:00+00:00,3042439.78182973
2022-08-03 00:00:00+00:00,3040720.97553558
2022-08-03 01:00:00+00:00,3042382.46198278
2022-08-03 02:00:00+00:00,3043189.31095743
2022-08-03 03:00:00+00:00,3042203.84486211
2022-08-03 04:00:00+00:00,3042286.13280599
2022-08-03 05:00:00+00:00,3042211.22092376
2022-08-03 06:00:00+00:00,3042222.47449802
2022-08-03 07:00:00+00:00,3041429.30995712
2022-08-03 08:00:00+00:00,3041507.7637475203
2022-08-03 09:00:00+00:00,3040297.55529885
2022-08-03 10:00:00+00:00,3040342.78423463
2022-08-03 11:00:00+00:00,3041441.89619773
2022-08-03 12:00:00+00:00,3048257.76217445
2022-08-03 13:00:00+00:00,3049285.91292599
2022-08-03 14:00:00+00:00,3048368.44827363
2022-08-03 15:00:00+00:00,3045113.86742937
2022-08-03 16:00:00+00:00,3043651.46069926
2022-08-03 17:00:00+00:00,3043220.8214462
2022-08-03 18:00:00+00:00,3043231.70506528
2022-08-03 19:00:00+00:00,3043236.18451577
2022-08-03 20:00:00+00:00,3044992.53883234
2022-08-03 21:00:00+00:00,3046030.98343919
2022-08-03 22:00:00+00:00,3045991.32899461
2022-08-03 23:00:00+00:00,3045787.28195974
2022-08-04 00:00:00+00:00,3045792.01255302
2022-08-04 01:00:00+00:00,3047012.31432196
2022-08-04 02:00:00+00:00,3046845.91969591
2022-08-04 03:00:00+00:00,3045833.17825025
2022-08-04 04:00:00+00:00,3043818.83149572
2022-08-04 05:00:00+00:00,3043842.1187925
2022-08-04 06:00:00+00:00,3043859.20427716
2022-08-04 07:00:00+00:00,3044122.40945212
2022-08-04 08:00:00+00:00,3047455.89339737
2022-08-04 09:00:00+00:00,3046367.83050691
2022-08-04 10:00:00+00:00,3046454.20656983
2022-08-04 11:00:00+00:00,3048487.3603603803
2022-08-04 12:00:00+00:00,3057413.53287802
2022-08-04 13:00:00+00:00,3057404.35377829
2022-08-04 14:00:00+00:00,3057466.69536633
2022-08-04 15:00:00+00:00,3057573.6800991
2022-08-04 16:00:00+00:00,3057517.88808112
2022-08-04 17:00:00+00:00,3057512.92739853
2022-08-04 18:00:00+00:00,3057274.85929093
2022-08-04 19:00:00+00:00,3054771.15325788
2022-08-04 20:00:00+00:00,3054936.77270225
2022-08-04 21:00:00+00:00,3058178.67823712
2022-08-04 22:00:00+00:00,3058052.1395663302
2022-08-04 23:00:00+00:00,3056193.28536853
2022-08-05 00:00:00+00:00,3056490.6925017103
2022-08-05 01:00:00+00:00,3056535.8713943
2022-08-05 02:00:00+00:00,3056474.64894789
2022-08-05 03:00:00+00:00,3055540.30754884
2022-08-05 04:00:00+00:00,3056573.10457076
2022-08-05 05:00:00+00:00,3056566.84443325
2022-08-05 06:00:00+00:00,3056719.04469856
2022-08-05 07:00:00+00:00,3057712.67207601
2022-08-05 08:00:00+00:00,3057406.72286941
2022-08-05 09:00:00+00:00,3056417.92201005
2022-08-05 10:00:00+00:00,3055353.46949297
2022-08-05 11:00:00+00:00,3056427.42231334
2022-08-05 12:00:00+00:00,3056611.27119747
2022-08-05 13:00:00+00:00,3057677.09548508
2022-08-05 14:00:00+00:00,3058563.48170398
2022-08-05 15:00:00+00:00,3067292.9040954
2022-08-05 16:00:00+00:00,3067380.490921
2022-08-05 17:00:00+00:00,3068605.66803751
2022-08-05 18:00:00+00:00,3067306.98898736
2022-08-05 19:00:00+00:00,3067063.1942327702
2022-08-05 20:00:00+00:00,3067607.84105654
2022-08-05 21:00:00+00:00,3068686.93757446
2022-08-05 22:00:00+00:00,3069640.24613407
2022-08-05 23:00:00+00:00,3069757.27130423
2022-08-06 00:00:00+00:00,3068480.1085041403
2022-08-06 01:00:00+00:00,3068514.77828376
2022-08-06 02:00:00+00:00,3068695.39078149
2022-08-06 03:00:00+00:00,3067652.93725231
2022-08-06 04:00:00+00:00,3066457.93654956
2022-08-06 05:00:00+00:00,3065463.8659611
2022-08-06 06:00:00+00:00,3065429.10214428
2022-08-06 07:00:00+00:00,3066455.47934124
2022-08-06 08:00:00+00:00,3066442.28310061
2022-08-06 09:00:00+00:00,3065227.10428446
2022-08-06 10:00:00+00:00,3065215.46178169
2022-08-06 11:00:00+00:00,3065192.57863486
2022-08-06 12:00:00+00:00,3066313.6183466
2022-08-06 13:00:00+00:00,3066333.87448053
2022-08-06 14:00:00+00:00,3066306.33265372
2022-08-06 15:00:00+00:00,3066326.09821704
2022-08-06 16:00:00+00:00,3066190.16078871
2022-08-06 17:00:00+00:00,3064907.90965881
2022-08-06 18:00:00+00:00,3064886.90415515
2022-08-06 19:00:00+00:00,3064954.04802375
2022-08-06 20:00:00+00:00,3064922.37397832
2022-08-06 21:00:00+00:00,3064946.75748874
2022-08-06 22:00:00+00:00,3064966.0112029403
2022-08-06 23:00:00+00:00,3064999.3531153803
2022-08-07 00:00:00+00:00,3065015.54860605
2022-08-07 01:00:00+00:00,3064882.4509644
2022-08-07 02:00:00+00:00,3064900.78003208
2022-08-07 03:00:00+00:00,3064910.05509071
2022-08-07 04:00:00+00:00,3064702.04497447
2022-08-07 05:00:00+00:00,3063975.36716181
2022-08-07 06:00:00+00:00,3061993.4626012403
2022-08-07 07:00:00+00:00,3060611.46219332
2022-08-07 08:00:00+00:00,3060887.5776944603
2022-08-07 09:00:00+00:00,3059861.27987068
2022-08-07 10:00:00+00:00,3059851.1913722
2022-08-07 11:00:00+00:00,3059862.32417403
2022-08-07 12:00:00+00:00,3059761.61911178
2022-08-07 13:00:00+00:00,3059762.65026704
2022-08-07 14:00:00+00:00,3059764.14958811
2022-08-07 15:00:00+00:00,3059846.49896354
2022-08-07 16:00:00+00:00,3059275.84836253
2022-08-07 17:00:00+00:00,3059332.95450216
2022-08-07 18:00:00+00:00,3060814.95655827
2022-08-07 19:00:00+00:00,3060849.23632385
2022-08-07 20:00:00+00:00,3060860.8617522903
2022-08-07 21:00:00+00:00,3060844.92533551
2022-08-07 22:00:00+00:00,3055354.01565347
2022-08-07 23:00:00+00:00,3055319.74583451
2022-08-08 00:00:00+00:00,3058932.6375736003
2022-08-08 01:00:00+00:00,3059049.04077892
2022-08-08 02:00:00+00:00,3058902.19094135
2022-08-08 03:00:00+00:00,3058974.16457999
2022-08-08 04:00:00+00:00,3058914.45140186
2022-08-08 05:00:00+00:00,3059035.65079622
2022-08-08 06:00:00+00:00,3058856.4404136
2022-08-08 07:00:00+00:00,3058401.8718613503
2022-08-08 08:00:00+00:00,3058443.50159195
2022-08-08 09:00:00+00:00,3057726.7687106403
2022-08-08 10:00:00+00:00,3058153.13403361
2022-08-08 11:00:00+00:00,3058330.35162306
2022-08-08 12:00:00+00:00,3058604.88876563
2022-08-08 13:00:00+00:00,3058851.21687606
2022-08-08 14:00:00+00:00,3060025.13136387
2022-08-08 15:00:00+00:00,3061459.48399552
2022-08-08 16:00:00+00:00,3060384.54039646
2022-08-08 17:00:00+00:00,3060382.62838005
2022-08-08 18:00:00+00:00,3060496.02955117
2022-08-08 19:00:00+00:00,3060601.56119223
2022-08-08 20:00:00+00:00,3060563.91027212
2022-08-08 21:00:00+00:00,3059867.74095357
2022-08-08 22:00:00+00:00,3059872.79829142
2022-08-08 23:00:00+00:00,3060294.3841594
2022-08-09 00:00:00+00:00,3060145.6379065
2022-08-09 01:00:00+00:00,3059931.92925659
2022-08-09 02:00:00+00:00,3058446.98194957
2022-08-09 03:00:00+00:00,3058870.16666317
2022-08-09 04:00:00+00:00,3055439.65904351
2022-08-09 05:00:00+00:00,3055380.28482812
2022-08-09 06:00:00+00:00,3055126.6885638
2022-08-09 07:00:00+00:00,3055088.1317407303
2022-08-09 08:00:00+00:00,3052590.84344048
2022-08-09 09:00:00+00:00,3050856.29051712
2022-08-09 10:00:00+00:00,3051126.71482757
2022-08-09 11:00:00+00:00,3050095.6587727102
2022-08-09 12:00:00+00:00,3050435.49756665
2022-08-09 13:00:00+00:00,3051363.6529761
2022-08-09 14:00:00+00:00,3051267.48117192
2022-08-09 15:00:00+00:00,3050094.0881651803
2022-08-09 16:00:00+00:00,3050263.01803641
2022-08-09 17:00:00+00:00,3050209.85576488
2022-08-09 18:00:00+00:00,3038449.42273824
2022-08-09 19:00:00+00:00,3040664.89676882
2022-08-09 20:00:00+00:00,3037314.02721932
2022-08-09 21:00:00+00:00,3036315.67330306
2022-08-09 22:00:00+00:00,3036797.61500449
2022-08-09 23:00:00+00:00,3036687.6135757
2022-08-10 00:00:00+00:00,3036722.83642722
2022-08-10 01:00:00+00:00,3036914.62208563
2022-08-10 02:00:00+00:00,3036779.6749944403
2022-08-10 03:00:00+00:00,3036217.74442898
2022-08-10 04:00:00+00:00,3031998.99122257
2022-08-10 05:00:00+00:00,3032051.8837490203
2022-08-10 06:00:00+00:00,3031485.09421947
2022-08-10 07:00:00+00:00,3044042.129922
2022-08-10 08:00:00+00:00,3044069.76245981
2022-08-10 09:00:00+00:00,3042551.63952169
2022-08-10 10:00:00+00:00,3042545.64882574
2022-08-10 11:00:00+00:00,3042419.7931551803
2022-08-10 12:00:00+00:00,3044589.93803315
2022-08-10 13:00:00+00:00,3043145.00064531
2022-08-10 14:00:00+00:00,3039870.28234078
2022-08-10 15:00:00+00:00,3039194.1325466502
2022-08-10 16:00:00+00:00,3039230.14162749
2022-08-10 17:00:00+00:00,3040224.70167341
2022-08-10 18:00:00+00:00,3043847.93798832
2022-08-10 19:00:00+00:00,3041346.47295593
2022-08-10 20:00:00+00:00,3040036.65054993
2022-08-10 21:00:00+00:00,3040425.9796344
2022-08-10 22:00:00+00:00,3040570.3823933
2022-08-10 23:00:00+00:00,3039368.09330366
2022-08-11 00:00:00+00:00,3039327.32934212
2022-08-11 01:00:00+00:00,3039947.6741414303
2022-08-11 02:00:00+00:00,3035419.48984694
2022-08-11 03:00:00+00:00,3036202.6544454
2022-08-11 04:00:00+00:00,3033102.6177939503
2022-08-11 05:00:00+00:00,3034229.94159972
2022-08-11 06:00:00+00:00,3035172.2456403603
2022-08-11 07:00:00+00:00,3035306.52774578
2022-08-11 08:00:00+00:00,3035180.20327639
2022-08-11 09:00:00+00:00,3045396.87298886
2022-08-11 10:00:00+00:00,3044562.3993676403
2022-08-11 11:00:00+00:00,3044282.3182576
2022-08-11 12:00:00+00:00,3044644.67524509
2022-08-11 13:00:00+00:00,3045825.05576574
2022-08-11 14:00:00+00:00,3044974.45112978
2022-08-11 15:00:00+00:00,3044901.18192921
2022-08-11 16:00:00+00:00,3045630.58650449
2022-08-11 17:00:00+00:00,3045595.1993636
2022-08-11 18:00:00+00:00,3045562.76116092
2022-08-11 19:00:00+00:00,3044185.17440417
2022-08-11 20:00:00+00:00,3044390.39480577
2022-08-11 21:00:00+00:00,3044250.0323190503
2022-08-11 22:00:00+00:00,3044357.4864268
2022-08-11 23:00:00+00:00,3044371.37204178
2022-08-12 00:00:00+00:00,3044306.56801031
2022-08-12 01:00:00+00:00,3044257.60679577
2022-08-12 02:00:00+00:00,3044283.50829532
2022-08-12 03:00:00+00:00,3044259.77635104
2022-08-12 04:00:00+00:00,3044140.15823098
2022-08-12 05:00:00+00:00,3043461.68131266
2022-08-12 06:00:00+00:00,3043620.0228251
2022-08-12 07:00:00+00:00,3042945.46927534
2022-08-12 08:00:00+00:00,3042904.66385154
2022-08-12 09:00:00+00:00,3040902.11735406
2022-08-12 10:00:00+00:00,3044461.03144918
2022-08-12 11:00:00+00:00,3045393.74670135
2022-08-12 12:00:00+00:00,3045008.27178722
2022-08-12 13:00:00+00:00,3045105.97000566
2022-08-12 14:00:00+00:00,3044255.79448758
2022-08-12 15:00:00+00:00,3044330.4151284
2022-08-12 16:00:00+00:00,3045213.97710583
2022-08-12 17:00:00+00:00,3044977.83275782
2022-08-12 18:00:00+00:00,3044977.87940534
2022-08-12 19:00:00+00:00,3042912.80346528
2022-08-12 20:00:00+00:00,3043072.8217125
2022-08-12 21:00:00+00:00,3043439.17016662
2022-08-12 22:00:00+00:00,3043201.02290705
2022-08-12 23:00:00+00:00,3043249.4211801603
2022-08-13 00:00:00+00:00,3044358.07022788
2022-08-13 01:00:00+00:00,3044437.57683462
2022-08-13 02:00:00+00:00,3044321.64440679
2022-08-13 03:00:00+00:00,3044758.36681568
2022-08-13 04:00:00+00:00,3044761.48187396
2022-08-13 05:00:00+00:00,3044719.7680118303
2022-08-13 06:00:00+00:00,3044669.3731181
2022-08-13 07:00:00+00:00,3043655.35427318
2022-08-13 08:00:00+00:00,3045598.52699271
2022-08-13 09:00:00+00:00,3043330.18528567
2022-08-13 10:00:00+00:00,3043264.83477349
2022-08-13 11:00:00+00:00,3044323.57026589
2022-08-13 12:00:00+00:00,3043315.55168042
2022-08-13 13:00:00+00:00,3044376.34035442
2022-08-13 14:00:00+00:00,3043858.65770762
2022-08-13 15:00:00+00:00,3043922.47310181
2022-08-13 16:00:00+00:00,3043524.52562737
2022-08-13 17:00:00+00:00,3043547.8210755503
2022-08-13 18:00:00+00:00,3043581.33589951
2022-08-13 19:00:00+00:00,3043590.83931834
2022-08-13 20:00:00+00:00,3043588.1942647803
2022-08-13 21:00:00+00:00,3043652.88435621
2022-08-13 22:00:00+00:00,3044808.46824987
2022-08-13 23:00:00+00:00,3044877.62056467
2022-08-14 00:00:00+00:00,3044844.15894781
2022-08-14 01:00:00+00:00,3045077.08290998
2022-08-14 02:00:00+00:00,3045034.91062527
2022-08-14 03:00:00+00:00,3045036.58047637
2022-08-14 04:00:00+00:00,3045063.41495386
2022-08-14 05:00:00+00:00,3045063.2995827
2022-08-14 06:00:00+00:00,3044779.83370551
2022-08-14 07:00:00+00:00,3042775.85900928
2022-08-14 08:00:00+00:00,3042872.64660021
2022-08-14 09:00:00+00:00,3041730.21161293
2022-08-14 10:00:00+00:00,3042920.50906175
2022-08-14 11:00:00+00:00,3042968.74253478
2022-08-14 12:00:00+00:00,3043997.55544847
2022-08-14 13:00:00+00:00,3045086.51230016
2022-08-14 14:00:00+00:00,3047662.4903927
2022-08-14 15:00:00+00:00,3048314.9897057503
2022-08-14 16:00:00+00:00,3048189.12379934
2022-08-14 17:00:00+00:00,3049305.93900324
2022-08-14 18:00:00+00:00,3049348.40279763
2022-08-14 19:00:00+00:00,3049636.02139333
2022-08-14 20:00:00+00:00,3049748.2022011
2022-08-14 21:00:00+00:00,3049753.2184376
2022-08-14 22:00:00+00:00,3049806.20266807
2022-08-14 23:00:00+00:00,3049890.90662829
2022-08-15 00:00:00+00:00,3050086.34471844
2022-08-15 01:00:00+00:00,3050012.36002002
2022-08-15 02:00:00+00:00,3049842.15551572
2022-08-15 03:00:00+00:00,3049521.46937299
2022-08-15 04:00:00+00:00,3050468.58420936
2022-08-15 05:00:00+00:00,3050449.42787264
2022-08-15 06:00:00+00:00,3052502.60044563
2022-08-15 07:00:00+00:00,3051602.16895823
2022-08-15 08:00:00+00:00,3052098.27546364
2022-08-15 09:00:00+00:00,3050409.00545855
2022-08-15 10:00:00+00:00,3050642.35772466
2022-08-15 11:00:00+00:00,3050164.06320721
2022-08-15 12:00:00+00:00,3050478.69584124
2022-08-15 13:00:00+00:00,3052398.11726908
2022-08-15 14:00:00+00:00,3050335.1389453
2022-08-15 15:00:00+00:00,3051404.87167693
2022-08-15 16:00:00+00:00,3050915.68933312
2022-08-15 17:00:00+00:00,3050458.48173096
2022-08-15 18:00:00+00:00,3050446.41717584
2022-08-15 19:00:00+00:00,3050781.85354981
2022-08-15 20:00:00+00:00,3052284.32909266
2022-08-15 21:00:00+00:00,3052881.28052983
2022-08-15 22:00:00+00:00,3052760.00919991
2022-08-15 23:00:00+00:00,3052866.83358829
2022-08-16 00:00:00+00:00,3052899.41824608
2022-08-16 01:00:00+00:00,3053860.35237821
2022-08-16 02:00:00+00:00,3053855.8852937003
2022-08-16 03:00:00+00:00,3041076.50957487
2022-08-16 04:00:00+00:00,3041001.28980054
2022-08-16 05:00:00+00:00,3041091.4130243
2022-08-16 06:00:00+00:00,3041036.6726998203
2022-08-16 07:00:00+00:00,3040777.6411897503
2022-08-16 08:00:00+00:00,3040819.4227479
2022-08-16 09:00:00+00:00,3038509.79815472
2022-08-16 10:00:00+00:00,3038615.52220949
2022-08-16 11:00:00+00:00,3038471.31493528
2022-08-16 12:00:00+00:00,3038576.30288763
2022-08-16 13:00:00+00:00,3038247.87146036
2022-08-16 14:00:00+00:00,3035914.04221278
2022-08-16 15:00:00+00:00,3036527.39289668
2022-08-16 16:00:00+00:00,3036653.16412403
2022-08-16 17:00:00+00:00,3038343.8920743503
2022-08-16 18:00:00+00:00,3039180.44231614
2022-08-16 19:00:00+00:00,3039334.91051564
2022-08-16 20:00:00+00:00,3038517.3910389203
2022-08-16 21:00:00+00:00,3039968.99345442
2022-08-16 22:00:00+00:00,3040167.55149909
2022-08-16 23:00:00+00:00,3040479.22227426
2022-08-17 00:00:00+00:00,3040200.38181367
2022-08-17 01:00:00+00:00,3040471.58159898
2022-08-17 02:00:00+00:00,3040898.94848662
2022-08-17 03:00:00+00:00,3042048.29005775
2022-08-17 04:00:00+00:00,3042110.08744056
2022-08-17 05:00:00+00:00,3043812.16412843
2022-08-17 06:00:00+00:00,3043927.35228094
2022-08-17 07:00:00+00:00,3044179.43508019
2022-08-17 08:00:00+00:00,3044151.48761904
2022-08-17 09:00:00+00:00,3039581.6437657
2022-08-17 10:00:00+00:00,3038699.4502027
2022-08-17 11:00:00+00:00,3038715.74020274
2022-08-17 12:00:00+00:00,3037580.26222743
2022-08-17 13:00:00+00:00,3036067.2150576003
2022-08-17 14:00:00+00:00,3037026.72943597
2022-08-17 15:00:00+00:00,3035871.11996291
2022-08-17 16:00:00+00:00,3037921.85676453
2022-08-17 17:00:00+00:00,3037921.28355465
2022-08-17 18:00:00+00:00,3040192.35331978
2022-08-17 19:00:00+00:00,3040512.06345302
2022-08-17 20:00:00+00:00,3040560.30157405
2022-08-17 21:00:00+00:00,3038730.87039528
2022-08-17 22:00:00+00:00,3039732.5410404103
2022-08-17 23:00:00+00:00,3039636.23893492
2022-08-18 00:00:00+00:00,3040994.32876286
2022-08-18 01:00:00+00:00,3046035.07601192
2022-08-18 02:00:00+00:00,3046064.53035158
2022-08-18 03:00:00+00:00,3045332.9461818403
2022-08-18 04:00:00+00:00,3047248.14282237
2022-08-18 05:00:00+00:00,3047306.71171855
2022-08-18 06:00:00+00:00,3044252.27152791
2022-08-18 07:00:00+00:00,3042448.86151477
2022-08-18 08:00:00+00:00,3041340.41830251
2022-08-18 09:00:00+00:00,3039527.1917955102
2022-08-18 10:00:00+00:00,3038101.42178746
2022-08-18 11:00:00+00:00,3038225.37938367
2022-08-18 12:00:00+00:00,3038833.7273559603
2022-08-18 13:00:00+00:00,3039984.96425931
2022-08-18 14:00:00+00:00,3045013.54662998
2022-08-18 15:00:00+00:00,3044952.64073863
2022-08-18 16:00:00+00:00,3046656.79584347
2022-08-18 17:00:00+00:00,3047587.08145471
2022-08-18 18:00:00+00:00,3048841.52930952
2022-08-18 19:00:00+00:00,3047525.42928986
2022-08-18 20:00:00+00:00,3046614.64435218
2022-08-18 21:00:00+00:00,3046735.69320836
2022-08-18 22:00:00+00:00,3048156.69541019
2022-08-18 23:00:00+00:00,3050366.78854771
2022-08-19 00:00:00+00:00,3048402.11225713
2022-08-19 01:00:00+00:00,3048421.34512291
2022-08-19 02:00:00+00:00,3048646.80720272
2022-08-19 03:00:00+00:00,3048613.86643277
2022-08-19 04:00:00+00:00,3048602.09123344
2022-08-19 05:00:00+00:00,3047164.54669128
2022-08-19 06:00:00+00:00,3048541.39521736
2022-08-19 07:00:00+00:00,3049219.03410986
2022-08-19 08:00:00+00:00,3049938.28783701
2022-08-19 09:00:00+00:00,3050536.54243774
2022-08-19 10:00:00+00:00,3050682.85917777
2022-08-19 11:00:00+00:00,3046252.2413124
2022-08-19 12:00:00+00:00,3046636.7887799
2022-08-19 13:00:00+00:00,3046950.57221372
2022-08-19 14:00:00+00:00,3048593.05587262
2022-08-19 15:00:00+00:00,3048126.78760493
2022-08-19 16:00:00+00:00,3046504.26352053
2022-08-19 17:00:00+00:00,3044307.27168296
2022-08-19 18:00:00+00:00,3045125.81178204
2022-08-19 19:00:00+00:00,3043672.72467616
2022-08-19 20:00:00+00:00,3042866.43853158
2022-08-19 21:00:00+00:00,3044675.90316361
2022-08-19 22:00:00+00:00,3046021.15631431
2022-08-19 23:00:00+00:00,3043633.28946395
2022-08-20 00:00:00+00:00,3042812.5687163
2022-08-20 01:00:00+00:00,3041772.82963035
2022-08-20 02:00:00+00:00,3041818.1098199
2022-08-20 03:00:00+00:00,3041854.0360995
2022-08-20 04:00:00+00:00,3040809.86887712
2022-08-20 05:00:00+00:00,3040856.8953662203
2022-08-20 06:00:00+00:00,3040858.67134731
2022-08-20 07:00:00+00:00,3039911.78861597
2022-08-20 08:00:00+00:00,3040031.45584008
2022-08-20 09:00:00+00:00,3038923.15027953
2022-08-20 10:00:00+00:00,3038942.83901647
2022-08-20 11:00:00+00:00,3038961.46773138
2022-08-20 12:00:00+00:00,3038893.46065477
2022-08-20 13:00:00+00:00,3038900.21817413
2022-08-20 14:00:00+00:00,3038867.65771739
2022-08-20 15:00:00+00:00,3038925.5987449
2022-08-20 16:00:00+00:00,3040026.56885044
2022-08-20 17:00:00+00:00,3041065.4691259903
2022-08-20 18:00:00+00:00,3041175.54458211
2022-08-20 19:00:00+00:00,3045975.49815595
2022-08-20 20:00:00+00:00,3046128.4866535203
2022-08-20 21:00:00+00:00,3046259.7004258703
2022-08-20 22:00:00+00:00,3046269.5877103503
2022-08-20 23:00:00+00:00,3046176.71925583
2022-08-21 00:00:00+00:00,3048592.02575272
2022-08-21 01:00:00+00:00,3048625.5720297103
2022-08-21 02:00:00+00:00,3048514.42042644
2022-08-21 03:00:00+00:00,3048475.93680864
2022-08-21 04:00:00+00:00,3048412.2337469603
2022-08-21 05:00:00+00:00,3048461.89719722
2022-08-21 06:00:00+00:00,3048194.90354561
2022-08-21 07:00:00+00:00,3047161.41010193
2022-08-21 08:00:00+00:00,3047176.48903953
2022-08-21 09:00:00+00:00,3046049.10770002
2022-08-21 10:00:00+00:00,3046354.99641598
2022-08-21 11:00:00+00:00,3046441.63027541
2022-08-21 12:00:00+00:00,3046428.28204572
2022-08-21 13:00:00+00:00,3046439.58964654
2022-08-21 14:00:00+00:00,3046370.22167881
2022-08-21 15:00:00+00:00,3047776.67515395
2022-08-21 16:00:00+00:00,3046026.99620644
2022-08-21 17:00:00+00:00,3046181.2620480102
2022-08-21 18:00:00+00:00,3046201.4632588
2022-08-21 19:00:00+00:00,3048371.42194529
2022-08-21 20:00:00+00:00,3048398.47265335
2022-08-21 21:00:00+00:00,3048627.3949169
2022-08-21 22:00:00+00:00,3048694.38300799
2022-08-21 23:00:00+00:00,3048717.90418906
2022-08-22 00:00:00+00:00,3048730.50072004
2022-08-22 01:00:00+00:00,3048696.1634974303
2022-08-22 02:00:00+00:00,3048418.14041845
2022-08-22 03:00:00+00:00,3048354.31881836
2022-08-22 04:00:00+00:00,3048178.21866287
2022-08-22 05:00:00+00:00,3049283.29875226
2022-08-22 06:00:00+00:00,3049431.14052568
2022-08-22 07:00:00+00:00,3049719.24830068
2022-08-22 08:00:00+00:00,3048747.05273659
2022-08-22 09:00:00+00:00,3049851.15675616
2022-08-22 10:00:00+00:00,3046575.81601289
2022-08-22 11:00:00+00:00,3046987.92968024
2022-08-22 12:00:00+00:00,3047254.00786887
2022-08-22 13:00:00+00:00,3048440.31951303
2022-08-22 14:00:00+00:00,3048545.01379826
2022-08-22 15:00:00+00:00,3048837.47835958
2022-08-22 16:00:00+00:00,3048757.91323343
2022-08-22 17:00:00+00:00,3037871.66350637
2022-08-22 18:00:00+00:00,3037794.8217149703
2022-08-22 19:00:00+00:00,3037933.71028502
2022-08-22 20:00:00+00:00,3036120.1618806203
2022-08-22 21:00:00+00:00,3036161.48023393
2022-08-22 22:00:00+00:00,3036345.75374944
2022-08-22 23:00:00+00:00,3036455.23156945
2022-08-23 00:00:00+00:00,3036442.7883958803
2022-08-23 01:00:00+00:00,3036388.44069851
2022-08-23 02:00:00+00:00,3036485.90395862
2022-08-23 03:00:00+00:00,3036446.12141833
2022-08-23 04:00:00+00:00,3036424.85817579
2022-08-23 05:00:00+00:00,3036903.42788655
2022-08-23 06:00:00+00:00,3037074.57522413
2022-08-23 07:00:00+00:00,3035578.48992109
2022-08-23 08:00:00+00:00,3045361.86054138
2022-08-23 09:00:00+00:00,3044249.34623038
2022-08-23 10:00:00+00:00,3044323.72683137
2022-08-23 11:00:00+00:00,3044203.7814880703
2022-08-23 12:00:00+00:00,3044670.86139834
2022-08-23 13:00:00+00:00,3044683.19695086
2022-08-23 14:00:00+00:00,3046682.2127687
2022-08-23 15:00:00+00:00,3044871.26554047
2022-08-23 16:00:00+00:00,3043701.18596315
2022-08-23 17:00:00+00:00,3044362.30997972
2022-08-23 18:00:00+00:00,3044682.82408638
2022-08-23 19:00:00+00:00,3044701.34648235
2022-08-23 20:00:00+00:00,3044876.23580531
2022-08-23 21:00:00+00:00,3047124.0167405503
2022-08-23 22:00:00+00:00,3047096.56719579
2022-08-23 23:00:00+00:00,3047036.50106275
2022-08-24 00:00:00+00:00,3047034.67949322
2022-08-24 01:00:00+00:00,3046691.68802327
2022-08-24 02:00:00+00:00,3046701.5328389
2022-08-24 03:00:00+00:00,3045977.62991596
2022-08-24 04:00:00+00:00,3044973.11352174
2022-08-24 05:00:00+00:00,3046046.10661173
2022-08-24 06:00:00+00:00,3046198.19867077
2022-08-24 07:00:00+00:00,3045937.83967654
2022-08-24 08:00:00+00:00,3045833.60732284
2022-08-24 09:00:00+00:00,3043915.67975107
2022-08-24 10:00:00+00:00,3043989.40829591
2022-08-24 11:00:00+00:00,3045114.55926703
2022-08-24 12:00:00+00:00,3046494.4337612
2022-08-24 13:00:00+00:00,3045493.9129234003
2022-08-24 14:00:00+00:00,3043434.89691192
2022-08-24 15:00:00+00:00,3043554.21668865
2022-08-24 16:00:00+00:00,3046002.88623619
2022-08-24 17:00:00+00:00,3045964.4759028503
2022-08-24 18:00:00+00:00,3045762.22685798
2022-08-24 19:00:00+00:00,3044674.39594512
2022-08-24 20:00:00+00:00,3045184.70422285
2022-08-24 21:00:00+00:00,3048538.2355837403
2022-08-24 22:00:00+00:00,3049834.33831149
2022-08-24 23:00:00+00:00,3049633.93036219
2022-08-25 00:00:00+00:00,3049771.68525025
2022-08-25 01:00:00+00:00,3049938.26175806
2022-08-25 02:00:00+00:00,3053384.4245392103
2022-08-25 03:00:00+00:00,3054462.43499654
2022-08-25 04:00:00+00:00,3054398.96210512
2022-08-25 05:00:00+00:00,3054736.62993404
2022-08-25 06:00:00+00:00,3054895.73576625
2022-08-25 07:00:00+00:00,3054929.77730963
2022-08-25 08:00:00+00:00,3055015.05865802
2022-08-25 09:00:00+00:00,3053874.30148074
2022-08-25 10:00:00+00:00,3055523.68484673
2022-08-25 11:00:00+00:00,3056541.01354544
2022-08-25 12:00:00+00:00,3056585.58939438
2022-08-25 13:00:00+00:00,3056723.90415489
2022-08-25 14:00:00+00:00,3053327.49275705
2022-08-25 15:00:00+00:00,3053314.91327737
2022-08-25 16:00:00+00:00,3052975.75834589
2022-08-25 17:00:00+00:00,3051987.04262674
2022-08-25 18:00:00+00:00,3052110.138682
2022-08-25 19:00:00+00:00,3050486.39843693
2022-08-25 20:00:00+00:00,3051465.50337598
2022-08-25 21:00:00+00:00,3052525.10491582
2022-08-25 22:00:00+00:00,3052464.36479902
2022-08-25 23:00:00+00:00,3052507.84315258
2022-08-26 00:00:00+00:00,3052563.6620972003
2022-08-26 01:00:00+00:00,3052721.81437742
2022-08-26 02:00:00+00:00,3052967.66899054
2022-08-26 03:00:00+00:00,3053188.82167252
2022-08-26 04:00:00+00:00,3053512.31163991
2022-08-26 05:00:00+00:00,3053414.65743675
2022-08-26 06:00:00+00:00,3053204.01663298
2022-08-26 07:00:00+00:00,3051337.79170719
2022-08-26 08:00:00+00:00,3051508.9716572203
2022-08-26 09:00:00+00:00,3050388.99314014
2022-08-26 10:00:00+00:00,3050260.11123224
2022-08-26 11:00:00+00:00,3050578.97054364
2022-08-26 12:00:00+00:00,3050598.28594102
2022-08-26 13:00:00+00:00,3050940.4597380003
2022-08-26 14:00:00+00:00,3050918.29808021
2022-08-26 15:00:00+00:00,3051218.86367871
2022-08-26 16:00:00+00:00,3052121.44958828
2022-08-26 17:00:00+00:00,3051940.77389868
2022-08-26 18:00:00+00:00,3052622.0094247703
2022-08-26 19:00:00+00:00,3052443.58112633
2022-08-26 20:00:00+00:00,3052263.93001431
2022-08-26 21:00:00+00:00,3049802.05150596
2022-08-26 22:00:00+00:00,3051005.9875843
2022-08-26 23:00:00+00:00,3050855.35931372
2022-08-27 00:00:00+00:00,3050749.87283317
2022-08-27 01:00:00+00:00,3050724.96312392
2022-08-27 02:00:00+00:00,3050851.20481013
2022-08-27 03:00:00+00:00,3050922.79023933
2022-08-27 04:00:00+00:00,3049924.19992291
2022-08-27 05:00:00+00:00,3050067.56255798
2022-08-27 06:00:00+00:00,3050143.02718578
2022-08-27 07:00:00+00:00,3050087.2864168403
2022-08-27 08:00:00+00:00,3047900.41202108
2022-08-27 09:00:00+00:00,3047863.64382717
2022-08-27 10:00:00+00:00,3047869.25553236
2022-08-27 11:00:00+00:00,3048868.84096557
2022-08-27 12:00:00+00:00,3047594.01889538
2022-08-27 13:00:00+00:00,3047733.73919418
2022-08-27 14:00:00+00:00,3047956.31995355
2022-08-27 15:00:00+00:00,3048228.61229912
2022-08-27 16:00:00+00:00,3048293.62462848
2022-08-27 17:00:00+00:00,3047976.92066981
2022-08-27 18:00:00+00:00,3047955.32086063
2022-08-27 19:00:00+00:00,3047984.66169327
2022-08-27 20:00:00+00:00,3048215.13859543
2022-08-27 21:00:00+00:00,3048505.16355098
2022-08-27 22:00:00+00:00,3048606.5247356
2022-08-27 23:00:00+00:00,3048537.48517064
2022-08-28 00:00:00+00:00,3048557.70933806
2022-08-28 01:00:00+00:00,3048534.13261264
2022-08-28 02:00:00+00:00,3048545.92760954
2022-08-28 03:00:00+00:00,3048644.34253017
2022-08-28 04:00:00+00:00,3048710.26802506
2022-08-28 05:00:00+00:00,3048728.61142116
2022-08-28 06:00:00+00:00,3048707.39818954
2022-08-28 07:00:00+00:00,3048744.4687115
2022-08-28 08:00:00+00:00,3048782.2509428603
2022-08-28 09:00:00+00:00,3048621.8856799603
2022-08-28 10:00:00+00:00,3048659.92617936
2022-08-28 11:00:00+00:00,3048657.57717988
2022-08-28 12:00:00+00:00,3048791.63464787
2022-08-28 13:00:00+00:00,3048917.73916665
2022-08-28 14:00:00+00:00,3048913.84041352
2022-08-28 15:00:00+00:00,3048724.71339394
2022-08-28 16:00:00+00:00,3048738.06843032
2022-08-28 17:00:00+00:00,3048767.42402891
2022-08-28 18:00:00+00:00,3048800.62162666
2022-08-28 19:00:00+00:00,3048828.53235344
2022-08-28 20:00:00+00:00,3049016.2109826
2022-08-28 21:00:00+00:00,3049085.62216413
2022-08-28 22:00:00+00:00,3049289.46444604
2022-08-28 23:00:00+00:00,3049388.77702421
2022-08-29 00:00:00+00:00,3049741.5330063
2022-08-29 01:00:00+00:00,3050148.45855505
2022-08-29 02:00:00+00:00,3050150.1640394
2022-08-29 03:00:00+00:00,3050521.07882309
2022-08-29 04:00:00+00:00,3050663.823598
2022-08-29 05:00:00+00:00,3051147.50577113
2022-08-29 06:00:00+00:00,3051331.1757713403
2022-08-29 07:00:00+00:00,3052589.8367603
2022-08-29 08:00:00+00:00,3052254.08541012
2022-08-29 09:00:00+00:00,3050787.91016338
2022-08-29 10:00:00+00:00,3050851.69558762
2022-08-29 11:00:00+00:00,3051852.0636676103
2022-08-29 12:00:00+00:00,3051449.64647072
2022-08-29 13:00:00+00:00,3053895.34488095
2022-08-29 14:00:00+00:00,3054686.4999127
2022-08-29 15:00:00+00:00,3053334.46659454
2022-08-29 16:00:00+00:00,3051348.01624604
2022-08-29 17:00:00+00:00,3050717.62155075
2022-08-29 18:00:00+00:00,3050666.81284984
2022-08-29 19:00:00+00:00,3052136.5144407903
2022-08-29 20:00:00+00:00,3052177.07608392
2022-08-29 21:00:00+00:00,3048109.55380181
2022-08-29 22:00:00+00:00,3048092.7778339502
2022-08-29 23:00:00+00:00,3047097.3196041
2022-08-30 00:00:00+00:00,3047201.42339418
2022-08-30 01:00:00+00:00,3047296.9082104
2022-08-30 02:00:00+00:00,3046347.72917233
2022-08-30 03:00:00+00:00,3046508.9135983502
2022-08-30 04:00:00+00:00,3046708.8658025903
2022-08-30 05:00:00+00:00,3046801.38856363
2022-08-30 06:00:00+00:00,3045841.97189951
2022-08-30 07:00:00+00:00,3045917.62047872
2022-08-30 08:00:00+00:00,3045112.49421535
2022-08-30 09:00:00+00:00,3043232.62018272
2022-08-30 10:00:00+00:00,3043901.52605326
2022-08-30 11:00:00+00:00,3044000.5279392903
2022-08-30 12:00:00+00:00,3043105.30306802
2022-08-30 13:00:00+00:00,3043305.08468888
2022-08-30 14:00:00+00:00,3047942.38298535
2022-08-30 15:00:00+00:00,3052651.03060472
2022-08-30 16:00:00+00:00,3053309.01494199
2022-08-30 17:00:00+00:00,3049607.4384652
2022-08-30 18:00:00+00:00,3047437.2560257
2022-08-30 19:00:00+00:00,3049470.24968771
2022-08-30 20:00:00+00:00,3049000.4110756703
2022-08-30 21:00:00+00:00,3049563.77707914
2022-08-30 22:00:00+00:00,3046913.34409784
2022-08-30 23:00:00+00:00,3048225.58605132
2022-08-31 00:00:00+00:00,3045312.56079428
2022-08-31 01:00:00+00:00,3043883.75397986
2022-08-31 02:00:00+00:00,3043885.90986703
2022-08-31 03:00:00+00:00,3045120.92000389
2022-08-31 04:00:00+00:00,3045204.19826396
2022-08-31 05:00:00+00:00,3045087.37818543
2022-08-31 06:00:00+00:00,3045528.56998464
2022-08-31 07:00:00+00:00,3045861.39358672
2022-08-31 08:00:00+00:00,3045906.35327056
2022-08-31 09:00:00+00:00,3046958.65543186
2022-08-31 10:00:00+00:00,3046022.9862724203
2022-08-31 11:00:00+00:00,3046586.98476452
2022-08-31 12:00:00+00:00,3051994.53763341
2022-08-31 13:00:00+00:00,3045029.48716905
2022-08-31 14:00:00+00:00,3042273.29776221
2022-08-31 15:00:00+00:00,3039279.79000271
2022-08-31 16:00:00+00:00,3039529.39844446
2022-08-31 17:00:00+00:00,3039599.72132408
2022-08-31 18:00:00+00:00,3039584.24405067
2022-08-31 19:00:00+00:00,3038529.32763772
2022-08-31 20:00:00+00:00,3036254.50666255
2022-08-31 21:00:00+00:00,3036343.9964389303
2022-08-31 22:00:00+00:00,3036844.35688674
2022-08-31 23:00:00+00:00,3036990.10783295
2022-09-01 00:00:00+00:00,3038275.91248372
2022-09-01 01:00:00+00:00,3035202.93593696
2022-09-01 02:00:00+00:00,3035235.8988023303
2022-09-01 03:00:00+00:00,3034986.75240809
2022-09-01 04:00:00+00:00,3035009.72088762
2022-09-01 05:00:00+00:00,3034035.72514547
2022-09-01 06:00:00+00:00,3033655.4836787
2022-09-01 07:00:00+00:00,3033658.34465525
2022-09-01 08:00:00+00:00,3032917.73332483
2022-09-01 09:00:00+00:00,3032075.23962537
2022-09-01 10:00:00+00:00,3031917.17800564
2022-09-01 11:00:00+00:00,3031992.89445646
2022-09-01 12:00:00+00:00,3032234.97949379
2022-09-01 13:00:00+00:00,3026077.9828256
2022-09-01 14:00:00+00:00,3019918.57506991
2022-09-01 15:00:00+00:00,3021860.69891712
2022-09-01 16:00:00+00:00,3021539.47177753
2022-09-01 17:00:00+00:00,3021979.26302873
2022-09-01 18:00:00+00:00,3019777.07069994
2022-09-01 19:00:00+00:00,3019838.07676933
2022-09-01 20:00:00+00:00,3019879.33705151
2022-09-01 21:00:00+00:00,3021088.19586815
2022-09-01 22:00:00+00:00,3021235.50902145
2022-09-01 23:00:00+00:00,3020750.54672349
2022-09-02 00:00:00+00:00,3020768.287093
2022-09-02 01:00:00+00:00,3019789.6509971702
2022-09-02 02:00:00+00:00,3019189.06805721
2022-09-02 03:00:00+00:00,3019158.90318966
2022-09-02 04:00:00+00:00,3019193.85747763
2022-09-02 05:00:00+00:00,3017920.46776391
2022-09-02 06:00:00+00:00,3016877.270387
2022-09-02 07:00:00+00:00,3016020.09559305
2022-09-02 08:00:00+00:00,3014903.74077957
2022-09-02 09:00:00+00:00,3014630.54981648
2022-09-02 10:00:00+00:00,3014431.64117804
2022-09-02 11:00:00+00:00,3018960.4030251303
2022-09-02 12:00:00+00:00,3011671.75186549
2022-09-02 13:00:00+00:00,3011604.43119355
2022-09-02 14:00:00+00:00,3011502.21014744
2022-09-02 15:00:00+00:00,3013833.51188517
2022-09-02 16:00:00+00:00,3017198.18294194
2022-09-02 17:00:00+00:00,3017342.68706909
2022-09-02 18:00:00+00:00,3015811.22410473
2022-09-02 19:00:00+00:00,3016260.24690874
2022-09-02 20:00:00+00:00,3014760.77059657
2022-09-02 21:00:00+00:00,3016172.28342506
2022-09-02 22:00:00+00:00,3017429.69999124
2022-09-02 23:00:00+00:00,3015305.90907122
2022-09-03 00:00:00+00:00,3015705.2627144502
2022-09-03 01:00:00+00:00,3015697.57475407
2022-09-03 02:00:00+00:00,3015318.25676319
2022-09-03 03:00:00+00:00,3015332.8318759203
2022-09-03 04:00:00+00:00,3015445.52504997
2022-09-03 05:00:00+00:00,3015521.5309412703
2022-09-03 06:00:00+00:00,3015572.24196124
2022-09-03 07:00:00+00:00,3017286.83287618
2022-09-03 08:00:00+00:00,3015377.63830912
2022-09-03 09:00:00+00:00,3014252.11876701
2022-09-03 10:00:00+00:00,3016257.18778481
2022-09-03 11:00:00+00:00,3016425.76989682
2022-09-03 12:00:00+00:00,3016273.98142996
2022-09-03 13:00:00+00:00,3016266.15297251
2022-09-03 14:00:00+00:00,3016259.21201824
2022-09-03 15:00:00+00:00,3016314.24055907
2022-09-03 16:00:00+00:00,3016291.38995498
2022-09-03 17:00:00+00:00,3016233.37263331
2022-09-03 18:00:00+00:00,3016262.10175353
2022-09-03 19:00:00+00:00,3017294.4057788
2022-09-03 20:00:00+00:00,3017321.86238309
2022-09-03 21:00:00+00:00,3017331.18186639
2022-09-03 22:00:00+00:00,3016138.70789931
2022-09-03 23:00:00+00:00,3016245.5284457
2022-09-04 00:00:00+00:00,3016266.26145996
2022-09-04 01:00:00+00:00,3016416.76146937
2022-09-04 02:00:00+00:00,3016469.98216394
2022-09-04 03:00:00+00:00,3016501.34651759
2022-09-04 04:00:00+00:00,3016534.588536
2022-09-04 05:00:00+00:00,3016629.0222179103
2022-09-04 06:00:00+00:00,3016639.7550416403
2022-09-04 07:00:00+00:00,3016661.32154583
2022-09-04 08:00:00+00:00,3016750.42346669
2022-09-04 09:00:00+00:00,3016463.08555821
2022-09-04 10:00:00+00:00,3016508.17142225
2022-09-04 11:00:00+00:00,3013471.08890788
2022-09-04 12:00:00+00:00,3013483.89127066
2022-09-04 13:00:00+00:00,3012255.77482042
2022-09-04 14:00:00+00:00,3012273.07641008
2022-09-04 15:00:00+00:00,3018300.4340257
2022-09-04 16:00:00+00:00,3018377.22157794
2022-09-04 17:00:00+00:00,3018449.46328589
2022-09-04 18:00:00+00:00,3018457.0869771503
2022-09-04 19:00:00+00:00,3018472.91406086
2022-09-04 20:00:00+00:00,3013380.17076746
2022-09-04 21:00:00+00:00,3013378.47865079
2022-09-04 22:00:00+00:00,3012963.40548278
2022-09-04 23:00:00+00:00,3012887.25743698
2022-09-05 00:00:00+00:00,3012899.1127143702
2022-09-05 01:00:00+00:00,3012457.40078049
2022-09-05 02:00:00+00:00,3011477.22941836
2022-09-05 03:00:00+00:00,3011243.71755717
2022-09-05 04:00:00+00:00,3012177.20385341
2022-09-05 05:00:00+00:00,3012337.06263538
2022-09-05 06:00:00+00:00,3013297.74685142
2022-09-05 07:00:00+00:00,3010510.33242559
2022-09-05 08:00:00+00:00,3010861.19152296
2022-09-05 09:00:00+00:00,3010675.7999935
2022-09-05 10:00:00+00:00,3009245.3834398
2022-09-05 11:00:00+00:00,3018667.45849659
2022-09-05 12:00:00+00:00,3018866.71426267
2022-09-05 13:00:00+00:00,3020002.21443699
2022-09-05 14:00:00+00:00,3020061.18245919
2022-09-05 15:00:00+00:00,3020433.95777152
2022-09-05 16:00:00+00:00,3020192.75084956
2022-09-05 17:00:00+00:00,3021526.82592328
2022-09-05 18:00:00+00:00,3021599.50923539
2022-09-05 19:00:00+00:00,3021778.87292545
2022-09-05 20:00:00+00:00,3020943.83516842
2022-09-05 21:00:00+00:00,3020035.98806818
2022-09-05 22:00:00+00:00,3020074.32063257
2022-09-05 23:00:00+00:00,3020744.51128346
2022-09-06 00:00:00+00:00,3020781.46166122
2022-09-06 01:00:00+00:00,3019783.38550776
2022-09-06 02:00:00+00:00,3019914.97157716
2022-09-06 03:00:00+00:00,3022459.44253643
2022-09-06 04:00:00+00:00,3022536.01009356
2022-09-06 05:00:00+00:00,3022502.59492641
2022-09-06 06:00:00+00:00,3021262.25655657
2022-09-06 07:00:00+00:00,3021706.3098445
2022-09-06 08:00:00+00:00,3021738.86361274
2022-09-06 09:00:00+00:00,3021125.62161902
2022-09-06 10:00:00+00:00,3023867.98834468
2022-09-06 11:00:00+00:00,3025143.1593362
2022-09-06 12:00:00+00:00,3027343.6303760903
2022-09-06 13:00:00+00:00,3027221.93462428
2022-09-06 14:00:00+00:00,3025631.57955033
2022-09-06 15:00:00+00:00,3033861.10847822
2022-09-06 16:00:00+00:00,3031366.21917635
2022-09-06 17:00:00+00:00,3029665.1550781103
2022-09-06 18:00:00+00:00,3028492.94866293
2022-09-06 19:00:00+00:00,3023764.19069758
2022-09-06 20:00:00+00:00,3026962.73668756
2022-09-06 21:00:00+00:00,3027877.68788352
2022-09-06 22:00:00+00:00,3026317.64507339
2022-09-06 23:00:00+00:00,3025270.82719442
2022-09-07 00:00:00+00:00,3027128.45273048
2022-09-07 01:00:00+00:00,3028010.65824714
2022-09-07 02:00:00+00:00,3030280.11855288
2022-09-07 03:00:00+00:00,3030921.72732504
2022-09-07 04:00:00+00:00,3031107.7176492303
2022-09-07 05:00:00+00:00,3030092.58692131
2022-09-07 06:00:00+00:00,3030297.52731911
2022-09-07 07:00:00+00:00,3029118.1623892803
2022-09-07 08:00:00+00:00,3032484.17269983
2022-09-07 09:00:00+00:00,3028750.43020026
2022-09-07 10:00:00+00:00,3030043.4646802703
2022-09-07 11:00:00+00:00,3031076.95980319
2022-09-07 12:00:00+00:00,3030089.72042666
2022-09-07 13:00:00+00:00,3030571.4763435503
2022-09-07 14:00:00+00:00,3026416.18782681
2022-09-07 15:00:00+00:00,3026361.49729387
2022-09-07 16:00:00+00:00,3026559.8557225
2022-09-07 17:00:00+00:00,3028166.53200355
2022-09-07 18:00:00+00:00,3028077.50844526
2022-09-07 19:00:00+00:00,3026896.4632421
2022-09-07 20:00:00+00:00,3027308.28872883
2022-09-07 21:00:00+00:00,3027461.29642938
2022-09-07 22:00:00+00:00,3027743.92487279
2022-09-07 23:00:00+00:00,3026377.7508702
2022-09-08 00:00:00+00:00,3026381.96912117
2022-09-08 01:00:00+00:00,3026499.00784506
2022-09-08 02:00:00+00:00,3026502.62178455
2022-09-08 03:00:00+00:00,3025564.82352479
2022-09-08 04:00:00+00:00,3024020.0263922
2022-09-08 05:00:00+00:00,3023728.92212312
2022-09-08 06:00:00+00:00,3024989.29016301
2022-09-08 07:00:00+00:00,3026060.83970342
2022-09-08 08:00:00+00:00,3024196.7724009003
2022-09-08 09:00:00+00:00,3022797.51546643
2022-09-08 10:00:00+00:00,3020180.22917925
2022-09-08 11:00:00+00:00,3019812.30171308
2022-09-08 12:00:00+00:00,3021241.46725599
2022-09-08 13:00:00+00:00,3020229.27048261
2022-09-08 14:00:00+00:00,3020891.91470976
2022-09-08 15:00:00+00:00,3020818.3284047903
2022-09-08 16:00:00+00:00,3021414.74291623
2022-09-08 17:00:00+00:00,3022214.85719541
2022-09-08 18:00:00+00:00,3022195.85144082
2022-09-08 19:00:00+00:00,3022551.90982138
2022-09-08 20:00:00+00:00,3021097.60888829
2022-09-08 21:00:00+00:00,3017823.6045144103
2022-09-08 22:00:00+00:00,3019285.00814815
2022-09-08 23:00:00+00:00,3019901.42225084
2022-09-09 00:00:00+00:00,3018876.85576281
2022-09-09 01:00:00+00:00,3018998.40686314
2022-09-09 02:00:00+00:00,3018933.71058101
2022-09-09 03:00:00+00:00,3019204.62002173
2022-09-09 04:00:00+00:00,3018101.4143521
2022-09-09 05:00:00+00:00,3019219.36126733
2022-09-09 06:00:00+00:00,3019061.20014341
2022-09-09 07:00:00+00:00,3013585.88923298
2022-09-09 08:00:00+00:00,3011606.88803141
2022-09-09 09:00:00+00:00,3011689.94300587
2022-09-09 10:00:00+00:00,3010646.52813228
2022-09-09 11:00:00+00:00,3009717.23879216
2022-09-09 12:00:00+00:00,3009172.9709614
2022-09-09 13:00:00+00:00,3010019.99227797
2022-09-09 14:00:00+00:00,3010450.50577596
2022-09-09 15:00:00+00:00,3028597.88220938
2022-09-09 16:00:00+00:00,3027279.1080578
2022-09-09 17:00:00+00:00,3027047.31556724
2022-09-09 18:00:00+00:00,3025068.52161063
2022-09-09 19:00:00+00:00,3024990.55825156
2022-09-09 20:00:00+00:00,3026802.676532
2022-09-09 21:00:00+00:00,3030186.0693052
2022-09-09 22:00:00+00:00,3030621.43968013
2022-09-09 23:00:00+00:00,3029692.34321573
2022-09-10 00:00:00+00:00,3029647.66439578
2022-09-10 01:00:00+00:00,3029695.12168936
2022-09-10 02:00:00+00:00,3029742.42966851
2022-09-10 03:00:00+00:00,3029850.0792828603
2022-09-10 04:00:00+00:00,3029888.8172895
2022-09-10 05:00:00+00:00,3029915.44438185
2022-09-10 06:00:00+00:00,3029868.6023334903
2022-09-10 07:00:00+00:00,3029800.70930755
2022-09-10 08:00:00+00:00,3029804.36838172
2022-09-10 09:00:00+00:00,3029618.8672117903
2022-09-10 10:00:00+00:00,3029635.0159058003
2022-09-10 11:00:00+00:00,3029647.13293012
2022-09-10 12:00:00+00:00,3029738.35872852
2022-09-10 13:00:00+00:00,3027747.41754083
2022-09-10 14:00:00+00:00,3027799.62603026
2022-09-10 15:00:00+00:00,3028564.5045018
2022-09-10 16:00:00+00:00,3026549.54390041
2022-09-10 17:00:00+00:00,3026557.90575429
2022-09-10 18:00:00+00:00,3026510.91252324
2022-09-10 19:00:00+00:00,3026530.00155162
2022-09-10 20:00:00+00:00,3026491.12457684
2022-09-10 21:00:00+00:00,3026505.62824515
2022-09-10 22:00:00+00:00,3026817.1322334902
2022-09-10 23:00:00+00:00,3026916.36689081
2022-09-11 00:00:00+00:00,3027024.25446053
2022-09-11 01:00:00+00:00,3028177.50957151
2022-09-11 02:00:00+00:00,3028970.77594643
2022-09-11 03:00:00+00:00,3028745.35302563
2022-09-11 04:00:00+00:00,3028592.77558529
2022-09-11 05:00:00+00:00,3028611.9812798803
2022-09-11 06:00:00+00:00,3028589.05573446
2022-09-11 07:00:00+00:00,3027615.91968477
2022-09-11 08:00:00+00:00,3026049.15270865
2022-09-11 09:00:00+00:00,3025797.01043031
2022-09-11 10:00:00+00:00,3025924.72547155
2022-09-11 11:00:00+00:00,3025976.78070445
2022-09-11 12:00:00+00:00,3024507.4570918703
2022-09-11 13:00:00+00:00,3024463.81919475
2022-09-11 14:00:00+00:00,3024493.06465248
2022-09-11 15:00:00+00:00,3024662.03056306
2022-09-11 16:00:00+00:00,3024910.24915562
2022-09-11 17:00:00+00:00,3024980.01549516
2022-09-11 18:00:00+00:00,3024759.21130185
2022-09-11 19:00:00+00:00,3024912.70402844
2022-09-11 20:00:00+00:00,3023798.51051597
2022-09-11 21:00:00+00:00,3023828.30965311
2022-09-11 22:00:00+00:00,3023845.83625354
2022-09-11 23:00:00+00:00,3023841.85084546
2022-09-12 00:00:00+00:00,3023829.7139974
2022-09-12 01:00:00+00:00,3023928.02478765
2022-09-12 02:00:00+00:00,3023179.27153923
2022-09-12 03:00:00+00:00,3023025.26837675
2022-09-12 04:00:00+00:00,3023039.18106545
2022-09-12 05:00:00+00:00,3023403.03536453
2022-09-12 06:00:00+00:00,3022122.99296888
2022-09-12 07:00:00+00:00,3022272.09564889
2022-09-12 08:00:00+00:00,3022412.0243980703
2022-09-12 09:00:00+00:00,3022130.79206238
2022-09-12 10:00:00+00:00,3022969.2101771203
2022-09-12 11:00:00+00:00,3022762.29192198
2022-09-12 12:00:00+00:00,3022767.88526038
2022-09-12 13:00:00+00:00,3023360.06951053
2022-09-12 14:00:00+00:00,3022032.09417115
2022-09-12 15:00:00+00:00,3025075.76682335
2022-09-12 16:00:00+00:00,3021374.2779915
2022-09-12 17:00:00+00:00,3019988.01185228
2022-09-12 18:00:00+00:00,3019889.49476348
2022-09-12 19:00:00+00:00,3020497.77159981
2022-09-12 20:00:00+00:00,3024746.48272742
2022-09-12 21:00:00+00:00,3024546.3848879603
2022-09-12 22:00:00+00:00,3026006.88364924
2022-09-12 23:00:00+00:00,3025988.80504906
2022-09-13 00:00:00+00:00,3025056.8492202503
2022-09-13 01:00:00+00:00,3025493.07282288
2022-09-13 02:00:00+00:00,3022733.01356461
2022-09-13 03:00:00+00:00,3022468.45488375
2022-09-13 04:00:00+00:00,3022460.97336346
2022-09-13 05:00:00+00:00,3022481.4286558703
2022-09-13 06:00:00+00:00,3022217.59675839
2022-09-13 07:00:00+00:00,3020368.55644218
2022-09-13 08:00:00+00:00,3021061.84602055
2022-09-13 09:00:00+00:00,3021275.47078266
2022-09-13 10:00:00+00:00,3022015.30073448
2022-09-13 11:00:00+00:00,3021794.01026601
2022-09-13 12:00:00+00:00,3020472.02576109
2022-09-13 13:00:00+00:00,3019894.03401311
2022-09-13 14:00:00+00:00,3020116.37644283
2022-09-13 15:00:00+00:00,3018291.74375955
2022-09-13 16:00:00+00:00,3017117.74419072
2022-09-13 17:00:00+00:00,3017819.83967878
2022-09-13 18:00:00+00:00,3017680.25543485
2022-09-13 19:00:00+00:00,3020275.4823383
2022-09-13 20:00:00+00:00,3020723.07217862
2022-09-13 21:00:00+00:00,3020767.99590183
2022-09-13 22:00:00+00:00,3020171.18302325
2022-09-13 23:00:00+00:00,3021345.35976834
2022-09-14 00:00:00+00:00,3018676.25185118
2022-09-14 01:00:00+00:00,3018510.1925740503
2022-09-14 02:00:00+00:00,3017310.19290444
2022-09-14 03:00:00+00:00,3017300.82900775
2022-09-14 04:00:00+00:00,3017280.40107083
2022-09-14 05:00:00+00:00,3017880.66827428
2022-09-14 06:00:00+00:00,3018020.00431403
2022-09-14 07:00:00+00:00,3018094.64887789
2022-09-14 08:00:00+00:00,3017954.95975078
2022-09-14 09:00:00+00:00,3020108.88117538
2022-09-14 10:00:00+00:00,3020823.0088672
2022-09-14 11:00:00+00:00,3021155.03809058
2022-09-14 12:00:00+00:00,3020860.0809982303
2022-09-14 13:00:00+00:00,3021933.16399347
2022-09-14 14:00:00+00:00,3024931.2929316103
2022-09-14 15:00:00+00:00,3025599.2422630102
2022-09-14 16:00:00+00:00,3023752.79200819
2022-09-14 17:00:00+00:00,3023405.28675659
2022-09-14 18:00:00+00:00,3022844.92630323
2022-09-14 19:00:00+00:00,3023579.84062219
2022-09-14 20:00:00+00:00,3023579.84062219
2022-09-14 21:00:00+00:00,3020772.8434507702
2022-09-14 22:00:00+00:00,3019766.28719965
2022-09-14 23:00:00+00:00,3019801.9856288503
2022-09-15 00:00:00+00:00,3019959.32128421
2022-09-15 01:00:00+00:00,3020151.47068385
2022-09-15 02:00:00+00:00,3029787.80815008
2022-09-15 03:00:00+00:00,3029963.537038
2022-09-15 04:00:00+00:00,3029880.77499949
2022-09-15 05:00:00+00:00,3030729.30887666
2022-09-15 06:00:00+00:00,3032795.02441434
2022-09-15 07:00:00+00:00,3030927.10933238
2022-09-15 08:00:00+00:00,3033361.80793578
2022-09-15 09:00:00+00:00,3028283.2502631
2022-09-15 10:00:00+00:00,3028090.09999972
2022-09-15 11:00:00+00:00,3028529.59264223
2022-09-15 12:00:00+00:00,3028639.21233807
2022-09-15 13:00:00+00:00,3027422.56938078
2022-09-15 14:00:00+00:00,3029218.08765554
2022-09-15 15:00:00+00:00,3027878.3058731803
2022-09-15 16:00:00+00:00,3028373.10507986
2022-09-15 17:00:00+00:00,3028760.0372328
2022-09-15 18:00:00+00:00,3028952.79624226
2022-09-15 19:00:00+00:00,3029123.628586
2022-09-15 20:00:00+00:00,3029099.72833555
2022-09-15 21:00:00+00:00,3028095.93836716
2022-09-15 22:00:00+00:00,3029378.24398609
2022-09-15 23:00:00+00:00,3030664.1179895
2022-09-16 00:00:00+00:00,3031225.13930886
2022-09-16 01:00:00+00:00,3031253.53955305
2022-09-16 02:00:00+00:00,3030013.98171868
2022-09-16 03:00:00+00:00,3030034.637862
2022-09-16 04:00:00+00:00,3029491.95856811
2022-09-16 05:00:00+00:00,3030449.29240298
2022-09-16 06:00:00+00:00,3030626.08284863
2022-09-16 07:00:00+00:00,3029857.90081192
2022-09-16 08:00:00+00:00,3030029.97747619
2022-09-16 09:00:00+00:00,3027863.27797951
2022-09-16 10:00:00+00:00,3033288.0360673303
2022-09-16 11:00:00+00:00,3034512.73897122
2022-09-16 12:00:00+00:00,3034299.7072415203
2022-09-16 13:00:00+00:00,3034528.87898935
2022-09-16 14:00:00+00:00,3034483.5888031
2022-09-16 15:00:00+00:00,3033250.56390355
2022-09-16 16:00:00+00:00,3033892.32847263
2022-09-16 17:00:00+00:00,3032460.22357911
2022-09-16 18:00:00+00:00,3033266.99332156
2022-09-16 19:00:00+00:00,3033464.9441127703
2022-09-16 20:00:00+00:00,3034505.68332883
2022-09-16 21:00:00+00:00,3034550.61179723
2022-09-16 22:00:00+00:00,3033656.45750087
2022-09-16 23:00:00+00:00,3034722.3130347
2022-09-17 00:00:00+00:00,3034568.7897170703
2022-09-17 01:00:00+00:00,3034865.4876568
2022-09-17 02:00:00+00:00,3035021.33750732
2022-09-17 03:00:00+00:00,3034027.23550842
2022-09-17 04:00:00+00:00,3034005.8260521903
2022-09-17 05:00:00+00:00,3034020.35738392
2022-09-17 06:00:00+00:00,3033985.72416974
2022-09-17 07:00:00+00:00,3034035.12079106
2022-09-17 08:00:00+00:00,3034133.9802488103
2022-09-17 09:00:00+00:00,3034047.18367495
2022-09-17 10:00:00+00:00,3034059.21548134
2022-09-17 11:00:00+00:00,3034039.76298209
2022-09-17 12:00:00+00:00,3033814.78828414
2022-09-17 13:00:00+00:00,3035004.03429669
2022-09-17 14:00:00+00:00,3034948.33400947
2022-09-17 15:00:00+00:00,3035146.28236264
2022-09-17 16:00:00+00:00,3032282.12848476
2022-09-17 17:00:00+00:00,3032314.5527
2022-09-17 18:00:00+00:00,3032363.96903428
2022-09-17 19:00:00+00:00,3032371.4337352403
2022-09-17 20:00:00+00:00,3032409.14021292
2022-09-17 21:00:00+00:00,3031395.35910708
2022-09-17 22:00:00+00:00,3031411.7721557203
2022-09-17 23:00:00+00:00,3031394.03322793
2022-09-18 00:00:00+00:00,3031429.43600334
2022-09-18 01:00:00+00:00,3031446.3557565003
2022-09-18 02:00:00+00:00,3031500.78151703
2022-09-18 03:00:00+00:00,3031512.46943961
2022-09-18 04:00:00+00:00,3031227.51357254
2022-09-18 05:00:00+00:00,3031215.3721752
2022-09-18 06:00:00+00:00,3030857.72893981
2022-09-18 07:00:00+00:00,3031195.70951992
2022-09-18 08:00:00+00:00,3031182.20966043
2022-09-18 09:00:00+00:00,3030992.86427811
2022-09-18 10:00:00+00:00,3031023.10709544
2022-09-18 11:00:00+00:00,3031079.39932362
2022-09-18 12:00:00+00:00,3031100.5813215203
2022-09-18 13:00:00+00:00,3031413.76851317
2022-09-18 14:00:00+00:00,3031414.68323222
2022-09-18 15:00:00+00:00,3031374.42486878
2022-09-18 16:00:00+00:00,3031393.5664042
2022-09-18 17:00:00+00:00,3031418.89750297
2022-09-18 18:00:00+00:00,3031479.53329736
2022-09-18 19:00:00+00:00,3031555.07979636
2022-09-18 20:00:00+00:00,3031631.53553701
2022-09-18 21:00:00+00:00,3031663.8668525103
2022-09-18 22:00:00+00:00,3031652.15797236
2022-09-18 23:00:00+00:00,3032041.0575873503
2022-09-19 00:00:00+00:00,3033106.5206038603
2022-09-19 01:00:00+00:00,3033140.95686724
2022-09-19 02:00:00+00:00,3035341.2242252203
2022-09-19 03:00:00+00:00,3034494.62290949
2022-09-19 04:00:00+00:00,3034892.35324218
2022-09-19 05:00:00+00:00,3033934.09000433
2022-09-19 06:00:00+00:00,3034356.19648192
2022-09-19 07:00:00+00:00,3034550.11063554
2022-09-19 08:00:00+00:00,3035546.37443151
2022-09-19 09:00:00+00:00,3033190.0939624
2022-09-19 10:00:00+00:00,3035067.57693185
2022-09-19 11:00:00+00:00,3034509.65744251
2022-09-19 12:00:00+00:00,3033896.81999516
2022-09-19 13:00:00+00:00,3031720.89709606
2022-09-19 14:00:00+00:00,3033033.04488925
2022-09-19 15:00:00+00:00,3031586.69469998
2022-09-19 16:00:00+00:00,3034701.80004543
2022-09-19 17:00:00+00:00,3033425.9290381
2022-09-19 18:00:00+00:00,3034570.65735977
2022-09-19 19:00:00+00:00,3035919.3989436403
2022-09-19 20:00:00+00:00,3035911.62409754
2022-09-19 21:00:00+00:00,3035911.62409754
2022-09-19 22:00:00+00:00,3037508.0348047703
2022-09-19 23:00:00+00:00,3038380.55236585
2022-09-20 00:00:00+00:00,3037380.00129718
2022-09-20 01:00:00+00:00,3037564.06813714
2022-09-20 02:00:00+00:00,3037564.21558039
2022-09-20 03:00:00+00:00,3037658.89564633
2022-09-20 04:00:00+00:00,3037773.4785614302
2022-09-20 05:00:00+00:00,3037700.86216214
2022-09-20 06:00:00+00:00,3037589.58355939
2022-09-20 07:00:00+00:00,3037737.60835009
2022-09-20 08:00:00+00:00,3037810.41194431
2022-09-20 09:00:00+00:00,3033995.86343693
2022-09-20 10:00:00+00:00,3030400.8893068
2022-09-20 11:00:00+00:00,3030448.68942235
2022-09-20 12:00:00+00:00,3029340.72438564
2022-09-20 13:00:00+00:00,3031021.33145994
2022-09-20 14:00:00+00:00,3032414.0117348502
2022-09-20 15:00:00+00:00,3030085.26093797
2022-09-20 16:00:00+00:00,3031316.31497567
2022-09-20 17:00:00+00:00,3029610.10334103
2022-09-20 18:00:00+00:00,3029294.05455117
2022-09-20 19:00:00+00:00,3029353.31406789
2022-09-20 20:00:00+00:00,3030688.16051052
2022-09-20 21:00:00+00:00,3031774.03026575
2022-09-20 22:00:00+00:00,3032302.33086461
2022-09-20 23:00:00+00:00,3032803.88238842
2022-09-21 00:00:00+00:00,3033122.42144522
2022-09-21 01:00:00+00:00,3032309.85794435
2022-09-21 02:00:00+00:00,3033589.41684364
2022-09-21 03:00:00+00:00,3032940.41708244
2022-09-21 04:00:00+00:00,3033571.31181056
2022-09-21 05:00:00+00:00,3034096.42052524
2022-09-21 06:00:00+00:00,3032136.29426328
2022-09-21 07:00:00+00:00,3030715.7264502803
2022-09-21 08:00:00+00:00,3027466.5919418503
2022-09-21 09:00:00+00:00,3026547.26800134
2022-09-21 10:00:00+00:00,3026290.37469178
2022-09-21 11:00:00+00:00,3027539.06181196
2022-09-21 12:00:00+00:00,3027559.22598009
2022-09-21 13:00:00+00:00,3027494.18576234
2022-09-21 14:00:00+00:00,3027398.39311741
2022-09-21 15:00:00+00:00,3026934.04963565
2022-09-21 16:00:00+00:00,3025945.86489304
2022-09-21 17:00:00+00:00,3025154.9582030103
2022-09-21 18:00:00+00:00,3024947.3637529803
2022-09-21 19:00:00+00:00,3026440.7592138
2022-09-21 20:00:00+00:00,3026281.11007257
2022-09-21 21:00:00+00:00,3026277.51780251
2022-09-21 22:00:00+00:00,3026401.00865826
2022-09-21 23:00:00+00:00,3026191.4061314003
2022-09-22 00:00:00+00:00,3024357.6928029
2022-09-22 01:00:00+00:00,3025388.3908725902
2022-09-22 02:00:00+00:00,3024966.04051102
2022-09-22 03:00:00+00:00,3025085.07440523
2022-09-22 04:00:00+00:00,3024908.59898954
2022-09-22 05:00:00+00:00,3024812.58153853
2022-09-22 06:00:00+00:00,3023746.69279719
2022-09-22 07:00:00+00:00,3023872.32950405
2022-09-22 08:00:00+00:00,3024690.18094805
2022-09-22 09:00:00+00:00,3024481.21981916
2022-09-22 10:00:00+00:00,3023498.67926899
2022-09-22 11:00:00+00:00,3023063.32843272
2022-09-22 12:00:00+00:00,3023177.20737279
2022-09-22 13:00:00+00:00,3024550.1925515803
2022-09-22 14:00:00+00:00,3025666.4692167803
2022-09-22 15:00:00+00:00,3024039.91771629
2022-09-22 16:00:00+00:00,3025868.0403488
2022-09-22 17:00:00+00:00,3026992.2577171503
2022-09-22 18:00:00+00:00,3027512.87162871
2022-09-22 19:00:00+00:00,3027547.71300805
2022-09-22 20:00:00+00:00,3027729.01607308
2022-09-22 21:00:00+00:00,3027613.46363219
2022-09-22 22:00:00+00:00,3027672.35158631
2022-09-22 23:00:00+00:00,3023445.33529661
2022-09-23 00:00:00+00:00,3021287.10110317
2022-09-23 01:00:00+00:00,3021581.65189136
2022-09-23 02:00:00+00:00,3021903.5351896803
2022-09-23 03:00:00+00:00,3020382.16423947
2022-09-23 04:00:00+00:00,3020314.73092038
2022-09-23 05:00:00+00:00,3020402.09390094
2022-09-23 06:00:00+00:00,3020461.28560009
2022-09-23 07:00:00+00:00,3020412.82991795
2022-09-23 08:00:00+00:00,3020338.89218684
2022-09-23 09:00:00+00:00,3020010.23293574
2022-09-23 10:00:00+00:00,3019280.47095996
2022-09-23 11:00:00+00:00,3018019.16684531
2022-09-23 12:00:00+00:00,3018545.22643866
2022-09-23 13:00:00+00:00,3016795.1049755
2022-09-23 14:00:00+00:00,3018304.33752518
2022-09-23 15:00:00+00:00,3017999.50899852
2022-09-23 16:00:00+00:00,3019420.4760861
2022-09-23 17:00:00+00:00,3017525.79292717
2022-09-23 18:00:00+00:00,3017617.45310278
2022-09-23 19:00:00+00:00,3017222.80047416
2022-09-23 20:00:00+00:00,3018393.83607666
2022-09-23 21:00:00+00:00,3014423.11545975
2022-09-23 22:00:00+00:00,3016309.3158544903
2022-09-23 23:00:00+00:00,3016684.84400564
2022-09-24 00:00:00+00:00,3016794.9482232803
2022-09-24 01:00:00+00:00,3016818.75369085
2022-09-24 02:00:00+00:00,3016841.18481288
2022-09-24 03:00:00+00:00,3016823.63174826
2022-09-24 04:00:00+00:00,3015738.33369458
2022-09-24 05:00:00+00:00,3015755.43552416
2022-09-24 06:00:00+00:00,3014590.1487564603
2022-09-24 07:00:00+00:00,3014614.71307212
2022-09-24 08:00:00+00:00,3014824.89858576
2022-09-24 09:00:00+00:00,3014621.03398307
2022-09-24 10:00:00+00:00,3013679.00491066
2022-09-24 11:00:00+00:00,3013694.99354182
2022-09-24 12:00:00+00:00,3013768.69378281
2022-09-24 13:00:00+00:00,3013805.4837657
2022-09-24 14:00:00+00:00,3013802.47970951
2022-09-24 15:00:00+00:00,3013938.84094175
2022-09-24 16:00:00+00:00,3013817.62314531
2022-09-24 17:00:00+00:00,3013935.55956515
2022-09-24 18:00:00+00:00,3013961.85603879
2022-09-24 19:00:00+00:00,3013973.91132461
2022-09-24 20:00:00+00:00,3014024.22719122
2022-09-24 21:00:00+00:00,3014040.78606934
2022-09-24 22:00:00+00:00,3014179.32730188
2022-09-24 23:00:00+00:00,3014213.2927109
2022-09-25 00:00:00+00:00,3014242.4005942
2022-09-25 01:00:00+00:00,3014179.81997739
2022-09-25 02:00:00+00:00,3014177.1041302
2022-09-25 03:00:00+00:00,3015207.7329459502
2022-09-25 04:00:00+00:00,3015088.08658581
2022-09-25 05:00:00+00:00,3014086.21995694
2022-09-25 06:00:00+00:00,3014271.9661240303
2022-09-25 07:00:00+00:00,3014266.53133947
2022-09-25 08:00:00+00:00,3011308.9503064
2022-09-25 09:00:00+00:00,3011106.79185419
2022-09-25 10:00:00+00:00,3010072.65549561
2022-09-25 11:00:00+00:00,3010075.3146036
2022-09-25 12:00:00+00:00,3011212.82289701
2022-09-25 13:00:00+00:00,3011281.58095232
2022-09-25 14:00:00+00:00,3011342.45043662
2022-09-25 15:00:00+00:00,3011348.78185575
2022-09-25 16:00:00+00:00,3012097.14968076
2022-09-25 17:00:00+00:00,3012121.7754107
2022-09-25 18:00:00+00:00,3010929.44219282
2022-09-25 19:00:00+00:00,3010940.04865066
2022-09-25 20:00:00+00:00,3010497.09273609
2022-09-25 21:00:00+00:00,3011565.44375996
2022-09-25 22:00:00+00:00,3011538.59160107
2022-09-25 23:00:00+00:00,3011551.98731457
2022-09-26 00:00:00+00:00,3011775.32948051
2022-09-26 01:00:00+00:00,3011926.20133222
2022-09-26 02:00:00+00:00,3011900.9363515303
2022-09-26 03:00:00+00:00,3011736.23085671
2022-09-26 04:00:00+00:00,3011678.87867548
2022-09-26 05:00:00+00:00,3011821.39394454
2022-09-26 06:00:00+00:00,3010907.80470604
2022-09-26 07:00:00+00:00,3010895.10519086
2022-09-26 08:00:00+00:00,3010715.39894629
2022-09-26 09:00:00+00:00,3010475.63779116
2022-09-26 10:00:00+00:00,3009352.51433246
2022-09-26 11:00:00+00:00,3009347.08369509
2022-09-26 12:00:00+00:00,3009389.19766995
2022-09-26 13:00:00+00:00,3010690.33862718
2022-09-26 14:00:00+00:00,3010400.82705055
2022-09-26 15:00:00+00:00,3010930.38580964
2022-09-26 16:00:00+00:00,3010947.89129792
2022-09-26 17:00:00+00:00,3008834.55153197
2022-09-26 18:00:00+00:00,3008798.99052405
2022-09-26 19:00:00+00:00,3009720.34435919
2022-09-26 20:00:00+00:00,3008413.38212746
2022-09-26 21:00:00+00:00,3009528.0258993
2022-09-26 22:00:00+00:00,3009605.95755948
2022-09-26 23:00:00+00:00,3009939.94037915
2022-09-27 00:00:00+00:00,3010030.71790327
2022-09-27 01:00:00+00:00,3008941.2381857
2022-09-27 02:00:00+00:00,3008556.29271114
2022-09-27 03:00:00+00:00,3008862.01682941
2022-09-27 04:00:00+00:00,3008880.72933951
2022-09-27 05:00:00+00:00,3010961.80848432
2022-09-27 06:00:00+00:00,3008517.27805479
2022-09-27 07:00:00+00:00,3008468.15765918
2022-09-27 08:00:00+00:00,3009554.01835058
2022-09-27 09:00:00+00:00,3007554.75468538
2022-09-27 10:00:00+00:00,3007098.47036637
2022-09-27 11:00:00+00:00,3008436.80112444
2022-09-27 12:00:00+00:00,3007063.03529944
2022-09-27 13:00:00+00:00,3007075.09275291
2022-09-27 14:00:00+00:00,3009417.31130816
2022-09-27 15:00:00+00:00,3009354.55960498
2022-09-27 16:00:00+00:00,3010870.36123834
2022-09-27 17:00:00+00:00,3010483.6018369
2022-09-27 18:00:00+00:00,3012433.05274261
2022-09-27 19:00:00+00:00,3012230.11891096
2022-09-27 20:00:00+00:00,3011162.33635253
2022-09-27 21:00:00+00:00,3009184.6858130703
2022-09-27 22:00:00+00:00,3011408.17457776
2022-09-27 23:00:00+00:00,3011433.6178115
2022-09-28 00:00:00+00:00,3011421.09814083
2022-09-28 01:00:00+00:00,3010728.60446354
2022-09-28 02:00:00+00:00,3012690.71242488
2022-09-28 03:00:00+00:00,3012997.61850299
2022-09-28 04:00:00+00:00,3012826.86897878
2022-09-28 05:00:00+00:00,3011873.81730199
2022-09-28 06:00:00+00:00,3010655.58751786
2022-09-28 07:00:00+00:00,3009262.46439112
2022-09-28 08:00:00+00:00,3010144.80249388
2022-09-28 09:00:00+00:00,3002807.48993398
2022-09-28 10:00:00+00:00,2998206.41069461
2022-09-28 11:00:00+00:00,2999130.68321817
2022-09-28 12:00:00+00:00,2994594.08660438
2022-09-28 13:00:00+00:00,2995889.52452611
2022-09-28 14:00:00+00:00,2995869.16270569
2022-09-28 15:00:00+00:00,2995871.04046503
2022-09-28 16:00:00+00:00,2995542.30946178
2022-09-28 17:00:00+00:00,2996970.86994553
2022-09-28 18:00:00+00:00,2997085.26223662
2022-09-28 19:00:00+00:00,2997330.00975693
2022-09-28 20:00:00+00:00,2996671.2719570203
2022-09-28 21:00:00+00:00,2996313.65860831
2022-09-28 22:00:00+00:00,2996214.3274754
2022-09-28 23:00:00+00:00,2994355.64429694
2022-09-29 00:00:00+00:00,2994431.15295078
2022-09-29 01:00:00+00:00,2994181.1184035903
2022-09-29 02:00:00+00:00,2992395.31011316
2022-09-29 03:00:00+00:00,2992395.31011316
2022-09-29 04:00:00+00:00,3004595.11527811
2022-09-29 05:00:00+00:00,3004161.34246048
2022-09-29 06:00:00+00:00,3004112.37815439
2022-09-29 07:00:00+00:00,3003993.32242272
2022-09-29 08:00:00+00:00,3002837.20475049
2022-09-29 09:00:00+00:00,3001963.27055245
2022-09-29 10:00:00+00:00,3001985.82366941
2022-09-29 11:00:00+00:00,3004705.09727212
2022-09-29 12:00:00+00:00,3005661.08681336
2022-09-29 13:00:00+00:00,3005090.4736793903
2022-09-29 14:00:00+00:00,3005128.33977179
2022-09-29 15:00:00+00:00,3005233.41762223
2022-09-29 16:00:00+00:00,3006740.04025465
2022-09-29 17:00:00+00:00,3007342.50071093
2022-09-29 18:00:00+00:00,3003762.0487364
2022-09-29 19:00:00+00:00,3003724.32659958
2022-09-29 20:00:00+00:00,3006747.4503103
2022-09-29 21:00:00+00:00,3008879.21042657
2022-09-29 22:00:00+00:00,3010369.85924452
2022-09-29 23:00:00+00:00,3008944.95398856
2022-09-30 00:00:00+00:00,3009145.83541353
2022-09-30 01:00:00+00:00,3009194.54152967
2022-09-30 02:00:00+00:00,3009330.22743652
2022-09-30 03:00:00+00:00,3009237.99340636
2022-09-30 04:00:00+00:00,3009541.68332521
2022-09-30 05:00:00+00:00,3009794.76612642
2022-09-30 06:00:00+00:00,3009559.4994671103
2022-09-30 07:00:00+00:00,3009736.58543549
2022-09-30 08:00:00+00:00,3009614.3626729
2022-09-30 09:00:00+00:00,3007781.5039011003
2022-09-30 10:00:00+00:00,3006782.1287506702
2022-09-30 11:00:00+00:00,3007510.7997120703
2022-09-30 12:00:00+00:00,3007846.77964524
2022-09-30 13:00:00+00:00,3008361.04785239
2022-09-30 14:00:00+00:00,3008088.3006481403
2022-09-30 15:00:00+00:00,3009216.79268954
2022-09-30 16:00:00+00:00,3008807.1724027
2022-09-30 17:00:00+00:00,3009942.9899184
2022-09-30 18:00:00+00:00,3011990.50461605
2022-09-30 19:00:00+00:00,3012311.74205346
2022-09-30 20:00:00+00:00,3012103.26479799
2022-09-30 21:00:00+00:00,3013439.60527271
2022-09-30 22:00:00+00:00,3013419.71790051
2022-09-30 23:00:00+00:00,3012555.51474853
2022-10-01 00:00:00+00:00,3012576.2126668
2022-10-01 01:00:00+00:00,3012630.81403881
2022-10-01 02:00:00+00:00,3011060.98310426
2022-10-01 03:00:00+00:00,3010127.6092959
2022-10-01 04:00:00+00:00,3010132.33864808
2022-10-01 05:00:00+00:00,3010090.4112405
2022-10-01 06:00:00+00:00,3010309.23733276
2022-10-01 07:00:00+00:00,3010337.39390699
2022-10-01 08:00:00+00:00,3010288.02410093
2022-10-01 09:00:00+00:00,3010211.10163462
2022-10-01 10:00:00+00:00,3009200.9556028103
2022-10-01 11:00:00+00:00,3009190.40736152
2022-10-01 12:00:00+00:00,3010684.7897131
2022-10-01 13:00:00+00:00,3010808.3713494
2022-10-01 14:00:00+00:00,3010769.65081824
2022-10-01 15:00:00+00:00,3010498.45556209
2022-10-01 16:00:00+00:00,3010506.10090151
2022-10-01 17:00:00+00:00,3010486.8295727703
2022-10-01 18:00:00+00:00,3010546.74127337
2022-10-01 19:00:00+00:00,3010614.47702566
2022-10-01 20:00:00+00:00,3010694.49423006
2022-10-01 21:00:00+00:00,3010695.15212528
2022-10-01 22:00:00+00:00,3010705.39133845
2022-10-01 23:00:00+00:00,3010755.57487105
2022-10-02 00:00:00+00:00,3010873.89134107
2022-10-02 01:00:00+00:00,3010905.32652288
2022-10-02 02:00:00+00:00,3010951.97287799
2022-10-02 03:00:00+00:00,3010976.12803342
2022-10-02 04:00:00+00:00,3010993.78056898
2022-10-02 05:00:00+00:00,3011050.23397574
2022-10-02 06:00:00+00:00,3011041.2004167303
2022-10-02 07:00:00+00:00,3010537.75620754
2022-10-02 08:00:00+00:00,3010087.00477888
2022-10-02 09:00:00+00:00,3009882.65308955
2022-10-02 10:00:00+00:00,3009897.11462849
2022-10-02 11:00:00+00:00,3008815.40390628
2022-10-02 12:00:00+00:00,3009898.47120909
2022-10-02 13:00:00+00:00,3010035.06095221
2022-10-02 14:00:00+00:00,3010102.35010878
2022-10-02 15:00:00+00:00,3010081.78005757
2022-10-02 16:00:00+00:00,3010082.27232234
2022-10-02 17:00:00+00:00,3010117.24157239
2022-10-02 18:00:00+00:00,3010135.10573917
2022-10-02 19:00:00+00:00,3010166.70958208
2022-10-02 20:00:00+00:00,3010213.67597714
2022-10-02 21:00:00+00:00,3010462.51026399
2022-10-02 22:00:00+00:00,3010515.05073572
2022-10-02 23:00:00+00:00,3010550.63739151
2022-10-03 00:00:00+00:00,3009700.95975439
2022-10-03 01:00:00+00:00,3010820.81719404
2022-10-03 02:00:00+00:00,3010836.66066915
2022-10-03 03:00:00+00:00,3012190.8677425203
2022-10-03 04:00:00+00:00,3011243.57182328
2022-10-03 05:00:00+00:00,3011166.10355102
2022-10-03 06:00:00+00:00,3011216.24633826
2022-10-03 07:00:00+00:00,3008944.51234774
2022-10-03 08:00:00+00:00,3006971.22622382
2022-10-03 09:00:00+00:00,3005617.85828961
2022-10-03 10:00:00+00:00,3004654.4456375
2022-10-03 11:00:00+00:00,3004351.44374864
2022-10-03 12:00:00+00:00,3005118.62796031
2022-10-03 13:00:00+00:00,3006364.48551
2022-10-03 14:00:00+00:00,3006387.21597881
2022-10-03 15:00:00+00:00,3007674.76825373
2022-10-03 16:00:00+00:00,3003995.88456815
2022-10-03 17:00:00+00:00,3004098.75830084
2022-10-03 18:00:00+00:00,3002444.44877232
2022-10-03 19:00:00+00:00,3000459.45961633
2022-10-03 20:00:00+00:00,3001146.6511521703
2022-10-03 21:00:00+00:00,3002785.3454731
2022-10-03 22:00:00+00:00,3000726.65714932
2022-10-03 23:00:00+00:00,3001455.7779037203
2022-10-04 00:00:00+00:00,3002365.65867674
2022-10-04 01:00:00+00:00,3002416.10731698
2022-10-04 02:00:00+00:00,3002489.53640738
2022-10-04 03:00:00+00:00,3002646.29328607
2022-10-04 04:00:00+00:00,3001645.95850158
2022-10-04 05:00:00+00:00,3001684.82967838
2022-10-04 06:00:00+00:00,3004014.1618564
2022-10-04 07:00:00+00:00,3002634.15278535
2022-10-04 08:00:00+00:00,3002804.21881693
2022-10-04 09:00:00+00:00,3001279.30053591
2022-10-04 10:00:00+00:00,3000287.54999274
2022-10-04 11:00:00+00:00,3000493.26313684
2022-10-04 12:00:00+00:00,3000429.57137798
2022-10-04 13:00:00+00:00,3000041.11794064
2022-10-04 14:00:00+00:00,2999895.14114831
2022-10-04 15:00:00+00:00,2999900.66220576
2022-10-04 16:00:00+00:00,3000561.22225015
2022-10-04 17:00:00+00:00,3001398.5417000502
2022-10-04 18:00:00+00:00,3003345.7065451
2022-10-04 19:00:00+00:00,3005057.05543111
2022-10-04 20:00:00+00:00,3005356.10305466
2022-10-04 21:00:00+00:00,3003685.34141387
2022-10-04 22:00:00+00:00,3002567.38855763
2022-10-04 23:00:00+00:00,3001555.50816759
2022-10-05 00:00:00+00:00,3001545.5892485
2022-10-05 01:00:00+00:00,3001564.07311476
2022-10-05 02:00:00+00:00,3001012.30078836
2022-10-05 03:00:00+00:00,3003387.72868551
2022-10-05 04:00:00+00:00,3003401.97858445
2022-10-05 05:00:00+00:00,3003589.0281125
2022-10-05 06:00:00+00:00,3003204.44215525
2022-10-05 07:00:00+00:00,3000783.69016713
2022-10-05 08:00:00+00:00,3000566.11565685
2022-10-05 09:00:00+00:00,3000330.23217144
2022-10-05 10:00:00+00:00,3000273.1603988
2022-10-05 11:00:00+00:00,3000314.1913098902
2022-10-05 12:00:00+00:00,3001349.46186303
2022-10-05 13:00:00+00:00,3001887.61587922
2022-10-05 14:00:00+00:00,3000478.87077112
2022-10-05 15:00:00+00:00,2999139.36576444
2022-10-05 16:00:00+00:00,3000217.96146065
2022-10-05 17:00:00+00:00,3000121.84030875
2022-10-05 18:00:00+00:00,3000054.19720188
2022-10-05 19:00:00+00:00,2998914.5295541
2022-10-05 20:00:00+00:00,2998948.37242978
2022-10-05 21:00:00+00:00,2999688.68083875
2022-10-05 22:00:00+00:00,3000136.84829723
2022-10-05 23:00:00+00:00,2997256.4059070903
2022-10-06 00:00:00+00:00,2997328.0725536803
2022-10-06 01:00:00+00:00,2997328.2656125203
2022-10-06 02:00:00+00:00,2997355.07180038
2022-10-06 03:00:00+00:00,2995706.55314329
2022-10-06 04:00:00+00:00,2995713.42240513
2022-10-06 05:00:00+00:00,2995717.66504615
2022-10-06 06:00:00+00:00,2995740.78066809
2022-10-06 07:00:00+00:00,2996858.65603595
2022-10-06 08:00:00+00:00,2997100.84438169
2022-10-06 09:00:00+00:00,2995240.28458968
2022-10-06 10:00:00+00:00,2995347.52453581
2022-10-06 11:00:00+00:00,2995354.9035306
2022-10-06 12:00:00+00:00,2997434.14103463
2022-10-06 13:00:00+00:00,2998628.96309161
2022-10-06 14:00:00+00:00,3000571.15442462
2022-10-06 15:00:00+00:00,3000648.72422491
2022-10-06 16:00:00+00:00,3000638.89960319
2022-10-06 17:00:00+00:00,3000628.90601881
2022-10-06 18:00:00+00:00,3000719.48570122
2022-10-06 19:00:00+00:00,3000707.59087815
2022-10-06 20:00:00+00:00,3000515.9950404
2022-10-06 21:00:00+00:00,3001561.10989668
2022-10-06 22:00:00+00:00,3002135.56932222
2022-10-06 23:00:00+00:00,3001891.11636539
2022-10-07 00:00:00+00:00,3001475.92447448
2022-10-07 01:00:00+00:00,3001626.70608061
2022-10-07 02:00:00+00:00,3001495.51733141
2022-10-07 03:00:00+00:00,3000572.27611846
2022-10-07 04:00:00+00:00,3000193.74980146
2022-10-07 05:00:00+00:00,2999266.04938353
2022-10-07 06:00:00+00:00,2998889.01597572
2022-10-07 07:00:00+00:00,2999606.1489881
2022-10-07 08:00:00+00:00,2998868.69029859
2022-10-07 09:00:00+00:00,2996009.07258851
2022-10-07 10:00:00+00:00,2995899.53290109
2022-10-07 11:00:00+00:00,2996307.02591321
2022-10-07 12:00:00+00:00,2997148.46545521
2022-10-07 13:00:00+00:00,2996460.9549572403
2022-10-07 14:00:00+00:00,2995965.976011
2022-10-07 15:00:00+00:00,2997019.87523212
2022-10-07 16:00:00+00:00,2997411.54213939
2022-10-07 17:00:00+00:00,2997263.35584975
2022-10-07 18:00:00+00:00,2995131.12155649
2022-10-07 19:00:00+00:00,2995976.40657984
2022-10-07 20:00:00+00:00,2997248.54964964
2022-10-07 21:00:00+00:00,2998980.29011025
2022-10-07 22:00:00+00:00,2999576.6869511902
2022-10-07 23:00:00+00:00,2999378.98402343
2022-10-08 00:00:00+00:00,2999360.2158533703
2022-10-08 01:00:00+00:00,2999399.32960364
2022-10-08 02:00:00+00:00,2999485.34951707
2022-10-08 03:00:00+00:00,2999494.32256142
2022-10-08 04:00:00+00:00,2998034.47039809
2022-10-08 05:00:00+00:00,2999565.12176312
2022-10-08 06:00:00+00:00,2999461.52034069
2022-10-08 07:00:00+00:00,2999515.16709535
2022-10-08 08:00:00+00:00,2999600.8378204303
2022-10-08 09:00:00+00:00,2999398.28296411
2022-10-08 10:00:00+00:00,2998388.79400497
2022-10-08 11:00:00+00:00,2999552.91680049
2022-10-08 12:00:00+00:00,2999486.5191805903
2022-10-08 13:00:00+00:00,2999514.88184059
2022-10-08 14:00:00+00:00,2999712.70124041
2022-10-08 15:00:00+00:00,2999251.87429132
2022-10-08 16:00:00+00:00,2999217.7273478
2022-10-08 17:00:00+00:00,2999510.8881857
2022-10-08 18:00:00+00:00,2999498.00005736
2022-10-08 19:00:00+00:00,2997625.78968867
2022-10-08 20:00:00+00:00,2997638.01661472
2022-10-08 21:00:00+00:00,2997498.42528127
2022-10-08 22:00:00+00:00,2997857.9010448703
2022-10-08 23:00:00+00:00,2998010.28840802
2022-10-09 00:00:00+00:00,2996892.45668964
2022-10-09 01:00:00+00:00,2996938.78649922
2022-10-09 02:00:00+00:00,2996934.69665359
2022-10-09 03:00:00+00:00,2997008.0771768
2022-10-09 04:00:00+00:00,2996976.79452865
2022-10-09 05:00:00+00:00,2997000.64503
2022-10-09 06:00:00+00:00,2997038.09179355
2022-10-09 07:00:00+00:00,2997050.5786968702
2022-10-09 08:00:00+00:00,2997061.4676679103
2022-10-09 09:00:00+00:00,2996825.57565949
2022-10-09 10:00:00+00:00,2996730.13350968
2022-10-09 11:00:00+00:00,2996725.30314086
2022-10-09 12:00:00+00:00,2996740.97560674
2022-10-09 13:00:00+00:00,2996813.97273334
2022-10-09 14:00:00+00:00,2996801.29499064
2022-10-09 15:00:00+00:00,2996770.4498246303
2022-10-09 16:00:00+00:00,2996802.9660239
2022-10-09 17:00:00+00:00,2996801.59509273
2022-10-09 18:00:00+00:00,2996737.11699935
2022-10-09 19:00:00+00:00,2996935.29391514
2022-10-09 20:00:00+00:00,2996971.48928031
2022-10-09 21:00:00+00:00,2996032.17457998
2022-10-09 22:00:00+00:00,2995883.68152275
2022-10-09 23:00:00+00:00,2995913.4120929902
2022-10-10 00:00:00+00:00,2995099.48815916
2022-10-10 01:00:00+00:00,2996219.35234146
2022-10-10 02:00:00+00:00,2995243.64573397
2022-10-10 03:00:00+00:00,2995277.59641909
2022-10-10 04:00:00+00:00,2995213.92277561
2022-10-10 05:00:00+00:00,2995282.98292401
2022-10-10 06:00:00+00:00,2995330.14641489
2022-10-10 07:00:00+00:00,2995310.76388196
2022-10-10 08:00:00+00:00,2994364.2324973103
2022-10-10 09:00:00+00:00,2995611.46687701
2022-10-10 10:00:00+00:00,2995703.27855189
2022-10-10 11:00:00+00:00,2993692.68381797
2022-10-10 12:00:00+00:00,2995008.97018967
2022-10-10 13:00:00+00:00,2994945.66035509
2022-10-10 14:00:00+00:00,2996385.39959963
2022-10-10 15:00:00+00:00,2995391.06056165
2022-10-10 16:00:00+00:00,2995352.60974827
2022-10-10 17:00:00+00:00,2996325.2709335
2022-10-10 18:00:00+00:00,2996194.45809496
2022-10-10 19:00:00+00:00,2995122.33129249
2022-10-10 20:00:00+00:00,2994006.11651162
2022-10-10 21:00:00+00:00,2993948.35688982
2022-10-10 22:00:00+00:00,2993987.80213499
2022-10-10 23:00:00+00:00,2993989.3028736003
2022-10-11 00:00:00+00:00,2994118.93538975
2022-10-11 01:00:00+00:00,2993868.43306271
2022-10-11 02:00:00+00:00,2994002.90238869
2022-10-11 03:00:00+00:00,2994154.80526828
2022-10-11 04:00:00+00:00,2994330.5748655
2022-10-11 05:00:00+00:00,2994445.10213215
2022-10-11 06:00:00+00:00,2994438.4954825803
2022-10-11 07:00:00+00:00,2994530.19827542
2022-10-11 08:00:00+00:00,2995551.40279472
2022-10-11 09:00:00+00:00,2994291.15583011
2022-10-11 10:00:00+00:00,2993741.55903246
2022-10-11 11:00:00+00:00,2993680.62508407
2022-10-11 12:00:00+00:00,2992723.21269581
2022-10-11 13:00:00+00:00,2993596.62030396
2022-10-11 14:00:00+00:00,2994319.76258266
2022-10-11 15:00:00+00:00,2991963.35391783
2022-10-11 16:00:00+00:00,2991994.82106803
2022-10-11 17:00:00+00:00,2993264.01204219
2022-10-11 18:00:00+00:00,2993636.88456196
2022-10-11 19:00:00+00:00,2993618.91268798
2022-10-11 20:00:00+00:00,2996088.1108481702
2022-10-11 21:00:00+00:00,2996067.82127322
2022-10-11 22:00:00+00:00,2996089.36722606
2022-10-11 23:00:00+00:00,2998435.9043798
2022-10-12 00:00:00+00:00,2998447.58716978
2022-10-12 01:00:00+00:00,2998791.29864136
2022-10-12 02:00:00+00:00,2997818.49156783
2022-10-12 03:00:00+00:00,2997818.29357698
2022-10-12 04:00:00+00:00,2998062.77327786
2022-10-12 05:00:00+00:00,2998192.9954068
2022-10-12 06:00:00+00:00,2998632.01065802
2022-10-12 07:00:00+00:00,2998501.56782
2022-10-12 08:00:00+00:00,2997067.8152412702
2022-10-12 09:00:00+00:00,2997149.22057414
2022-10-12 10:00:00+00:00,2997373.77327624
2022-10-12 11:00:00+00:00,2997476.86372623
2022-10-12 12:00:00+00:00,2998035.0009503
2022-10-12 13:00:00+00:00,2995971.38816788
2022-10-12 14:00:00+00:00,2997416.71313838
2022-10-12 15:00:00+00:00,2997981.4133845
2022-10-12 16:00:00+00:00,2999894.44665347
2022-10-12 17:00:00+00:00,2999966.7322358
2022-10-12 18:00:00+00:00,3000007.8097789
2022-10-12 19:00:00+00:00,3000125.23739657
2022-10-12 20:00:00+00:00,3000185.68504583
2022-10-12 21:00:00+00:00,3000199.49545574
2022-10-12 22:00:00+00:00,3000168.06625728
2022-10-12 23:00:00+00:00,3002907.22206305
2022-10-13 00:00:00+00:00,3002901.79087639
2022-10-13 01:00:00+00:00,3002924.58855643
2022-10-13 02:00:00+00:00,3002923.80412369
2022-10-13 03:00:00+00:00,3002838.47353566
2022-10-13 04:00:00+00:00,3002810.75114974
2022-10-13 05:00:00+00:00,3002868.68780682
2022-10-13 06:00:00+00:00,3002878.28932616
2022-10-13 07:00:00+00:00,3004105.05760014
2022-10-13 08:00:00+00:00,3004067.28940924
2022-10-13 09:00:00+00:00,3004148.80218543
2022-10-13 10:00:00+00:00,3003419.45785808
2022-10-13 11:00:00+00:00,3002518.32887284
2022-10-13 12:00:00+00:00,3002955.4206024
2022-10-13 13:00:00+00:00,3002734.1672659502
2022-10-13 14:00:00+00:00,3004187.1991084
2022-10-13 15:00:00+00:00,3004595.30008253
2022-10-13 16:00:00+00:00,3003720.28324433
2022-10-13 17:00:00+00:00,3004617.70784098
2022-10-13 18:00:00+00:00,3006753.8986815
2022-10-13 19:00:00+00:00,3004679.98792893
2022-10-13 20:00:00+00:00,3005705.47860789
2022-10-13 21:00:00+00:00,3005913.01940327
2022-10-13 22:00:00+00:00,3006831.38825218
2022-10-13 23:00:00+00:00,3008366.79606708
2022-10-14 00:00:00+00:00,3006505.81264282
2022-10-14 01:00:00+00:00,3006504.49195516
2022-10-14 02:00:00+00:00,3008158.38287871
2022-10-14 03:00:00+00:00,3008054.67968087
2022-10-14 04:00:00+00:00,3008092.3976697503
2022-10-14 05:00:00+00:00,3008170.57644421
2022-10-14 06:00:00+00:00,3008336.48532703
2022-10-14 07:00:00+00:00,3007614.99229299
2022-10-14 08:00:00+00:00,3006567.77214313
2022-10-14 09:00:00+00:00,3003453.52843057
2022-10-14 10:00:00+00:00,3003585.4012284502
2022-10-14 11:00:00+00:00,3003616.3930990603
2022-10-14 12:00:00+00:00,3004007.85749841
2022-10-14 13:00:00+00:00,3004477.71283695
2022-10-14 14:00:00+00:00,3004224.54084842
2022-10-14 15:00:00+00:00,3003741.82514446
2022-10-14 16:00:00+00:00,3002610.33292589
2022-10-14 17:00:00+00:00,3004339.6760260803
2022-10-14 18:00:00+00:00,3004316.28486701
2022-10-14 19:00:00+00:00,3003961.55198611
2022-10-14 20:00:00+00:00,3005315.32678413
2022-10-14 21:00:00+00:00,3005253.95704258
2022-10-14 22:00:00+00:00,3005694.61110273
2022-10-14 23:00:00+00:00,3005722.7508824
2022-10-15 00:00:00+00:00,3006396.41597097
2022-10-15 01:00:00+00:00,3006362.44566144
2022-10-15 02:00:00+00:00,3006292.40514126
2022-10-15 03:00:00+00:00,3006303.88688883
2022-10-15 04:00:00+00:00,3006268.48311515
2022-10-15 05:00:00+00:00,3004984.40291675
2022-10-15 06:00:00+00:00,3005014.47342295
2022-10-15 07:00:00+00:00,3005000.06617929
2022-10-15 08:00:00+00:00,3005007.04927087
2022-10-15 09:00:00+00:00,3007025.10905364
2022-10-15 10:00:00+00:00,3005919.71758658
2022-10-15 11:00:00+00:00,3005894.22853931
2022-10-15 12:00:00+00:00,3007017.58040101
2022-10-15 13:00:00+00:00,3005737.95127156
2022-10-15 14:00:00+00:00,3005753.92273096
2022-10-15 15:00:00+00:00,3004559.0929593
2022-10-15 16:00:00+00:00,3004461.97522463
2022-10-15 17:00:00+00:00,3004590.93296835
2022-10-15 18:00:00+00:00,3004672.23418194
2022-10-15 19:00:00+00:00,3004639.2188915
2022-10-15 20:00:00+00:00,3004639.5268774102
2022-10-15 21:00:00+00:00,3004651.26983164
2022-10-15 22:00:00+00:00,3003741.1338831102
2022-10-15 23:00:00+00:00,3003936.52897501
2022-10-16 00:00:00+00:00,3003970.70290019
2022-10-16 01:00:00+00:00,3003974.57812222
2022-10-16 02:00:00+00:00,3004073.01288701
2022-10-16 03:00:00+00:00,3004085.41637957
2022-10-16 04:00:00+00:00,3004085.15949776
2022-10-16 05:00:00+00:00,3004097.59228758
2022-10-16 06:00:00+00:00,3004115.57998816
2022-10-16 07:00:00+00:00,3004187.06604484
2022-10-16 08:00:00+00:00,3004217.84368678
2022-10-16 09:00:00+00:00,3004033.48224302
2022-10-16 10:00:00+00:00,3004066.5071782703
2022-10-16 11:00:00+00:00,3004114.8639358003
2022-10-16 12:00:00+00:00,3003554.05468196
2022-10-16 13:00:00+00:00,3003568.25323816
2022-10-16 14:00:00+00:00,3003599.79418177
2022-10-16 15:00:00+00:00,3003760.33384933
2022-10-16 16:00:00+00:00,3003793.19781044
2022-10-16 17:00:00+00:00,3004823.57607872
2022-10-16 18:00:00+00:00,3004830.09680928
2022-10-16 19:00:00+00:00,3004841.1783967703
2022-10-16 20:00:00+00:00,3004865.57770674
2022-10-16 21:00:00+00:00,3004885.86753729
2022-10-16 22:00:00+00:00,3005443.44696459
2022-10-16 23:00:00+00:00,3004419.38345594
2022-10-17 00:00:00+00:00,3005129.69702185
2022-10-17 01:00:00+00:00,3004075.44226177
2022-10-17 02:00:00+00:00,3004052.71295615
2022-10-17 03:00:00+00:00,3004092.4613297
2022-10-17 04:00:00+00:00,3003039.48803756
2022-10-17 05:00:00+00:00,3003068.2175184903
2022-10-17 06:00:00+00:00,3003176.47706199
2022-10-17 07:00:00+00:00,3003185.47300112
2022-10-17 08:00:00+00:00,3003130.25408549
2022-10-17 09:00:00+00:00,3003018.93229614
2022-10-17 10:00:00+00:00,3003196.20661365
2022-10-17 11:00:00+00:00,3003284.31619065
2022-10-17 12:00:00+00:00,3003006.59259444
2022-10-17 13:00:00+00:00,3001951.31058037
2022-10-17 14:00:00+00:00,3001841.4278896702
2022-10-17 15:00:00+00:00,3012804.34950223
2022-10-17 16:00:00+00:00,3012463.49599054
2022-10-17 17:00:00+00:00,3012912.38270726
2022-10-17 18:00:00+00:00,3013128.62526266
2022-10-17 19:00:00+00:00,3012222.52918559
2022-10-17 20:00:00+00:00,3021172.08688996
2022-10-17 21:00:00+00:00,3021166.0650035
2022-10-17 22:00:00+00:00,3022251.01015783
2022-10-17 23:00:00+00:00,3023421.9665218
2022-10-18 00:00:00+00:00,3022718.7960094903
2022-10-18 01:00:00+00:00,3022739.61035002
2022-10-18 02:00:00+00:00,3022906.82494271
2022-10-18 03:00:00+00:00,3022998.09567559
2022-10-18 04:00:00+00:00,3024708.19099459
2022-10-18 05:00:00+00:00,3024924.60050812
2022-10-18 06:00:00+00:00,3024942.49237203
2022-10-18 07:00:00+00:00,3037686.6304481
2022-10-18 08:00:00+00:00,3037837.64019142
2022-10-18 09:00:00+00:00,3037253.32536881
2022-10-18 10:00:00+00:00,3037731.9310821
2022-10-18 11:00:00+00:00,3036253.33407149
2022-10-18 12:00:00+00:00,3036044.33662285
2022-10-18 13:00:00+00:00,3035338.43128468
2022-10-18 14:00:00+00:00,3032782.6625097003
2022-10-18 15:00:00+00:00,3031730.77513013
2022-10-18 16:00:00+00:00,3034755.46568827
2022-10-18 17:00:00+00:00,3035852.6177367303
2022-10-18 18:00:00+00:00,3035846.74840358
2022-10-18 19:00:00+00:00,3035074.85810527
2022-10-18 20:00:00+00:00,3041743.5162588903
2022-10-18 21:00:00+00:00,3039937.7659811103
2022-10-18 22:00:00+00:00,3039691.52581118
2022-10-18 23:00:00+00:00,3039438.85560615
2022-10-19 00:00:00+00:00,3039596.7471166803
2022-10-19 01:00:00+00:00,3039678.05590841
2022-10-19 02:00:00+00:00,3039660.9966169503
2022-10-19 03:00:00+00:00,3039297.69311641
2022-10-19 04:00:00+00:00,3039386.8960113903
2022-10-19 05:00:00+00:00,3039420.92426827
2022-10-19 06:00:00+00:00,3039681.38202825
2022-10-19 07:00:00+00:00,3039782.38287468
2022-10-19 08:00:00+00:00,3039783.78684557
2022-10-19 09:00:00+00:00,3037755.00884999
2022-10-19 10:00:00+00:00,3037688.70176197
2022-10-19 11:00:00+00:00,3037794.66550821
2022-10-19 12:00:00+00:00,3038227.3409848
2022-10-19 13:00:00+00:00,3038267.27054774
2022-10-19 14:00:00+00:00,3038133.99943199
2022-10-19 15:00:00+00:00,3038598.15890207
2022-10-19 16:00:00+00:00,3038950.53616822
2022-10-19 17:00:00+00:00,3039726.00527168
2022-10-19 18:00:00+00:00,3039636.22234398
2022-10-19 19:00:00+00:00,3040765.10543869
2022-10-19 20:00:00+00:00,3040838.0941627203
2022-10-19 21:00:00+00:00,3039872.92516765
2022-10-19 22:00:00+00:00,3039916.19683761
2022-10-19 23:00:00+00:00,3039854.6690629
2022-10-20 00:00:00+00:00,3039982.58818776
2022-10-20 01:00:00+00:00,3040247.9907185
2022-10-20 02:00:00+00:00,3040651.48885628
2022-10-20 03:00:00+00:00,3040686.9669002
2022-10-20 04:00:00+00:00,3038803.3124111
2022-10-20 05:00:00+00:00,3041098.3449482
2022-10-20 06:00:00+00:00,3041257.0030107303
2022-10-20 07:00:00+00:00,3041213.68377228
2022-10-20 08:00:00+00:00,3040410.73670376
2022-10-20 09:00:00+00:00,3039705.45378795
2022-10-20 10:00:00+00:00,3035344.3085655803
2022-10-20 11:00:00+00:00,3034282.40628265
2022-10-20 12:00:00+00:00,3034360.7608848
2022-10-20 13:00:00+00:00,3035064.45954322
2022-10-20 14:00:00+00:00,3035154.47487447
2022-10-20 15:00:00+00:00,3034043.904112
2022-10-20 16:00:00+00:00,3034597.72786727
2022-10-20 17:00:00+00:00,3034434.35055432
2022-10-20 18:00:00+00:00,3033313.1279386203
2022-10-20 19:00:00+00:00,3033316.89165257
2022-10-20 20:00:00+00:00,3033080.47940151
2022-10-20 21:00:00+00:00,3033357.37060334
2022-10-20 22:00:00+00:00,3033587.992946
2022-10-20 23:00:00+00:00,3033599.86282355
2022-10-21 00:00:00+00:00,3033631.57511686
2022-10-21 01:00:00+00:00,3033671.88156939
2022-10-21 02:00:00+00:00,3033546.44447173
2022-10-21 03:00:00+00:00,3033592.37974858
2022-10-21 04:00:00+00:00,3033557.44611876
2022-10-21 05:00:00+00:00,3033575.09187995
2022-10-21 06:00:00+00:00,3033918.17892422
2022-10-21 07:00:00+00:00,3032784.6354894303
2022-10-21 08:00:00+00:00,3033759.00129744
2022-10-21 09:00:00+00:00,3033633.3688450702
2022-10-21 10:00:00+00:00,3033923.00002377
2022-10-21 11:00:00+00:00,3033713.93325377
2022-10-21 12:00:00+00:00,3032641.75960926
2022-10-21 13:00:00+00:00,3033526.36798624
2022-10-21 14:00:00+00:00,3033293.62225299
2022-10-21 15:00:00+00:00,3032609.9064519303
2022-10-21 16:00:00+00:00,3032694.76160777
2022-10-21 17:00:00+00:00,3032608.30277031
2022-10-21 18:00:00+00:00,3033837.92950529
2022-10-21 19:00:00+00:00,3033865.16624522
2022-10-21 20:00:00+00:00,3034409.86792777
2022-10-21 21:00:00+00:00,3036753.84600349
2022-10-21 22:00:00+00:00,3037249.00825497
2022-10-21 23:00:00+00:00,3036968.1425301502
2022-10-22 00:00:00+00:00,3036950.15989569
2022-10-22 01:00:00+00:00,3036392.5160609703
2022-10-22 02:00:00+00:00,3034791.2808387103
2022-10-22 03:00:00+00:00,3034802.1028690003
2022-10-22 04:00:00+00:00,3034816.64432974
2022-10-22 05:00:00+00:00,3033793.81047774
2022-10-22 06:00:00+00:00,3033792.84951443
2022-10-22 07:00:00+00:00,3033808.79253592
2022-10-22 08:00:00+00:00,3032831.71077799
2022-10-22 09:00:00+00:00,3033701.80695357
2022-10-22 10:00:00+00:00,3032570.58376263
2022-10-22 11:00:00+00:00,3033897.87503248
2022-10-22 12:00:00+00:00,3033868.27233348
2022-10-22 13:00:00+00:00,3033875.87276063
2022-10-22 14:00:00+00:00,3033845.59398355
2022-10-22 15:00:00+00:00,3033950.02681709
2022-10-22 16:00:00+00:00,3033383.17635496
2022-10-22 17:00:00+00:00,3033540.12336019
2022-10-22 18:00:00+00:00,3033567.27755959
2022-10-22 19:00:00+00:00,3033861.63963705
2022-10-22 20:00:00+00:00,3033861.63963705
2022-10-22 21:00:00+00:00,3033902.00208594
2022-10-22 22:00:00+00:00,3034717.6802502302
2022-10-22 23:00:00+00:00,3035551.2802193803
2022-10-23 00:00:00+00:00,3037198.40904408
2022-10-23 01:00:00+00:00,3038361.22846339
2022-10-23 02:00:00+00:00,3038379.46073162
2022-10-23 03:00:00+00:00,3038412.51823499
2022-10-23 04:00:00+00:00,3038440.32025777
2022-10-23 05:00:00+00:00,3038474.3776684003
2022-10-23 06:00:00+00:00,3037498.58924657
2022-10-23 07:00:00+00:00,3037626.2099014
2022-10-23 08:00:00+00:00,3037402.25713604
2022-10-23 09:00:00+00:00,3037498.46135703
2022-10-23 10:00:00+00:00,3037490.71001033
2022-10-23 11:00:00+00:00,3038828.207215
2022-10-23 12:00:00+00:00,3038842.8584721102
2022-10-23 13:00:00+00:00,3039022.88351701
2022-10-23 14:00:00+00:00,3038916.0876216902
2022-10-23 15:00:00+00:00,3039579.96536014
2022-10-23 16:00:00+00:00,3039635.1743547
2022-10-23 17:00:00+00:00,3039699.04853264
2022-10-23 18:00:00+00:00,3038729.62405273
2022-10-23 19:00:00+00:00,3038773.21626959
2022-10-23 20:00:00+00:00,3038815.18384085
2022-10-23 21:00:00+00:00,3038801.57540055
2022-10-23 22:00:00+00:00,3038875.90017334
2022-10-23 23:00:00+00:00,3038859.85640359
2022-10-24 00:00:00+00:00,3038958.91059621
2022-10-24 01:00:00+00:00,3038979.90002424
2022-10-24 02:00:00+00:00,3038731.84208121
2022-10-24 03:00:00+00:00,3038758.72114191
2022-10-24 04:00:00+00:00,3038795.9504604703
2022-10-24 05:00:00+00:00,3038858.9360125703
2022-10-24 06:00:00+00:00,3040083.32734105
2022-10-24 07:00:00+00:00,3039536.68709499
2022-10-24 08:00:00+00:00,3040540.28733312
2022-10-24 09:00:00+00:00,3038997.70008206
2022-10-24 10:00:00+00:00,3039551.06973835
2022-10-24 11:00:00+00:00,3038281.53095841
2022-10-24 12:00:00+00:00,3035565.2324098903
2022-10-24 13:00:00+00:00,3031923.9149698
2022-10-24 14:00:00+00:00,3032255.65838932
2022-10-24 15:00:00+00:00,3030422.30684876
2022-10-24 16:00:00+00:00,3030880.19169637
2022-10-24 17:00:00+00:00,3032018.7945760502
2022-10-24 18:00:00+00:00,3031938.41740449
2022-10-24 19:00:00+00:00,3032366.84360205
2022-10-24 20:00:00+00:00,3031042.57541507
2022-10-24 21:00:00+00:00,3031028.17296972
2022-10-24 22:00:00+00:00,3032169.69689764
2022-10-24 23:00:00+00:00,3026257.5042724
2022-10-25 00:00:00+00:00,3031760.95222296
2022-10-25 01:00:00+00:00,3032873.0351542
2022-10-25 02:00:00+00:00,3031744.43186048
2022-10-25 03:00:00+00:00,3031938.63475711
2022-10-25 04:00:00+00:00,3030930.35497855
2022-10-25 05:00:00+00:00,3030936.79511812
2022-10-25 06:00:00+00:00,3031092.69392105
2022-10-25 07:00:00+00:00,3030806.94011808
2022-10-25 08:00:00+00:00,3029972.3194370503
2022-10-25 09:00:00+00:00,3029754.84938177
2022-10-25 10:00:00+00:00,3029739.81378004
2022-10-25 11:00:00+00:00,3029738.93274258
2022-10-25 12:00:00+00:00,3027658.56032809
2022-10-25 13:00:00+00:00,3028885.50190354
2022-10-25 14:00:00+00:00,3028885.50190354
2022-10-25 15:00:00+00:00,3029088.89003404
2022-10-25 16:00:00+00:00,3029648.92832884
2022-10-25 17:00:00+00:00,3032070.54779794
2022-10-25 18:00:00+00:00,3031934.38775176
2022-10-25 19:00:00+00:00,3031824.66131494
2022-10-25 20:00:00+00:00,3031777.03133355
2022-10-25 21:00:00+00:00,3034092.44146262
2022-10-25 22:00:00+00:00,3034664.30297747
2022-10-25 23:00:00+00:00,3035475.07983868
2022-10-26 00:00:00+00:00,3035583.35568807
2022-10-26 01:00:00+00:00,3037637.45377248
2022-10-26 02:00:00+00:00,3035168.81146394
2022-10-26 03:00:00+00:00,3035941.90296595
2022-10-26 04:00:00+00:00,3037169.53766491
2022-10-26 05:00:00+00:00,3038310.75556535
2022-10-26 06:00:00+00:00,3039556.27562515
2022-10-26 07:00:00+00:00,3038616.59994746
2022-10-26 08:00:00+00:00,3037213.7730766702
2022-10-26 09:00:00+00:00,3036683.82224915
2022-10-26 10:00:00+00:00,3036772.06380371
2022-10-26 11:00:00+00:00,3037617.39031192
2022-10-26 12:00:00+00:00,3037618.41801034
2022-10-26 13:00:00+00:00,3037895.1673390702
2022-10-26 14:00:00+00:00,3034795.98812396
2022-10-26 15:00:00+00:00,3035565.3915368803
2022-10-26 16:00:00+00:00,3036253.94707629
2022-10-26 17:00:00+00:00,3035143.0556908
2022-10-26 18:00:00+00:00,3037368.72918104
2022-10-26 19:00:00+00:00,3036213.6171172
2022-10-26 20:00:00+00:00,3037182.12241309
2022-10-26 21:00:00+00:00,3038087.10765219
2022-10-26 22:00:00+00:00,3037915.81420421
2022-10-26 23:00:00+00:00,3037008.09008077
2022-10-27 00:00:00+00:00,3037161.44013301
2022-10-27 01:00:00+00:00,3037084.22184867
2022-10-27 02:00:00+00:00,3037032.017487
2022-10-27 03:00:00+00:00,3036806.13197486
2022-10-27 04:00:00+00:00,3036783.16023604
2022-10-27 05:00:00+00:00,3035515.47870018
2022-10-27 06:00:00+00:00,3035588.19975426
2022-10-27 07:00:00+00:00,3035430.038252
2022-10-27 08:00:00+00:00,3035219.26430955
2022-10-27 09:00:00+00:00,3033742.7661285102
2022-10-27 10:00:00+00:00,3035269.37326826
2022-10-27 11:00:00+00:00,3034358.99435146
2022-10-27 12:00:00+00:00,3032452.75940993
2022-10-27 13:00:00+00:00,3034903.0304347
2022-10-27 14:00:00+00:00,3034912.8088455102
2022-10-27 15:00:00+00:00,3041394.95003686
2022-10-27 16:00:00+00:00,3040022.8223317
2022-10-27 17:00:00+00:00,3039593.43975715
2022-10-27 18:00:00+00:00,3038661.20554853
2022-10-27 19:00:00+00:00,3038683.07695141
2022-10-27 20:00:00+00:00,3037832.85981423
2022-10-27 21:00:00+00:00,3039626.52967442
2022-10-27 22:00:00+00:00,3036503.6708906
2022-10-27 23:00:00+00:00,3036918.41485036
2022-10-28 00:00:00+00:00,3037260.83733051
2022-10-28 01:00:00+00:00,3037355.62566589
2022-10-28 02:00:00+00:00,3037384.65378499
2022-10-28 03:00:00+00:00,3037347.05621546
2022-10-28 04:00:00+00:00,3037429.32054254
2022-10-28 05:00:00+00:00,3037914.4607217303
2022-10-28 06:00:00+00:00,3037766.70395554
2022-10-28 07:00:00+00:00,3037991.43150541
2022-10-28 08:00:00+00:00,3035791.74176243
2022-10-28 09:00:00+00:00,3035132.27316604
2022-10-28 10:00:00+00:00,3035231.36252002
2022-10-28 11:00:00+00:00,3035412.37041341
2022-10-28 12:00:00+00:00,3034359.03739485
2022-10-28 13:00:00+00:00,3034671.82688417
2022-10-28 14:00:00+00:00,3033285.4594367403
2022-10-28 15:00:00+00:00,3038856.36614203
2022-10-28 16:00:00+00:00,3037952.7031242303
2022-10-28 17:00:00+00:00,3037997.54827359
2022-10-28 18:00:00+00:00,3038008.27914925
2022-10-28 19:00:00+00:00,3038037.30640996
2022-10-28 20:00:00+00:00,3037870.37067221
2022-10-28 21:00:00+00:00,3037996.36777427
2022-10-28 22:00:00+00:00,3040220.6987059303
2022-10-28 23:00:00+00:00,3039483.71110552
2022-10-29 00:00:00+00:00,3039258.48110322
2022-10-29 01:00:00+00:00,3039345.51781156
2022-10-29 02:00:00+00:00,3038236.31405506
2022-10-29 03:00:00+00:00,3038251.32504284
2022-10-29 04:00:00+00:00,3038154.73626698
2022-10-29 05:00:00+00:00,3037086.28704232
2022-10-29 06:00:00+00:00,3037114.74599356
2022-10-29 07:00:00+00:00,3036403.4308453603
2022-10-29 08:00:00+00:00,3036229.14311811
2022-10-29 09:00:00+00:00,3036227.0161754503
2022-10-29 10:00:00+00:00,3036186.6218326
2022-10-29 11:00:00+00:00,3036319.89123441
2022-10-29 12:00:00+00:00,3038108.35523762
2022-10-29 13:00:00+00:00,3038137.48139532
2022-10-29 14:00:00+00:00,3037689.6699949503
2022-10-29 15:00:00+00:00,3037428.26857529
2022-10-29 16:00:00+00:00,3037463.28280689
2022-10-29 17:00:00+00:00,3037410.21830577
2022-10-29 18:00:00+00:00,3037432.5594504
2022-10-29 19:00:00+00:00,3037314.62422051
2022-10-29 20:00:00+00:00,3037460.35824054
2022-10-29 21:00:00+00:00,3037453.64648423
2022-10-29 22:00:00+00:00,3037407.06345533
2022-10-29 23:00:00+00:00,3037025.08687745
2022-10-30 00:00:00+00:00,3037239.6057769703
2022-10-30 01:00:00+00:00,3037354.850874
2022-10-30 02:00:00+00:00,3037275.3747917
2022-10-30 03:00:00+00:00,3037314.32978868
2022-10-30 04:00:00+00:00,3036996.35500644
2022-10-30 05:00:00+00:00,3037061.34371754
2022-10-30 06:00:00+00:00,3037266.07572668
2022-10-30 07:00:00+00:00,3037276.59047956
2022-10-30 08:00:00+00:00,3037327.79482673
2022-10-30 09:00:00+00:00,3037158.4618386603
2022-10-30 10:00:00+00:00,3037277.73720685
2022-10-30 11:00:00+00:00,3037310.02733529
2022-10-30 12:00:00+00:00,3037323.40484505
2022-10-30 13:00:00+00:00,3036157.43022621
2022-10-30 14:00:00+00:00,3037252.71936742
2022-10-30 15:00:00+00:00,3037315.77438986
2022-10-30 16:00:00+00:00,3037314.08177166
2022-10-30 17:00:00+00:00,3037364.22154309
2022-10-30 18:00:00+00:00,3037369.73324874
2022-10-30 19:00:00+00:00,3037258.70338559
2022-10-30 20:00:00+00:00,3037278.21793916
2022-10-30 21:00:00+00:00,3037261.7856687102
2022-10-30 22:00:00+00:00,3037361.84826255
2022-10-30 23:00:00+00:00,3037358.76573034
2022-10-31 00:00:00+00:00,3035931.65273379
2022-10-31 01:00:00+00:00,3035950.29191536
2022-10-31 02:00:00+00:00,3036612.40394004
2022-10-31 03:00:00+00:00,3036606.60646401
2022-10-31 04:00:00+00:00,3036708.33427937
2022-10-31 05:00:00+00:00,3036804.23255428
2022-10-31 06:00:00+00:00,3036982.44774687
2022-10-31 07:00:00+00:00,3036896.09369034
2022-10-31 08:00:00+00:00,3036926.02563484
2022-10-31 09:00:00+00:00,3037684.74757099
2022-10-31 10:00:00+00:00,3037652.5098768
2022-10-31 11:00:00+00:00,3038169.43734557
2022-10-31 12:00:00+00:00,3038910.58188887
2022-10-31 13:00:00+00:00,3040203.34720413
2022-10-31 14:00:00+00:00,3040429.5862097302
2022-10-31 15:00:00+00:00,3039731.52245712
2022-10-31 16:00:00+00:00,3038065.5769824
2022-10-31 17:00:00+00:00,3038434.74735746
2022-10-31 18:00:00+00:00,3037005.97474345
2022-10-31 19:00:00+00:00,3036895.16932353
2022-10-31 20:00:00+00:00,3037052.63924219
2022-10-31 21:00:00+00:00,3037102.17260024
2022-10-31 22:00:00+00:00,3037199.17493845
2022-10-31 23:00:00+00:00,3037180.26616958
2022-11-01 00:00:00+00:00,3037406.85457714
2022-11-01 01:00:00+00:00,3037448.7148859203
2022-11-01 02:00:00+00:00,3037497.37678711
2022-11-01 03:00:00+00:00,3037144.92642681
2022-11-01 04:00:00+00:00,3037078.72820084
2022-11-01 05:00:00+00:00,3037448.72067624
2022-11-01 06:00:00+00:00,3037748.0718127303
2022-11-01 07:00:00+00:00,3038528.61088916
2022-11-01 08:00:00+00:00,3038528.9860135303
2022-11-01 09:00:00+00:00,3037632.37946815
2022-11-01 10:00:00+00:00,3038946.8255399102
2022-11-01 11:00:00+00:00,3038517.90857516
2022-11-01 12:00:00+00:00,3038698.74953537
2022-11-01 13:00:00+00:00,3038691.49951516
2022-11-01 14:00:00+00:00,3038958.86734842
2022-11-01 15:00:00+00:00,3034422.87194952
2022-11-01 16:00:00+00:00,3034478.36948867
2022-11-01 17:00:00+00:00,3034067.08497556
2022-11-01 18:00:00+00:00,3035120.48361354
2022-11-01 19:00:00+00:00,3035361.46231038
2022-11-01 20:00:00+00:00,3034334.99887984
2022-11-01 21:00:00+00:00,3034761.99244216
2022-11-01 22:00:00+00:00,3034907.46748099
2022-11-01 23:00:00+00:00,3033955.95666552
2022-11-02 00:00:00+00:00,3034038.23570879
2022-11-02 01:00:00+00:00,3034220.15170277
2022-11-02 02:00:00+00:00,3034241.31079685
2022-11-02 03:00:00+00:00,3034175.3696784
2022-11-02 04:00:00+00:00,3034064.79345997
2022-11-02 05:00:00+00:00,3034208.76483826
2022-11-02 06:00:00+00:00,3034404.50420597
2022-11-02 07:00:00+00:00,3034424.63547735
2022-11-02 08:00:00+00:00,3036817.98091425
2022-11-02 09:00:00+00:00,3034136.95030659
2022-11-02 10:00:00+00:00,3032689.5040946603
2022-11-02 11:00:00+00:00,3033150.2632445903
2022-11-02 12:00:00+00:00,3031458.4181171
2022-11-02 13:00:00+00:00,3030429.34113488
2022-11-02 14:00:00+00:00,3030653.45058471
2022-11-02 15:00:00+00:00,3030877.69847309
2022-11-02 16:00:00+00:00,3028204.30942018
2022-11-02 17:00:00+00:00,3026077.12936112
2022-11-02 18:00:00+00:00,3026072.68859298
2022-11-02 19:00:00+00:00,3027506.09947003
2022-11-02 20:00:00+00:00,3028287.49192344
2022-11-02 21:00:00+00:00,3031353.75939074
2022-11-02 22:00:00+00:00,3031353.75939074
2022-11-02 23:00:00+00:00,3028221.00925576
2022-11-03 00:00:00+00:00,3029591.29230369
2022-11-03 01:00:00+00:00,3029698.57462051
2022-11-03 02:00:00+00:00,3028719.56014681
2022-11-03 03:00:00+00:00,3031638.53110669
2022-11-03 04:00:00+00:00,3030591.68470552
2022-11-03 05:00:00+00:00,3030737.51296611
2022-11-03 06:00:00+00:00,3030728.43954372
2022-11-03 07:00:00+00:00,3030741.61593166
2022-11-03 08:00:00+00:00,3028726.0660965103
2022-11-03 09:00:00+00:00,3028453.79398743
2022-11-03 10:00:00+00:00,3027743.31766822
2022-11-03 11:00:00+00:00,3027845.73767321
2022-11-03 12:00:00+00:00,3027790.36828565
2022-11-03 13:00:00+00:00,3029118.50030462
2022-11-03 14:00:00+00:00,3028869.31566008
2022-11-03 15:00:00+00:00,3030376.26751007
2022-11-03 16:00:00+00:00,3032608.9471816
2022-11-03 17:00:00+00:00,3031958.75458589
2022-11-03 18:00:00+00:00,3033439.60449978
2022-11-03 19:00:00+00:00,3031648.06552328
2022-11-03 20:00:00+00:00,3031581.67176518
2022-11-03 21:00:00+00:00,3031563.02677027
2022-11-03 22:00:00+00:00,3031595.9897047803
2022-11-03 23:00:00+00:00,3031675.27459381
2022-11-04 00:00:00+00:00,3031702.86666379
2022-11-04 01:00:00+00:00,3029793.94256442
2022-11-04 02:00:00+00:00,3030721.30281083
2022-11-04 03:00:00+00:00,3030744.35625398
2022-11-04 04:00:00+00:00,3029618.79403608
2022-11-04 05:00:00+00:00,3028430.64252836
2022-11-04 06:00:00+00:00,3027342.7365209
2022-11-04 07:00:00+00:00,3025145.52635262
2022-11-04 08:00:00+00:00,3024762.32677332
2022-11-04 09:00:00+00:00,3023827.8436568403
2022-11-04 10:00:00+00:00,3023502.0087098703
2022-11-04 11:00:00+00:00,3023870.43160165
2022-11-04 12:00:00+00:00,3023854.26406209
2022-11-04 13:00:00+00:00,3024448.03769173
2022-11-04 14:00:00+00:00,3023553.25790329
2022-11-04 15:00:00+00:00,3024125.31156127
2022-11-04 16:00:00+00:00,3025473.70581506
2022-11-04 17:00:00+00:00,3024239.17244672
2022-11-04 18:00:00+00:00,3020555.86700462
2022-11-04 19:00:00+00:00,3021055.39494414
2022-11-04 20:00:00+00:00,3022304.72675909
2022-11-04 21:00:00+00:00,3020659.82910567
2022-11-04 22:00:00+00:00,3020886.5071200603
2022-11-04 23:00:00+00:00,3020717.34260413
2022-11-05 00:00:00+00:00,3020581.57623155
2022-11-05 01:00:00+00:00,3019302.86260205
2022-11-05 02:00:00+00:00,3019313.330816
2022-11-05 03:00:00+00:00,3019094.84985124
2022-11-05 04:00:00+00:00,3019070.5167196
2022-11-05 05:00:00+00:00,3017779.90953162
2022-11-05 06:00:00+00:00,3017806.0161494203
2022-11-05 07:00:00+00:00,3017865.51526283
2022-11-05 08:00:00+00:00,3017848.80963777
2022-11-05 09:00:00+00:00,3017701.97124278
2022-11-05 10:00:00+00:00,3017751.8275918
2022-11-05 11:00:00+00:00,3017852.6655682
2022-11-05 12:00:00+00:00,3017925.83733106
2022-11-05 13:00:00+00:00,3019420.7280764
2022-11-05 14:00:00+00:00,3019422.24162605
2022-11-05 15:00:00+00:00,3020274.68064721
2022-11-05 16:00:00+00:00,3020320.11963418
2022-11-05 17:00:00+00:00,3019326.1711318702
2022-11-05 18:00:00+00:00,3019140.28419069
2022-11-05 19:00:00+00:00,3019151.44660102
2022-11-05 20:00:00+00:00,3019745.0356958
2022-11-05 21:00:00+00:00,3019979.99947194
2022-11-05 22:00:00+00:00,3019749.36805303
2022-11-05 23:00:00+00:00,3021025.88560039
2022-11-06 00:00:00+00:00,3020916.0175690902
2022-11-06 01:00:00+00:00,3020854.96848209
2022-11-06 02:00:00+00:00,3020907.08987899
2022-11-06 03:00:00+00:00,3020969.99469997
2022-11-06 04:00:00+00:00,3020953.85355651
2022-11-06 05:00:00+00:00,3021033.00662754
2022-11-06 06:00:00+00:00,3021095.93369043
2022-11-06 07:00:00+00:00,3021066.1966899303
2022-11-06 08:00:00+00:00,3020999.5552633703
2022-11-06 09:00:00+00:00,3020801.59013067
2022-11-06 10:00:00+00:00,3020715.52422136
2022-11-06 11:00:00+00:00,3021884.94698566
2022-11-06 12:00:00+00:00,3021885.84380496
2022-11-06 13:00:00+00:00,3022988.81903263
2022-11-06 14:00:00+00:00,3027928.13625042
2022-11-06 15:00:00+00:00,3026927.9749576203
2022-11-06 16:00:00+00:00,3026985.85268968
2022-11-06 17:00:00+00:00,3027218.96737876
2022-11-06 18:00:00+00:00,3025866.60812339
2022-11-06 19:00:00+00:00,3025877.5865719
2022-11-06 20:00:00+00:00,3026025.08606435
2022-11-06 21:00:00+00:00,3025841.92758738
2022-11-06 22:00:00+00:00,3025952.38174268
2022-11-06 23:00:00+00:00,3026007.1022921503
2022-11-07 00:00:00+00:00,3029516.9640054
2022-11-07 01:00:00+00:00,3033847.25882352
2022-11-07 02:00:00+00:00,3033125.0216373
2022-11-07 03:00:00+00:00,3026758.80770489
2022-11-07 04:00:00+00:00,3029698.04380528
2022-11-07 05:00:00+00:00,3028987.20087889
2022-11-07 06:00:00+00:00,3027238.24636531
2022-11-07 07:00:00+00:00,3025810.56506374
2022-11-07 08:00:00+00:00,3024916.12037638
2022-11-07 09:00:00+00:00,3026864.97158515
2022-11-07 10:00:00+00:00,3024101.88666704
2022-11-07 11:00:00+00:00,3024747.19535435
2022-11-07 12:00:00+00:00,3024839.41956903
2022-11-07 13:00:00+00:00,3025045.4388045003
2022-11-07 14:00:00+00:00,3030887.08681109
2022-11-07 15:00:00+00:00,3038499.0686058
2022-11-07 16:00:00+00:00,3035745.35625359
2022-11-07 17:00:00+00:00,3028006.17127387
2022-11-07 18:00:00+00:00,3027843.55767514
2022-11-07 19:00:00+00:00,3027843.55767514
2022-11-07 20:00:00+00:00,3027866.9228188703
2022-11-07 21:00:00+00:00,3032996.75693666
2022-11-07 22:00:00+00:00,3030487.95048835
2022-11-07 23:00:00+00:00,3033387.61774404
2022-11-08 00:00:00+00:00,3031197.09909051
2022-11-08 01:00:00+00:00,3030873.7652082
2022-11-08 02:00:00+00:00,3030942.28011914
2022-11-08 03:00:00+00:00,3031068.40197271
2022-11-08 04:00:00+00:00,3030611.8635630603
2022-11-08 05:00:00+00:00,3029786.97841963
2022-11-08 06:00:00+00:00,3027998.14783418
2022-11-08 07:00:00+00:00,3029506.1864593
2022-11-08 08:00:00+00:00,3029308.21801807
2022-11-08 09:00:00+00:00,3028764.46999784
2022-11-08 10:00:00+00:00,3024361.48122211
2022-11-08 11:00:00+00:00,3024834.15666601
2022-11-08 12:00:00+00:00,3025616.30635607
2022-11-08 13:00:00+00:00,3027475.84578118
2022-11-08 14:00:00+00:00,3025013.10765241
2022-11-08 15:00:00+00:00,3029019.81401091
2022-11-08 16:00:00+00:00,3028787.1106677
2022-11-08 17:00:00+00:00,3010237.29931927
2022-11-08 18:00:00+00:00,3013509.93099999
2022-11-08 19:00:00+00:00,3015635.92888133
2022-11-08 20:00:00+00:00,3013143.5999755203
2022-11-08 21:00:00+00:00,3010348.07342222
2022-11-08 22:00:00+00:00,3014637.7800128
2022-11-08 23:00:00+00:00,3011097.1784017603
2022-11-09 00:00:00+00:00,3006981.94331434
2022-11-09 01:00:00+00:00,3011112.0929121003
2022-11-09 02:00:00+00:00,3021938.13314997
2022-11-09 03:00:00+00:00,3022550.28086361
2022-11-09 04:00:00+00:00,3021339.0554547003
2022-11-09 05:00:00+00:00,3022342.00569604
2022-11-09 06:00:00+00:00,3021749.79804717
2022-11-09 07:00:00+00:00,3021805.92407318
2022-11-09 08:00:00+00:00,3021068.26791229
2022-11-09 09:00:00+00:00,3023347.22445611
2022-11-09 10:00:00+00:00,3017774.21429885
2022-11-09 11:00:00+00:00,3020802.7244547303
2022-11-09 12:00:00+00:00,3021524.22271725
2022-11-09 13:00:00+00:00,3021786.6377454503
2022-11-09 14:00:00+00:00,3023969.29101619
2022-11-09 15:00:00+00:00,3023180.12483223
2022-11-09 16:00:00+00:00,3023684.89121649
2022-11-09 17:00:00+00:00,3021513.20228167
2022-11-09 18:00:00+00:00,3025431.8868573
2022-11-09 19:00:00+00:00,3020953.43016354
2022-11-09 20:00:00+00:00,3021751.49611112
2022-11-09 21:00:00+00:00,3018255.47277142
2022-11-09 22:00:00+00:00,3011747.42624081
2022-11-09 23:00:00+00:00,3003394.5371287
2022-11-10 00:00:00+00:00,3003595.8534994703
2022-11-10 01:00:00+00:00,3003347.34372229
2022-11-10 02:00:00+00:00,3005439.92166682
2022-11-10 03:00:00+00:00,3010100.01462272
2022-11-10 04:00:00+00:00,3009393.0398404603
2022-11-10 05:00:00+00:00,3010410.49066403
2022-11-10 06:00:00+00:00,3011185.08199618
2022-11-10 07:00:00+00:00,3013655.02244981
2022-11-10 08:00:00+00:00,3015571.11265655
2022-11-10 09:00:00+00:00,3013242.44255977
2022-11-10 10:00:00+00:00,3014195.89829536
2022-11-10 11:00:00+00:00,3013767.42170902
2022-11-10 12:00:00+00:00,3012693.9329074
2022-11-10 13:00:00+00:00,3014478.31073327
2022-11-10 14:00:00+00:00,3015350.4299251502
2022-11-10 15:00:00+00:00,3012439.42119283
2022-11-10 16:00:00+00:00,3012951.09559708
2022-11-10 17:00:00+00:00,3011071.13326233
2022-11-10 18:00:00+00:00,3014456.76784518
2022-11-10 19:00:00+00:00,3011311.09969945
2022-11-10 20:00:00+00:00,3013214.11740144
2022-11-10 21:00:00+00:00,3014636.0041695
2022-11-10 22:00:00+00:00,3014170.11022489
2022-11-10 23:00:00+00:00,3014468.96172623
2022-11-11 00:00:00+00:00,3015964.29708145
2022-11-11 01:00:00+00:00,3015190.7656753203
2022-11-11 02:00:00+00:00,3015150.19460529
2022-11-11 03:00:00+00:00,3014015.9000821803
2022-11-11 04:00:00+00:00,3015219.93966559
2022-11-11 05:00:00+00:00,3016320.01977978
2022-11-11 06:00:00+00:00,3016664.8687312203
2022-11-11 07:00:00+00:00,3015769.02932617
2022-11-11 08:00:00+00:00,3016021.05553168
2022-11-11 09:00:00+00:00,3017783.86286931
2022-11-11 10:00:00+00:00,3017504.42038092
2022-11-11 11:00:00+00:00,3017376.9162162
2022-11-11 12:00:00+00:00,3015791.85651222
2022-11-11 13:00:00+00:00,3016719.98184131
2022-11-11 14:00:00+00:00,3017862.2635406703
2022-11-11 15:00:00+00:00,3018500.6049026703
2022-11-11 16:00:00+00:00,3024825.05572736
2022-11-11 17:00:00+00:00,3025236.9369582
2022-11-11 18:00:00+00:00,3024413.26526416
2022-11-11 19:00:00+00:00,3025359.36411448
2022-11-11 20:00:00+00:00,3015283.06680864
2022-11-11 21:00:00+00:00,3014526.94308022
2022-11-11 22:00:00+00:00,3003087.96209583
2022-11-11 23:00:00+00:00,3016882.0002547703
2022-11-12 00:00:00+00:00,2994445.77632337
2022-11-12 01:00:00+00:00,2992647.53500843
2022-11-12 02:00:00+00:00,2980884.80691901
2022-11-12 03:00:00+00:00,2980166.59877146
2022-11-12 04:00:00+00:00,2980310.17676297
2022-11-12 05:00:00+00:00,2981325.8472898803
2022-11-12 06:00:00+00:00,2981772.69761581
2022-11-12 07:00:00+00:00,2981768.99040891
2022-11-12 08:00:00+00:00,2980399.7233738
2022-11-12 09:00:00+00:00,2980339.6375678
2022-11-12 10:00:00+00:00,2981199.87429133
2022-11-12 11:00:00+00:00,2981299.77306339
2022-11-12 12:00:00+00:00,2981164.99806371
2022-11-12 13:00:00+00:00,2979978.19029359
2022-11-12 14:00:00+00:00,2981692.50234278
2022-11-12 15:00:00+00:00,2982304.4260986103
2022-11-12 16:00:00+00:00,2981674.33626106
2022-11-12 17:00:00+00:00,2981602.58520798
2022-11-12 18:00:00+00:00,2981341.78809341
2022-11-12 19:00:00+00:00,2981756.76556406
2022-11-12 20:00:00+00:00,2982235.40052542
2022-11-12 21:00:00+00:00,2981837.8053997
2022-11-12 22:00:00+00:00,2981904.39391979
2022-11-12 23:00:00+00:00,2981884.32660095
2022-11-13 00:00:00+00:00,2983338.89288103
2022-11-13 01:00:00+00:00,2983306.79779568
2022-11-13 02:00:00+00:00,2982345.51729604
2022-11-13 03:00:00+00:00,2982446.16327501
2022-11-13 04:00:00+00:00,2981794.75348414
2022-11-13 05:00:00+00:00,2982743.43959093
2022-11-13 06:00:00+00:00,2982731.43168141
2022-11-13 07:00:00+00:00,2983738.70325264
2022-11-13 08:00:00+00:00,2983961.90617321
2022-11-13 09:00:00+00:00,2983770.25143753
2022-11-13 10:00:00+00:00,2983557.4732704
2022-11-13 11:00:00+00:00,2983424.78438458
2022-11-13 12:00:00+00:00,2983376.69314693
2022-11-13 13:00:00+00:00,2983348.94515143
2022-11-13 14:00:00+00:00,2980745.2606595103
2022-11-13 15:00:00+00:00,2982267.21920488
2022-11-13 16:00:00+00:00,2981547.73318458
2022-11-13 17:00:00+00:00,2981758.88862952
2022-11-13 18:00:00+00:00,2981857.54455078
2022-11-13 19:00:00+00:00,2981718.19033716
2022-11-13 20:00:00+00:00,2982347.44277863
2022-11-13 21:00:00+00:00,2982337.16443412
2022-11-13 22:00:00+00:00,2982574.3821484502
2022-11-13 23:00:00+00:00,2983366.40801631
2022-11-14 00:00:00+00:00,2983368.6993416003
2022-11-14 01:00:00+00:00,2991923.4275469
2022-11-14 02:00:00+00:00,2991688.78664391
2022-11-14 03:00:00+00:00,2989312.4123590603
2022-11-14 04:00:00+00:00,2987992.79945485
2022-11-14 05:00:00+00:00,2988994.13199285
2022-11-14 06:00:00+00:00,2988959.48074673
2022-11-14 07:00:00+00:00,2989676.49141767
2022-11-14 08:00:00+00:00,2988664.46346963
2022-11-14 09:00:00+00:00,2990091.89469233
2022-11-14 10:00:00+00:00,2989625.03462478
2022-11-14 11:00:00+00:00,2991380.82687593
2022-11-14 12:00:00+00:00,2991633.78401189
2022-11-14 13:00:00+00:00,2993581.39743446
2022-11-14 14:00:00+00:00,2993557.90007589
2022-11-14 15:00:00+00:00,2993004.09909908
2022-11-14 16:00:00+00:00,2992819.71743698
2022-11-14 17:00:00+00:00,2984333.52675612
2022-11-14 18:00:00+00:00,2985997.91040954
2022-11-14 19:00:00+00:00,2988382.4894768703
2022-11-14 20:00:00+00:00,2988153.5943640103
2022-11-14 21:00:00+00:00,2988072.16752533
2022-11-14 22:00:00+00:00,2986634.34533496
2022-11-14 23:00:00+00:00,2982814.83725117
2022-11-15 00:00:00+00:00,2980130.55242699
2022-11-15 01:00:00+00:00,2978953.45902379
2022-11-15 02:00:00+00:00,2977119.23656748
2022-11-15 03:00:00+00:00,2978078.56674909
2022-11-15 04:00:00+00:00,2977164.66334305
2022-11-15 05:00:00+00:00,2976592.9145010803
2022-11-15 06:00:00+00:00,2976619.77954808
2022-11-15 07:00:00+00:00,2976699.41544175
2022-11-15 08:00:00+00:00,2976751.54526424
2022-11-15 09:00:00+00:00,2978081.2086753203
2022-11-15 10:00:00+00:00,2977850.47214359
2022-11-15 11:00:00+00:00,2978454.82525438
2022-11-15 12:00:00+00:00,2977354.2573531
2022-11-15 13:00:00+00:00,2977687.12366996
2022-11-15 14:00:00+00:00,2979322.35511589
2022-11-15 15:00:00+00:00,2980443.54608093
2022-11-15 16:00:00+00:00,2984950.77497619
2022-11-15 17:00:00+00:00,2986179.44716637
2022-11-15 18:00:00+00:00,2986175.76485358
2022-11-15 19:00:00+00:00,2985997.26527443
2022-11-15 20:00:00+00:00,2987652.14570367
2022-11-15 21:00:00+00:00,2988392.29844162
2022-11-15 22:00:00+00:00,2988918.03556749
2022-11-15 23:00:00+00:00,2989531.26993986
2022-11-16 00:00:00+00:00,2988469.75518137
2022-11-16 01:00:00+00:00,2989368.69928246
2022-11-16 02:00:00+00:00,2987663.8063850203
2022-11-16 03:00:00+00:00,2987553.67092524
2022-11-16 04:00:00+00:00,2983117.35265656
2022-11-16 05:00:00+00:00,2982020.08370445
2022-11-16 06:00:00+00:00,2982053.21367916
2022-11-16 07:00:00+00:00,2981829.16727724
2022-11-16 08:00:00+00:00,2982387.74377426
2022-11-16 09:00:00+00:00,2968551.92694234
2022-11-16 10:00:00+00:00,2970337.95468804
2022-11-16 11:00:00+00:00,2970616.32471654
2022-11-16 12:00:00+00:00,2970635.05296136
2022-11-16 13:00:00+00:00,2969403.51126299
2022-11-16 14:00:00+00:00,2969485.57208374
2022-11-16 15:00:00+00:00,2970303.54782549
2022-11-16 16:00:00+00:00,2971538.82410186
2022-11-16 17:00:00+00:00,2970313.3206892502
2022-11-16 18:00:00+00:00,2977347.67522188
2022-11-16 19:00:00+00:00,2976496.78570675
2022-11-16 20:00:00+00:00,2976557.13745418
2022-11-16 21:00:00+00:00,2976874.39502893
2022-11-16 22:00:00+00:00,2975477.19394672
2022-11-16 23:00:00+00:00,2981445.41927043
2022-11-17 00:00:00+00:00,2981427.45799158
2022-11-17 01:00:00+00:00,2977854.04126157
2022-11-17 02:00:00+00:00,2978467.4212674
2022-11-17 03:00:00+00:00,2977303.42994729
2022-11-17 04:00:00+00:00,2977527.60177254
2022-11-17 05:00:00+00:00,2977480.00816888
2022-11-17 06:00:00+00:00,2977579.4020313
2022-11-17 07:00:00+00:00,2978712.10467098
2022-11-17 08:00:00+00:00,2978633.88620883
2022-11-17 09:00:00+00:00,2978396.44437518
2022-11-17 10:00:00+00:00,2979709.09434875
2022-11-17 11:00:00+00:00,2979760.40851463
2022-11-17 12:00:00+00:00,2979648.00781852
2022-11-17 13:00:00+00:00,2980283.59077255
2022-11-17 14:00:00+00:00,2980090.80598496
2022-11-17 15:00:00+00:00,2979156.62947703
2022-11-17 16:00:00+00:00,2977281.06373964
2022-11-17 17:00:00+00:00,2975227.27186956
2022-11-17 18:00:00+00:00,2972417.77054075
2022-11-17 19:00:00+00:00,2972727.8666967503
2022-11-17 20:00:00+00:00,2976952.86953559
2022-11-17 21:00:00+00:00,2976931.58591189
2022-11-17 22:00:00+00:00,2974712.06086984
2022-11-17 23:00:00+00:00,2975671.61471622
2022-11-18 00:00:00+00:00,2976040.30524832
2022-11-18 01:00:00+00:00,2973362.75706
2022-11-18 02:00:00+00:00,2976972.09558081
2022-11-18 03:00:00+00:00,2976457.08310721
2022-11-18 04:00:00+00:00,2975964.37958551
2022-11-18 05:00:00+00:00,2975038.92623785
2022-11-18 06:00:00+00:00,2974467.33481133
2022-11-18 07:00:00+00:00,2975479.16072827
2022-11-18 08:00:00+00:00,2975479.90482149
2022-11-18 09:00:00+00:00,2974358.95014377
2022-11-18 10:00:00+00:00,2975129.12110785
2022-11-18 11:00:00+00:00,2975499.22110098
2022-11-18 12:00:00+00:00,2975346.49656901
2022-11-18 13:00:00+00:00,2976664.56222742
2022-11-18 14:00:00+00:00,2977167.63499556
2022-11-18 15:00:00+00:00,2976529.3766490603
2022-11-18 16:00:00+00:00,2981126.6271266
2022-11-18 17:00:00+00:00,2983079.16537327
2022-11-18 18:00:00+00:00,2981577.00474447
2022-11-18 19:00:00+00:00,2981291.36712387
2022-11-18 20:00:00+00:00,2983274.55421218
2022-11-18 21:00:00+00:00,2984571.26879837
2022-11-18 22:00:00+00:00,2982663.83810486
2022-11-18 23:00:00+00:00,2981774.09116878
2022-11-19 00:00:00+00:00,2983100.16891218
2022-11-19 01:00:00+00:00,2982658.63896863
2022-11-19 02:00:00+00:00,2981121.91725619
2022-11-19 03:00:00+00:00,2980962.44094765
2022-11-19 04:00:00+00:00,2980951.80249558
2022-11-19 05:00:00+00:00,2980682.86380652
2022-11-19 06:00:00+00:00,2980501.79063579
2022-11-19 07:00:00+00:00,2980269.31397259
2022-11-19 08:00:00+00:00,2980249.7650040803
2022-11-19 09:00:00+00:00,2980068.7040354703
2022-11-19 10:00:00+00:00,2980101.53625692
2022-11-19 11:00:00+00:00,2980117.88629538
2022-11-19 12:00:00+00:00,2980186.85644643
2022-11-19 13:00:00+00:00,2981252.91264663
2022-11-19 14:00:00+00:00,2981538.18119143
2022-11-19 15:00:00+00:00,2981271.63147356
2022-11-19 16:00:00+00:00,2981193.1312399902
2022-11-19 17:00:00+00:00,2982281.08398407
2022-11-19 18:00:00+00:00,2982226.79660998
2022-11-19 19:00:00+00:00,2982247.40907596
2022-11-19 20:00:00+00:00,2982787.9192305203
2022-11-19 21:00:00+00:00,2981837.55866249
2022-11-19 22:00:00+00:00,2981852.61921014
2022-11-19 23:00:00+00:00,2981973.78245553
2022-11-20 00:00:00+00:00,2981819.16735052
2022-11-20 01:00:00+00:00,2982691.84274393
2022-11-20 02:00:00+00:00,2982660.8316511
2022-11-20 03:00:00+00:00,2982650.72181334
2022-11-20 04:00:00+00:00,2983584.34245401
2022-11-20 05:00:00+00:00,2979640.24695031
2022-11-20 06:00:00+00:00,2983398.41747126
2022-11-20 07:00:00+00:00,2983260.33551118
2022-11-20 08:00:00+00:00,2984124.60689107
2022-11-20 09:00:00+00:00,2984623.16423405
2022-11-20 10:00:00+00:00,2982979.74105447
2022-11-20 11:00:00+00:00,2984230.11298076
2022-11-20 12:00:00+00:00,2982468.18908623
2022-11-20 13:00:00+00:00,2982480.47068903
2022-11-20 14:00:00+00:00,2982540.24686083
2022-11-20 15:00:00+00:00,2982495.59020626
2022-11-20 16:00:00+00:00,2982536.17220303
2022-11-20 17:00:00+00:00,2983023.26531652
2022-11-20 18:00:00+00:00,2983048.7003821903
2022-11-20 19:00:00+00:00,2982994.36775165
2022-11-20 20:00:00+00:00,2983004.1026426
2022-11-20 21:00:00+00:00,2983011.99302402
2022-11-20 22:00:00+00:00,2981921.48756382
2022-11-20 23:00:00+00:00,2981888.86838862
2022-11-21 00:00:00+00:00,2981080.2737741303
2022-11-21 01:00:00+00:00,2979961.63109919
2022-11-21 02:00:00+00:00,2980085.87453101
2022-11-21 03:00:00+00:00,2980092.3696863
2022-11-21 04:00:00+00:00,2979078.54328657
2022-11-21 05:00:00+00:00,2978460.18617908
2022-11-21 06:00:00+00:00,2978795.83403005
2022-11-21 07:00:00+00:00,2978775.46961459
2022-11-21 08:00:00+00:00,2978818.13727844
2022-11-21 09:00:00+00:00,2979200.01704764
2022-11-21 10:00:00+00:00,2979631.1299743
2022-11-21 11:00:00+00:00,2980878.74902017
2022-11-21 12:00:00+00:00,2980885.80274742
2022-11-21 13:00:00+00:00,2978260.43981101
2022-11-21 14:00:00+00:00,2979501.54290564
2022-11-21 15:00:00+00:00,2978815.64078316
2022-11-21 16:00:00+00:00,2974413.66363787
2022-11-21 17:00:00+00:00,2976929.13788479
2022-11-21 18:00:00+00:00,2976821.61627998
2022-11-21 19:00:00+00:00,2977664.72101246
2022-11-21 20:00:00+00:00,2972477.79711241
2022-11-21 21:00:00+00:00,2975050.20958852
2022-11-21 22:00:00+00:00,2972218.91444682
2022-11-21 23:00:00+00:00,2954630.46735019
2022-11-22 00:00:00+00:00,2951916.11941481
2022-11-22 01:00:00+00:00,2951348.08201356
2022-11-22 02:00:00+00:00,2952238.01719396
2022-11-22 03:00:00+00:00,2951282.05480739
2022-11-22 04:00:00+00:00,2951170.59968339
2022-11-22 05:00:00+00:00,2951651.7904099203
2022-11-22 06:00:00+00:00,2952649.20537086
2022-11-22 07:00:00+00:00,2953625.63331716
2022-11-22 08:00:00+00:00,2953312.82841149
2022-11-22 09:00:00+00:00,2953189.26855963
2022-11-22 10:00:00+00:00,2953128.0505131
2022-11-22 11:00:00+00:00,2953139.73086521
2022-11-22 12:00:00+00:00,2953202.00652996
2022-11-22 13:00:00+00:00,2951197.87049939
2022-11-22 14:00:00+00:00,2951164.6329388903
2022-11-22 15:00:00+00:00,2952499.84266137
2022-11-22 16:00:00+00:00,2953010.62340751
2022-11-22 17:00:00+00:00,2952676.51215241
2022-11-22 18:00:00+00:00,2951778.22979776
2022-11-22 19:00:00+00:00,2951710.39402434
2022-11-22 20:00:00+00:00,2947202.76965893
2022-11-22 21:00:00+00:00,2947084.69991484
2022-11-22 22:00:00+00:00,2951086.18927407
2022-11-22 23:00:00+00:00,2952283.49935893
2022-11-23 00:00:00+00:00,2947982.14116962
2022-11-23 01:00:00+00:00,2948003.75430643
2022-11-23 02:00:00+00:00,2949334.45824322
2022-11-23 03:00:00+00:00,2949506.03345348
2022-11-23 04:00:00+00:00,2949334.16622077
2022-11-23 05:00:00+00:00,2948357.54130559
2022-11-23 06:00:00+00:00,2947714.20923969
2022-11-23 07:00:00+00:00,2947552.81692632
2022-11-23 08:00:00+00:00,2953971.16823434
2022-11-23 09:00:00+00:00,2952520.26817147
2022-11-23 10:00:00+00:00,2953232.56425233
2022-11-23 11:00:00+00:00,2953185.40363744
2022-11-23 12:00:00+00:00,2954073.70220969
2022-11-23 13:00:00+00:00,2954951.59154081
2022-11-23 14:00:00+00:00,2956616.09131417
2022-11-23 15:00:00+00:00,2957679.5051978403
2022-11-23 16:00:00+00:00,2998031.27920313
2022-11-23 17:00:00+00:00,2998311.55434109
2022-11-23 18:00:00+00:00,2998311.55434109
2022-11-23 19:00:00+00:00,2997699.46183601
2022-11-23 20:00:00+00:00,2996331.85144744
2022-11-23 21:00:00+00:00,2996551.77473182
2022-11-23 22:00:00+00:00,2998230.32355148
2022-11-23 23:00:00+00:00,2996548.0942785
2022-11-24 00:00:00+00:00,2998626.5913857003
2022-11-24 01:00:00+00:00,2998606.69456976
2022-11-24 02:00:00+00:00,2997971.67968504
2022-11-24 03:00:00+00:00,2997945.17762677
2022-11-24 04:00:00+00:00,3000448.73571544
2022-11-24 05:00:00+00:00,2999490.66400541
2022-11-24 06:00:00+00:00,2999564.32152332
2022-11-24 07:00:00+00:00,3001049.29134425
2022-11-24 08:00:00+00:00,3010025.37129597
2022-11-24 09:00:00+00:00,3009500.59280854
2022-11-24 10:00:00+00:00,3007716.31280724
2022-11-24 11:00:00+00:00,3007671.52771667
2022-11-24 12:00:00+00:00,3007711.84556152
2022-11-24 13:00:00+00:00,3009172.01501919
2022-11-24 14:00:00+00:00,3009206.66622463
2022-11-24 15:00:00+00:00,3009261.76913983
2022-11-24 16:00:00+00:00,3008019.57469991
2022-11-24 17:00:00+00:00,3006501.0542927203
2022-11-24 18:00:00+00:00,3006512.92492664
2022-11-24 19:00:00+00:00,3007285.28803211
2022-11-24 20:00:00+00:00,3007324.30633385
2022-11-24 21:00:00+00:00,3008392.54103661
2022-11-24 22:00:00+00:00,3008421.29650692
2022-11-24 23:00:00+00:00,3008439.6522311
2022-11-25 00:00:00+00:00,3007320.21278976
2022-11-25 01:00:00+00:00,3007285.86555964
2022-11-25 02:00:00+00:00,3007420.01488771
2022-11-25 03:00:00+00:00,3007333.96627259
2022-11-25 04:00:00+00:00,3007082.63131665
2022-11-25 05:00:00+00:00,3004255.91849935
2022-11-25 06:00:00+00:00,3005615.37304704
2022-11-25 07:00:00+00:00,3005105.7463232703
2022-11-25 08:00:00+00:00,3005197.25038614
2022-11-25 09:00:00+00:00,3005252.32773733
2022-11-25 10:00:00+00:00,3005910.20131239
2022-11-25 11:00:00+00:00,3005421.11374871
2022-11-25 12:00:00+00:00,3003544.9840298803
2022-11-25 13:00:00+00:00,3003571.12825615
2022-11-25 14:00:00+00:00,3003516.46510407
2022-11-25 15:00:00+00:00,3004236.6572241
2022-11-25 16:00:00+00:00,3004774.14065292
2022-11-25 17:00:00+00:00,3005936.12596682
2022-11-25 18:00:00+00:00,3005190.89441456
2022-11-25 19:00:00+00:00,3006537.60384154
2022-11-25 20:00:00+00:00,3004295.11265535
2022-11-25 21:00:00+00:00,3004329.18140458
2022-11-25 22:00:00+00:00,3005700.2274427502
2022-11-25 23:00:00+00:00,3002600.8841736102
2022-11-26 00:00:00+00:00,3002018.24468443
2022-11-26 01:00:00+00:00,3002061.5478271
2022-11-26 02:00:00+00:00,3001984.68137134
2022-11-26 03:00:00+00:00,3001984.68137134
2022-11-26 04:00:00+00:00,3002001.94549059
2022-11-26 05:00:00+00:00,3001876.18814844
2022-11-26 06:00:00+00:00,3001856.41051349
2022-11-26 07:00:00+00:00,3001835.25736838
2022-11-26 08:00:00+00:00,3001822.72407847
2022-11-26 09:00:00+00:00,3000706.4113252503
2022-11-26 10:00:00+00:00,3000744.89473798
2022-11-26 11:00:00+00:00,3000745.7032837
2022-11-26 12:00:00+00:00,2998999.22837788
2022-11-26 13:00:00+00:00,2999023.42020606
2022-11-26 14:00:00+00:00,2999359.06254433
2022-11-26 15:00:00+00:00,2999531.85933078
2022-11-26 16:00:00+00:00,2999319.37480224
2022-11-26 17:00:00+00:00,2999292.02921999
2022-11-26 18:00:00+00:00,2999254.6726105902
2022-11-26 19:00:00+00:00,3002312.32927518
2022-11-26 20:00:00+00:00,3002265.8042287
2022-11-26 21:00:00+00:00,3003329.91104697
2022-11-26 22:00:00+00:00,3002319.06636977
2022-11-26 23:00:00+00:00,2998515.99541701
2022-11-27 00:00:00+00:00,3000086.75703468
2022-11-27 01:00:00+00:00,3000503.89933815
2022-11-27 02:00:00+00:00,3000516.0585766803
2022-11-27 03:00:00+00:00,3001548.1287772
2022-11-27 04:00:00+00:00,3001626.15623123
2022-11-27 05:00:00+00:00,3001663.72643207
2022-11-27 06:00:00+00:00,3000656.65478079
2022-11-27 07:00:00+00:00,3000704.12488191
2022-11-27 08:00:00+00:00,3000725.15779034
2022-11-27 09:00:00+00:00,3000788.21638435
2022-11-27 10:00:00+00:00,3000300.4381076703
2022-11-27 11:00:00+00:00,3000352.6427100003
2022-11-27 12:00:00+00:00,3000336.80232843
2022-11-27 13:00:00+00:00,3000363.91619368
2022-11-27 14:00:00+00:00,3000343.16968505
2022-11-27 15:00:00+00:00,2999288.74740565
2022-11-27 16:00:00+00:00,2999135.50462382
2022-11-27 17:00:00+00:00,2999134.1740358
2022-11-27 18:00:00+00:00,3001674.6069291
2022-11-27 19:00:00+00:00,3000275.10369786
2022-11-27 20:00:00+00:00,3000204.05457257
2022-11-27 21:00:00+00:00,2999092.44937622
2022-11-27 22:00:00+00:00,2999107.88135773
2022-11-27 23:00:00+00:00,2999139.89573763
2022-11-28 00:00:00+00:00,2999133.25515407
2022-11-28 01:00:00+00:00,3000153.03001054
2022-11-28 02:00:00+00:00,2999493.1238863003
2022-11-28 03:00:00+00:00,2999531.7985001
2022-11-28 04:00:00+00:00,2999497.3268904
2022-11-28 05:00:00+00:00,3001001.84257063
2022-11-28 06:00:00+00:00,2999418.10539881
2022-11-28 07:00:00+00:00,2999419.80957131
2022-11-28 08:00:00+00:00,2999442.51490542
2022-11-28 09:00:00+00:00,2999585.00602518
2022-11-28 10:00:00+00:00,2996484.71984608
2022-11-28 11:00:00+00:00,2996470.02383985
2022-11-28 12:00:00+00:00,2995360.96778141
2022-11-28 13:00:00+00:00,2995514.42682678
2022-11-28 14:00:00+00:00,2997186.68348354
2022-11-28 15:00:00+00:00,2997033.13823139
2022-11-28 16:00:00+00:00,2998059.4025965403
2022-11-28 17:00:00+00:00,2995624.53084041
2022-11-28 18:00:00+00:00,2995271.02115713
2022-11-28 19:00:00+00:00,2995283.4747871403
2022-11-28 20:00:00+00:00,2995209.4907001
2022-11-28 21:00:00+00:00,2995169.92204715
2022-11-28 22:00:00+00:00,2995693.37030905
2022-11-28 23:00:00+00:00,2995653.21492493
2022-11-29 00:00:00+00:00,2994428.86526646
2022-11-29 01:00:00+00:00,2994357.31984706
2022-11-29 02:00:00+00:00,2994834.87865601
2022-11-29 03:00:00+00:00,2993219.67393206
2022-11-29 04:00:00+00:00,2994637.95871093
2022-11-29 05:00:00+00:00,2995191.77364723
2022-11-29 06:00:00+00:00,2995406.95829808
2022-11-29 07:00:00+00:00,2994162.69726916
2022-11-29 08:00:00+00:00,2994140.15933997
2022-11-29 09:00:00+00:00,2994298.07474659
2022-11-29 10:00:00+00:00,2993277.71099161
2022-11-29 11:00:00+00:00,2993187.7186852
2022-11-29 12:00:00+00:00,2993240.6306044
2022-11-29 13:00:00+00:00,2993270.32677303
2022-11-29 14:00:00+00:00,2993380.61314313
2022-11-29 15:00:00+00:00,2993456.28764302
2022-11-29 16:00:00+00:00,2996220.62931191
2022-11-29 17:00:00+00:00,2995867.39800125
2022-11-29 18:00:00+00:00,2994490.65572216
2022-11-29 19:00:00+00:00,2994565.55779007
2022-11-29 20:00:00+00:00,2994051.92126401
2022-11-29 21:00:00+00:00,2993986.7673866902
2022-11-29 22:00:00+00:00,2994812.91529333
2022-11-29 23:00:00+00:00,2994806.6015951103
2022-11-30 00:00:00+00:00,2994867.62592154
2022-11-30 01:00:00+00:00,2996794.52493406
2022-11-30 02:00:00+00:00,2996677.99543006
2022-11-30 03:00:00+00:00,2996372.70354366
2022-11-30 04:00:00+00:00,2997392.75115278
2022-11-30 05:00:00+00:00,2998575.43016047
2022-11-30 06:00:00+00:00,2998535.25292003
2022-11-30 07:00:00+00:00,2998537.53087315
2022-11-30 08:00:00+00:00,2998630.40558944
2022-11-30 09:00:00+00:00,2995367.4202403
2022-11-30 10:00:00+00:00,2992165.44970394
2022-11-30 11:00:00+00:00,2990872.3523368603
2022-11-30 12:00:00+00:00,2990792.71083947
2022-11-30 13:00:00+00:00,2990752.01821097
2022-11-30 14:00:00+00:00,2992858.0273360503
2022-11-30 15:00:00+00:00,2992879.22419476
2022-11-30 16:00:00+00:00,2992710.22343952
2022-11-30 17:00:00+00:00,2990836.03295351
2022-11-30 18:00:00+00:00,2990839.16964735
2022-11-30 19:00:00+00:00,2989854.64183256
2022-11-30 20:00:00+00:00,2991032.58687786
2022-11-30 21:00:00+00:00,2990228.71498417
2022-11-30 22:00:00+00:00,2991836.79164275
2022-11-30 23:00:00+00:00,2991775.35216128
2022-12-01 00:00:00+00:00,2992636.39289694
2022-12-01 01:00:00+00:00,2989500.68207819
2022-12-01 02:00:00+00:00,2990580.98484572
2022-12-01 03:00:00+00:00,2990516.8297486203
2022-12-01 04:00:00+00:00,2991571.21760594
2022-12-01 05:00:00+00:00,2991648.24820967
2022-12-01 06:00:00+00:00,2991727.54996255
2022-12-01 07:00:00+00:00,2991533.05739877
2022-12-01 08:00:00+00:00,2996796.81353248
2022-12-01 09:00:00+00:00,2995724.1886707
2022-12-01 10:00:00+00:00,2995683.38655133
2022-12-01 11:00:00+00:00,2995725.32087901
2022-12-01 12:00:00+00:00,2995718.51609125
2022-12-01 13:00:00+00:00,2995858.436869
2022-12-01 14:00:00+00:00,2995839.88404293
2022-12-01 15:00:00+00:00,2996085.9751068
2022-12-01 16:00:00+00:00,2996170.5163578503
2022-12-01 17:00:00+00:00,2995050.69240592
2022-12-01 18:00:00+00:00,2996047.10761985
2022-12-01 19:00:00+00:00,2996100.24973576
2022-12-01 20:00:00+00:00,2994724.24216405
2022-12-01 21:00:00+00:00,2995310.80224635
2022-12-01 22:00:00+00:00,2994160.89762547
2022-12-01 23:00:00+00:00,2994189.28317852
2022-12-02 00:00:00+00:00,2992015.89478096
2022-12-02 01:00:00+00:00,2992058.5778898
2022-12-02 02:00:00+00:00,2993096.87842171
2022-12-02 03:00:00+00:00,2992363.61175053
2022-12-02 04:00:00+00:00,2978612.56796085
2022-12-02 05:00:00+00:00,2978607.15731561
2022-12-02 06:00:00+00:00,2978775.6983566303
2022-12-02 07:00:00+00:00,2977555.47935463
2022-12-02 08:00:00+00:00,2977440.2441248703
2022-12-02 09:00:00+00:00,2975465.57931566
2022-12-02 10:00:00+00:00,2975518.95524214
2022-12-02 11:00:00+00:00,2975759.13017917
2022-12-02 12:00:00+00:00,2974674.75228895
2022-12-02 13:00:00+00:00,2974545.30821905
2022-12-02 14:00:00+00:00,2974233.23334247
2022-12-02 15:00:00+00:00,2972730.36798463
2022-12-02 16:00:00+00:00,2972741.8014308303
2022-12-02 17:00:00+00:00,2971560.61868726
2022-12-02 18:00:00+00:00,2976405.36853173
2022-12-02 19:00:00+00:00,2976493.9647905403
2022-12-02 20:00:00+00:00,2972269.1187067903
2022-12-02 21:00:00+00:00,2974089.31173905
2022-12-02 22:00:00+00:00,2974038.6597630703
2022-12-02 23:00:00+00:00,2974610.71767881
2022-12-03 00:00:00+00:00,2974591.39335227
2022-12-03 01:00:00+00:00,2974636.91482518
2022-12-03 02:00:00+00:00,2974373.36326314
2022-12-03 03:00:00+00:00,2975514.96555031
2022-12-03 04:00:00+00:00,2975501.4194189003
2022-12-03 05:00:00+00:00,2975442.21309017
2022-12-03 06:00:00+00:00,2974531.66160642
2022-12-03 07:00:00+00:00,2974542.04243916
2022-12-03 08:00:00+00:00,2972095.2270147502
2022-12-03 09:00:00+00:00,2974678.77006656
2022-12-03 10:00:00+00:00,2974694.49193709
2022-12-03 11:00:00+00:00,2974708.19561743
2022-12-03 12:00:00+00:00,2974702.29120947
2022-12-03 13:00:00+00:00,2974709.94795629
2022-12-03 14:00:00+00:00,2974691.71914436
2022-12-03 15:00:00+00:00,2974801.87959095
2022-12-03 16:00:00+00:00,2974805.44530137
2022-12-03 17:00:00+00:00,2974675.3908356
2022-12-03 18:00:00+00:00,2974627.51781077
2022-12-03 19:00:00+00:00,2974732.37194524
2022-12-03 20:00:00+00:00,2974777.05215099
2022-12-03 21:00:00+00:00,2974779.25160507
2022-12-03 22:00:00+00:00,2974781.35062044
2022-12-03 23:00:00+00:00,2974795.76751998
2022-12-04 00:00:00+00:00,2974180.82102942
2022-12-04 01:00:00+00:00,2974899.28316856
2022-12-04 02:00:00+00:00,2974810.1930218902
2022-12-04 03:00:00+00:00,2974312.26716978
2022-12-04 04:00:00+00:00,2975580.34939811
2022-12-04 05:00:00+00:00,2975590.07143825
2022-12-04 06:00:00+00:00,2975555.46088822
2022-12-04 07:00:00+00:00,2975536.64988681
2022-12-04 08:00:00+00:00,2975642.2650855
2022-12-04 09:00:00+00:00,2975686.96691145
2022-12-04 10:00:00+00:00,2975693.51191229
2022-12-04 11:00:00+00:00,2975720.25208554
2022-12-04 12:00:00+00:00,2976976.6933265
2022-12-04 13:00:00+00:00,2976985.89005059
2022-12-04 14:00:00+00:00,2977012.5030389
2022-12-04 15:00:00+00:00,2976991.25307188
2022-12-04 16:00:00+00:00,2977094.61367379
2022-12-04 17:00:00+00:00,2977100.94314435
2022-12-04 18:00:00+00:00,2977082.19509038
2022-12-04 19:00:00+00:00,2977082.80042069
2022-12-04 20:00:00+00:00,2977073.04174754
2022-12-04 21:00:00+00:00,2977002.4182288
2022-12-04 22:00:00+00:00,2977107.28353893
2022-12-04 23:00:00+00:00,2978137.78654484
2022-12-05 00:00:00+00:00,2977054.13564232
2022-12-05 01:00:00+00:00,2977058.36018339
2022-12-05 02:00:00+00:00,2977145.51640745
2022-12-05 03:00:00+00:00,2976738.10913412
2022-12-05 04:00:00+00:00,2973032.45669048
2022-12-05 05:00:00+00:00,2972190.40527894
2022-12-05 06:00:00+00:00,2972280.9557916103
2022-12-05 07:00:00+00:00,2972383.87686728
2022-12-05 08:00:00+00:00,2971124.2909704703
2022-12-05 09:00:00+00:00,2971075.9033183903
2022-12-05 10:00:00+00:00,2971242.01712756
2022-12-05 11:00:00+00:00,2971277.63611218
2022-12-05 12:00:00+00:00,2970472.64147257
2022-12-05 13:00:00+00:00,2970021.0749517903
2022-12-05 14:00:00+00:00,2969952.97917911
2022-12-05 15:00:00+00:00,2970005.69293886
2022-12-05 16:00:00+00:00,2970107.5778969303
2022-12-05 17:00:00+00:00,2970310.62424271
2022-12-05 18:00:00+00:00,2970343.19395354
2022-12-05 19:00:00+00:00,2970705.45057707
2022-12-05 20:00:00+00:00,2970711.87866179
2022-12-05 21:00:00+00:00,2970046.60401785
2022-12-05 22:00:00+00:00,2969904.65922803
2022-12-05 23:00:00+00:00,2968884.34166477
2022-12-06 00:00:00+00:00,2968841.21718077
2022-12-06 01:00:00+00:00,2968938.73335536
2022-12-06 02:00:00+00:00,2968926.12902733
2022-12-06 03:00:00+00:00,2969550.50744583
2022-12-06 04:00:00+00:00,2969515.61775016
2022-12-06 05:00:00+00:00,2968604.52241224
2022-12-06 06:00:00+00:00,2968488.15785599
2022-12-06 07:00:00+00:00,2970596.47774756
2022-12-06 08:00:00+00:00,2970054.81242547
2022-12-06 09:00:00+00:00,2970628.71052749
2022-12-06 10:00:00+00:00,2966550.69943008
2022-12-06 11:00:00+00:00,2966596.33019759
2022-12-06 12:00:00+00:00,2967163.61656394
2022-12-06 13:00:00+00:00,2968999.83238422
2022-12-06 14:00:00+00:00,2969088.4186379
2022-12-06 15:00:00+00:00,2969096.53238321
2022-12-06 16:00:00+00:00,2979211.18690503
2022-12-06 17:00:00+00:00,2979243.7240249
2022-12-06 18:00:00+00:00,2978193.7181639
2022-12-06 19:00:00+00:00,2968347.57615138
2022-12-06 20:00:00+00:00,2968375.4211931103
2022-12-06 21:00:00+00:00,2969707.00068622
2022-12-06 22:00:00+00:00,2968267.40265396
2022-12-06 23:00:00+00:00,2969262.6942312
2022-12-07 00:00:00+00:00,2968239.1609031702
2022-12-07 01:00:00+00:00,2968248.3016592
2022-12-07 02:00:00+00:00,2969929.62423407
2022-12-07 03:00:00+00:00,2969689.4534554803
2022-12-07 04:00:00+00:00,2969665.38354485
2022-12-07 05:00:00+00:00,2969902.60118882
2022-12-07 06:00:00+00:00,2970902.01309021
2022-12-07 07:00:00+00:00,2971181.25753497
2022-12-07 08:00:00+00:00,2971676.03041161
2022-12-07 09:00:00+00:00,2969805.35725549
2022-12-07 10:00:00+00:00,2969926.73119174
2022-12-07 11:00:00+00:00,2969827.53290225
2022-12-07 12:00:00+00:00,2970057.61960602
2022-12-07 13:00:00+00:00,2970211.8164231
2022-12-07 14:00:00+00:00,2970652.16735345
2022-12-07 15:00:00+00:00,2970629.90132664
2022-12-07 16:00:00+00:00,2969748.57384595
2022-12-07 17:00:00+00:00,2968771.13207559
2022-12-07 18:00:00+00:00,2980152.60226457
2022-12-07 19:00:00+00:00,2980260.9114804203
2022-12-07 20:00:00+00:00,2980252.78517922
2022-12-07 21:00:00+00:00,2980397.83111597
2022-12-07 22:00:00+00:00,2981085.97247592
2022-12-07 23:00:00+00:00,2981043.10189194
2022-12-08 00:00:00+00:00,2979383.03189837
2022-12-08 01:00:00+00:00,2979805.12819023
2022-12-08 02:00:00+00:00,2979633.78501722
2022-12-08 03:00:00+00:00,2979405.37716364
2022-12-08 04:00:00+00:00,2979463.7038391
2022-12-08 05:00:00+00:00,2979479.24386453
2022-12-08 06:00:00+00:00,2979279.58972623
2022-12-08 07:00:00+00:00,2979211.25114486
2022-12-08 08:00:00+00:00,2975499.32616633
2022-12-08 09:00:00+00:00,2975196.55164835
2022-12-08 10:00:00+00:00,2970297.23775009
2022-12-08 11:00:00+00:00,2970413.16030826
2022-12-08 12:00:00+00:00,2970433.57286178
2022-12-08 13:00:00+00:00,2970686.01417461
2022-12-08 14:00:00+00:00,2969546.4324794803
2022-12-08 15:00:00+00:00,2969519.4227812
2022-12-08 16:00:00+00:00,2969821.1684796102
2022-12-08 17:00:00+00:00,2971586.30506882
2022-12-08 18:00:00+00:00,2970296.29266161
2022-12-08 19:00:00+00:00,2971445.6067267703
2022-12-08 20:00:00+00:00,2972891.70895516
2022-12-08 21:00:00+00:00,2973110.68913147
2022-12-08 22:00:00+00:00,2972778.38484415
2022-12-08 23:00:00+00:00,2973979.68090409
2022-12-09 00:00:00+00:00,2973870.00595838
2022-12-09 01:00:00+00:00,2973937.8134428
2022-12-09 02:00:00+00:00,2974033.75630219
2022-12-09 03:00:00+00:00,2972534.12991906
2022-12-09 04:00:00+00:00,2972621.8497855
2022-12-09 05:00:00+00:00,2972727.45433927
2022-12-09 06:00:00+00:00,2973729.93107742
2022-12-09 07:00:00+00:00,2973707.8263469
2022-12-09 08:00:00+00:00,2972880.2372683003
2022-12-09 09:00:00+00:00,2971912.63680001
2022-12-09 10:00:00+00:00,2973111.80005788
2022-12-09 11:00:00+00:00,2972940.1723952
2022-12-09 12:00:00+00:00,2973321.60163732
2022-12-09 13:00:00+00:00,2972258.3405581103
2022-12-09 14:00:00+00:00,2972113.37351785
2022-12-09 15:00:00+00:00,2972115.68453344
2022-12-09 16:00:00+00:00,2973580.53069789
2022-12-09 17:00:00+00:00,2974877.98569217
2022-12-09 18:00:00+00:00,2974946.28624463
2022-12-09 19:00:00+00:00,2975860.08369728
2022-12-09 20:00:00+00:00,2981810.44892513
2022-12-09 21:00:00+00:00,2982200.99242027
2022-12-09 22:00:00+00:00,2983414.68462183
2022-12-09 23:00:00+00:00,2982436.7463675803
2022-12-10 00:00:00+00:00,2984200.8417538702
2022-12-10 01:00:00+00:00,2984785.70070091
2022-12-10 02:00:00+00:00,2984853.4212776
2022-12-10 03:00:00+00:00,2984844.77910678
2022-12-10 04:00:00+00:00,2984507.62012538
2022-12-10 05:00:00+00:00,2984546.23194532
2022-12-10 06:00:00+00:00,2984550.88419609
2022-12-10 07:00:00+00:00,2984611.56578808
2022-12-10 08:00:00+00:00,2984496.60090411
2022-12-10 09:00:00+00:00,2984527.72145134
2022-12-10 10:00:00+00:00,2984618.00207075
2022-12-10 11:00:00+00:00,2984639.63408514
2022-12-10 12:00:00+00:00,2984596.9085941203
2022-12-10 13:00:00+00:00,2984711.02187898
2022-12-10 14:00:00+00:00,2984839.00150147
2022-12-10 15:00:00+00:00,2986028.0410628403
2022-12-10 16:00:00+00:00,2986085.52226438
2022-12-10 17:00:00+00:00,2986580.83615106
2022-12-10 18:00:00+00:00,2986564.90319405
2022-12-10 19:00:00+00:00,2986548.75583259
2022-12-10 20:00:00+00:00,2986485.12993022
2022-12-10 21:00:00+00:00,2986499.83987794
2022-12-10 22:00:00+00:00,2986511.8361802
2022-12-10 23:00:00+00:00,2986486.34442909
2022-12-11 00:00:00+00:00,2986484.34290287
2022-12-11 01:00:00+00:00,2986590.20149228
2022-12-11 02:00:00+00:00,2986600.62900098
2022-12-11 03:00:00+00:00,2986418.56507259
2022-12-11 04:00:00+00:00,2986387.93078238
2022-12-11 05:00:00+00:00,2986397.57935943
2022-12-11 06:00:00+00:00,2986288.89084631
2022-12-11 07:00:00+00:00,2986219.72438876
2022-12-11 08:00:00+00:00,2986315.36155944
2022-12-11 09:00:00+00:00,2986390.30529679
2022-12-11 10:00:00+00:00,2986013.96804991
2022-12-11 11:00:00+00:00,2986031.68157234
2022-12-11 12:00:00+00:00,2986105.67088444
2022-12-11 13:00:00+00:00,2986233.04553683
2022-12-11 14:00:00+00:00,2986325.68326922
2022-12-11 15:00:00+00:00,2986337.17714481
2022-12-11 16:00:00+00:00,2986387.61307084
2022-12-11 17:00:00+00:00,2986395.85143888
2022-12-11 18:00:00+00:00,2986347.18491727
2022-12-11 19:00:00+00:00,2986339.34053935
2022-12-11 20:00:00+00:00,2986457.50911626
2022-12-11 21:00:00+00:00,2986602.13066837
2022-12-11 22:00:00+00:00,2986563.44385432
2022-12-11 23:00:00+00:00,2986905.37710423
2022-12-12 00:00:00+00:00,2986780.03668154
2022-12-12 01:00:00+00:00,2986854.45218508
2022-12-12 02:00:00+00:00,2986780.66227972
2022-12-12 03:00:00+00:00,2987145.93003435
2022-12-12 04:00:00+00:00,2987316.32832924
2022-12-12 05:00:00+00:00,2988695.44531017
2022-12-12 06:00:00+00:00,2988702.53576574
2022-12-12 07:00:00+00:00,2987529.69782182
2022-12-12 08:00:00+00:00,2986091.12921097
2022-12-12 09:00:00+00:00,2986525.47031289
2022-12-12 10:00:00+00:00,2983007.91477032
2022-12-12 11:00:00+00:00,2983038.30577372
2022-12-12 12:00:00+00:00,2982842.9107589102
2022-12-12 13:00:00+00:00,2982911.18816172
2022-12-12 14:00:00+00:00,2982646.79395628
2022-12-12 15:00:00+00:00,2991719.39379495
2022-12-12 16:00:00+00:00,2991742.0224547302
2022-12-12 17:00:00+00:00,2992537.38190701
2022-12-12 18:00:00+00:00,2992566.79748627
2022-12-12 19:00:00+00:00,2992602.37257502
2022-12-12 20:00:00+00:00,2992552.2881838903
2022-12-12 21:00:00+00:00,2992445.58124589
2022-12-12 22:00:00+00:00,2992472.73321795
2022-12-12 23:00:00+00:00,2992126.99319344
2022-12-13 00:00:00+00:00,2989107.12456737
2022-12-13 01:00:00+00:00,2990227.7581789303
2022-12-13 02:00:00+00:00,2993190.87087207
2022-12-13 03:00:00+00:00,2992803.00703111
2022-12-13 04:00:00+00:00,2991843.12173866
2022-12-13 05:00:00+00:00,2992398.25246154
2022-12-13 06:00:00+00:00,2992418.4557737103
2022-12-13 07:00:00+00:00,2995572.83465421
2022-12-13 08:00:00+00:00,2995973.34054586
2022-12-13 09:00:00+00:00,2998690.46102399
2022-12-13 10:00:00+00:00,3000627.20083289
2022-12-13 11:00:00+00:00,3000901.07940926
2022-12-13 12:00:00+00:00,3001561.65185521
2022-12-13 13:00:00+00:00,3002840.65335763
2022-12-13 14:00:00+00:00,3002950.70830042
2022-12-13 15:00:00+00:00,3003055.09870963
2022-12-13 16:00:00+00:00,3002774.68478677
2022-12-13 17:00:00+00:00,3001364.3054461
2022-12-13 18:00:00+00:00,3001443.42441193
2022-12-13 19:00:00+00:00,3001544.81997843
2022-12-13 20:00:00+00:00,3000149.81701164
2022-12-13 21:00:00+00:00,2999640.10360884
2022-12-13 22:00:00+00:00,3002630.11388866
2022-12-13 23:00:00+00:00,3002527.44591795
2022-12-14 00:00:00+00:00,3002597.29869827
2022-12-14 01:00:00+00:00,3002474.91841413
2022-12-14 02:00:00+00:00,3002446.6119547603
2022-12-14 03:00:00+00:00,3001072.2373281
2022-12-14 04:00:00+00:00,3000766.96268283
2022-12-14 05:00:00+00:00,3001308.0347368303
2022-12-14 06:00:00+00:00,3001361.7658753
2022-12-14 07:00:00+00:00,3001290.91338367
2022-12-14 08:00:00+00:00,3002487.20533567
2022-12-14 09:00:00+00:00,3000985.15201855
2022-12-14 10:00:00+00:00,3000488.53343896
2022-12-14 11:00:00+00:00,3001859.6539319702
2022-12-14 12:00:00+00:00,3000850.84985414
2022-12-14 13:00:00+00:00,3000595.06855178
2022-12-14 14:00:00+00:00,2997235.99099812
2022-12-14 15:00:00+00:00,2997048.07229881
2022-12-14 16:00:00+00:00,2996425.8243521303
2022-12-14 17:00:00+00:00,3000016.94924253
2022-12-14 18:00:00+00:00,3001260.5989719
2022-12-14 19:00:00+00:00,2999259.10787274
2022-12-14 20:00:00+00:00,3000358.10601305
2022-12-14 21:00:00+00:00,2999053.76431993
2022-12-14 22:00:00+00:00,3000093.58162602
2022-12-14 23:00:00+00:00,3000002.37893227
2022-12-15 00:00:00+00:00,2999978.95868961
2022-12-15 01:00:00+00:00,2998872.78058574
2022-12-15 02:00:00+00:00,2993370.10710323
2022-12-15 03:00:00+00:00,2993605.4092802103
2022-12-15 04:00:00+00:00,2993593.52575693
2022-12-15 05:00:00+00:00,2994658.9951972403
2022-12-15 06:00:00+00:00,2994683.92024313
2022-12-15 07:00:00+00:00,2994653.33095843
2022-12-15 08:00:00+00:00,2995471.01956094
2022-12-15 09:00:00+00:00,2994559.11814796
2022-12-15 10:00:00+00:00,2993271.98848778
2022-12-15 11:00:00+00:00,2993264.5991201103
2022-12-15 12:00:00+00:00,2994262.23103959
2022-12-15 13:00:00+00:00,2994737.34979278
2022-12-15 14:00:00+00:00,2996122.73403062
2022-12-15 15:00:00+00:00,2997463.8742784
2022-12-15 16:00:00+00:00,2994269.05937825
2022-12-15 17:00:00+00:00,2999185.93729574
2022-12-15 18:00:00+00:00,2991862.68768611
2022-12-15 19:00:00+00:00,2991535.27871055
2022-12-15 20:00:00+00:00,2991412.63810558
2022-12-15 21:00:00+00:00,2991210.25786072
2022-12-15 22:00:00+00:00,2990815.98345627
2022-12-15 23:00:00+00:00,2991034.21790286
2022-12-16 00:00:00+00:00,2987741.93137862
2022-12-16 01:00:00+00:00,2987659.77485912
2022-12-16 02:00:00+00:00,2989563.29879408
2022-12-16 03:00:00+00:00,2989709.78344881
2022-12-16 04:00:00+00:00,2989699.6904758
2022-12-16 05:00:00+00:00,2989704.42823824
2022-12-16 06:00:00+00:00,2989704.9410098703
2022-12-16 07:00:00+00:00,2989791.31512206
2022-12-16 08:00:00+00:00,2989872.33524547
2022-12-16 09:00:00+00:00,2991538.77895586
2022-12-16 10:00:00+00:00,2991509.34498523
2022-12-16 11:00:00+00:00,2992175.33610183
2022-12-16 12:00:00+00:00,2992052.03995861
2022-12-16 13:00:00+00:00,2988900.63410045
2022-12-16 14:00:00+00:00,2989398.77293838
2022-12-16 15:00:00+00:00,2988323.83146775
2022-12-16 16:00:00+00:00,2987067.92794094
2022-12-16 17:00:00+00:00,2985115.61095468
2022-12-16 18:00:00+00:00,2985739.54419542
2022-12-16 19:00:00+00:00,2985700.46977368
2022-12-16 20:00:00+00:00,2984135.47887561
2022-12-16 21:00:00+00:00,2985052.49789297
2022-12-16 22:00:00+00:00,2985226.9311497603
2022-12-16 23:00:00+00:00,2985934.7715769103
2022-12-17 00:00:00+00:00,2986200.91885465
2022-12-17 01:00:00+00:00,2983278.50485457
2022-12-17 02:00:00+00:00,2984551.00636861
2022-12-17 03:00:00+00:00,2985576.08371375
2022-12-17 04:00:00+00:00,2985848.71588291
2022-12-17 05:00:00+00:00,2985834.51077579
2022-12-17 06:00:00+00:00,2985643.06907443
2022-12-17 07:00:00+00:00,2985509.97969292
2022-12-17 08:00:00+00:00,2983038.55050323
2022-12-17 09:00:00+00:00,2981358.97240216
2022-12-17 10:00:00+00:00,2981307.31171567
2022-12-17 11:00:00+00:00,2981447.85161702
2022-12-17 12:00:00+00:00,2981653.46296989
2022-12-17 13:00:00+00:00,2981680.80543725
2022-12-17 14:00:00+00:00,2980535.88570017
2022-12-17 15:00:00+00:00,2981548.46410242
2022-12-17 16:00:00+00:00,2982075.3384904503
2022-12-17 17:00:00+00:00,2982170.6923467503
2022-12-17 18:00:00+00:00,2982138.30771961
2022-12-17 19:00:00+00:00,2983081.60997022
2022-12-17 20:00:00+00:00,2983157.76405118
2022-12-17 21:00:00+00:00,2983035.68759031
2022-12-17 22:00:00+00:00,2983015.77727718
2022-12-17 23:00:00+00:00,2982387.9600121803
2022-12-18 00:00:00+00:00,2982491.46866491
2022-12-18 01:00:00+00:00,2983769.94786275
2022-12-18 02:00:00+00:00,2984496.40080376
2022-12-18 03:00:00+00:00,2983533.58772987
2022-12-18 04:00:00+00:00,2984793.5436782
2022-12-18 05:00:00+00:00,2984844.82240798
2022-12-18 06:00:00+00:00,2984846.14657944
2022-12-18 07:00:00+00:00,2984980.68468463
2022-12-18 08:00:00+00:00,2984961.60916693
2022-12-18 09:00:00+00:00,2983917.3947953
2022-12-18 10:00:00+00:00,2983835.44360386
2022-12-18 11:00:00+00:00,2983889.98084602
2022-12-18 12:00:00+00:00,2983987.27069002
2022-12-18 13:00:00+00:00,2983933.83595711
2022-12-18 14:00:00+00:00,2983953.9395490102
2022-12-18 15:00:00+00:00,2984067.28611948
2022-12-18 16:00:00+00:00,2984121.2975752302
2022-12-18 17:00:00+00:00,2984118.30427542
2022-12-18 18:00:00+00:00,2985360.09991246
2022-12-18 19:00:00+00:00,2985345.52325973
2022-12-18 20:00:00+00:00,2984421.6697568903
2022-12-18 21:00:00+00:00,2984506.71737412
2022-12-18 22:00:00+00:00,2984619.19949762
2022-12-18 23:00:00+00:00,2984671.23236934
2022-12-19 00:00:00+00:00,2984795.42852268
2022-12-19 01:00:00+00:00,2984714.08483942
2022-12-19 02:00:00+00:00,2984664.17656645
2022-12-19 03:00:00+00:00,2986193.99500982
2022-12-19 04:00:00+00:00,2985444.20180432
2022-12-19 05:00:00+00:00,2984768.00650861
2022-12-19 06:00:00+00:00,2984791.92109075
2022-12-19 07:00:00+00:00,2984755.12016322
2022-12-19 08:00:00+00:00,2984772.68204563
2022-12-19 09:00:00+00:00,2982173.76704249
2022-12-19 10:00:00+00:00,2982967.82733175
2022-12-19 11:00:00+00:00,2983546.76269642
2022-12-19 12:00:00+00:00,2979034.9278487
2022-12-19 13:00:00+00:00,2978872.09684028
2022-12-19 14:00:00+00:00,2978973.79250137
2022-12-19 15:00:00+00:00,2979959.12089298
2022-12-19 16:00:00+00:00,2978927.27731782
2022-12-19 17:00:00+00:00,2978861.0348617
2022-12-19 18:00:00+00:00,2978989.47664772
2022-12-19 19:00:00+00:00,2980046.27880893
2022-12-19 20:00:00+00:00,2980058.76354649
2022-12-19 21:00:00+00:00,2978631.56672712
2022-12-19 22:00:00+00:00,2979683.46750685
2022-12-19 23:00:00+00:00,2980058.60445991
2022-12-20 00:00:00+00:00,2976756.57838823
2022-12-20 01:00:00+00:00,2978062.8184922
2022-12-20 02:00:00+00:00,2977861.1889698203
2022-12-20 03:00:00+00:00,2977968.85963683
2022-12-20 04:00:00+00:00,2978529.1185738603
2022-12-20 05:00:00+00:00,2978575.5565302
2022-12-20 06:00:00+00:00,2977345.06998748
2022-12-20 07:00:00+00:00,2978628.58895241
2022-12-20 08:00:00+00:00,2978575.17414521
2022-12-20 09:00:00+00:00,2977917.4173372
2022-12-20 10:00:00+00:00,2977741.39166898
2022-12-20 11:00:00+00:00,2977836.94866531
2022-12-20 12:00:00+00:00,2978530.54229375
2022-12-20 13:00:00+00:00,2978653.10714947
2022-12-20 14:00:00+00:00,2978655.0517626503
2022-12-20 15:00:00+00:00,2968565.69341708
2022-12-20 16:00:00+00:00,2968515.26998182
2022-12-20 17:00:00+00:00,2969322.39944796
2022-12-20 18:00:00+00:00,2969520.89140786
2022-12-20 19:00:00+00:00,2969485.96683381
2022-12-20 20:00:00+00:00,2969428.62744866
2022-12-20 21:00:00+00:00,2969388.01851351
2022-12-20 22:00:00+00:00,2969361.43443729
2022-12-20 23:00:00+00:00,2969472.80525848
2022-12-21 00:00:00+00:00,2969451.32101769
2022-12-21 01:00:00+00:00,2969633.38149599
2022-12-21 02:00:00+00:00,2969319.12520061
2022-12-21 03:00:00+00:00,2969367.83222604
2022-12-21 04:00:00+00:00,2969419.1430410403
2022-12-21 05:00:00+00:00,2969451.2234695
2022-12-21 06:00:00+00:00,2969519.4813563703
2022-12-21 07:00:00+00:00,2977344.2091208003
2022-12-21 08:00:00+00:00,2977369.01233486
2022-12-21 09:00:00+00:00,2977516.82780083
2022-12-21 10:00:00+00:00,2974454.00906782
2022-12-21 11:00:00+00:00,2987109.02356501
2022-12-21 12:00:00+00:00,2987117.50546251
2022-12-21 13:00:00+00:00,2987013.21091252
2022-12-21 14:00:00+00:00,2985714.47722695
2022-12-21 15:00:00+00:00,2981498.60606988
2022-12-21 16:00:00+00:00,2981479.4350023
2022-12-21 17:00:00+00:00,2983554.78189163
2022-12-21 18:00:00+00:00,2983541.78202046
2022-12-21 19:00:00+00:00,2983507.9161844
2022-12-21 20:00:00+00:00,2976990.77643945
2022-12-21 21:00:00+00:00,2982830.92818515
2022-12-21 22:00:00+00:00,2981284.84600614
2022-12-21 23:00:00+00:00,2981362.72402207
2022-12-22 00:00:00+00:00,2981350.43384843
2022-12-22 01:00:00+00:00,2980366.5029859003
2022-12-22 02:00:00+00:00,2980363.36634952
2022-12-22 03:00:00+00:00,2980168.99993939
2022-12-22 04:00:00+00:00,2980377.25730186
2022-12-22 05:00:00+00:00,2980536.06041227
2022-12-22 06:00:00+00:00,2980518.8123978702
2022-12-22 07:00:00+00:00,2980603.55451732
2022-12-22 08:00:00+00:00,2978547.63661938
2022-12-22 09:00:00+00:00,2978577.48017468
2022-12-22 10:00:00+00:00,2977544.81091012
2022-12-22 11:00:00+00:00,2978054.76191484
2022-12-22 12:00:00+00:00,2977984.0558590502
2022-12-22 13:00:00+00:00,2978701.62681941
2022-12-22 14:00:00+00:00,2978763.157889
2022-12-22 15:00:00+00:00,2978997.29404369
2022-12-22 16:00:00+00:00,2979256.66265385
2022-12-22 17:00:00+00:00,2979225.30435485
2022-12-22 18:00:00+00:00,2975668.3966748603
2022-12-22 19:00:00+00:00,2975002.07404166
2022-12-22 20:00:00+00:00,2973643.83500317
2022-12-22 21:00:00+00:00,2971899.43900689
2022-12-22 22:00:00+00:00,2972917.18792086
2022-12-22 23:00:00+00:00,2970289.76715873
2022-12-23 00:00:00+00:00,2971452.42851157
2022-12-23 01:00:00+00:00,2971607.55532507
2022-12-23 02:00:00+00:00,2970718.0447468
2022-12-23 03:00:00+00:00,2970671.47697197
2022-12-23 04:00:00+00:00,2968703.94170465
2022-12-23 05:00:00+00:00,2968726.82728703
2022-12-23 06:00:00+00:00,2968778.47312473
2022-12-23 07:00:00+00:00,2967779.7014521603
2022-12-23 08:00:00+00:00,2968211.24279606
2022-12-23 09:00:00+00:00,2968462.90573692
2022-12-23 10:00:00+00:00,2968410.57994537
2022-12-23 11:00:00+00:00,2968381.62425661
2022-12-23 12:00:00+00:00,2968326.7346376
2022-12-23 13:00:00+00:00,2968082.79612459
2022-12-23 14:00:00+00:00,2968098.0404614
2022-12-23 15:00:00+00:00,2964411.83981688
2022-12-23 16:00:00+00:00,2965754.56065138
2022-12-23 17:00:00+00:00,2965831.2117935102
2022-12-23 18:00:00+00:00,2964882.35248884
2022-12-23 19:00:00+00:00,2965191.73252774
2022-12-23 20:00:00+00:00,2965059.58804628
2022-12-23 21:00:00+00:00,2962843.13213107
2022-12-23 22:00:00+00:00,2959268.44441158
2022-12-23 23:00:00+00:00,2959472.12838556
2022-12-24 00:00:00+00:00,2959487.63353241
2022-12-24 01:00:00+00:00,2959608.393234
2022-12-24 02:00:00+00:00,2959589.38194871
2022-12-24 03:00:00+00:00,2959286.66178608
2022-12-24 04:00:00+00:00,2959272.82038646
2022-12-24 05:00:00+00:00,2959291.5040590703
2022-12-24 06:00:00+00:00,2959315.15842146
2022-12-24 07:00:00+00:00,2959327.45378258
2022-12-24 08:00:00+00:00,2959360.64484757
2022-12-24 09:00:00+00:00,2959332.30610593
2022-12-24 10:00:00+00:00,2957728.63368133
2022-12-24 11:00:00+00:00,2957654.49618927
2022-12-24 12:00:00+00:00,2957390.32633086
2022-12-24 13:00:00+00:00,2957398.59417026
2022-12-24 14:00:00+00:00,2956123.84150048
2022-12-24 15:00:00+00:00,2956204.91839358
2022-12-24 16:00:00+00:00,2957248.82584783
2022-12-24 17:00:00+00:00,2956211.6355159
2022-12-24 18:00:00+00:00,2957222.85811952
2022-12-24 19:00:00+00:00,2957097.5736323902
2022-12-24 20:00:00+00:00,2957128.71760057
2022-12-24 21:00:00+00:00,2957101.90502931
2022-12-24 22:00:00+00:00,2957126.01760784
2022-12-24 23:00:00+00:00,2957242.72052862
2022-12-25 00:00:00+00:00,2957337.73476385
2022-12-25 01:00:00+00:00,2957332.10048207
2022-12-25 02:00:00+00:00,2957127.72466066
2022-12-25 03:00:00+00:00,2957071.00343494
2022-12-25 04:00:00+00:00,2957068.70655872
2022-12-25 05:00:00+00:00,2958159.32130833
2022-12-25 06:00:00+00:00,2958170.58801168
2022-12-25 07:00:00+00:00,2958185.21487298
2022-12-25 08:00:00+00:00,2958175.57541455
2022-12-25 09:00:00+00:00,2958298.20434353
2022-12-25 10:00:00+00:00,2958298.10257386
2022-12-25 11:00:00+00:00,2958299.58710046
2022-12-25 12:00:00+00:00,2958290.66092514
2022-12-25 13:00:00+00:00,2958241.28538281
2022-12-25 14:00:00+00:00,2958379.03359408
2022-12-25 15:00:00+00:00,2958619.4821153902
2022-12-25 16:00:00+00:00,2958723.97803275
2022-12-25 17:00:00+00:00,2958742.3290067
2022-12-25 18:00:00+00:00,2958756.21528892
2022-12-25 19:00:00+00:00,2958857.91111344
2022-12-25 20:00:00+00:00,2956425.97969873
2022-12-25 21:00:00+00:00,2956433.9382015
2022-12-25 22:00:00+00:00,2956418.55012273
2022-12-25 23:00:00+00:00,2956408.13337557
2022-12-26 00:00:00+00:00,2956510.86531503
2022-12-26 01:00:00+00:00,2956497.42229958
2022-12-26 02:00:00+00:00,2956281.13497136
2022-12-26 03:00:00+00:00,2956406.9854648
2022-12-26 04:00:00+00:00,2956425.74451065
2022-12-26 05:00:00+00:00,2956414.4083089503
2022-12-26 06:00:00+00:00,2957474.37753611
2022-12-26 07:00:00+00:00,2957468.15944269
2022-12-26 08:00:00+00:00,2956520.09505666
2022-12-26 09:00:00+00:00,2956524.17619683
2022-12-26 10:00:00+00:00,2956519.98868546
2022-12-26 11:00:00+00:00,2956545.85756307
2022-12-26 12:00:00+00:00,2956545.0742571102
2022-12-26 13:00:00+00:00,2956540.19022096
2022-12-26 14:00:00+00:00,2958321.39526239
2022-12-26 15:00:00+00:00,2958525.91807402
2022-12-26 16:00:00+00:00,2958508.64228211
2022-12-26 17:00:00+00:00,2958512.96878009
2022-12-26 18:00:00+00:00,2958477.27819595
2022-12-26 19:00:00+00:00,2958519.16140127
2022-12-26 20:00:00+00:00,2958628.64785635
2022-12-26 21:00:00+00:00,2955065.3427404203
2022-12-26 22:00:00+00:00,2955076.3441342902
2022-12-26 23:00:00+00:00,2956207.3440822703
2022-12-27 00:00:00+00:00,2956222.15009199
2022-12-27 01:00:00+00:00,2956292.20808325
2022-12-27 02:00:00+00:00,2956330.96535691
2022-12-27 03:00:00+00:00,2953412.48886788
2022-12-27 04:00:00+00:00,2953393.89717436
2022-12-27 05:00:00+00:00,2954440.0954312
2022-12-27 06:00:00+00:00,2954436.57654934
2022-12-27 07:00:00+00:00,2954436.67939799
2022-12-27 08:00:00+00:00,2953506.1295517
2022-12-27 09:00:00+00:00,2954708.6171269403
2022-12-27 10:00:00+00:00,2955679.22182646
2022-12-27 11:00:00+00:00,2953095.32136474
2022-12-27 12:00:00+00:00,2953140.26075511
2022-12-27 13:00:00+00:00,2953021.2970194803
2022-12-27 14:00:00+00:00,2953044.52926426
2022-12-27 15:00:00+00:00,2952927.46022292
2022-12-27 16:00:00+00:00,2953092.60081848
2022-12-27 17:00:00+00:00,2953142.78983839
2022-12-27 18:00:00+00:00,2953160.84003325
2022-12-27 19:00:00+00:00,2953904.26031594
2022-12-27 20:00:00+00:00,2954960.62256581
2022-12-27 21:00:00+00:00,2952738.6834135703
2022-12-27 22:00:00+00:00,2952807.91359391
2022-12-27 23:00:00+00:00,2950277.7913416
2022-12-28 00:00:00+00:00,2950217.48608205
2022-12-28 01:00:00+00:00,2950387.985578
2022-12-28 02:00:00+00:00,2950403.08172679
2022-12-28 03:00:00+00:00,2950363.16581098
2022-12-28 04:00:00+00:00,2950358.5852983003
2022-12-28 05:00:00+00:00,2950331.63999538
2022-12-28 06:00:00+00:00,2950380.48357156
2022-12-28 07:00:00+00:00,2950315.14761157
2022-12-28 08:00:00+00:00,2950320.51122157
2022-12-28 09:00:00+00:00,2949125.23561588
2022-12-28 10:00:00+00:00,2949189.7459656
2022-12-28 11:00:00+00:00,2949219.89623397
2022-12-28 12:00:00+00:00,2949342.22327931
2022-12-28 13:00:00+00:00,2948388.62390998
2022-12-28 14:00:00+00:00,2949379.35718082
2022-12-28 15:00:00+00:00,2949503.03944551
2022-12-28 16:00:00+00:00,2950293.80855259
2022-12-28 17:00:00+00:00,2962674.20081898
2022-12-28 18:00:00+00:00,2962353.00415114
2022-12-28 19:00:00+00:00,2963145.14942515
2022-12-28 20:00:00+00:00,2962681.06888323
2022-12-28 21:00:00+00:00,2957926.0306672
2022-12-28 22:00:00+00:00,2959557.1419057
2022-12-28 23:00:00+00:00,2960288.93402179
2022-12-29 00:00:00+00:00,2960344.02457399
2022-12-29 01:00:00+00:00,2960447.3867507502
2022-12-29 02:00:00+00:00,2960591.26924388
2022-12-29 03:00:00+00:00,2960675.35553412
2022-12-29 04:00:00+00:00,2960637.57193972
2022-12-29 05:00:00+00:00,2960647.77417963
2022-12-29 06:00:00+00:00,2959645.72705853
2022-12-29 07:00:00+00:00,2959695.76267779
2022-12-29 08:00:00+00:00,2959741.7606199803
2022-12-29 09:00:00+00:00,2960812.81571645
2022-12-29 10:00:00+00:00,2957658.75990705
2022-12-29 11:00:00+00:00,2957713.48167318
2022-12-29 12:00:00+00:00,2956595.9986172803
2022-12-29 13:00:00+00:00,2956610.17889648
2022-12-29 14:00:00+00:00,2955516.68508923
2022-12-29 15:00:00+00:00,2955337.61988384
2022-12-29 16:00:00+00:00,2955844.7261740803
2022-12-29 17:00:00+00:00,2954362.47022312
2022-12-29 18:00:00+00:00,2952658.58363847
2022-12-29 19:00:00+00:00,2953851.78731898
2022-12-29 20:00:00+00:00,2954011.51091542
2022-12-29 21:00:00+00:00,2952997.9052092303
2022-12-29 22:00:00+00:00,2950692.06323341
2022-12-29 23:00:00+00:00,2950677.97434247
2022-12-30 00:00:00+00:00,2950769.00385756
2022-12-30 01:00:00+00:00,2950840.9807849303
2022-12-30 02:00:00+00:00,2951113.96786898
2022-12-30 03:00:00+00:00,2951909.68633906
2022-12-30 04:00:00+00:00,2951740.05859756
2022-12-30 05:00:00+00:00,2952941.71583626
2022-12-30 06:00:00+00:00,2953551.1301552
2022-12-30 07:00:00+00:00,2953280.37136104
2022-12-30 08:00:00+00:00,2952385.6948901103
2022-12-30 09:00:00+00:00,2952649.21595586
2022-12-30 10:00:00+00:00,2952736.12924669
2022-12-30 11:00:00+00:00,2952732.4072562503
2022-12-30 12:00:00+00:00,2952165.64233629
2022-12-30 13:00:00+00:00,2952207.92058594
2022-12-30 14:00:00+00:00,2951583.92908701
2022-12-30 15:00:00+00:00,2952195.00292843
2022-12-30 16:00:00+00:00,2950990.92731755
2022-12-30 17:00:00+00:00,2952816.351719
2022-12-30 18:00:00+00:00,2951147.10325727
2022-12-30 19:00:00+00:00,2952293.3979769303
2022-12-30 20:00:00+00:00,2952405.17736639
2022-12-30 21:00:00+00:00,2952879.7003584
2022-12-30 22:00:00+00:00,2952994.27589536
2022-12-30 23:00:00+00:00,2953185.43426524
2022-12-31 00:00:00+00:00,2953229.19924743
2022-12-31 01:00:00+00:00,2953118.04814366
2022-12-31 02:00:00+00:00,2953065.00259159
2022-12-31 03:00:00+00:00,2952846.77513583
2022-12-31 04:00:00+00:00,2951633.43863407
2022-12-31 05:00:00+00:00,2951644.02643982
2022-12-31 06:00:00+00:00,2952014.06163558
2022-12-31 07:00:00+00:00,2952050.51023495
2022-12-31 08:00:00+00:00,2953307.67290145
2022-12-31 09:00:00+00:00,2962295.49493747
2022-12-31 10:00:00+00:00,2962552.92206338
2022-12-31 11:00:00+00:00,2962528.0479726
2022-12-31 12:00:00+00:00,2962468.68771499
2022-12-31 13:00:00+00:00,2962434.15645018
2022-12-31 14:00:00+00:00,2962448.01052272
2022-12-31 15:00:00+00:00,2962467.50761986
2022-12-31 16:00:00+00:00,2960142.79973403
2022-12-31 17:00:00+00:00,2960035.21237921
2022-12-31 18:00:00+00:00,2959765.04835285
2022-12-31 19:00:00+00:00,2959776.39496039
2022-12-31 20:00:00+00:00,2959842.92280976
2022-12-31 21:00:00+00:00,2960232.0659796
2022-12-31 22:00:00+00:00,2960705.42016629
2022-12-31 23:00:00+00:00,2960997.29026054
2023-01-01 00:00:00+00:00,2960158.20017197
2023-01-01 01:00:00+00:00,2960120.8529528403
2023-01-01 02:00:00+00:00,2960216.32164296
2023-01-01 03:00:00+00:00,2959737.65518704
2023-01-01 04:00:00+00:00,2961055.36923639
2023-01-01 05:00:00+00:00,2960074.37437631
2023-01-01 06:00:00+00:00,2960076.42444513
2023-01-01 07:00:00+00:00,2961185.67373256
2023-01-01 08:00:00+00:00,2961201.57908099
2023-01-01 09:00:00+00:00,2960425.22571358
2023-01-01 10:00:00+00:00,2960426.92496482
2023-01-01 11:00:00+00:00,2960435.81979001
2023-01-01 12:00:00+00:00,2959582.054033
2023-01-01 13:00:00+00:00,2959635.12800245
2023-01-01 14:00:00+00:00,2958070.43328318
2023-01-01 15:00:00+00:00,2958069.6369427303
2023-01-01 16:00:00+00:00,2958163.07066285
2023-01-01 17:00:00+00:00,2958194.1819121
2023-01-01 18:00:00+00:00,2958189.92924733
2023-01-01 19:00:00+00:00,2958179.01220013
2023-01-01 20:00:00+00:00,2958181.06882321
2023-01-01 21:00:00+00:00,2958187.6877022
2023-01-01 22:00:00+00:00,2958211.61944698
2023-01-01 23:00:00+00:00,2956599.49203464
2023-01-02 00:00:00+00:00,2956599.55248731
2023-01-02 01:00:00+00:00,2956698.48079486
2023-01-02 02:00:00+00:00,2956472.66996278
2023-01-02 03:00:00+00:00,2956134.24960813
2023-01-02 04:00:00+00:00,2955920.18058823
2023-01-02 05:00:00+00:00,2956394.43700079
2023-01-02 06:00:00+00:00,2956443.0386573803
2023-01-02 07:00:00+00:00,2957252.78438649
2023-01-02 08:00:00+00:00,2957356.67333829
2023-01-02 09:00:00+00:00,2957399.03773092
2023-01-02 10:00:00+00:00,2957473.41980628
2023-01-02 11:00:00+00:00,2956347.2905778103
2023-01-02 12:00:00+00:00,2956369.1178782103
2023-01-02 13:00:00+00:00,2956389.13930637
2023-01-02 14:00:00+00:00,2957575.4560846603
2023-01-02 15:00:00+00:00,2957511.57834301
2023-01-02 16:00:00+00:00,2957237.71587336
2023-01-02 17:00:00+00:00,2957252.31026344
2023-01-02 18:00:00+00:00,2957390.20525169
2023-01-02 19:00:00+00:00,2957357.85661919
2023-01-02 20:00:00+00:00,2957387.67691472
2023-01-02 21:00:00+00:00,2958499.19887872
2023-01-02 22:00:00+00:00,2958938.67843614
2023-01-02 23:00:00+00:00,2958954.20650983
2023-01-03 00:00:00+00:00,2958609.51195521
2023-01-03 01:00:00+00:00,2958597.2078871
2023-01-03 02:00:00+00:00,2958688.5896065
2023-01-03 03:00:00+00:00,2958534.07817281
2023-01-03 04:00:00+00:00,2958609.71720399
2023-01-03 05:00:00+00:00,2958629.42114147
2023-01-03 06:00:00+00:00,2958348.65607697
2023-01-03 07:00:00+00:00,2956041.41270813
2023-01-03 08:00:00+00:00,2956195.24854124
2023-01-03 09:00:00+00:00,2956062.00371879
2023-01-03 10:00:00+00:00,2949024.8635369
2023-01-03 11:00:00+00:00,2949189.90829898
2023-01-03 12:00:00+00:00,2949098.92998027
2023-01-03 13:00:00+00:00,2949181.21540338
2023-01-03 14:00:00+00:00,2949186.16241066
2023-01-03 15:00:00+00:00,2949390.23479969
2023-01-03 16:00:00+00:00,2950675.15907342
2023-01-03 17:00:00+00:00,2952058.48296009
2023-01-03 18:00:00+00:00,2952474.96739511
2023-01-03 19:00:00+00:00,2952575.23124518
2023-01-03 20:00:00+00:00,2952305.19178371
2023-01-03 21:00:00+00:00,2953311.31146673
2023-01-03 22:00:00+00:00,2953272.79290516
2023-01-03 23:00:00+00:00,2953099.1665258
2023-01-04 00:00:00+00:00,2952943.41089783
2023-01-04 01:00:00+00:00,2951037.63378892
2023-01-04 02:00:00+00:00,2947877.44284399
2023-01-04 03:00:00+00:00,2946802.22914193
2023-01-04 04:00:00+00:00,2946829.68685308
2023-01-04 05:00:00+00:00,2948431.15823002
2023-01-04 06:00:00+00:00,2948367.92293254
2023-01-04 07:00:00+00:00,2948383.78937819
2023-01-04 08:00:00+00:00,2948303.77253408
2023-01-04 09:00:00+00:00,2948356.53773538
2023-01-04 10:00:00+00:00,2948469.86156357
2023-01-04 11:00:00+00:00,2948053.11034525
2023-01-04 12:00:00+00:00,2946859.0142094903
2023-01-04 13:00:00+00:00,2946893.90352612
2023-01-04 14:00:00+00:00,2946995.19943488
2023-01-04 15:00:00+00:00,2946917.93703639
2023-01-04 16:00:00+00:00,2946808.75292196
2023-01-04 17:00:00+00:00,2947116.75029966
2023-01-04 18:00:00+00:00,2948642.95989723
2023-01-04 19:00:00+00:00,2949035.93499814
2023-01-04 20:00:00+00:00,2949193.93801702
2023-01-04 21:00:00+00:00,2948925.71980559
2023-01-04 22:00:00+00:00,2941786.94510959
2023-01-04 23:00:00+00:00,2941024.37001182
2023-01-05 00:00:00+00:00,2941027.93043833
2023-01-05 01:00:00+00:00,2941046.88106678
2023-01-05 02:00:00+00:00,2939747.30204263
2023-01-05 03:00:00+00:00,2939725.61215179
2023-01-05 04:00:00+00:00,2939663.56952179
2023-01-05 05:00:00+00:00,2939547.81555726
2023-01-05 06:00:00+00:00,2936096.79720799
2023-01-05 07:00:00+00:00,2936137.4138616603
2023-01-05 08:00:00+00:00,2937632.84347051
2023-01-05 09:00:00+00:00,2936569.28867135
2023-01-05 10:00:00+00:00,2936435.94320027
2023-01-05 11:00:00+00:00,2936442.14249653
2023-01-05 12:00:00+00:00,2936094.32904074
2023-01-05 13:00:00+00:00,2937487.9640758103
2023-01-05 14:00:00+00:00,2938122.43166035
2023-01-05 15:00:00+00:00,2937005.3820813
2023-01-05 16:00:00+00:00,2936756.3356813
2023-01-05 17:00:00+00:00,2937874.2086763
2023-01-05 18:00:00+00:00,2937550.2312190603
2023-01-05 19:00:00+00:00,2937504.16670979
2023-01-05 20:00:00+00:00,2938168.52071984
2023-01-05 21:00:00+00:00,2939137.06387101
2023-01-05 22:00:00+00:00,2939599.32741082
2023-01-05 23:00:00+00:00,2938618.66776145
2023-01-06 00:00:00+00:00,2938626.41596596
2023-01-06 01:00:00+00:00,2938645.24717257
2023-01-06 02:00:00+00:00,2938774.7997499
2023-01-06 03:00:00+00:00,2938790.95640733
2023-01-06 04:00:00+00:00,2938949.42509582
2023-01-06 05:00:00+00:00,2939028.98953281
2023-01-06 06:00:00+00:00,2938929.96516014
2023-01-06 07:00:00+00:00,2938915.13913977
2023-01-06 08:00:00+00:00,2938578.78863847
2023-01-06 09:00:00+00:00,2948776.7974301903
2023-01-06 10:00:00+00:00,2947767.64973811
2023-01-06 11:00:00+00:00,2947850.23943044
2023-01-06 12:00:00+00:00,2948630.70357175
2023-01-06 13:00:00+00:00,2949080.66163311
2023-01-06 14:00:00+00:00,2949075.99580979
2023-01-06 15:00:00+00:00,2956919.52720295
2023-01-06 16:00:00+00:00,2952358.27521202
2023-01-06 17:00:00+00:00,2953383.91416052
2023-01-06 18:00:00+00:00,2953443.01742073
2023-01-06 19:00:00+00:00,2954783.5636954
2023-01-06 20:00:00+00:00,2955076.67153499
2023-01-06 21:00:00+00:00,2956120.53472497
2023-01-06 22:00:00+00:00,2958281.01818876
2023-01-06 23:00:00+00:00,2958259.8192622
2023-01-07 00:00:00+00:00,2958269.1591413
2023-01-07 01:00:00+00:00,2958310.81387148
2023-01-07 02:00:00+00:00,2957901.97033353
2023-01-07 03:00:00+00:00,2958012.70318178
2023-01-07 04:00:00+00:00,2956917.51587249
2023-01-07 05:00:00+00:00,2957106.0933641503
2023-01-07 06:00:00+00:00,2957101.2428611103
2023-01-07 07:00:00+00:00,2946996.37847848
2023-01-07 08:00:00+00:00,2947145.02794026
2023-01-07 09:00:00+00:00,2946985.0732477503
2023-01-07 10:00:00+00:00,2946977.26622996
2023-01-07 11:00:00+00:00,2945097.4436456203
2023-01-07 12:00:00+00:00,2944727.80363684
2023-01-07 13:00:00+00:00,2944217.0095745
2023-01-07 14:00:00+00:00,2942999.98971318
2023-01-07 15:00:00+00:00,2942952.05827069
2023-01-07 16:00:00+00:00,2941632.94588576
2023-01-07 17:00:00+00:00,2940630.81175284
2023-01-07 18:00:00+00:00,2942032.63529055
2023-01-07 19:00:00+00:00,2941989.8776585
2023-01-07 20:00:00+00:00,2941998.57328446
2023-01-07 21:00:00+00:00,2941952.70829873
2023-01-07 22:00:00+00:00,2941936.81725422
2023-01-07 23:00:00+00:00,2941777.7198847
2023-01-08 00:00:00+00:00,2941652.67228472
2023-01-08 01:00:00+00:00,2941703.88128111
2023-01-08 02:00:00+00:00,2941699.27446845
2023-01-08 03:00:00+00:00,2941706.46650803
2023-01-08 04:00:00+00:00,2951662.84091978
2023-01-08 05:00:00+00:00,2951674.67663524
2023-01-08 06:00:00+00:00,2951671.3035382
2023-01-08 07:00:00+00:00,2951722.59208033
2023-01-08 08:00:00+00:00,2951689.10296108
2023-01-08 09:00:00+00:00,2952707.85247111
2023-01-08 10:00:00+00:00,2952715.36469675
2023-01-08 11:00:00+00:00,2942522.25040515
2023-01-08 12:00:00+00:00,2942477.31715534
2023-01-08 13:00:00+00:00,2942471.89432819
2023-01-08 14:00:00+00:00,2942465.57834425
2023-01-08 15:00:00+00:00,2942478.19377026
2023-01-08 16:00:00+00:00,2942385.25521041
2023-01-08 17:00:00+00:00,2941291.35811142
2023-01-08 18:00:00+00:00,2941301.58677274
2023-01-08 19:00:00+00:00,2942762.26891156
2023-01-08 20:00:00+00:00,2942733.32724469
2023-01-08 21:00:00+00:00,2942713.59340931
2023-01-08 22:00:00+00:00,2942753.22347689
2023-01-08 23:00:00+00:00,2942732.50530923
2023-01-09 00:00:00+00:00,2942710.14188774
2023-01-09 01:00:00+00:00,2942830.41691795
2023-01-09 02:00:00+00:00,2950342.3670805
2023-01-09 03:00:00+00:00,2951358.89621859
2023-01-09 04:00:00+00:00,2952352.51327814
2023-01-09 05:00:00+00:00,2951393.21077
2023-01-09 06:00:00+00:00,2951481.21415794
2023-01-09 07:00:00+00:00,2951380.26669517
2023-01-09 08:00:00+00:00,2951349.82350376
2023-01-09 09:00:00+00:00,2951722.09794994
2023-01-09 10:00:00+00:00,2953434.33281689
2023-01-09 11:00:00+00:00,2955129.55646878
2023-01-09 12:00:00+00:00,2956076.47697931
2023-01-09 13:00:00+00:00,2956480.3536915
2023-01-09 14:00:00+00:00,2956358.76304877
2023-01-09 15:00:00+00:00,2956692.1118760803
2023-01-09 16:00:00+00:00,2954715.4466708503
2023-01-09 17:00:00+00:00,2954895.77363633
2023-01-09 18:00:00+00:00,2955426.12990708
2023-01-09 19:00:00+00:00,2956023.6108138403
2023-01-09 20:00:00+00:00,2955958.65866247
2023-01-09 21:00:00+00:00,2955842.7772315103
2023-01-09 22:00:00+00:00,2956281.72296316
2023-01-09 23:00:00+00:00,2956330.50924114
2023-01-10 00:00:00+00:00,2956111.53375324
2023-01-10 01:00:00+00:00,2955818.36223002
2023-01-10 02:00:00+00:00,2956631.34571176
2023-01-10 03:00:00+00:00,2955507.13599565
2023-01-10 04:00:00+00:00,2956514.34075301
2023-01-10 05:00:00+00:00,2955417.21659677
2023-01-10 06:00:00+00:00,2955248.09679778
2023-01-10 07:00:00+00:00,2955291.11111705
2023-01-10 08:00:00+00:00,2955291.08439543
2023-01-10 09:00:00+00:00,2953664.4981994103
2023-01-10 10:00:00+00:00,2952844.18913593
2023-01-10 11:00:00+00:00,2953841.75750025
2023-01-10 12:00:00+00:00,2954072.0884459
2023-01-10 13:00:00+00:00,2953728.96401058
2023-01-10 14:00:00+00:00,2954666.40236329
2023-01-10 15:00:00+00:00,2958197.49118902
2023-01-10 16:00:00+00:00,2958614.1279286
2023-01-10 17:00:00+00:00,2958624.80491254
2023-01-10 18:00:00+00:00,2959910.32815412
2023-01-10 19:00:00+00:00,2957926.30112817
2023-01-10 20:00:00+00:00,2958362.50522254
2023-01-10 21:00:00+00:00,2958367.91608652
2023-01-10 22:00:00+00:00,2958638.8523044
2023-01-10 23:00:00+00:00,2958535.40952401
2023-01-11 00:00:00+00:00,2957340.96139727
2023-01-11 01:00:00+00:00,2957666.71445223
2023-01-11 02:00:00+00:00,2957609.52675568
2023-01-11 03:00:00+00:00,2957679.18539191
2023-01-11 04:00:00+00:00,2957835.6568973
2023-01-11 05:00:00+00:00,2957978.67538595
2023-01-11 06:00:00+00:00,2957995.39490832
2023-01-11 07:00:00+00:00,2957964.99406925
2023-01-11 08:00:00+00:00,2958597.34990838
2023-01-11 09:00:00+00:00,2959974.08569939
2023-01-11 10:00:00+00:00,2961116.05049402
2023-01-11 11:00:00+00:00,2961133.2852868303
2023-01-11 12:00:00+00:00,2961105.49104092
2023-01-11 13:00:00+00:00,2960915.0356884003
2023-01-11 14:00:00+00:00,2960853.0692069703
2023-01-11 15:00:00+00:00,2959670.03228117
2023-01-11 16:00:00+00:00,2960542.06382592
2023-01-11 17:00:00+00:00,2961656.36379711
2023-01-11 18:00:00+00:00,2961822.3205016702
2023-01-11 19:00:00+00:00,2962049.62236281
2023-01-11 20:00:00+00:00,2960892.37566304
2023-01-11 21:00:00+00:00,2960922.0676149
2023-01-11 22:00:00+00:00,2960809.11917278
2023-01-11 23:00:00+00:00,2960820.30881596
2023-01-12 00:00:00+00:00,2960893.7935404
2023-01-12 01:00:00+00:00,2961200.80702994
2023-01-12 02:00:00+00:00,2961170.33933624
2023-01-12 03:00:00+00:00,2961267.26692777
2023-01-12 04:00:00+00:00,2961310.87205204
2023-01-12 05:00:00+00:00,2961304.48719594
2023-01-12 06:00:00+00:00,2961317.66132573
2023-01-12 07:00:00+00:00,2961587.88631002
2023-01-12 08:00:00+00:00,2961671.7333067
2023-01-12 09:00:00+00:00,2961465.9656209103
2023-01-12 10:00:00+00:00,2962024.09403658
2023-01-12 11:00:00+00:00,2962161.9013010203
2023-01-12 12:00:00+00:00,2963468.39784687
2023-01-12 13:00:00+00:00,2963319.23582952
2023-01-12 14:00:00+00:00,2963384.98433837
2023-01-12 15:00:00+00:00,2965022.10955836
2023-01-12 16:00:00+00:00,2962540.4837233
2023-01-12 17:00:00+00:00,2962715.8664994403
2023-01-12 18:00:00+00:00,2963376.07783846
2023-01-12 19:00:00+00:00,2964094.09389187
2023-01-12 20:00:00+00:00,2964771.36751005
2023-01-12 21:00:00+00:00,2965457.07854298
2023-01-12 22:00:00+00:00,2964232.18613046
2023-01-12 23:00:00+00:00,2966410.73079732
2023-01-13 00:00:00+00:00,2966513.72356283
2023-01-13 01:00:00+00:00,2966249.59051158
2023-01-13 02:00:00+00:00,2964712.41646993
2023-01-13 03:00:00+00:00,2961113.61891402
2023-01-13 04:00:00+00:00,2961028.0397628
2023-01-13 05:00:00+00:00,2960986.10198545
2023-01-13 06:00:00+00:00,2955622.15743024
2023-01-13 07:00:00+00:00,2955697.7442219
2023-01-13 08:00:00+00:00,2955512.74925002
2023-01-13 09:00:00+00:00,2956070.7605661103
2023-01-13 10:00:00+00:00,2960153.3370703
2023-01-13 11:00:00+00:00,2961452.68848035
2023-01-13 12:00:00+00:00,2958373.7406787
2023-01-13 13:00:00+00:00,2958389.0433671903
2023-01-13 14:00:00+00:00,2959784.06865027
2023-01-13 15:00:00+00:00,2957925.66397206
2023-01-13 16:00:00+00:00,2958157.35362571
2023-01-13 17:00:00+00:00,2960950.6957737003
2023-01-13 18:00:00+00:00,2960263.71912485
2023-01-13 19:00:00+00:00,2961824.78195527
2023-01-13 20:00:00+00:00,2963823.61067589
2023-01-13 21:00:00+00:00,2962051.92526465
2023-01-13 22:00:00+00:00,2959916.36002844
2023-01-13 23:00:00+00:00,2960807.12768072
2023-01-14 00:00:00+00:00,2961678.38718755
2023-01-14 01:00:00+00:00,2958015.83310242
2023-01-14 02:00:00+00:00,2957820.3373789103
2023-01-14 03:00:00+00:00,2959176.34406158
2023-01-14 04:00:00+00:00,2960445.0170974103
2023-01-14 05:00:00+00:00,2958876.93365657
2023-01-14 06:00:00+00:00,2960313.61720959
2023-01-14 07:00:00+00:00,2960327.52278408
2023-01-14 08:00:00+00:00,2960445.12323633
2023-01-14 09:00:00+00:00,2959201.2131681503
2023-01-14 10:00:00+00:00,2959156.11487177
2023-01-14 11:00:00+00:00,2960293.23979375
2023-01-14 12:00:00+00:00,2969050.09253516
2023-01-14 13:00:00+00:00,2970728.63994251
2023-01-14 14:00:00+00:00,2970776.96818768
2023-01-14 15:00:00+00:00,2971395.22957446
2023-01-14 16:00:00+00:00,2971031.27259398
2023-01-14 17:00:00+00:00,2971127.15221145
2023-01-14 18:00:00+00:00,2971303.42076552
2023-01-14 19:00:00+00:00,2971290.9286129703
2023-01-14 20:00:00+00:00,2971258.16357816
2023-01-14 21:00:00+00:00,2971278.02478487
2023-01-14 22:00:00+00:00,2968761.1065719803
2023-01-14 23:00:00+00:00,2968847.49543203
2023-01-15 00:00:00+00:00,2968429.38024604
2023-01-15 01:00:00+00:00,2968329.76567129
2023-01-15 02:00:00+00:00,2968401.47513334
2023-01-15 03:00:00+00:00,2968207.76287832
2023-01-15 04:00:00+00:00,2968940.42219666
2023-01-15 05:00:00+00:00,2968080.85568792
2023-01-15 06:00:00+00:00,2967968.85681308
2023-01-15 07:00:00+00:00,2968188.46776976
2023-01-15 08:00:00+00:00,2968153.32114935
2023-01-15 09:00:00+00:00,2966346.73096382
2023-01-15 10:00:00+00:00,2966213.17102144
2023-01-15 11:00:00+00:00,2965307.79934602
2023-01-15 12:00:00+00:00,2965382.272762
2023-01-15 13:00:00+00:00,2965380.83944853
2023-01-15 14:00:00+00:00,2965380.03671611
2023-01-15 15:00:00+00:00,2965365.33668282
2023-01-15 16:00:00+00:00,2965681.82968418
2023-01-15 17:00:00+00:00,2965762.40641654
2023-01-15 18:00:00+00:00,2965975.2115143603
2023-01-15 19:00:00+00:00,2965997.20720183
2023-01-15 20:00:00+00:00,2966087.81346589
2023-01-15 21:00:00+00:00,2968657.0164931603
2023-01-15 22:00:00+00:00,2968652.13984032
2023-01-15 23:00:00+00:00,2968747.75542046
2023-01-16 00:00:00+00:00,2971149.89930855
2023-01-16 01:00:00+00:00,2970795.87829029
2023-01-16 02:00:00+00:00,2971266.23989692
2023-01-16 03:00:00+00:00,2971493.0135067003
2023-01-16 04:00:00+00:00,2971481.87998405
2023-01-16 05:00:00+00:00,2971575.5436194
2023-01-16 06:00:00+00:00,2971377.10807112
2023-01-16 07:00:00+00:00,2971351.0851292
2023-01-16 08:00:00+00:00,2972718.89061079
2023-01-16 09:00:00+00:00,2971814.92026548
2023-01-16 10:00:00+00:00,2971853.44985331
2023-01-16 11:00:00+00:00,2971314.82045136
2023-01-16 12:00:00+00:00,2971320.51145954
2023-01-16 13:00:00+00:00,2973251.4650102
2023-01-16 14:00:00+00:00,2973297.63193634
2023-01-16 15:00:00+00:00,2973790.35442861
2023-01-16 16:00:00+00:00,2974059.45819338
2023-01-16 17:00:00+00:00,2976183.18146836
2023-01-16 18:00:00+00:00,2976180.33276883
2023-01-16 19:00:00+00:00,2976559.29082613
2023-01-16 20:00:00+00:00,2978644.68377491
2023-01-16 21:00:00+00:00,2977045.31235264
2023-01-16 22:00:00+00:00,2977637.60024836
2023-01-16 23:00:00+00:00,2977172.86687008
2023-01-17 00:00:00+00:00,2977234.3101112503
2023-01-17 01:00:00+00:00,2977014.4867443503
2023-01-17 02:00:00+00:00,2977720.82137711
2023-01-17 03:00:00+00:00,2978098.64371572
2023-01-17 04:00:00+00:00,2978077.0802475302
2023-01-17 05:00:00+00:00,2977935.38804924
2023-01-17 06:00:00+00:00,2978532.23095999
2023-01-17 07:00:00+00:00,2979593.77953607
2023-01-17 08:00:00+00:00,2979617.00621485
2023-01-17 09:00:00+00:00,2978337.17112966
2023-01-17 10:00:00+00:00,2978378.38488453
2023-01-17 11:00:00+00:00,2978388.73245804
2023-01-17 12:00:00+00:00,2979735.68044312
2023-01-17 13:00:00+00:00,2979772.08813015
2023-01-17 14:00:00+00:00,2978617.5294
2023-01-17 15:00:00+00:00,2978654.17166455
2023-01-17 16:00:00+00:00,2978486.6230937103
2023-01-17 17:00:00+00:00,2978251.58426768
2023-01-17 18:00:00+00:00,2978910.68877018
2023-01-17 19:00:00+00:00,2977633.21498114
2023-01-17 20:00:00+00:00,2982425.56652043
2023-01-17 21:00:00+00:00,2986541.20617814
2023-01-17 22:00:00+00:00,2988660.28360591
2023-01-17 23:00:00+00:00,2990012.72746288
2023-01-18 00:00:00+00:00,2990128.32432246
2023-01-18 01:00:00+00:00,2999738.77640937
2023-01-18 02:00:00+00:00,2999769.60420278
2023-01-18 03:00:00+00:00,3000210.55736545
2023-01-18 04:00:00+00:00,3000395.7363648103
2023-01-18 05:00:00+00:00,3000461.30121652
2023-01-18 06:00:00+00:00,3001350.98720882
2023-01-18 07:00:00+00:00,2996240.74584899
2023-01-18 08:00:00+00:00,2996086.46632592
2023-01-18 09:00:00+00:00,2997148.43416694
2023-01-18 10:00:00+00:00,2997318.5707926
2023-01-18 11:00:00+00:00,2997710.71179876
2023-01-18 12:00:00+00:00,2997829.4275308
2023-01-18 13:00:00+00:00,2997655.1929378803
2023-01-18 14:00:00+00:00,2997622.12005938
2023-01-18 15:00:00+00:00,3002634.4133986
2023-01-18 16:00:00+00:00,3004676.03472817
2023-01-18 17:00:00+00:00,3003380.72312465
2023-01-18 18:00:00+00:00,3004517.78860192
2023-01-18 19:00:00+00:00,3003542.0352192703
2023-01-18 20:00:00+00:00,3001689.87524474
2023-01-18 21:00:00+00:00,3001745.4454647303
2023-01-18 22:00:00+00:00,3000401.6841194
2023-01-18 23:00:00+00:00,3000786.3807241
2023-01-19 00:00:00+00:00,2993933.45754202
2023-01-19 01:00:00+00:00,2993979.64894201
2023-01-19 02:00:00+00:00,2994812.24662181
2023-01-19 03:00:00+00:00,2994235.10764276
2023-01-19 04:00:00+00:00,2995276.92054121
2023-01-19 05:00:00+00:00,2995380.6291727
2023-01-19 06:00:00+00:00,2994179.5920066503
2023-01-19 07:00:00+00:00,2993666.29779604
2023-01-19 08:00:00+00:00,3003401.80333288
2023-01-19 09:00:00+00:00,3003590.4171880702
2023-01-19 10:00:00+00:00,3003623.76016717
2023-01-19 11:00:00+00:00,3002654.77468686
2023-01-19 12:00:00+00:00,2996237.6616103
2023-01-19 13:00:00+00:00,2993075.89960704
2023-01-19 14:00:00+00:00,2992239.31949395
2023-01-19 15:00:00+00:00,2993185.37159127
2023-01-19 16:00:00+00:00,2992985.0687347
2023-01-19 17:00:00+00:00,2992811.73796057
2023-01-19 18:00:00+00:00,2992963.96446689
2023-01-19 19:00:00+00:00,2994230.82860434
2023-01-19 20:00:00+00:00,2995193.50891024
2023-01-19 21:00:00+00:00,2989488.62226608
2023-01-19 22:00:00+00:00,2990553.74035184
2023-01-19 23:00:00+00:00,2992349.86667034
2023-01-20 00:00:00+00:00,2992612.49027725
2023-01-20 01:00:00+00:00,2992584.28828754
2023-01-20 02:00:00+00:00,2992573.20709633
2023-01-20 03:00:00+00:00,2992565.67869458
2023-01-20 04:00:00+00:00,2993034.6257176
2023-01-20 05:00:00+00:00,2993193.1526542
2023-01-20 06:00:00+00:00,2994363.59384
2023-01-20 07:00:00+00:00,2993992.64249888
2023-01-20 08:00:00+00:00,2994000.60927017
2023-01-20 09:00:00+00:00,2994464.29032616
2023-01-20 10:00:00+00:00,2994690.27490887
2023-01-20 11:00:00+00:00,2995602.46053109
2023-01-20 12:00:00+00:00,2997115.45148724
2023-01-20 13:00:00+00:00,2994804.25618862
2023-01-20 14:00:00+00:00,2983138.20843321
2023-01-20 15:00:00+00:00,2986985.48183063
2023-01-20 16:00:00+00:00,2986647.95537584
2023-01-20 17:00:00+00:00,2987934.71696961
2023-01-20 18:00:00+00:00,2988548.13904426
2023-01-20 19:00:00+00:00,2988529.1378090302
2023-01-20 20:00:00+00:00,2983992.19415324
2023-01-20 21:00:00+00:00,2985883.47337252
2023-01-20 22:00:00+00:00,2975471.298827
2023-01-20 23:00:00+00:00,2975296.99644561
2023-01-21 00:00:00+00:00,2974514.46883647
2023-01-21 01:00:00+00:00,2974902.94088969
2023-01-21 02:00:00+00:00,2974549.2645119103
2023-01-21 03:00:00+00:00,2973924.50719524
2023-01-21 04:00:00+00:00,2973974.92458412
2023-01-21 05:00:00+00:00,2973508.04422208
2023-01-21 06:00:00+00:00,2973616.88668376
2023-01-21 07:00:00+00:00,2973634.35976722
2023-01-21 08:00:00+00:00,2972690.27629576
2023-01-21 09:00:00+00:00,2971842.30187611
2023-01-21 10:00:00+00:00,2970948.73773633
2023-01-21 11:00:00+00:00,2970934.74954215
2023-01-21 12:00:00+00:00,2970932.1954112803
2023-01-21 13:00:00+00:00,2970966.17438614
2023-01-21 14:00:00+00:00,2971180.18428895
2023-01-21 15:00:00+00:00,2971212.58896366
2023-01-21 16:00:00+00:00,2961450.3975692303
2023-01-21 17:00:00+00:00,2961613.2907300303
2023-01-21 18:00:00+00:00,2961367.58164645
2023-01-21 19:00:00+00:00,2961350.1972564
2023-01-21 20:00:00+00:00,2961391.16826475
2023-01-21 21:00:00+00:00,2961408.80046253
2023-01-21 22:00:00+00:00,2961389.74364493
2023-01-21 23:00:00+00:00,2961434.0871223803
2023-01-22 00:00:00+00:00,2960718.45803277
2023-01-22 01:00:00+00:00,2960079.86955976
2023-01-22 02:00:00+00:00,2960119.42483443
2023-01-22 03:00:00+00:00,2961256.04797026
2023-01-22 04:00:00+00:00,2960923.75005715
2023-01-22 05:00:00+00:00,2961123.5353301
2023-01-22 06:00:00+00:00,2961150.5923887
2023-01-22 07:00:00+00:00,2961365.34557221
2023-01-22 08:00:00+00:00,2961468.00578592
2023-01-22 09:00:00+00:00,2961915.77068559
2023-01-22 10:00:00+00:00,2959561.28941348
2023-01-22 11:00:00+00:00,2959561.4086622
2023-01-22 12:00:00+00:00,2959692.26923944
2023-01-22 13:00:00+00:00,2959774.00680759
2023-01-22 14:00:00+00:00,2959763.12830164
2023-01-22 15:00:00+00:00,2959814.73256349
2023-01-22 16:00:00+00:00,2959868.8217763603
2023-01-22 17:00:00+00:00,2959871.59179089
2023-01-22 18:00:00+00:00,2959936.86889983
2023-01-22 19:00:00+00:00,2959986.28934254
2023-01-22 20:00:00+00:00,2962092.60864868
2023-01-22 21:00:00+00:00,2962552.97958174
2023-01-22 22:00:00+00:00,2962613.38386282
2023-01-22 23:00:00+00:00,2962085.91591437
2023-01-23 00:00:00+00:00,2963982.57277832
2023-01-23 01:00:00+00:00,2963026.32988914
2023-01-23 02:00:00+00:00,2963084.7858793302
2023-01-23 03:00:00+00:00,2961641.53739201
2023-01-23 04:00:00+00:00,2961583.94732028
2023-01-23 05:00:00+00:00,2961717.06247439
2023-01-23 06:00:00+00:00,2960348.78617943
2023-01-23 07:00:00+00:00,2960950.57106823
2023-01-23 08:00:00+00:00,2961480.16037377
2023-01-23 09:00:00+00:00,2961590.60329356
2023-01-23 10:00:00+00:00,2961722.97022554
2023-01-23 11:00:00+00:00,2961687.85582877
2023-01-23 12:00:00+00:00,2961741.66806629
2023-01-23 13:00:00+00:00,2962083.04617532
2023-01-23 14:00:00+00:00,2962142.25142015
2023-01-23 15:00:00+00:00,2971949.14861599
2023-01-23 16:00:00+00:00,2962224.35569745
2023-01-23 17:00:00+00:00,2964326.88404031
2023-01-23 18:00:00+00:00,2962278.96371899
2023-01-23 19:00:00+00:00,2962242.39047236
2023-01-23 20:00:00+00:00,2961794.90305466
2023-01-23 21:00:00+00:00,2961872.43508826
2023-01-23 22:00:00+00:00,2975910.76565604
2023-01-23 23:00:00+00:00,2976681.59691388
2023-01-24 00:00:00+00:00,2976425.27879958
2023-01-24 01:00:00+00:00,2976455.00276783
2023-01-24 02:00:00+00:00,2976327.52991288
2023-01-24 03:00:00+00:00,2976109.97397453
2023-01-24 04:00:00+00:00,2974440.48756066
2023-01-24 05:00:00+00:00,2974491.32866083
2023-01-24 06:00:00+00:00,2974536.71977905
2023-01-24 07:00:00+00:00,2974557.58797471
2023-01-24 08:00:00+00:00,2975428.88196897
2023-01-24 09:00:00+00:00,2974683.95252166
2023-01-24 10:00:00+00:00,2973675.72157008
2023-01-24 11:00:00+00:00,2973995.1995285
2023-01-24 12:00:00+00:00,2974229.1634714003
2023-01-24 13:00:00+00:00,2984401.66845081
2023-01-24 14:00:00+00:00,2984490.67062549
2023-01-24 15:00:00+00:00,2983750.43587407
2023-01-24 16:00:00+00:00,2984893.96957605
2023-01-24 17:00:00+00:00,2984058.17227704
2023-01-24 18:00:00+00:00,2985548.2477069
2023-01-24 19:00:00+00:00,2986139.47176128
2023-01-24 20:00:00+00:00,2985070.5464474
2023-01-24 21:00:00+00:00,2985895.24366728
2023-01-24 22:00:00+00:00,2986850.15102494
2023-01-24 23:00:00+00:00,2987398.1384945
2023-01-25 00:00:00+00:00,2985495.5990865203
2023-01-25 01:00:00+00:00,2984887.56173119
2023-01-25 02:00:00+00:00,2985056.2763975
2023-01-25 03:00:00+00:00,2984921.6054296503
2023-01-25 04:00:00+00:00,2985102.71474456
2023-01-25 05:00:00+00:00,2986187.64174913
2023-01-25 06:00:00+00:00,2987235.89886709
2023-01-25 07:00:00+00:00,2987089.58613344
2023-01-25 08:00:00+00:00,2986273.07479899
2023-01-25 09:00:00+00:00,2986619.20696177
2023-01-25 10:00:00+00:00,2988010.72300805
2023-01-25 11:00:00+00:00,2987611.3788655503
2023-01-25 12:00:00+00:00,2987378.99389062
2023-01-25 13:00:00+00:00,2977444.9018011503
2023-01-25 14:00:00+00:00,2977299.7130482
2023-01-25 15:00:00+00:00,2977021.02154609
2023-01-25 16:00:00+00:00,2976072.09311142
2023-01-25 17:00:00+00:00,2977355.16667077
2023-01-25 18:00:00+00:00,2977237.89184122
2023-01-25 19:00:00+00:00,2977306.97938745
2023-01-25 20:00:00+00:00,2978936.69576368
2023-01-25 21:00:00+00:00,2979238.16596086
2023-01-25 22:00:00+00:00,2978320.40476948
2023-01-25 23:00:00+00:00,2978699.21362242
2023-01-26 00:00:00+00:00,2978732.85421
2023-01-26 01:00:00+00:00,2978498.03973449
2023-01-26 02:00:00+00:00,2966894.63555366
2023-01-26 03:00:00+00:00,2965766.58445532
2023-01-26 04:00:00+00:00,2966791.98993197
2023-01-26 05:00:00+00:00,2966422.67534169
2023-01-26 06:00:00+00:00,2966083.82908314
2023-01-26 07:00:00+00:00,2965063.97407772
2023-01-26 08:00:00+00:00,2965746.61038615
2023-01-26 09:00:00+00:00,2964750.77487821
2023-01-26 10:00:00+00:00,2964977.19173525
2023-01-26 11:00:00+00:00,2964979.21299175
2023-01-26 12:00:00+00:00,2966539.53217889
2023-01-26 13:00:00+00:00,2966537.2381037
2023-01-26 14:00:00+00:00,2967228.4048052803
2023-01-26 15:00:00+00:00,2967335.96280895
2023-01-26 16:00:00+00:00,2968479.80478044
2023-01-26 17:00:00+00:00,2967700.7768148403
2023-01-26 18:00:00+00:00,2956557.80647377
2023-01-26 19:00:00+00:00,2957676.1322863502
2023-01-26 20:00:00+00:00,2955111.22154637
2023-01-26 21:00:00+00:00,2956308.95529537
2023-01-26 22:00:00+00:00,2956770.00927306
2023-01-26 23:00:00+00:00,2956926.06438355
2023-01-27 00:00:00+00:00,2956922.68923529
2023-01-27 01:00:00+00:00,2957307.28316892
2023-01-27 02:00:00+00:00,2956724.02209237
2023-01-27 03:00:00+00:00,2955083.79571603
2023-01-27 04:00:00+00:00,2954923.90093774
2023-01-27 05:00:00+00:00,2954955.71345629
2023-01-27 06:00:00+00:00,2955210.58111748
2023-01-27 07:00:00+00:00,2953857.10375642
2023-01-27 08:00:00+00:00,2954567.91851678
2023-01-27 09:00:00+00:00,2955835.77780915
2023-01-27 10:00:00+00:00,2955807.6093345103
2023-01-27 11:00:00+00:00,2956613.34242558
2023-01-27 12:00:00+00:00,2956625.64488582
2023-01-27 13:00:00+00:00,2956143.06018881
2023-01-27 14:00:00+00:00,2956199.2387576
2023-01-27 15:00:00+00:00,2956230.6881948803
2023-01-27 16:00:00+00:00,2952773.71206008
2023-01-27 17:00:00+00:00,2952653.24494623
2023-01-27 18:00:00+00:00,2952642.8505086
2023-01-27 19:00:00+00:00,2952912.95864667
2023-01-27 20:00:00+00:00,2952497.30385783
2023-01-27 21:00:00+00:00,2953126.25115413
2023-01-27 22:00:00+00:00,2953171.56285518
2023-01-27 23:00:00+00:00,2952852.07119949
2023-01-28 00:00:00+00:00,2954001.605399
2023-01-28 01:00:00+00:00,2954227.21437814
2023-01-28 02:00:00+00:00,2954093.57416735
2023-01-28 03:00:00+00:00,2954158.8255665
2023-01-28 04:00:00+00:00,2953921.59845823
2023-01-28 05:00:00+00:00,2954272.63987043
2023-01-28 06:00:00+00:00,2954319.45373322
2023-01-28 07:00:00+00:00,2954720.48507438
2023-01-28 08:00:00+00:00,2954939.02307581
2023-01-28 09:00:00+00:00,2953876.99425055
2023-01-28 10:00:00+00:00,2953495.60407366
2023-01-28 11:00:00+00:00,2953633.92276061
2023-01-28 12:00:00+00:00,2953650.44784047
2023-01-28 13:00:00+00:00,2953786.2710989
2023-01-28 14:00:00+00:00,2953783.86771498
2023-01-28 15:00:00+00:00,2954159.46434947
2023-01-28 16:00:00+00:00,2954137.73976606
2023-01-28 17:00:00+00:00,2954175.28373308
2023-01-28 18:00:00+00:00,2954207.2941691503
2023-01-28 19:00:00+00:00,2954222.97258987
2023-01-28 20:00:00+00:00,2955293.2079271
2023-01-28 21:00:00+00:00,2954323.40468007
2023-01-28 22:00:00+00:00,2954446.32305155
2023-01-28 23:00:00+00:00,2954609.41030432
2023-01-29 00:00:00+00:00,2954387.19045852
2023-01-29 01:00:00+00:00,2955415.29128807
2023-01-29 02:00:00+00:00,2955430.1058357502
2023-01-29 03:00:00+00:00,2955186.54542072
2023-01-29 04:00:00+00:00,2955437.42186896
2023-01-29 05:00:00+00:00,2956611.6614385103
2023-01-29 06:00:00+00:00,2956634.86703537
2023-01-29 07:00:00+00:00,2956593.83744463
2023-01-29 08:00:00+00:00,2956722.9447002
2023-01-29 09:00:00+00:00,2955681.62273473
2023-01-29 10:00:00+00:00,2955695.32542662
2023-01-29 11:00:00+00:00,2955747.95070521
2023-01-29 12:00:00+00:00,2954841.03061312
2023-01-29 13:00:00+00:00,2954766.12950154
2023-01-29 14:00:00+00:00,2955959.63751313
2023-01-29 15:00:00+00:00,2956945.36090276
2023-01-29 16:00:00+00:00,2956981.30722972
2023-01-29 17:00:00+00:00,2956214.8670216003
2023-01-29 18:00:00+00:00,2956271.91265209
2023-01-29 19:00:00+00:00,2956223.8294732203
2023-01-29 20:00:00+00:00,2956293.88934521
2023-01-29 21:00:00+00:00,2956054.87274792
2023-01-29 22:00:00+00:00,2955978.66245575
2023-01-29 23:00:00+00:00,2957128.42821114
2023-01-30 00:00:00+00:00,2957142.31940716
2023-01-30 01:00:00+00:00,2957037.95489963
2023-01-30 02:00:00+00:00,2954303.59532186
2023-01-30 03:00:00+00:00,2954086.96663912
2023-01-30 04:00:00+00:00,2953826.80687549
2023-01-30 05:00:00+00:00,2954159.20671022
2023-01-30 06:00:00+00:00,2954490.00969403
2023-01-30 07:00:00+00:00,2954763.34007933
2023-01-30 08:00:00+00:00,2955866.00543161
2023-01-30 09:00:00+00:00,2955731.82472811
2023-01-30 10:00:00+00:00,2955894.5432781
2023-01-30 11:00:00+00:00,2955917.98727158
2023-01-30 12:00:00+00:00,2956053.4786639903
2023-01-30 13:00:00+00:00,2955887.05607673
2023-01-30 14:00:00+00:00,2956074.0375190303
2023-01-30 15:00:00+00:00,2956406.4392664703
2023-01-30 16:00:00+00:00,2956312.99993473
2023-01-30 17:00:00+00:00,2958790.80594031
2023-01-30 18:00:00+00:00,2954986.69363023
2023-01-30 19:00:00+00:00,2959226.11579883
2023-01-30 20:00:00+00:00,2958536.46968435
2023-01-30 21:00:00+00:00,2958081.66840168
2023-01-30 22:00:00+00:00,2957864.44675982
2023-01-30 23:00:00+00:00,2957853.02291961
2023-01-31 00:00:00+00:00,2965793.18580905
2023-01-31 01:00:00+00:00,2968107.18293533
2023-01-31 02:00:00+00:00,2966556.85061857
2023-01-31 03:00:00+00:00,2964828.80389304
2023-01-31 04:00:00+00:00,2964464.42923476
2023-01-31 05:00:00+00:00,2964517.46391943
2023-01-31 06:00:00+00:00,2964575.96277661
2023-01-31 07:00:00+00:00,2964701.55849466
2023-01-31 08:00:00+00:00,2964703.80783114
2023-01-31 09:00:00+00:00,2964041.8057458103
2023-01-31 10:00:00+00:00,2964438.7107173502
2023-01-31 11:00:00+00:00,2964521.05763727
2023-01-31 12:00:00+00:00,2964594.07640138
2023-01-31 13:00:00+00:00,2964533.82584276
2023-01-31 14:00:00+00:00,2964524.32654049
2023-01-31 15:00:00+00:00,2964603.5052322303
2023-01-31 16:00:00+00:00,2965845.29514191
2023-01-31 17:00:00+00:00,2964263.85497489
2023-01-31 18:00:00+00:00,2966118.46694216
2023-01-31 19:00:00+00:00,2967557.03558299
2023-01-31 20:00:00+00:00,2967554.36686668
2023-01-31 21:00:00+00:00,2966691.69263842
2023-01-31 22:00:00+00:00,2977144.74830894
2023-01-31 23:00:00+00:00,2975352.50405329
2023-02-01 00:00:00+00:00,2974315.77783444
2023-02-01 01:00:00+00:00,2974222.69143959
2023-02-01 02:00:00+00:00,2973931.43402353
2023-02-01 03:00:00+00:00,2973557.67878754
2023-02-01 04:00:00+00:00,2973580.94162637
2023-02-01 05:00:00+00:00,2973578.87032372
2023-02-01 06:00:00+00:00,2973575.13443185
2023-02-01 07:00:00+00:00,2973661.43089124
2023-02-01 08:00:00+00:00,2971406.1179388203
2023-02-01 09:00:00+00:00,2971011.26939946
2023-02-01 10:00:00+00:00,2971056.66511173
2023-02-01 11:00:00+00:00,2971146.28996696
2023-02-01 12:00:00+00:00,2971170.52857467
2023-02-01 13:00:00+00:00,2971164.56139303
2023-02-01 14:00:00+00:00,2973232.44694867
2023-02-01 15:00:00+00:00,2973013.10790367
2023-02-01 16:00:00+00:00,2973679.76782963
2023-02-01 17:00:00+00:00,2971602.09642065
2023-02-01 18:00:00+00:00,2973216.35389512
2023-02-01 19:00:00+00:00,2972586.53804569
2023-02-01 20:00:00+00:00,2972598.5476334603
2023-02-01 21:00:00+00:00,2973659.2643640903
2023-02-01 22:00:00+00:00,2974081.64762001
2023-02-01 23:00:00+00:00,2975245.9907594
2023-02-02 00:00:00+00:00,2976330.77057375
2023-02-02 01:00:00+00:00,2975489.46053331
2023-02-02 02:00:00+00:00,2977412.2467651
2023-02-02 03:00:00+00:00,2978037.37365593
2023-02-02 04:00:00+00:00,2977061.43799451
2023-02-02 05:00:00+00:00,2978584.65926088
2023-02-02 06:00:00+00:00,2979586.68042455
2023-02-02 07:00:00+00:00,2979760.36467329
2023-02-02 08:00:00+00:00,2979587.8239995
2023-02-02 09:00:00+00:00,2979779.97971317
2023-02-02 10:00:00+00:00,2979717.35211641
2023-02-02 11:00:00+00:00,2979865.61574354
2023-02-02 12:00:00+00:00,2979849.1150985
2023-02-02 13:00:00+00:00,2979717.44290284
2023-02-02 14:00:00+00:00,2979128.63046835
2023-02-02 15:00:00+00:00,2979031.97363773
2023-02-02 16:00:00+00:00,2980063.36699344
2023-02-02 17:00:00+00:00,2980800.34461289
2023-02-02 18:00:00+00:00,2982007.9795680903
2023-02-02 19:00:00+00:00,2982171.03124073
2023-02-02 20:00:00+00:00,2981606.7761919
2023-02-02 21:00:00+00:00,2984023.61774839
2023-02-02 22:00:00+00:00,2983995.63471245
2023-02-02 23:00:00+00:00,2984170.03577175
2023-02-03 00:00:00+00:00,2984685.34017882
2023-02-03 01:00:00+00:00,2982311.00591308
2023-02-03 02:00:00+00:00,2982161.18864827
2023-02-03 03:00:00+00:00,2982607.75913949
2023-02-03 04:00:00+00:00,2971627.05953553
2023-02-03 05:00:00+00:00,2971650.14801746
2023-02-03 06:00:00+00:00,2969054.04504755
2023-02-03 07:00:00+00:00,2970086.00553432
2023-02-03 08:00:00+00:00,2971568.7849946
2023-02-03 09:00:00+00:00,2970586.57797752
2023-02-03 10:00:00+00:00,2970730.91772588
2023-02-03 11:00:00+00:00,2970733.9029267803
2023-02-03 12:00:00+00:00,2970983.8552874
2023-02-03 13:00:00+00:00,2971057.72776918
2023-02-03 14:00:00+00:00,2971026.48864166
2023-02-03 15:00:00+00:00,2967820.94289511
2023-02-03 16:00:00+00:00,2968359.88366127
2023-02-03 17:00:00+00:00,2969060.04783682
2023-02-03 18:00:00+00:00,2968024.7598430603
2023-02-03 19:00:00+00:00,2968694.61124019
2023-02-03 20:00:00+00:00,2967371.45150854
2023-02-03 21:00:00+00:00,2968422.71612615
2023-02-03 22:00:00+00:00,2967982.4547229
2023-02-03 23:00:00+00:00,2967281.98439147
2023-02-04 00:00:00+00:00,2966897.0381447
2023-02-04 01:00:00+00:00,2967175.7446058
2023-02-04 02:00:00+00:00,2968422.13829304
2023-02-04 03:00:00+00:00,2968270.81604172
2023-02-04 04:00:00+00:00,2969294.0832179
2023-02-04 05:00:00+00:00,2969410.40575547
2023-02-04 06:00:00+00:00,2969429.11026473
2023-02-04 07:00:00+00:00,2969327.69329748
2023-02-04 08:00:00+00:00,2969333.5592850703
2023-02-04 09:00:00+00:00,2970381.91144993
2023-02-04 10:00:00+00:00,2969361.41368626
2023-02-04 11:00:00+00:00,2969500.33394522
2023-02-04 12:00:00+00:00,2969558.98148918
2023-02-04 13:00:00+00:00,2969706.3043704103
2023-02-04 14:00:00+00:00,2969775.40666372
2023-02-04 15:00:00+00:00,2969788.12114373
2023-02-04 16:00:00+00:00,2969754.45615814
2023-02-04 17:00:00+00:00,2970054.67578695
2023-02-04 18:00:00+00:00,2970054.91625647
2023-02-04 19:00:00+00:00,2970201.4009584
2023-02-04 20:00:00+00:00,2970347.95593868
2023-02-04 21:00:00+00:00,2970369.53314984
2023-02-04 22:00:00+00:00,2970384.7746686502
2023-02-04 23:00:00+00:00,2969400.64273416
2023-02-05 00:00:00+00:00,2967456.65704548
2023-02-05 01:00:00+00:00,2967489.37343952
2023-02-05 02:00:00+00:00,2967520.92435463
2023-02-05 03:00:00+00:00,2967507.26929456
2023-02-05 04:00:00+00:00,2967299.20946047
2023-02-05 05:00:00+00:00,2967265.75199913
2023-02-05 06:00:00+00:00,2967286.55019843
2023-02-05 07:00:00+00:00,2967392.71829267
2023-02-05 08:00:00+00:00,2967200.97545955
2023-02-05 09:00:00+00:00,2967264.62430825
2023-02-05 10:00:00+00:00,2967270.6900183503
2023-02-05 11:00:00+00:00,2967014.07198298
2023-02-05 12:00:00+00:00,2967037.40377022
2023-02-05 13:00:00+00:00,2967343.2562592803
2023-02-05 14:00:00+00:00,2967407.61162843
2023-02-05 15:00:00+00:00,2967535.6726443702
2023-02-05 16:00:00+00:00,2967628.00115808
2023-02-05 17:00:00+00:00,2968178.47719165
2023-02-05 18:00:00+00:00,2968490.01989879
2023-02-05 19:00:00+00:00,2968681.43208765
2023-02-05 20:00:00+00:00,2968671.3234059103
2023-02-05 21:00:00+00:00,2968590.6527384003
2023-02-05 22:00:00+00:00,2968693.474942
2023-02-05 23:00:00+00:00,2968432.6849976
2023-02-06 00:00:00+00:00,2968587.679244
2023-02-06 01:00:00+00:00,2968742.00831398
2023-02-06 02:00:00+00:00,2968509.4923381303
2023-02-06 03:00:00+00:00,2968693.3795462903
2023-02-06 04:00:00+00:00,2968027.25289538
2023-02-06 05:00:00+00:00,2969764.96885636
2023-02-06 06:00:00+00:00,2970879.5774955
2023-02-06 07:00:00+00:00,2971973.07983601
2023-02-06 08:00:00+00:00,2972662.53179649
2023-02-06 09:00:00+00:00,2971008.71257556
2023-02-06 10:00:00+00:00,2970834.60439015
2023-02-06 11:00:00+00:00,2970496.41921296
2023-02-06 12:00:00+00:00,2970588.74249158
2023-02-06 13:00:00+00:00,2971152.80155451
2023-02-06 14:00:00+00:00,2971497.55409073
2023-02-06 15:00:00+00:00,2971807.29595032
2023-02-06 16:00:00+00:00,2984388.04175663
2023-02-06 17:00:00+00:00,2984666.44248669
2023-02-06 18:00:00+00:00,2984593.69182102
2023-02-06 19:00:00+00:00,2984709.50046189
2023-02-06 20:00:00+00:00,2984956.82065534
2023-02-06 21:00:00+00:00,2984846.08058568
2023-02-06 22:00:00+00:00,2984892.1843645102
2023-02-06 23:00:00+00:00,2984996.8991047
2023-02-07 00:00:00+00:00,2985315.16016298
2023-02-07 01:00:00+00:00,2985661.1094276
2023-02-07 02:00:00+00:00,2983409.6306212703
2023-02-07 03:00:00+00:00,2983496.0960700302
2023-02-07 04:00:00+00:00,2983420.68218567
2023-02-07 05:00:00+00:00,2984404.73775377
2023-02-07 06:00:00+00:00,2984067.6468184902
2023-02-07 07:00:00+00:00,2984036.66720373
2023-02-07 08:00:00+00:00,2984130.5155713903
2023-02-07 09:00:00+00:00,2983094.13184981
2023-02-07 10:00:00+00:00,2982663.6318153
2023-02-07 11:00:00+00:00,2982629.71919854
2023-02-07 12:00:00+00:00,2982590.18672168
2023-02-07 13:00:00+00:00,2982672.46995694
2023-02-07 14:00:00+00:00,2983842.0504222503
2023-02-07 15:00:00+00:00,2984043.24937446
2023-02-07 16:00:00+00:00,2984005.97878141
2023-02-07 17:00:00+00:00,2973017.30008778
2023-02-07 18:00:00+00:00,2972354.17008865
2023-02-07 19:00:00+00:00,2972590.588281
2023-02-07 20:00:00+00:00,2971548.22534715
2023-02-07 21:00:00+00:00,2971392.95870979
2023-02-07 22:00:00+00:00,2971441.1270917
2023-02-07 23:00:00+00:00,2971416.95171714
2023-02-08 00:00:00+00:00,2970644.85302883
2023-02-08 01:00:00+00:00,2970642.30362208
2023-02-08 02:00:00+00:00,2968727.42000292
2023-02-08 03:00:00+00:00,2968035.49694876
2023-02-08 04:00:00+00:00,2968035.49694876
2023-02-08 05:00:00+00:00,2968492.02689882
2023-02-08 06:00:00+00:00,2969806.12980503
2023-02-08 07:00:00+00:00,2969638.73409084
2023-02-08 08:00:00+00:00,2970458.28715227
2023-02-08 09:00:00+00:00,2969756.72711621
2023-02-08 10:00:00+00:00,2969593.62094449
2023-02-08 11:00:00+00:00,2969493.96134065
2023-02-08 12:00:00+00:00,2969509.72681417
2023-02-08 13:00:00+00:00,2969438.82783857
2023-02-08 14:00:00+00:00,2967139.676725
2023-02-08 15:00:00+00:00,2967405.67004792
2023-02-08 16:00:00+00:00,2967656.03356234
2023-02-08 17:00:00+00:00,2966090.08011157
2023-02-08 18:00:00+00:00,2966882.76155907
2023-02-08 19:00:00+00:00,2966893.16940004
2023-02-08 20:00:00+00:00,2967220.10286729
2023-02-08 21:00:00+00:00,2967325.59609882
2023-02-08 22:00:00+00:00,2967389.53000051
2023-02-08 23:00:00+00:00,2967396.93961787
2023-02-09 00:00:00+00:00,2966136.8544047503
2023-02-09 01:00:00+00:00,2963449.70905037
2023-02-09 02:00:00+00:00,2961966.02447527
2023-02-09 03:00:00+00:00,2963363.3538064403
2023-02-09 04:00:00+00:00,2964037.23263632
2023-02-09 05:00:00+00:00,2964275.83414494
2023-02-09 06:00:00+00:00,2964558.7869767
2023-02-09 07:00:00+00:00,2964364.27925283
2023-02-09 08:00:00+00:00,2965047.23712402
2023-02-09 09:00:00+00:00,2964744.86214822
2023-02-09 10:00:00+00:00,2964733.66037796
2023-02-09 11:00:00+00:00,2982850.11911221
2023-02-09 12:00:00+00:00,2984359.90880816
2023-02-09 13:00:00+00:00,2984614.76284071
2023-02-09 14:00:00+00:00,2985343.90883458
2023-02-09 15:00:00+00:00,2985905.586327
2023-02-09 16:00:00+00:00,2986201.67085901
2023-02-09 17:00:00+00:00,2986148.10205775
2023-02-09 18:00:00+00:00,2986248.09629613
2023-02-09 19:00:00+00:00,2985568.40948789
2023-02-09 20:00:00+00:00,2986883.07553367
2023-02-09 21:00:00+00:00,2984650.5538402502
2023-02-09 22:00:00+00:00,2984558.8143885
2023-02-09 23:00:00+00:00,2984778.99927792
2023-02-10 00:00:00+00:00,2983829.37689277
2023-02-10 01:00:00+00:00,2981258.24394478
2023-02-10 02:00:00+00:00,2980566.95587429
2023-02-10 03:00:00+00:00,2968298.94560273
2023-02-10 04:00:00+00:00,2968695.39887997
2023-02-10 05:00:00+00:00,2970137.99881465
2023-02-10 06:00:00+00:00,2970142.83169871
2023-02-10 07:00:00+00:00,2970424.9166909503
2023-02-10 08:00:00+00:00,2971288.44158559
2023-02-10 09:00:00+00:00,2970345.46946626
2023-02-10 10:00:00+00:00,2968370.23449868
2023-02-10 11:00:00+00:00,2970879.14325376
2023-02-10 12:00:00+00:00,2971181.39252138
2023-02-10 13:00:00+00:00,2971216.63659187
2023-02-10 14:00:00+00:00,2970417.17328974
2023-02-10 15:00:00+00:00,2970782.5594046903
2023-02-10 16:00:00+00:00,2971871.82328659
2023-02-10 17:00:00+00:00,2981940.5898338603
2023-02-10 18:00:00+00:00,2984141.60684882
2023-02-10 19:00:00+00:00,2983582.10371825
2023-02-10 20:00:00+00:00,2980150.77258981
2023-02-10 21:00:00+00:00,2982362.7796309902
2023-02-10 22:00:00+00:00,2982508.5655361703
2023-02-10 23:00:00+00:00,2982651.37576808
2023-02-11 00:00:00+00:00,2984576.4835104
2023-02-11 01:00:00+00:00,2983609.06366552
2023-02-11 02:00:00+00:00,2983768.48646274
2023-02-11 03:00:00+00:00,2983560.60054025
2023-02-11 04:00:00+00:00,2983578.14562255
2023-02-11 05:00:00+00:00,2983934.63421222
2023-02-11 06:00:00+00:00,2984087.51366958
2023-02-11 07:00:00+00:00,2984138.00167877
2023-02-11 08:00:00+00:00,2983992.88313525
2023-02-11 09:00:00+00:00,2984242.26369561
2023-02-11 10:00:00+00:00,2984474.83173298
2023-02-11 11:00:00+00:00,2984397.84512549
2023-02-11 12:00:00+00:00,2984408.19563077
2023-02-11 13:00:00+00:00,2984207.49872213
2023-02-11 14:00:00+00:00,2984217.55671839
2023-02-11 15:00:00+00:00,2984218.53480188
2023-02-11 16:00:00+00:00,2983335.56872516
2023-02-11 17:00:00+00:00,2983478.37773848
2023-02-11 18:00:00+00:00,2984506.20713317
2023-02-11 19:00:00+00:00,2983523.8152452703
2023-02-11 20:00:00+00:00,2981570.52874318
2023-02-11 21:00:00+00:00,2981617.19925777
2023-02-11 22:00:00+00:00,2979375.76487501
2023-02-11 23:00:00+00:00,2979375.76487501
2023-02-12 00:00:00+00:00,2981920.17908034
2023-02-12 01:00:00+00:00,2981959.4432504103
2023-02-12 02:00:00+00:00,2981961.6892402703
2023-02-12 03:00:00+00:00,2981874.07159342
2023-02-12 04:00:00+00:00,2981625.89160919
2023-02-12 05:00:00+00:00,2981610.30176457
2023-02-12 06:00:00+00:00,2981556.59417769
2023-02-12 07:00:00+00:00,2981567.98044495
2023-02-12 08:00:00+00:00,2981576.89709821
2023-02-12 09:00:00+00:00,2980704.69438769
2023-02-12 10:00:00+00:00,2980714.5205287603
2023-02-12 11:00:00+00:00,2980709.39743901
2023-02-12 12:00:00+00:00,2980782.48284506
2023-02-12 13:00:00+00:00,2980790.9309758903
2023-02-12 14:00:00+00:00,2980292.18844763
2023-02-12 15:00:00+00:00,2980278.41921555
2023-02-12 16:00:00+00:00,2980289.49858305
2023-02-12 17:00:00+00:00,2981416.50687801
2023-02-12 18:00:00+00:00,2981429.49552275
2023-02-12 19:00:00+00:00,2981598.29003428
2023-02-12 20:00:00+00:00,2981625.56109437
2023-02-12 21:00:00+00:00,2982089.72654158
2023-02-12 22:00:00+00:00,2982252.99999688
2023-02-12 23:00:00+00:00,2982396.32755265
2023-02-13 00:00:00+00:00,2982719.2603447703
2023-02-13 01:00:00+00:00,2983633.19960154
2023-02-13 02:00:00+00:00,2982263.35419142
2023-02-13 03:00:00+00:00,2983036.00621315
2023-02-13 04:00:00+00:00,2982964.5547379903
2023-02-13 05:00:00+00:00,2982997.55928459
2023-02-13 06:00:00+00:00,2983025.98903002
2023-02-13 07:00:00+00:00,2984196.456735
2023-02-13 08:00:00+00:00,2985327.48050861
2023-02-13 09:00:00+00:00,2984248.25359841
2023-02-13 10:00:00+00:00,2983823.67365919
2023-02-13 11:00:00+00:00,2984683.53724602
2023-02-13 12:00:00+00:00,2984630.87218265
2023-02-13 13:00:00+00:00,2985545.19234465
2023-02-13 14:00:00+00:00,2986213.75758242
2023-02-13 15:00:00+00:00,2985925.62128825
2023-02-13 16:00:00+00:00,2986030.64424598
2023-02-13 17:00:00+00:00,2982285.39967978
2023-02-13 18:00:00+00:00,2986753.39337632
2023-02-13 19:00:00+00:00,2987755.26646257
2023-02-13 20:00:00+00:00,2986974.92498154
2023-02-13 21:00:00+00:00,2984624.09147951
2023-02-13 22:00:00+00:00,2984137.47610638
2023-02-13 23:00:00+00:00,2984698.58977836
2023-02-14 00:00:00+00:00,2985167.35946884
2023-02-14 01:00:00+00:00,2983527.54680951
2023-02-14 02:00:00+00:00,2985626.0072648
2023-02-14 03:00:00+00:00,2985657.2747963
2023-02-14 04:00:00+00:00,2985566.73843202
2023-02-14 05:00:00+00:00,2985008.8922972702
2023-02-14 06:00:00+00:00,2985086.46480189
2023-02-14 07:00:00+00:00,2984587.50214594
2023-02-14 08:00:00+00:00,2984192.3865238302
2023-02-14 09:00:00+00:00,2981920.40269999
2023-02-14 10:00:00+00:00,2982208.47908718
2023-02-14 11:00:00+00:00,2981815.10879466
2023-02-14 12:00:00+00:00,2981930.9354703203
2023-02-14 13:00:00+00:00,2982096.7122126003
2023-02-14 14:00:00+00:00,2982340.7655501403
2023-02-14 15:00:00+00:00,2982529.97536868
2023-02-14 16:00:00+00:00,2979990.72427173
2023-02-14 17:00:00+00:00,2980378.22030216
2023-02-14 18:00:00+00:00,2983394.75905847
2023-02-14 19:00:00+00:00,2982931.50671379
2023-02-14 20:00:00+00:00,2984307.8374238
2023-02-14 21:00:00+00:00,2984277.27147484
2023-02-14 22:00:00+00:00,2984348.30686401
2023-02-14 23:00:00+00:00,2981926.23492016
2023-02-15 00:00:00+00:00,2983227.57563582
2023-02-15 01:00:00+00:00,2981185.41533228
2023-02-15 02:00:00+00:00,2980765.21733951
2023-02-15 03:00:00+00:00,2982366.13110827
2023-02-15 04:00:00+00:00,2981749.95662974
2023-02-15 05:00:00+00:00,2982130.16492536
2023-02-15 06:00:00+00:00,2982176.11060488
2023-02-15 07:00:00+00:00,2982055.47970419
2023-02-15 08:00:00+00:00,2979339.58486013
2023-02-15 09:00:00+00:00,2978965.17485532
2023-02-15 10:00:00+00:00,2977357.92699499
2023-02-15 11:00:00+00:00,2977240.03913846
2023-02-15 12:00:00+00:00,2976538.45488961
2023-02-15 13:00:00+00:00,2977902.32001545
2023-02-15 14:00:00+00:00,2979125.17378151
2023-02-15 15:00:00+00:00,2979125.0591501
2023-02-15 16:00:00+00:00,2980482.8278552103
2023-02-15 17:00:00+00:00,2977134.82025424
2023-02-15 18:00:00+00:00,2980313.30822642
2023-02-15 19:00:00+00:00,2978865.1973124403
2023-02-15 20:00:00+00:00,2978057.36223726
2023-02-15 21:00:00+00:00,2978447.02096943
2023-02-15 22:00:00+00:00,2979843.4096082803
2023-02-15 23:00:00+00:00,2979698.78951966
2023-02-16 00:00:00+00:00,2979775.8010601
2023-02-16 01:00:00+00:00,2979337.51764494
2023-02-16 02:00:00+00:00,2976647.24767887
2023-02-16 03:00:00+00:00,2976267.77645771
2023-02-16 04:00:00+00:00,2976180.97465179
2023-02-16 05:00:00+00:00,2976917.29629724
2023-02-16 06:00:00+00:00,2977989.4008819503
2023-02-16 07:00:00+00:00,2979008.53113481
2023-02-16 08:00:00+00:00,2978787.77239589
2023-02-16 09:00:00+00:00,2976281.15841212
2023-02-16 10:00:00+00:00,2976381.7739624
2023-02-16 11:00:00+00:00,2976299.8667090703
2023-02-16 12:00:00+00:00,2976422.28519953
2023-02-16 13:00:00+00:00,2976486.94351621
2023-02-16 14:00:00+00:00,2977179.08549985
2023-02-16 15:00:00+00:00,2977600.92699745
2023-02-16 16:00:00+00:00,2978759.47701392
2023-02-16 17:00:00+00:00,2977789.93378364
2023-02-16 18:00:00+00:00,2980001.79003381
2023-02-16 19:00:00+00:00,2980263.50640272
2023-02-16 20:00:00+00:00,2981539.82449428
2023-02-16 21:00:00+00:00,2981747.32915274
2023-02-16 22:00:00+00:00,2980580.54464517
2023-02-16 23:00:00+00:00,2980292.92157327
2023-02-17 00:00:00+00:00,2980514.32896767
2023-02-17 01:00:00+00:00,2980122.81612759
2023-02-17 02:00:00+00:00,2977516.62277473
2023-02-17 03:00:00+00:00,2977506.69180965
2023-02-17 04:00:00+00:00,2977565.30994516
2023-02-17 05:00:00+00:00,2977502.30242679
2023-02-17 06:00:00+00:00,2977613.4350367403
2023-02-17 07:00:00+00:00,2978226.52468523
2023-02-17 08:00:00+00:00,2979246.85621137
2023-02-17 09:00:00+00:00,2978065.5398913003
2023-02-17 10:00:00+00:00,2979218.46310681
2023-02-17 11:00:00+00:00,2979271.7831896
2023-02-17 12:00:00+00:00,2979344.82015853
2023-02-17 13:00:00+00:00,2980921.92553831
2023-02-17 14:00:00+00:00,2981352.73206797
2023-02-17 15:00:00+00:00,2981147.569585
2023-02-17 16:00:00+00:00,2983301.5662482
2023-02-17 17:00:00+00:00,2981712.1868374
2023-02-17 18:00:00+00:00,2981757.8363938
2023-02-17 19:00:00+00:00,2981568.98419814
2023-02-17 20:00:00+00:00,2981840.59472183
2023-02-17 21:00:00+00:00,2982249.7163016
2023-02-17 22:00:00+00:00,2982395.69223346
2023-02-17 23:00:00+00:00,2982673.84887615
2023-02-18 00:00:00+00:00,2978866.81627997
2023-02-18 01:00:00+00:00,2978508.95158263
2023-02-18 02:00:00+00:00,2978131.94788476
2023-02-18 03:00:00+00:00,2978417.78958485
2023-02-18 04:00:00+00:00,2978586.32144369
2023-02-18 05:00:00+00:00,2978986.76615139
2023-02-18 06:00:00+00:00,2978718.3800168
2023-02-18 07:00:00+00:00,2978758.66769868
2023-02-18 08:00:00+00:00,2978756.25885872
2023-02-18 09:00:00+00:00,2977533.5119407
2023-02-18 10:00:00+00:00,2977579.65315415
2023-02-18 11:00:00+00:00,2977613.22722788
2023-02-18 12:00:00+00:00,2977614.8408148102
2023-02-18 13:00:00+00:00,2977647.69464655
2023-02-18 14:00:00+00:00,2977652.1573377
2023-02-18 15:00:00+00:00,2978573.9826304303
2023-02-18 16:00:00+00:00,2977103.26097869
2023-02-18 17:00:00+00:00,2977119.2593075
2023-02-18 18:00:00+00:00,2977141.03421637
2023-02-18 19:00:00+00:00,2977184.02024375
2023-02-18 20:00:00+00:00,2977300.10563821
2023-02-18 21:00:00+00:00,2979083.76417094
2023-02-18 22:00:00+00:00,2979101.44604235
2023-02-18 23:00:00+00:00,2979219.13111055
2023-02-19 00:00:00+00:00,2979390.95870104
2023-02-19 01:00:00+00:00,2979500.87258447
2023-02-19 02:00:00+00:00,2979566.13921536
2023-02-19 03:00:00+00:00,2979226.00538718
2023-02-19 04:00:00+00:00,2979363.36873003
2023-02-19 05:00:00+00:00,2979345.09699758
2023-02-19 06:00:00+00:00,2979434.31739687
2023-02-19 07:00:00+00:00,2979472.5287051
2023-02-19 08:00:00+00:00,2979393.19423783
2023-02-19 09:00:00+00:00,2978170.8197708502
2023-02-19 10:00:00+00:00,2978205.89086654
2023-02-19 11:00:00+00:00,2979211.91760703
2023-02-19 12:00:00+00:00,2979334.9428379303
2023-02-19 13:00:00+00:00,2979358.74532342
2023-02-19 14:00:00+00:00,2979426.48184467
2023-02-19 15:00:00+00:00,2979487.8767461
2023-02-19 16:00:00+00:00,2978793.23551369
2023-02-19 17:00:00+00:00,2978735.13525508
2023-02-19 18:00:00+00:00,2978937.3565942403
2023-02-19 19:00:00+00:00,2979038.64391453
2023-02-19 20:00:00+00:00,2979749.30255513
2023-02-19 21:00:00+00:00,2979811.8816435803
2023-02-19 22:00:00+00:00,2979832.43675414
2023-02-19 23:00:00+00:00,2979803.3732472803
2023-02-20 00:00:00+00:00,2979889.88876075
2023-02-20 01:00:00+00:00,2981116.62475547
2023-02-20 02:00:00+00:00,2978261.90416098
2023-02-20 03:00:00+00:00,2978155.98506368
2023-02-20 04:00:00+00:00,2978088.35669978
2023-02-20 05:00:00+00:00,2978103.6488468302
2023-02-20 06:00:00+00:00,2978267.22972361
2023-02-20 07:00:00+00:00,2978328.91648341
2023-02-20 08:00:00+00:00,2978006.10471268
2023-02-20 09:00:00+00:00,2976824.8131434303
2023-02-20 10:00:00+00:00,2976640.7986420803
2023-02-20 11:00:00+00:00,2976714.60543496
2023-02-20 12:00:00+00:00,2976659.06204727
2023-02-20 13:00:00+00:00,2977497.0515917703
2023-02-20 14:00:00+00:00,2976331.95685066
2023-02-20 15:00:00+00:00,2976609.53775023
2023-02-20 16:00:00+00:00,2973423.62587918
2023-02-20 17:00:00+00:00,2975075.42305216
2023-02-20 18:00:00+00:00,2975898.12597258
2023-02-20 19:00:00+00:00,2975951.99475816
2023-02-20 20:00:00+00:00,2975972.19746566
2023-02-20 21:00:00+00:00,2976170.84167211
2023-02-20 22:00:00+00:00,2976277.09833358
2023-02-20 23:00:00+00:00,2975654.01779503
2023-02-21 00:00:00+00:00,2975260.27438598
2023-02-21 01:00:00+00:00,2975394.3111006003
2023-02-21 02:00:00+00:00,2976820.27176154
2023-02-21 03:00:00+00:00,2976631.13160097
2023-02-21 04:00:00+00:00,2976672.5785245
2023-02-21 05:00:00+00:00,2976597.47299511
2023-02-21 06:00:00+00:00,2975843.55011687
2023-02-21 07:00:00+00:00,2977552.34966242
2023-02-21 08:00:00+00:00,2977518.37214403
2023-02-21 09:00:00+00:00,2976135.35096276
2023-02-21 10:00:00+00:00,2976273.82914745
2023-02-21 11:00:00+00:00,2976371.68830326
2023-02-21 12:00:00+00:00,2977582.08513388
2023-02-21 13:00:00+00:00,2978860.82993247
2023-02-21 14:00:00+00:00,2979871.7125521502
2023-02-21 15:00:00+00:00,2977017.8885208103
2023-02-21 16:00:00+00:00,2978091.6697107
2023-02-21 17:00:00+00:00,2978056.85251436
2023-02-21 18:00:00+00:00,2980395.4667608403
2023-02-21 19:00:00+00:00,2980441.61249092
2023-02-21 20:00:00+00:00,2979270.48883648
2023-02-21 21:00:00+00:00,2978915.6265004203
2023-02-21 22:00:00+00:00,2978910.9293127
2023-02-21 23:00:00+00:00,2978982.89120079
2023-02-22 00:00:00+00:00,2978528.70097836
2023-02-22 01:00:00+00:00,2976862.39851125
2023-02-22 02:00:00+00:00,2977389.70847254
2023-02-22 03:00:00+00:00,2977736.41351574
2023-02-22 04:00:00+00:00,2977018.1306904
2023-02-22 05:00:00+00:00,2977148.33914103
2023-02-22 06:00:00+00:00,2977196.03488567
2023-02-22 07:00:00+00:00,2977202.343312
2023-02-22 08:00:00+00:00,2976831.55852103
2023-02-22 09:00:00+00:00,2975982.09295932
2023-02-22 10:00:00+00:00,2975663.35975105
2023-02-22 11:00:00+00:00,2975656.33455136
2023-02-22 12:00:00+00:00,2975605.13658639
2023-02-22 13:00:00+00:00,2975496.22140997
2023-02-22 14:00:00+00:00,2974433.22785134
2023-02-22 15:00:00+00:00,2972989.58811697
2023-02-22 16:00:00+00:00,2971928.16857252
2023-02-22 17:00:00+00:00,2973554.8501020903
2023-02-22 18:00:00+00:00,2975457.32754692
2023-02-22 19:00:00+00:00,2975454.62122647
2023-02-22 20:00:00+00:00,2976545.69602701
2023-02-22 21:00:00+00:00,2974253.76405554
2023-02-22 22:00:00+00:00,2977400.71417944
2023-02-22 23:00:00+00:00,2979618.94160027
2023-02-23 00:00:00+00:00,2979030.83591769
2023-02-23 01:00:00+00:00,2978653.19631613
2023-02-23 02:00:00+00:00,2978981.91743476
2023-02-23 03:00:00+00:00,2974587.1903143
2023-02-23 04:00:00+00:00,2974694.5340574803
2023-02-23 05:00:00+00:00,2975005.2745546103
2023-02-23 06:00:00+00:00,2974962.9228024
2023-02-23 07:00:00+00:00,2974222.12192214
2023-02-23 08:00:00+00:00,2973605.60051458
2023-02-23 09:00:00+00:00,2972479.10927821
2023-02-23 10:00:00+00:00,2973461.57331718
2023-02-23 11:00:00+00:00,2973703.52724406
2023-02-23 12:00:00+00:00,2974024.9439168302
2023-02-23 13:00:00+00:00,2974184.03724127
2023-02-23 14:00:00+00:00,2974315.19383797
2023-02-23 15:00:00+00:00,2975397.68958485
2023-02-23 16:00:00+00:00,2973917.04753109
2023-02-23 17:00:00+00:00,2974153.82508636
2023-02-23 18:00:00+00:00,2972337.42107106
2023-02-23 19:00:00+00:00,2962331.06086086
2023-02-23 20:00:00+00:00,2963243.23029443
2023-02-23 21:00:00+00:00,2963300.71134832
2023-02-23 22:00:00+00:00,2963254.21463958
2023-02-23 23:00:00+00:00,2964048.7817424103
2023-02-24 00:00:00+00:00,2963110.22100553
2023-02-24 01:00:00+00:00,2963068.16804969
2023-02-24 02:00:00+00:00,2959381.4056839203
2023-02-24 03:00:00+00:00,2979843.5638677003
2023-02-24 04:00:00+00:00,2980043.97239945
2023-02-24 05:00:00+00:00,2978998.91941124
2023-02-24 06:00:00+00:00,2978964.14019834
2023-02-24 07:00:00+00:00,2979129.72330853
2023-02-24 08:00:00+00:00,2977613.86869693
2023-02-24 09:00:00+00:00,2976508.18306075
2023-02-24 10:00:00+00:00,2976476.93321064
2023-02-24 11:00:00+00:00,2976296.63968283
2023-02-24 12:00:00+00:00,2976297.179231
2023-02-24 13:00:00+00:00,2976011.40510994
2023-02-24 14:00:00+00:00,2974923.69743567
2023-02-24 15:00:00+00:00,2985763.04167539
2023-02-24 16:00:00+00:00,2984702.6972857
2023-02-24 17:00:00+00:00,2985388.2498367103
2023-02-24 18:00:00+00:00,2985588.82227979
2023-02-24 19:00:00+00:00,2986809.0926481
2023-02-24 20:00:00+00:00,2986192.05997023
2023-02-24 21:00:00+00:00,2986608.13771978
2023-02-24 22:00:00+00:00,2986842.08821327
2023-02-24 23:00:00+00:00,2987524.54008725
2023-02-25 00:00:00+00:00,2986488.55133626
2023-02-25 01:00:00+00:00,2987603.31937013
2023-02-25 02:00:00+00:00,2988000.32849841
2023-02-25 03:00:00+00:00,2987743.74572747
2023-02-25 04:00:00+00:00,2987760.40057524
2023-02-25 05:00:00+00:00,2988094.85260239
2023-02-25 06:00:00+00:00,2987963.2262529503
2023-02-25 07:00:00+00:00,2987985.47069934
2023-02-25 08:00:00+00:00,2988045.9962394102
2023-02-25 09:00:00+00:00,2986933.66765418
2023-02-25 10:00:00+00:00,2987030.92654981
2023-02-25 11:00:00+00:00,2987180.28603156
2023-02-25 12:00:00+00:00,2987223.67279251
2023-02-25 13:00:00+00:00,2986219.44654634
2023-02-25 14:00:00+00:00,2986450.74866252
2023-02-25 15:00:00+00:00,2986384.59550007
2023-02-25 16:00:00+00:00,2986353.7787428
2023-02-25 17:00:00+00:00,2986382.37960857
2023-02-25 18:00:00+00:00,2986392.45412144
2023-02-25 19:00:00+00:00,2986561.4978065803
2023-02-25 20:00:00+00:00,2986656.97936208
2023-02-25 21:00:00+00:00,2986995.95364606
2023-02-25 22:00:00+00:00,2986995.95364606
2023-02-25 23:00:00+00:00,2988675.87031529
2023-02-26 00:00:00+00:00,2988479.29189185
2023-02-26 01:00:00+00:00,2988949.3193019
2023-02-26 02:00:00+00:00,2988915.6215807
2023-02-26 03:00:00+00:00,2988609.40886399
2023-02-26 04:00:00+00:00,2988656.0982472203
2023-02-26 05:00:00+00:00,2988700.9527140902
2023-02-26 06:00:00+00:00,2988722.4396956903
2023-02-26 07:00:00+00:00,2988721.5210253
2023-02-26 08:00:00+00:00,2989862.8517616303
2023-02-26 09:00:00+00:00,2989829.04558682
2023-02-26 10:00:00+00:00,2989834.58623724
2023-02-26 11:00:00+00:00,2989831.22979223
2023-02-26 12:00:00+00:00,2988927.73960223
2023-02-26 13:00:00+00:00,2988987.63250416
2023-02-26 14:00:00+00:00,2989067.09616614
2023-02-26 15:00:00+00:00,2989128.63543324
2023-02-26 16:00:00+00:00,2989180.58059271
2023-02-26 17:00:00+00:00,2989317.94904467
2023-02-26 18:00:00+00:00,2989467.0072931503
2023-02-26 19:00:00+00:00,2989494.57482094
2023-02-26 20:00:00+00:00,2989467.43566358
2023-02-26 21:00:00+00:00,2990513.8108083103
2023-02-26 22:00:00+00:00,2991071.82422948
2023-02-26 23:00:00+00:00,2991102.56709459
2023-02-27 00:00:00+00:00,2991300.66261475
2023-02-27 01:00:00+00:00,2989418.07950348
2023-02-27 02:00:00+00:00,2989790.10592992
2023-02-27 03:00:00+00:00,2989607.58800516
2023-02-27 04:00:00+00:00,2989519.93418243
2023-02-27 05:00:00+00:00,2989667.9402981503
2023-02-27 06:00:00+00:00,2990748.62839175
2023-02-27 07:00:00+00:00,2990808.14014226
2023-02-27 08:00:00+00:00,2990747.19605846
2023-02-27 09:00:00+00:00,2989719.94068872
2023-02-27 10:00:00+00:00,2988901.6512960303
2023-02-27 11:00:00+00:00,2988969.55896455
2023-02-27 12:00:00+00:00,2988988.87979918
2023-02-27 13:00:00+00:00,2988973.38638331
2023-02-27 14:00:00+00:00,2990634.60261134
2023-02-27 15:00:00+00:00,2991676.39323886
2023-02-27 16:00:00+00:00,2988321.6985338
2023-02-27 17:00:00+00:00,2987571.1922767702
2023-02-27 18:00:00+00:00,2987907.09086983
2023-02-27 19:00:00+00:00,2986809.7464335603
2023-02-27 20:00:00+00:00,2986415.60444852
2023-02-27 21:00:00+00:00,2987130.39753555
2023-02-27 22:00:00+00:00,2987292.99160791
2023-02-27 23:00:00+00:00,2988714.84446085
2023-02-28 00:00:00+00:00,2986536.46721897
2023-02-28 01:00:00+00:00,2975351.79814634
2023-02-28 02:00:00+00:00,2972496.19767399
2023-02-28 03:00:00+00:00,2972400.56859892
2023-02-28 04:00:00+00:00,2972070.9405069603
2023-02-28 05:00:00+00:00,2972885.85138311
2023-02-28 06:00:00+00:00,2973088.46536378
2023-02-28 07:00:00+00:00,2973243.68028251
2023-02-28 08:00:00+00:00,2973144.30585711
2023-02-28 09:00:00+00:00,2973073.01908015
2023-02-28 10:00:00+00:00,2973083.55769988
2023-02-28 11:00:00+00:00,2972965.5453911303
2023-02-28 12:00:00+00:00,2972988.10874867
2023-02-28 13:00:00+00:00,2973358.79354267
2023-02-28 14:00:00+00:00,2973310.3868845003
2023-02-28 15:00:00+00:00,2972964.72582618
2023-02-28 16:00:00+00:00,2973580.1858357103
2023-02-28 17:00:00+00:00,2973666.8111528503
2023-02-28 18:00:00+00:00,2973612.47445388
2023-02-28 19:00:00+00:00,2973847.06164215
2023-02-28 20:00:00+00:00,2973863.32656137
2023-02-28 21:00:00+00:00,2974883.01533087
2023-02-28 22:00:00+00:00,2982950.17604614
2023-02-28 23:00:00+00:00,2975964.03649007
2023-03-01 00:00:00+00:00,2975638.6611241302
2023-03-01 01:00:00+00:00,2976045.54940231
2023-03-01 02:00:00+00:00,2975401.66631468
2023-03-01 03:00:00+00:00,2973615.31972438
2023-03-01 04:00:00+00:00,2972510.3204273
2023-03-01 05:00:00+00:00,2971969.18422778
2023-03-01 06:00:00+00:00,2971839.18899937
2023-03-01 07:00:00+00:00,2971963.46087625
2023-03-01 08:00:00+00:00,2972055.23945981
2023-03-01 09:00:00+00:00,2969674.08922963
2023-03-01 10:00:00+00:00,2971522.93261217
2023-03-01 11:00:00+00:00,2971534.29356775
2023-03-01 12:00:00+00:00,2970272.86499719
2023-03-01 13:00:00+00:00,2970535.99223531
2023-03-01 14:00:00+00:00,2969902.04133678
2023-03-01 15:00:00+00:00,2969480.81134362
2023-03-01 16:00:00+00:00,2968876.66481546
2023-03-01 17:00:00+00:00,2969170.2153651
2023-03-01 18:00:00+00:00,2974206.59913009
2023-03-01 19:00:00+00:00,2977171.90470085
2023-03-01 20:00:00+00:00,2977262.44409634
2023-03-01 21:00:00+00:00,2976222.4750493
2023-03-01 22:00:00+00:00,2976243.19399766
2023-03-01 23:00:00+00:00,2975291.26440965
2023-03-02 00:00:00+00:00,2975186.57827747
2023-03-02 01:00:00+00:00,2973639.69753313
2023-03-02 02:00:00+00:00,2973711.3626400903
2023-03-02 03:00:00+00:00,2973632.93949034
2023-03-02 04:00:00+00:00,2972423.9642848303
2023-03-02 05:00:00+00:00,2973074.51880857
2023-03-02 06:00:00+00:00,2974346.37549068
2023-03-02 07:00:00+00:00,2974404.62780393
2023-03-02 08:00:00+00:00,2975626.12814747
2023-03-02 09:00:00+00:00,2974631.62579908
2023-03-02 10:00:00+00:00,2974399.28566373
2023-03-02 11:00:00+00:00,2973426.1095248503
2023-03-02 12:00:00+00:00,2973548.16148165
2023-03-02 13:00:00+00:00,2971567.01786606
2023-03-02 14:00:00+00:00,2971642.05598293
2023-03-02 15:00:00+00:00,2971748.89893497
2023-03-02 16:00:00+00:00,2969764.9219795302
2023-03-02 17:00:00+00:00,2969689.54678042
2023-03-02 18:00:00+00:00,2969652.75729437
2023-03-02 19:00:00+00:00,2969736.57629412
2023-03-02 20:00:00+00:00,2969770.34026212
2023-03-02 21:00:00+00:00,2970105.2977087903
2023-03-02 22:00:00+00:00,2970373.57623891
2023-03-02 23:00:00+00:00,2970550.39269574
2023-03-03 00:00:00+00:00,2970530.73136763
2023-03-03 01:00:00+00:00,2971320.51557073
2023-03-03 02:00:00+00:00,2972272.4929253003
2023-03-03 03:00:00+00:00,2969726.33674885
2023-03-03 04:00:00+00:00,2969699.57628297
2023-03-03 05:00:00+00:00,2970092.49217119
2023-03-03 06:00:00+00:00,2970175.06280155
2023-03-03 07:00:00+00:00,2969156.99761567
2023-03-03 08:00:00+00:00,2968947.8479847
2023-03-03 09:00:00+00:00,2969413.08616072
2023-03-03 10:00:00+00:00,2969202.26512395
2023-03-03 11:00:00+00:00,2969150.04648318
2023-03-03 12:00:00+00:00,2968403.4231065502
2023-03-03 13:00:00+00:00,2969465.91635838
2023-03-03 14:00:00+00:00,2969467.6420072103
2023-03-03 15:00:00+00:00,2970491.27309845
2023-03-03 16:00:00+00:00,2969532.91978527
2023-03-03 17:00:00+00:00,2969699.22835824
2023-03-03 18:00:00+00:00,2963491.02436676
2023-03-03 19:00:00+00:00,2973475.9993393603
2023-03-03 20:00:00+00:00,2968570.85485349
2023-03-03 21:00:00+00:00,2973071.19449812
2023-03-03 22:00:00+00:00,2974593.36355033
2023-03-03 23:00:00+00:00,2975307.05092001
2023-03-04 00:00:00+00:00,2975892.9485420003
2023-03-04 01:00:00+00:00,2975699.25607044
2023-03-04 02:00:00+00:00,2974559.60966438
2023-03-04 03:00:00+00:00,2974572.1304766
2023-03-04 04:00:00+00:00,2974558.8181532403
2023-03-04 05:00:00+00:00,2974692.69192752
2023-03-04 06:00:00+00:00,2974716.06492664
2023-03-04 07:00:00+00:00,2974760.58384081
2023-03-04 08:00:00+00:00,2974887.2345549
2023-03-04 09:00:00+00:00,2973722.35965485
2023-03-04 10:00:00+00:00,2974060.32791417
2023-03-04 11:00:00+00:00,2974059.02082196
2023-03-04 12:00:00+00:00,2973071.95839529
2023-03-04 13:00:00+00:00,2973196.93296766
2023-03-04 14:00:00+00:00,2973203.75007771
2023-03-04 15:00:00+00:00,2974313.64822418
2023-03-04 16:00:00+00:00,2975482.42527417
2023-03-04 17:00:00+00:00,2975409.94773929
2023-03-04 18:00:00+00:00,2975394.23193414
2023-03-04 19:00:00+00:00,2974322.67811026
2023-03-04 20:00:00+00:00,2974352.18013653
2023-03-04 21:00:00+00:00,2974230.50465044
2023-03-04 22:00:00+00:00,2973529.86548951
2023-03-04 23:00:00+00:00,2974556.59542795
2023-03-05 00:00:00+00:00,2974529.47746349
2023-03-05 01:00:00+00:00,2972981.67909577
2023-03-05 02:00:00+00:00,2973020.5327738803
2023-03-05 03:00:00+00:00,2973133.1816658
2023-03-05 04:00:00+00:00,2973226.46493773
2023-03-05 05:00:00+00:00,2972861.22923813
2023-03-05 06:00:00+00:00,2972799.77471834
2023-03-05 07:00:00+00:00,2972987.76842081
2023-03-05 08:00:00+00:00,2972871.01124855
2023-03-05 09:00:00+00:00,2971982.54295551
2023-03-05 10:00:00+00:00,2972161.76528273
2023-03-05 11:00:00+00:00,2972172.8923828
2023-03-05 12:00:00+00:00,2972282.0368272
2023-03-05 13:00:00+00:00,2972234.08255796
2023-03-05 14:00:00+00:00,2972240.35874966
2023-03-05 15:00:00+00:00,2977505.75214261
2023-03-05 16:00:00+00:00,2978041.17804243
2023-03-05 17:00:00+00:00,2978992.70483815
2023-03-05 18:00:00+00:00,2989546.00225614
2023-03-05 19:00:00+00:00,2989593.79785416
2023-03-05 20:00:00+00:00,2990303.23690135
2023-03-05 21:00:00+00:00,2990271.12387552
2023-03-05 22:00:00+00:00,2990360.60569348
2023-03-05 23:00:00+00:00,2990653.1069864403
2023-03-06 00:00:00+00:00,2990457.7241005
2023-03-06 01:00:00+00:00,2990000.46410103
2023-03-06 02:00:00+00:00,2990187.7493245
2023-03-06 03:00:00+00:00,2990332.5253369203
2023-03-06 04:00:00+00:00,2990175.19622399
2023-03-06 05:00:00+00:00,2990206.0201707003
2023-03-06 06:00:00+00:00,2990096.6146949
2023-03-06 07:00:00+00:00,2990208.03707577
2023-03-06 08:00:00+00:00,2990426.85372494
2023-03-06 09:00:00+00:00,2989344.50509797
2023-03-06 10:00:00+00:00,2989242.13951533
2023-03-06 11:00:00+00:00,2987991.39825764
2023-03-06 12:00:00+00:00,2988087.53718432
2023-03-06 13:00:00+00:00,2987828.20307055
2023-03-06 14:00:00+00:00,2988442.06067
2023-03-06 15:00:00+00:00,2988306.0235666903
2023-03-06 16:00:00+00:00,2988076.4819580102
2023-03-06 17:00:00+00:00,2988535.83839431
2023-03-06 18:00:00+00:00,2988422.27913415
2023-03-06 19:00:00+00:00,2988609.03976813
2023-03-06 20:00:00+00:00,2989424.12765277
2023-03-06 21:00:00+00:00,2990615.07451772
2023-03-06 22:00:00+00:00,2992146.6846795003
2023-03-06 23:00:00+00:00,2992968.84287229
2023-03-07 00:00:00+00:00,2992798.50365216
2023-03-07 01:00:00+00:00,2993437.8350437903
2023-03-07 02:00:00+00:00,2991353.72856528
2023-03-07 03:00:00+00:00,2991304.62992354
2023-03-07 04:00:00+00:00,2991344.90233185
2023-03-07 05:00:00+00:00,2991111.54863983
2023-03-07 06:00:00+00:00,2991118.0357925403
2023-03-07 07:00:00+00:00,2988423.0228088303
2023-03-07 08:00:00+00:00,2987912.05355663
2023-03-07 09:00:00+00:00,2986439.38884657
2023-03-07 10:00:00+00:00,2986118.73687767
2023-03-07 11:00:00+00:00,2985656.39870182
2023-03-07 12:00:00+00:00,2985794.4541292
2023-03-07 13:00:00+00:00,2985885.75427255
2023-03-07 14:00:00+00:00,2985845.68132119
2023-03-07 15:00:00+00:00,2989297.34836019
2023-03-07 16:00:00+00:00,2989600.25819472
2023-03-07 17:00:00+00:00,2991741.44682233
2023-03-07 18:00:00+00:00,3001309.87179075
2023-03-07 19:00:00+00:00,3000372.35995049
2023-03-07 20:00:00+00:00,2999051.72889148
2023-03-07 21:00:00+00:00,2998869.66153898
2023-03-07 22:00:00+00:00,2998104.26937278
2023-03-07 23:00:00+00:00,3000225.42234525
2023-03-08 00:00:00+00:00,2998333.82762446
2023-03-08 01:00:00+00:00,3001289.29151899
2023-03-08 02:00:00+00:00,3003727.25939174
2023-03-08 03:00:00+00:00,3008691.32123777
2023-03-08 04:00:00+00:00,3015871.24175097
2023-03-08 05:00:00+00:00,3016193.97704625
2023-03-08 06:00:00+00:00,3016315.30369747
2023-03-08 07:00:00+00:00,3017275.2316784803
2023-03-08 08:00:00+00:00,3017415.8878160003
2023-03-08 09:00:00+00:00,3016373.6130813803
2023-03-08 10:00:00+00:00,3016141.31920182
2023-03-08 11:00:00+00:00,3016195.73261817
2023-03-08 12:00:00+00:00,3016306.00162225
2023-03-08 13:00:00+00:00,3006967.71795938
2023-03-08 14:00:00+00:00,3017742.93871363
2023-03-08 15:00:00+00:00,3017684.49685513
2023-03-08 16:00:00+00:00,3003578.73334441
2023-03-08 17:00:00+00:00,2997226.3903281
2023-03-08 18:00:00+00:00,2997226.3903281
2023-03-08 19:00:00+00:00,2988309.70033451
2023-03-08 20:00:00+00:00,2988910.74286913
2023-03-08 21:00:00+00:00,2988828.27552887
2023-03-08 22:00:00+00:00,2979669.62502196
2023-03-08 23:00:00+00:00,2979416.14857412
2023-03-09 00:00:00+00:00,2977928.64968395
2023-03-09 01:00:00+00:00,2976744.9741646303
2023-03-09 02:00:00+00:00,2976867.80434085
2023-03-09 03:00:00+00:00,2977784.42842909
2023-03-09 04:00:00+00:00,2977796.68407699
2023-03-09 05:00:00+00:00,2977848.63279626
2023-03-09 06:00:00+00:00,2977617.31391561
2023-03-09 07:00:00+00:00,2977868.78697201
2023-03-09 08:00:00+00:00,2978006.2062861603
2023-03-09 09:00:00+00:00,2975578.3349481
2023-03-09 10:00:00+00:00,2976143.82098317
2023-03-09 11:00:00+00:00,2974117.08565408
2023-03-09 12:00:00+00:00,2976672.68517576
2023-03-09 13:00:00+00:00,2975731.13149586
2023-03-09 14:00:00+00:00,2975780.79675199
2023-03-09 15:00:00+00:00,2975722.1223278
2023-03-09 16:00:00+00:00,2976522.40033091
2023-03-09 17:00:00+00:00,2975150.99996474
2023-03-09 18:00:00+00:00,2976349.9480192
2023-03-09 19:00:00+00:00,2977018.84822229
2023-03-09 20:00:00+00:00,2977000.69554849
2023-03-09 21:00:00+00:00,2975960.12422956
2023-03-09 22:00:00+00:00,2965674.64083879
2023-03-09 23:00:00+00:00,2977919.1324671702
2023-03-10 00:00:00+00:00,2979440.4738168
2023-03-10 01:00:00+00:00,2979140.62930335
2023-03-10 02:00:00+00:00,2979613.06303331
2023-03-10 03:00:00+00:00,2979972.6773168
2023-03-10 04:00:00+00:00,2978983.9383657603
2023-03-10 05:00:00+00:00,2979054.90946179
2023-03-10 06:00:00+00:00,2969176.19227662
2023-03-10 07:00:00+00:00,2969113.48201423
2023-03-10 08:00:00+00:00,2972787.08793096
2023-03-10 09:00:00+00:00,2972673.61611383
2023-03-10 10:00:00+00:00,2973134.093523
2023-03-10 11:00:00+00:00,2963082.3242208
2023-03-10 12:00:00+00:00,2962277.81147248
2023-03-10 13:00:00+00:00,2974116.17014832
2023-03-10 14:00:00+00:00,2974209.40805935
2023-03-10 15:00:00+00:00,2975215.69922325
2023-03-10 16:00:00+00:00,2973273.85686335
2023-03-10 17:00:00+00:00,2974132.16330323
2023-03-10 18:00:00+00:00,2974022.19726608
2023-03-10 19:00:00+00:00,2974257.2248108
2023-03-10 20:00:00+00:00,2974739.9344791
2023-03-10 21:00:00+00:00,2973928.78912663
2023-03-10 22:00:00+00:00,2973278.7813950903
2023-03-10 23:00:00+00:00,2976940.1809278
2023-03-11 00:00:00+00:00,2977082.8637158303
2023-03-11 01:00:00+00:00,2977023.9996328303
2023-03-11 02:00:00+00:00,2977064.85645052
2023-03-11 03:00:00+00:00,2976930.97935001
2023-03-11 04:00:00+00:00,2977194.95154439
2023-03-11 05:00:00+00:00,2976351.25251629
2023-03-11 06:00:00+00:00,2977719.1867855103
2023-03-11 07:00:00+00:00,2976258.34229878
2023-03-11 08:00:00+00:00,2975968.9752464
2023-03-11 09:00:00+00:00,2974201.67110608
2023-03-11 10:00:00+00:00,2976169.39649054
2023-03-11 11:00:00+00:00,2971585.06241723
2023-03-11 12:00:00+00:00,2971773.45060251
2023-03-11 13:00:00+00:00,2972028.00372181
2023-03-11 14:00:00+00:00,2973616.31822306
2023-03-11 15:00:00+00:00,2973445.0387655
2023-03-11 16:00:00+00:00,2974498.61247971
2023-03-11 17:00:00+00:00,2973842.83736668
2023-03-11 18:00:00+00:00,2974495.02223192
2023-03-11 19:00:00+00:00,2973752.49941375
2023-03-11 20:00:00+00:00,2971623.34593777
2023-03-11 21:00:00+00:00,2976516.83226432
2023-03-11 22:00:00+00:00,2976370.72953989
2023-03-11 23:00:00+00:00,2976128.63718528
2023-03-12 00:00:00+00:00,2974495.87500569
2023-03-12 01:00:00+00:00,2974632.87908558
2023-03-12 02:00:00+00:00,2971650.86597435
2023-03-12 03:00:00+00:00,2970987.39686855
2023-03-12 04:00:00+00:00,2972371.77598624
2023-03-12 05:00:00+00:00,2972414.94066001
2023-03-12 06:00:00+00:00,2971550.60296481
2023-03-12 07:00:00+00:00,2971527.48885614
2023-03-12 08:00:00+00:00,2971536.74487607
2023-03-12 09:00:00+00:00,2970302.06847673
2023-03-12 10:00:00+00:00,2970385.52603874
2023-03-12 11:00:00+00:00,2970487.46804052
2023-03-12 12:00:00+00:00,2969739.94045293
2023-03-12 13:00:00+00:00,2969431.98214649
2023-03-12 14:00:00+00:00,2970109.8491536
2023-03-12 15:00:00+00:00,2970099.37418453
2023-03-12 16:00:00+00:00,2966713.5728695
2023-03-12 17:00:00+00:00,2968101.06079162
2023-03-12 18:00:00+00:00,2968133.67401839
2023-03-12 19:00:00+00:00,2968336.04170025
2023-03-12 20:00:00+00:00,2968520.4111901
2023-03-12 21:00:00+00:00,2969098.67462154
2023-03-12 22:00:00+00:00,2969067.3366703
2023-03-12 23:00:00+00:00,2969087.39754228
2023-03-13 00:00:00+00:00,2968938.14720525
2023-03-13 01:00:00+00:00,2968660.47634778
2023-03-13 02:00:00+00:00,2967949.57193246
2023-03-13 03:00:00+00:00,2967130.61144046
2023-03-13 04:00:00+00:00,2967687.96389521
2023-03-13 05:00:00+00:00,2968099.3709984203
2023-03-13 06:00:00+00:00,2968075.6672126
2023-03-13 07:00:00+00:00,2965913.05546906
2023-03-13 08:00:00+00:00,2964912.32326774
2023-03-13 09:00:00+00:00,2973018.84766057
2023-03-13 10:00:00+00:00,2974123.57709772
2023-03-13 11:00:00+00:00,2974440.31359903
2023-03-13 12:00:00+00:00,2973867.13307985
2023-03-13 13:00:00+00:00,2970204.18337789
2023-03-13 14:00:00+00:00,2970129.02401541
2023-03-13 15:00:00+00:00,2966762.86694259
2023-03-13 16:00:00+00:00,2966279.96426946
2023-03-13 17:00:00+00:00,2967446.55104327
2023-03-13 18:00:00+00:00,2969787.80405821
2023-03-13 19:00:00+00:00,2964239.77583359
2023-03-13 20:00:00+00:00,2963222.74269578
2023-03-13 21:00:00+00:00,2964342.67216704
2023-03-13 22:00:00+00:00,2966496.07718586
2023-03-13 23:00:00+00:00,2968105.38623086
2023-03-14 00:00:00+00:00,2968270.0243124203
2023-03-14 01:00:00+00:00,2967213.80897244
2023-03-14 02:00:00+00:00,2965184.56963707
2023-03-14 03:00:00+00:00,2965047.89176494
2023-03-14 04:00:00+00:00,2964686.08846112
2023-03-14 05:00:00+00:00,2964893.24970414
2023-03-14 06:00:00+00:00,2975386.154827
2023-03-14 07:00:00+00:00,2970908.08445383
2023-03-14 08:00:00+00:00,2960119.45325613
2023-03-14 09:00:00+00:00,2959034.78040211
2023-03-14 10:00:00+00:00,2959507.9603519603
2023-03-14 11:00:00+00:00,2958325.1857665502
2023-03-14 12:00:00+00:00,2961565.37965348
2023-03-14 13:00:00+00:00,2968283.60546752
2023-03-14 14:00:00+00:00,2965574.59020029
2023-03-14 15:00:00+00:00,2966329.91796412
2023-03-14 16:00:00+00:00,2965520.87582424
2023-03-14 17:00:00+00:00,2967820.01435786
2023-03-14 18:00:00+00:00,2965178.4534408
2023-03-14 19:00:00+00:00,2968685.16865494
2023-03-14 20:00:00+00:00,2971055.49024813
2023-03-14 21:00:00+00:00,2970061.57414274
2023-03-14 22:00:00+00:00,2973373.47151537
2023-03-14 23:00:00+00:00,2973940.13741151
2023-03-15 00:00:00+00:00,2973071.12293964
2023-03-15 01:00:00+00:00,2973079.8344834503
2023-03-15 02:00:00+00:00,2973046.77468616
2023-03-15 03:00:00+00:00,2970529.21475908
2023-03-15 04:00:00+00:00,2970567.79171638
2023-03-15 05:00:00+00:00,2968380.46693995
2023-03-15 06:00:00+00:00,2972045.09416401
2023-03-15 07:00:00+00:00,2972035.72817982
2023-03-15 08:00:00+00:00,2971069.81331542
2023-03-15 09:00:00+00:00,2970282.60687449
2023-03-15 10:00:00+00:00,2970404.7290523
2023-03-15 11:00:00+00:00,2970340.39301829
2023-03-15 12:00:00+00:00,2969771.8081709603
2023-03-15 13:00:00+00:00,2970838.45314989
2023-03-15 14:00:00+00:00,2970985.41194177
2023-03-15 15:00:00+00:00,2972216.91601157
2023-03-15 16:00:00+00:00,2976856.44956086
2023-03-15 17:00:00+00:00,2976183.032521
2023-03-15 18:00:00+00:00,2978426.61759958
2023-03-15 19:00:00+00:00,2978464.5829049502
2023-03-15 20:00:00+00:00,2976555.60940977
2023-03-15 21:00:00+00:00,2975489.21657624
2023-03-15 22:00:00+00:00,2975070.68948352
2023-03-15 23:00:00+00:00,2976198.13163199
2023-03-16 00:00:00+00:00,2975239.40283352
2023-03-16 01:00:00+00:00,2976094.10015673
2023-03-16 02:00:00+00:00,2976106.20468095
2023-03-16 03:00:00+00:00,2976563.44926872
2023-03-16 04:00:00+00:00,2976512.3206763
2023-03-16 05:00:00+00:00,2973928.67201715
2023-03-16 06:00:00+00:00,2974540.98778292
2023-03-16 07:00:00+00:00,2973405.1486823503
2023-03-16 08:00:00+00:00,2973634.42578559
2023-03-16 09:00:00+00:00,2972386.7076013
2023-03-16 10:00:00+00:00,2972361.47741587
2023-03-16 11:00:00+00:00,2974738.4042349
2023-03-16 12:00:00+00:00,2975740.6201813403
2023-03-16 13:00:00+00:00,2974436.82930521
2023-03-16 14:00:00+00:00,2975487.66422709
2023-03-16 15:00:00+00:00,2972182.7723784703
2023-03-16 16:00:00+00:00,2971867.07077952
2023-03-16 17:00:00+00:00,2972906.06974906
2023-03-16 18:00:00+00:00,2973886.00155114
2023-03-16 19:00:00+00:00,2973962.74721498
2023-03-16 20:00:00+00:00,2975039.42845158
2023-03-16 21:00:00+00:00,2974880.17066387
2023-03-16 22:00:00+00:00,2975041.93965961
2023-03-16 23:00:00+00:00,2974217.78095246
2023-03-17 00:00:00+00:00,2973388.4859487303
2023-03-17 01:00:00+00:00,2973321.74950341
2023-03-17 02:00:00+00:00,2973477.65272832
2023-03-17 03:00:00+00:00,2972688.11783121
2023-03-17 04:00:00+00:00,2973054.3127623103
2023-03-17 05:00:00+00:00,2972998.22695245
2023-03-17 06:00:00+00:00,2973007.57852196
2023-03-17 07:00:00+00:00,2973085.20742004
2023-03-17 08:00:00+00:00,2973129.74729943
2023-03-17 09:00:00+00:00,2973117.3308263803
2023-03-17 10:00:00+00:00,2973345.2358887102
2023-03-17 11:00:00+00:00,2973366.37489901
2023-03-17 12:00:00+00:00,2975477.83857086
2023-03-17 13:00:00+00:00,2977411.09007722
2023-03-17 14:00:00+00:00,2975947.01637986
2023-03-17 15:00:00+00:00,2974491.34477932
2023-03-17 16:00:00+00:00,2975388.6781118303
2023-03-17 17:00:00+00:00,2969135.98378975
2023-03-17 18:00:00+00:00,2972187.04405733
2023-03-17 19:00:00+00:00,2973824.55011475
2023-03-17 20:00:00+00:00,2972583.9610837
2023-03-17 21:00:00+00:00,2974599.08190058
2023-03-17 22:00:00+00:00,2976111.66644977
2023-03-17 23:00:00+00:00,2977515.6184751303
2023-03-18 00:00:00+00:00,2977582.8992345203
2023-03-18 01:00:00+00:00,2976695.64466649
2023-03-18 02:00:00+00:00,2976662.21666234
2023-03-18 03:00:00+00:00,2976733.59374701
2023-03-18 04:00:00+00:00,2976397.93155523
2023-03-18 05:00:00+00:00,2976572.46267889
2023-03-18 06:00:00+00:00,2976359.31573536
2023-03-18 07:00:00+00:00,2976568.9931467
2023-03-18 08:00:00+00:00,2976423.2382224603
2023-03-18 09:00:00+00:00,2976369.83625788
2023-03-18 10:00:00+00:00,2976490.30998778
2023-03-18 11:00:00+00:00,2977332.48830581
2023-03-18 12:00:00+00:00,2978291.30879991
2023-03-18 13:00:00+00:00,2978383.83460953
2023-03-18 14:00:00+00:00,2978720.30475398
2023-03-18 15:00:00+00:00,2978730.82311523
2023-03-18 16:00:00+00:00,2978549.79345808
2023-03-18 17:00:00+00:00,2976940.62667922
2023-03-18 18:00:00+00:00,2978033.07727868
2023-03-18 19:00:00+00:00,2978544.92729069
2023-03-18 20:00:00+00:00,2978828.73074208
2023-03-18 21:00:00+00:00,2979661.10189121
2023-03-18 22:00:00+00:00,2979661.10189121
2023-03-18 23:00:00+00:00,2979745.71003776
2023-03-19 00:00:00+00:00,2979764.40232284
2023-03-19 01:00:00+00:00,2979568.34164277
2023-03-19 02:00:00+00:00,2978467.13659523
2023-03-19 03:00:00+00:00,2978067.40242289
2023-03-19 04:00:00+00:00,2978174.07119838
2023-03-19 05:00:00+00:00,2978115.5478077503
2023-03-19 06:00:00+00:00,2979122.18652279
2023-03-19 07:00:00+00:00,2978895.64831629
2023-03-19 08:00:00+00:00,2978998.82176831
2023-03-19 09:00:00+00:00,2977947.85234234
2023-03-19 10:00:00+00:00,2979009.95288639
2023-03-19 11:00:00+00:00,2979038.87158442
2023-03-19 12:00:00+00:00,2980998.49270397
2023-03-19 13:00:00+00:00,2981080.38222693
2023-03-19 14:00:00+00:00,2980849.3260154403
2023-03-19 15:00:00+00:00,2981955.11943263
2023-03-19 16:00:00+00:00,2982068.10974893
2023-03-19 17:00:00+00:00,2982203.93676331
2023-03-19 18:00:00+00:00,2982122.41034776
2023-03-19 19:00:00+00:00,2982552.73413686
2023-03-19 20:00:00+00:00,2982705.69531108
2023-03-19 21:00:00+00:00,2982520.68529831
2023-03-19 22:00:00+00:00,2982474.94645155
2023-03-19 23:00:00+00:00,2973566.87731576
2023-03-20 00:00:00+00:00,2973442.5759500503
2023-03-20 01:00:00+00:00,2972637.55847587
2023-03-20 02:00:00+00:00,2974082.08962936
2023-03-20 03:00:00+00:00,2970694.50640606
2023-03-20 04:00:00+00:00,2970728.40129313
2023-03-20 05:00:00+00:00,2970184.18350298
2023-03-20 06:00:00+00:00,2969909.12257484
2023-03-20 07:00:00+00:00,2969952.98693232
2023-03-20 08:00:00+00:00,2970185.63129721
2023-03-20 09:00:00+00:00,2968825.55096837
2023-03-20 10:00:00+00:00,2968714.37182338
2023-03-20 11:00:00+00:00,2967990.65249594
2023-03-20 12:00:00+00:00,2969472.93343913
2023-03-20 13:00:00+00:00,2968430.99739498
2023-03-20 14:00:00+00:00,2967102.99904778
2023-03-20 15:00:00+00:00,2969495.39957823
2023-03-20 16:00:00+00:00,2967485.8300377
2023-03-20 17:00:00+00:00,2967599.85868637
2023-03-20 18:00:00+00:00,2978366.51845788
2023-03-20 19:00:00+00:00,2977658.02491586
2023-03-20 20:00:00+00:00,2977461.8537015403
2023-03-20 21:00:00+00:00,2977389.52974615
2023-03-20 22:00:00+00:00,2976875.69862787
2023-03-20 23:00:00+00:00,2976235.05992271
2023-03-21 00:00:00+00:00,2977259.8398581003
2023-03-21 01:00:00+00:00,2974927.3005002
2023-03-21 02:00:00+00:00,2976114.90724312
2023-03-21 03:00:00+00:00,2975826.8139246902
2023-03-21 04:00:00+00:00,2975684.74596027
2023-03-21 05:00:00+00:00,2975719.62860887
2023-03-21 06:00:00+00:00,2975824.51325032
2023-03-21 07:00:00+00:00,2975554.0082426
2023-03-21 08:00:00+00:00,2975617.05375399
2023-03-21 09:00:00+00:00,2974745.36223838
2023-03-21 10:00:00+00:00,2975156.52522679
2023-03-21 11:00:00+00:00,2975148.72005802
2023-03-21 12:00:00+00:00,2974841.86074603
2023-03-21 13:00:00+00:00,2972592.06450246
2023-03-21 14:00:00+00:00,2973253.22921256
2023-03-21 15:00:00+00:00,2971155.04411516
2023-03-21 16:00:00+00:00,2971811.8138291
2023-03-21 17:00:00+00:00,2971219.23357482
2023-03-21 18:00:00+00:00,2970781.4117376
2023-03-21 19:00:00+00:00,2970792.2875464302
2023-03-21 20:00:00+00:00,2970656.5172013203
2023-03-21 21:00:00+00:00,2971161.82140435
2023-03-21 22:00:00+00:00,2972184.53060192
2023-03-21 23:00:00+00:00,2972724.630287
2023-03-22 00:00:00+00:00,2972744.84033164
2023-03-22 01:00:00+00:00,2973865.62964388
2023-03-22 02:00:00+00:00,2972632.57651045
2023-03-22 03:00:00+00:00,2972270.20996098
2023-03-22 04:00:00+00:00,2972818.05674434
2023-03-22 05:00:00+00:00,2972693.5491340403
2023-03-22 06:00:00+00:00,2972956.1818187702
2023-03-22 07:00:00+00:00,2974463.8655724903
2023-03-22 08:00:00+00:00,2975073.89607883
2023-03-22 09:00:00+00:00,2974007.09595444
2023-03-22 10:00:00+00:00,2960337.26857874
2023-03-22 11:00:00+00:00,2959773.34282127
2023-03-22 12:00:00+00:00,2960061.75012307
2023-03-22 13:00:00+00:00,2961153.93102337
2023-03-22 14:00:00+00:00,2959501.2059140103
2023-03-22 15:00:00+00:00,2960884.36130248
2023-03-22 16:00:00+00:00,2963279.05701216
2023-03-22 17:00:00+00:00,2961342.38470395
2023-03-22 18:00:00+00:00,2961701.1168719903
2023-03-22 19:00:00+00:00,2961127.71852513
2023-03-22 20:00:00+00:00,2962264.46469487
2023-03-22 21:00:00+00:00,2962206.71342854
2023-03-22 22:00:00+00:00,2960332.95935226
2023-03-22 23:00:00+00:00,2962992.62364663
2023-03-23 00:00:00+00:00,2964322.09174289
2023-03-23 01:00:00+00:00,2964282.54746782
2023-03-23 02:00:00+00:00,2962121.15734589
2023-03-23 03:00:00+00:00,2961955.41836192
2023-03-23 04:00:00+00:00,2961852.56564518
2023-03-23 05:00:00+00:00,2961275.57447793
2023-03-23 06:00:00+00:00,2961563.58950389
2023-03-23 07:00:00+00:00,2962584.47704939
2023-03-23 08:00:00+00:00,2962356.61490099
2023-03-23 09:00:00+00:00,2950693.00397458
2023-03-23 10:00:00+00:00,2951027.85343367
2023-03-23 11:00:00+00:00,2951953.79250076
2023-03-23 12:00:00+00:00,2950920.43470384
2023-03-23 13:00:00+00:00,2950161.75655246
2023-03-23 14:00:00+00:00,2950159.10740223
2023-03-23 15:00:00+00:00,2949276.63230466
2023-03-23 16:00:00+00:00,2948943.79061786
2023-03-23 17:00:00+00:00,2950041.90213339
2023-03-23 18:00:00+00:00,2949613.98931841
2023-03-23 19:00:00+00:00,2949998.57874023
2023-03-23 20:00:00+00:00,2949940.4432808403
2023-03-23 21:00:00+00:00,2951468.85670424
2023-03-23 22:00:00+00:00,2951613.11891038
2023-03-23 23:00:00+00:00,2951046.33490384
2023-03-24 00:00:00+00:00,2951158.87392616
2023-03-24 01:00:00+00:00,2951250.9054023502
2023-03-24 02:00:00+00:00,2950248.10574077
2023-03-24 03:00:00+00:00,2951236.8693631003
2023-03-24 04:00:00+00:00,2951223.0345168803
2023-03-24 05:00:00+00:00,2950239.8626185
2023-03-24 06:00:00+00:00,2950243.02846471
2023-03-24 07:00:00+00:00,2950805.22761773
2023-03-24 08:00:00+00:00,2949324.68863976
2023-03-24 09:00:00+00:00,2948308.44278047
2023-03-24 10:00:00+00:00,2945733.3199457303
2023-03-24 11:00:00+00:00,2943344.16994126
2023-03-24 12:00:00+00:00,2943251.61903641
2023-03-24 13:00:00+00:00,2942116.50498272
2023-03-24 14:00:00+00:00,2938087.89527919
2023-03-24 15:00:00+00:00,2939325.49819986
2023-03-24 16:00:00+00:00,2939302.25100129
2023-03-24 17:00:00+00:00,2940689.300985
2023-03-24 18:00:00+00:00,2942822.66064534
2023-03-24 19:00:00+00:00,2940937.38762091
2023-03-24 20:00:00+00:00,2941004.07238511
2023-03-24 21:00:00+00:00,2944284.5314684203
2023-03-24 22:00:00+00:00,2944412.248488
2023-03-24 23:00:00+00:00,2943507.25664168
2023-03-25 00:00:00+00:00,2943546.59144856
2023-03-25 01:00:00+00:00,2943699.7410545503
2023-03-25 02:00:00+00:00,2946065.66665283
2023-03-25 03:00:00+00:00,2946125.92122406
2023-03-25 04:00:00+00:00,2946475.89405108
2023-03-25 05:00:00+00:00,2946514.10380432
2023-03-25 06:00:00+00:00,2946537.16435949
2023-03-25 07:00:00+00:00,2946586.41137342
2023-03-25 08:00:00+00:00,2948288.4530245
2023-03-25 09:00:00+00:00,2947128.3202960403
2023-03-25 10:00:00+00:00,2946871.30546311
2023-03-25 11:00:00+00:00,2946883.41044853
2023-03-25 12:00:00+00:00,2946581.23641634
2023-03-25 13:00:00+00:00,2946643.79832514
2023-03-25 14:00:00+00:00,2946764.89669624
2023-03-25 15:00:00+00:00,2946683.2895211303
2023-03-25 16:00:00+00:00,2946741.82121837
2023-03-25 17:00:00+00:00,2946866.46712068
2023-03-25 18:00:00+00:00,2946874.96110204
2023-03-25 19:00:00+00:00,2946049.04760677
2023-03-25 20:00:00+00:00,2945563.79484116
2023-03-25 21:00:00+00:00,2947209.34089618
2023-03-25 22:00:00+00:00,2947210.3863899
2023-03-25 23:00:00+00:00,2947268.94463965
2023-03-26 00:00:00+00:00,2947263.95351347
2023-03-26 01:00:00+00:00,2947333.479575
2023-03-26 02:00:00+00:00,2948433.64341408
2023-03-26 03:00:00+00:00,2947116.70455476
2023-03-26 04:00:00+00:00,2947153.80644541
2023-03-26 05:00:00+00:00,2947057.7419411303
2023-03-26 06:00:00+00:00,2947180.19325063
2023-03-26 07:00:00+00:00,2947142.73557194
2023-03-26 08:00:00+00:00,2947157.35205083
2023-03-26 09:00:00+00:00,2946163.9181913
2023-03-26 10:00:00+00:00,2946215.3186935103
2023-03-26 11:00:00+00:00,2946246.20933039
2023-03-26 12:00:00+00:00,2946081.83768077
2023-03-26 13:00:00+00:00,2946095.8662826
2023-03-26 14:00:00+00:00,2946124.91108435
2023-03-26 15:00:00+00:00,2946102.92207719
2023-03-26 16:00:00+00:00,2946208.04079596
2023-03-26 17:00:00+00:00,2946328.23589559
2023-03-26 18:00:00+00:00,2946216.48745809
2023-03-26 19:00:00+00:00,2946205.6772516803
2023-03-26 20:00:00+00:00,2946081.15431051
2023-03-26 21:00:00+00:00,2945424.2249825
2023-03-26 22:00:00+00:00,2945534.34862318
2023-03-26 23:00:00+00:00,2945606.2307031
2023-03-27 00:00:00+00:00,2945547.3657262
2023-03-27 01:00:00+00:00,2945352.3425747
2023-03-27 02:00:00+00:00,2945333.4570036703
2023-03-27 03:00:00+00:00,2944939.81871025
2023-03-27 04:00:00+00:00,2945166.629408
2023-03-27 05:00:00+00:00,2945283.01700729
2023-03-27 06:00:00+00:00,2944184.21630606
2023-03-27 07:00:00+00:00,2945147.59391187
2023-03-27 08:00:00+00:00,2941312.82985911
2023-03-27 09:00:00+00:00,2941555.57776711
2023-03-27 10:00:00+00:00,2941966.41996266
2023-03-27 11:00:00+00:00,2941873.95720936
2023-03-27 12:00:00+00:00,2941695.45619964
2023-03-27 13:00:00+00:00,2941579.62684947
2023-03-27 14:00:00+00:00,2941998.56679264
2023-03-27 15:00:00+00:00,2942270.72559078
2023-03-27 16:00:00+00:00,2942080.61791682
2023-03-27 17:00:00+00:00,2942400.1702714
2023-03-27 18:00:00+00:00,2942260.32754829
2023-03-27 19:00:00+00:00,2942270.4208044503
2023-03-27 20:00:00+00:00,2942117.4180424
2023-03-27 21:00:00+00:00,2940568.26072129
2023-03-27 22:00:00+00:00,2942164.68868084
2023-03-27 23:00:00+00:00,2941529.21387739
2023-03-28 00:00:00+00:00,2941619.51460497
2023-03-28 01:00:00+00:00,2941543.06239819
2023-03-28 02:00:00+00:00,2941701.776957
2023-03-28 03:00:00+00:00,2942551.92089599
2023-03-28 04:00:00+00:00,2942319.84066153
2023-03-28 05:00:00+00:00,2940883.00506298
2023-03-28 06:00:00+00:00,2940365.94884594
2023-03-28 07:00:00+00:00,2941312.31310562
2023-03-28 08:00:00+00:00,2941526.17449694
2023-03-28 09:00:00+00:00,2941099.19668701
2023-03-28 10:00:00+00:00,2951230.680977
2023-03-28 11:00:00+00:00,2951376.79906614
2023-03-28 12:00:00+00:00,2951198.67703792
2023-03-28 13:00:00+00:00,2949933.64379561
2023-03-28 14:00:00+00:00,2949769.46314426
2023-03-28 15:00:00+00:00,2949868.67558337
2023-03-28 16:00:00+00:00,2949786.88465501
2023-03-28 17:00:00+00:00,2951162.06951598
2023-03-28 18:00:00+00:00,2951074.34700682
2023-03-28 19:00:00+00:00,2953243.70569673
2023-03-28 20:00:00+00:00,2952922.12170427
2023-03-28 21:00:00+00:00,2953234.97905099
2023-03-28 22:00:00+00:00,2953364.24164581
2023-03-28 23:00:00+00:00,2952000.32659333
2023-03-29 00:00:00+00:00,2951009.001821
2023-03-29 01:00:00+00:00,2951079.59142968
2023-03-29 02:00:00+00:00,2951729.4456155
2023-03-29 03:00:00+00:00,2951693.1671068203
2023-03-29 04:00:00+00:00,2952079.26667185
2023-03-29 05:00:00+00:00,2952252.01983344
2023-03-29 06:00:00+00:00,2951138.3176501
2023-03-29 07:00:00+00:00,2950930.27942506
2023-03-29 08:00:00+00:00,2950276.48465832
2023-03-29 09:00:00+00:00,2951078.31564283
2023-03-29 10:00:00+00:00,2950681.89370945
2023-03-29 11:00:00+00:00,2949524.35695448
2023-03-29 12:00:00+00:00,2950094.66529787
2023-03-29 13:00:00+00:00,2950374.04520246
2023-03-29 14:00:00+00:00,2950628.25637329
2023-03-29 15:00:00+00:00,2949797.14625091
2023-03-29 16:00:00+00:00,2948895.73388744
2023-03-29 17:00:00+00:00,2949450.54073987
2023-03-29 18:00:00+00:00,2949460.84978838
2023-03-29 19:00:00+00:00,2949680.49128066
2023-03-29 20:00:00+00:00,2951788.4205155
2023-03-29 21:00:00+00:00,2952345.4419254903
2023-03-29 22:00:00+00:00,2942985.18278015
2023-03-29 23:00:00+00:00,2942422.0205054
2023-03-30 00:00:00+00:00,2942575.91259535
2023-03-30 01:00:00+00:00,2943907.84110753
2023-03-30 02:00:00+00:00,2943505.9585926803
2023-03-30 03:00:00+00:00,2943529.26254713
2023-03-30 04:00:00+00:00,2943981.63447636
2023-03-30 05:00:00+00:00,2943064.35821721
2023-03-30 06:00:00+00:00,2944143.49794954
2023-03-30 07:00:00+00:00,2944230.97313835
2023-03-30 08:00:00+00:00,2944291.08094757
2023-03-30 09:00:00+00:00,2943261.97834183
2023-03-30 10:00:00+00:00,2943974.00489588
2023-03-30 11:00:00+00:00,2943626.3250910803
2023-03-30 12:00:00+00:00,2943159.19921613
2023-03-30 13:00:00+00:00,2942711.7891006903
2023-03-30 14:00:00+00:00,2943536.49034235
2023-03-30 15:00:00+00:00,2941841.38456751
2023-03-30 16:00:00+00:00,2939016.41665949
2023-03-30 17:00:00+00:00,2925961.58310672
2023-03-30 18:00:00+00:00,2931525.49625323
2023-03-30 19:00:00+00:00,2933004.2431476
2023-03-30 20:00:00+00:00,2933972.93460922
2023-03-30 21:00:00+00:00,2934389.2070918703
2023-03-30 22:00:00+00:00,2933386.23723127
2023-03-30 23:00:00+00:00,2933453.28153085
2023-03-31 00:00:00+00:00,2932752.96707441
2023-03-31 01:00:00+00:00,2932859.62379552
2023-03-31 02:00:00+00:00,2931213.8661070103
2023-03-31 03:00:00+00:00,2932961.4654468303
2023-03-31 04:00:00+00:00,2933193.44191055
2023-03-31 05:00:00+00:00,2933196.19756512
2023-03-31 06:00:00+00:00,2928404.45107554
2023-03-31 07:00:00+00:00,2928293.07962768
2023-03-31 08:00:00+00:00,2926475.79518005
2023-03-31 09:00:00+00:00,2924976.572206
2023-03-31 10:00:00+00:00,2927180.6940982603
2023-03-31 11:00:00+00:00,2927239.17444267
2023-03-31 12:00:00+00:00,2925932.81252298
2023-03-31 13:00:00+00:00,2925955.9664542503
2023-03-31 14:00:00+00:00,2925960.55689473
2023-03-31 15:00:00+00:00,2926024.30648481
2023-03-31 16:00:00+00:00,2925023.12908356
2023-03-31 17:00:00+00:00,2925910.1505542
2023-03-31 18:00:00+00:00,2926158.49152077
2023-03-31 19:00:00+00:00,2927861.72284552
2023-03-31 20:00:00+00:00,2926844.0562944403
2023-03-31 21:00:00+00:00,2927816.67208953
2023-03-31 22:00:00+00:00,2927378.91220704
2023-03-31 23:00:00+00:00,2928756.38023613
2023-04-01 00:00:00+00:00,2928727.6118979203
2023-04-01 01:00:00+00:00,2929081.7697348
2023-04-01 02:00:00+00:00,2929035.0896917903
2023-04-01 03:00:00+00:00,2930030.36655473
2023-04-01 04:00:00+00:00,2930025.38612648
2023-04-01 05:00:00+00:00,2931066.37637176
2023-04-01 06:00:00+00:00,2931126.27790185
2023-04-01 07:00:00+00:00,2931185.60918946
2023-04-01 08:00:00+00:00,2931299.70415514
2023-04-01 09:00:00+00:00,2930442.45129517
2023-04-01 10:00:00+00:00,2930513.91948858
2023-04-01 11:00:00+00:00,2928830.47271966
2023-04-01 12:00:00+00:00,2927986.63921013
2023-04-01 13:00:00+00:00,2928019.9127785
2023-04-01 14:00:00+00:00,2928112.79807565
2023-04-01 15:00:00+00:00,2928097.07981111
2023-04-01 16:00:00+00:00,2928128.86697162
2023-04-01 17:00:00+00:00,2928177.76488374
2023-04-01 18:00:00+00:00,2928192.28570859
2023-04-01 19:00:00+00:00,2928195.5194289703
2023-04-01 20:00:00+00:00,2928340.6353477603
2023-04-01 21:00:00+00:00,2928363.34375736
2023-04-01 22:00:00+00:00,2926898.97149462
2023-04-01 23:00:00+00:00,2926838.5044006
2023-04-02 00:00:00+00:00,2926638.65057422
2023-04-02 01:00:00+00:00,2926644.43089449
2023-04-02 02:00:00+00:00,2926659.0088769
2023-04-02 03:00:00+00:00,2926367.40828497
2023-04-02 04:00:00+00:00,2927428.32097889
2023-04-02 05:00:00+00:00,2927490.93088199
2023-04-02 06:00:00+00:00,2927296.66488293
2023-04-02 07:00:00+00:00,2927332.52351493
2023-04-02 08:00:00+00:00,2928087.23127639
2023-04-02 09:00:00+00:00,2927068.22199591
2023-04-02 10:00:00+00:00,2927069.14804471
2023-04-02 11:00:00+00:00,2927079.1709291902
2023-04-02 12:00:00+00:00,2927146.65355184
2023-04-02 13:00:00+00:00,2927203.63952956
2023-04-02 14:00:00+00:00,2927281.89146213
2023-04-02 15:00:00+00:00,2927343.85021644
2023-04-02 16:00:00+00:00,2927497.4916582103
2023-04-02 17:00:00+00:00,2927417.126701
2023-04-02 18:00:00+00:00,2928341.3982643
2023-04-02 19:00:00+00:00,2928396.83540853
2023-04-02 20:00:00+00:00,2928369.73021598
2023-04-02 21:00:00+00:00,2929753.17329451
2023-04-02 22:00:00+00:00,2929902.03657052
2023-04-02 23:00:00+00:00,2929919.41175564
2023-04-03 00:00:00+00:00,2929936.55523489
2023-04-03 01:00:00+00:00,2929777.50851463
2023-04-03 02:00:00+00:00,2929710.64861625
2023-04-03 03:00:00+00:00,2929630.7733139
2023-04-03 04:00:00+00:00,2929719.2441248503
2023-04-03 05:00:00+00:00,2929845.37546823
2023-04-03 06:00:00+00:00,2929353.2679287
2023-04-03 07:00:00+00:00,2929263.86651206
2023-04-03 08:00:00+00:00,2928354.20159523
2023-04-03 09:00:00+00:00,2930579.96182068
2023-04-03 10:00:00+00:00,2931543.57848238
2023-04-03 11:00:00+00:00,2931810.6539943703
2023-04-03 12:00:00+00:00,2931965.52526801
2023-04-03 13:00:00+00:00,2930858.80245746
2023-04-03 14:00:00+00:00,2931920.7299201903
2023-04-03 15:00:00+00:00,2932240.9399829903
2023-04-03 16:00:00+00:00,2930979.21075525
2023-04-03 17:00:00+00:00,2931013.8432158
2023-04-03 18:00:00+00:00,2931635.08391227
2023-04-03 19:00:00+00:00,2941678.78040921
2023-04-03 20:00:00+00:00,2941269.66528829
2023-04-03 21:00:00+00:00,2940129.79963134
2023-04-03 22:00:00+00:00,2939969.6695724702
2023-04-03 23:00:00+00:00,2936288.5076223803
2023-04-04 00:00:00+00:00,2937922.44618456
2023-04-04 01:00:00+00:00,2940601.96621572
2023-04-04 02:00:00+00:00,2940624.09427427
2023-04-04 03:00:00+00:00,2940684.38315551
2023-04-04 04:00:00+00:00,2940501.72001044
2023-04-04 05:00:00+00:00,2941146.56903512
2023-04-04 06:00:00+00:00,2940829.1068561203
2023-04-04 07:00:00+00:00,2929714.25967727
2023-04-04 08:00:00+00:00,2929754.69490138
2023-04-04 09:00:00+00:00,2928608.89767378
2023-04-04 10:00:00+00:00,2928436.59766836
2023-04-04 11:00:00+00:00,2929799.97151423
2023-04-04 12:00:00+00:00,2929803.28071451
2023-04-04 13:00:00+00:00,2929800.14366052
2023-04-04 14:00:00+00:00,2930006.1339332103
2023-04-04 15:00:00+00:00,2928853.86432658
2023-04-04 16:00:00+00:00,2929573.62514535
2023-04-04 17:00:00+00:00,2928354.01981651
2023-04-04 18:00:00+00:00,2928246.7748705
2023-04-04 19:00:00+00:00,2929133.11453403
2023-04-04 20:00:00+00:00,2928003.18642883
2023-04-04 21:00:00+00:00,2927761.90552214
2023-04-04 22:00:00+00:00,2927714.09173711
2023-04-04 23:00:00+00:00,2927315.50025056
2023-04-05 00:00:00+00:00,2927341.22008594
2023-04-05 01:00:00+00:00,2927755.81973156
2023-04-05 02:00:00+00:00,2927117.41515276
2023-04-05 03:00:00+00:00,2927134.67543698
2023-04-05 04:00:00+00:00,2928142.16161449
2023-04-05 05:00:00+00:00,2927765.15156203
2023-04-05 06:00:00+00:00,2927860.82191078
2023-04-05 07:00:00+00:00,2925733.90657365
2023-04-05 08:00:00+00:00,2924166.04142148
2023-04-05 09:00:00+00:00,2923245.1074635
2023-04-05 10:00:00+00:00,2923861.25173853
2023-04-05 11:00:00+00:00,2930855.21522812
2023-04-05 12:00:00+00:00,2930770.32145072
2023-04-05 13:00:00+00:00,2930562.92741577
2023-04-05 14:00:00+00:00,2930471.05682877
2023-04-05 15:00:00+00:00,2930480.58927345
2023-04-05 16:00:00+00:00,2931118.35970697
2023-04-05 17:00:00+00:00,2930952.61754514
2023-04-05 18:00:00+00:00,2932299.63206639
2023-04-05 19:00:00+00:00,2930656.49669987
2023-04-05 20:00:00+00:00,2931837.38591102
2023-04-05 21:00:00+00:00,2932149.39877473
2023-04-05 22:00:00+00:00,2932705.35529622
2023-04-05 23:00:00+00:00,2932775.0914977803
2023-04-06 00:00:00+00:00,2932990.65148616
2023-04-06 01:00:00+00:00,2932872.22174871
2023-04-06 02:00:00+00:00,2933894.38810005
2023-04-06 03:00:00+00:00,2933726.40064384
2023-04-06 04:00:00+00:00,2933825.65773528
2023-04-06 05:00:00+00:00,2934927.19525681
2023-04-06 06:00:00+00:00,2934892.14635
2023-04-06 07:00:00+00:00,2933591.2312735
2023-04-06 08:00:00+00:00,2933632.39780366
2023-04-06 09:00:00+00:00,2933653.9789739703
2023-04-06 10:00:00+00:00,2932119.87252036
2023-04-06 11:00:00+00:00,2932207.92049439
2023-04-06 12:00:00+00:00,2930939.75478463
2023-04-06 13:00:00+00:00,2931126.3839379502
2023-04-06 14:00:00+00:00,2931875.74377837
2023-04-06 15:00:00+00:00,2932191.03932393
2023-04-06 16:00:00+00:00,2929818.89652676
2023-04-06 17:00:00+00:00,2930620.76156941
2023-04-06 18:00:00+00:00,2933157.64516205
2023-04-06 19:00:00+00:00,2939290.22499364
2023-04-06 20:00:00+00:00,2940354.37174035
2023-04-06 21:00:00+00:00,2939455.113398
2023-04-06 22:00:00+00:00,2941606.53704034
2023-04-06 23:00:00+00:00,2941559.9395251903
2023-04-07 00:00:00+00:00,2940217.34966637
2023-04-07 01:00:00+00:00,2940237.09699785
2023-04-07 02:00:00+00:00,2940008.26227584
2023-04-07 03:00:00+00:00,2939971.18188371
2023-04-07 04:00:00+00:00,2939971.86769894
2023-04-07 05:00:00+00:00,2939954.22568204
2023-04-07 06:00:00+00:00,2941208.08482608
2023-04-07 07:00:00+00:00,2941398.54401324
2023-04-07 08:00:00+00:00,2941290.61178254
2023-04-07 09:00:00+00:00,2941168.26740989
2023-04-07 10:00:00+00:00,2941183.81091793
2023-04-07 11:00:00+00:00,2941339.70675882
2023-04-07 12:00:00+00:00,2940414.1597392303
2023-04-07 13:00:00+00:00,2939477.52342082
2023-04-07 14:00:00+00:00,2940185.1989312503
2023-04-07 15:00:00+00:00,2940245.58878379
2023-04-07 16:00:00+00:00,2940667.9402218303
2023-04-07 17:00:00+00:00,2940688.46399901
2023-04-07 18:00:00+00:00,2940571.15714236
2023-04-07 19:00:00+00:00,2940615.71510746
2023-04-07 20:00:00+00:00,2943213.36509956
2023-04-07 21:00:00+00:00,2943223.06512947
2023-04-07 22:00:00+00:00,2942240.25517741
2023-04-07 23:00:00+00:00,2941329.6110578203
2023-04-08 00:00:00+00:00,2941437.83150365
2023-04-08 01:00:00+00:00,2941461.0091222
2023-04-08 02:00:00+00:00,2941134.92856998
2023-04-08 03:00:00+00:00,2941107.84983092
2023-04-08 04:00:00+00:00,2941166.38702867
2023-04-08 05:00:00+00:00,2941249.89826534
2023-04-08 06:00:00+00:00,2941346.85361375
2023-04-08 07:00:00+00:00,2942529.99193002
2023-04-08 08:00:00+00:00,2942557.32380227
2023-04-08 09:00:00+00:00,2941635.52975965
2023-04-08 10:00:00+00:00,2941614.02280748
2023-04-08 11:00:00+00:00,2941893.66858312
2023-04-08 12:00:00+00:00,2942129.18950473
2023-04-08 13:00:00+00:00,2942130.07921011
2023-04-08 14:00:00+00:00,2942209.96001
2023-04-08 15:00:00+00:00,2941149.13790657
2023-04-08 16:00:00+00:00,2942193.77642265
2023-04-08 17:00:00+00:00,2942316.3704623003
2023-04-08 18:00:00+00:00,2941260.81066506
2023-04-08 19:00:00+00:00,2941277.5913229003
2023-04-08 20:00:00+00:00,2941288.52275562
2023-04-08 21:00:00+00:00,2941298.41823611
2023-04-08 22:00:00+00:00,2941303.03819315
2023-04-08 23:00:00+00:00,2941300.29166029
2023-04-09 00:00:00+00:00,2941303.83521759
2023-04-09 01:00:00+00:00,2941304.27484547
2023-04-09 02:00:00+00:00,2942434.23655981
2023-04-09 03:00:00+00:00,2942049.71922954
2023-04-09 04:00:00+00:00,2941905.17635377
2023-04-09 05:00:00+00:00,2942013.96233014
2023-04-09 06:00:00+00:00,2942042.09616368
2023-04-09 07:00:00+00:00,2942186.06062217
2023-04-09 08:00:00+00:00,2942232.50377742
2023-04-09 09:00:00+00:00,2941073.11224867
2023-04-09 10:00:00+00:00,2941135.11155468
2023-04-09 11:00:00+00:00,2941122.4869901403
2023-04-09 12:00:00+00:00,2941165.7007483803
2023-04-09 13:00:00+00:00,2941171.65738716
2023-04-09 14:00:00+00:00,2941276.98257026
2023-04-09 15:00:00+00:00,2941279.78081104
2023-04-09 16:00:00+00:00,2941297.33811239
2023-04-09 17:00:00+00:00,2941313.54662516
2023-04-09 18:00:00+00:00,2941458.1114520403
2023-04-09 19:00:00+00:00,2942476.28963004
2023-04-09 20:00:00+00:00,2941474.61827896
2023-04-09 21:00:00+00:00,2942510.79980418
2023-04-09 22:00:00+00:00,2942521.24301476
2023-04-09 23:00:00+00:00,2942524.39900241
2023-04-10 00:00:00+00:00,2942532.4799205703
2023-04-10 01:00:00+00:00,2942525.8351393403
2023-04-10 02:00:00+00:00,2941535.03356702
2023-04-10 03:00:00+00:00,2940217.40709878
2023-04-10 04:00:00+00:00,2942281.42855568
2023-04-10 05:00:00+00:00,2942375.75464596
2023-04-10 06:00:00+00:00,2943582.4833177403
2023-04-10 07:00:00+00:00,2942605.35403856
2023-04-10 08:00:00+00:00,2941666.69319782
2023-04-10 09:00:00+00:00,2940459.75047161
2023-04-10 10:00:00+00:00,2940940.69028637
2023-04-10 11:00:00+00:00,2940019.00921409
2023-04-10 12:00:00+00:00,2939756.55760594
2023-04-10 13:00:00+00:00,2939199.77219058
2023-04-10 14:00:00+00:00,2938994.68052807
2023-04-10 15:00:00+00:00,2938817.68864987
2023-04-10 16:00:00+00:00,2937139.07620862
2023-04-10 17:00:00+00:00,2938854.76648434
2023-04-10 18:00:00+00:00,2936897.22647308
2023-04-10 19:00:00+00:00,2936898.456972
2023-04-10 20:00:00+00:00,2936824.42821454
2023-04-10 21:00:00+00:00,2936920.96854858
2023-04-10 22:00:00+00:00,2933717.00302279
2023-04-10 23:00:00+00:00,2937660.4421543
2023-04-11 00:00:00+00:00,2938724.78156455
2023-04-11 01:00:00+00:00,2938764.64031082
2023-04-11 02:00:00+00:00,2939424.87036902
2023-04-11 03:00:00+00:00,2941036.80666239
2023-04-11 04:00:00+00:00,2931246.64086444
2023-04-11 05:00:00+00:00,2932071.24126055
2023-04-11 06:00:00+00:00,2931113.19146581
2023-04-11 07:00:00+00:00,2931204.1113976203
2023-04-11 08:00:00+00:00,2930957.46011723
2023-04-11 09:00:00+00:00,2929625.78162309
2023-04-11 10:00:00+00:00,2931209.08005963
2023-04-11 11:00:00+00:00,2931127.30299073
2023-04-11 12:00:00+00:00,2930915.57632044
2023-04-11 13:00:00+00:00,2931229.92286039
2023-04-11 14:00:00+00:00,2931131.35238388
2023-04-11 15:00:00+00:00,2931475.05991039
2023-04-11 16:00:00+00:00,2929475.7534872103
2023-04-11 17:00:00+00:00,2927654.87841553
2023-04-11 18:00:00+00:00,2926191.51621146
2023-04-11 19:00:00+00:00,2927431.61821314
2023-04-11 20:00:00+00:00,2928802.5575160403
2023-04-11 21:00:00+00:00,2928850.7930053403
2023-04-11 22:00:00+00:00,2929714.03373635
2023-04-11 23:00:00+00:00,2929185.3002827503
2023-04-12 00:00:00+00:00,2929228.31467456
2023-04-12 01:00:00+00:00,2930429.16370242
2023-04-12 02:00:00+00:00,2954104.6953104
2023-04-12 03:00:00+00:00,2930579.85867337
2023-04-12 04:00:00+00:00,2930721.02729342
2023-04-12 05:00:00+00:00,2929742.27713581
2023-04-12 06:00:00+00:00,2927100.84881818
2023-04-12 07:00:00+00:00,2927159.98984941
2023-04-12 08:00:00+00:00,2934717.0187517703
2023-04-12 09:00:00+00:00,2935873.90051132
2023-04-12 10:00:00+00:00,2935829.5538411
2023-04-12 11:00:00+00:00,2934697.41582953
2023-04-12 12:00:00+00:00,2934746.56461519
2023-04-12 13:00:00+00:00,2936748.35519504
2023-04-12 14:00:00+00:00,2935480.52958728
2023-04-12 15:00:00+00:00,2934798.0626782803
2023-04-12 16:00:00+00:00,2935171.7787247403
2023-04-12 17:00:00+00:00,2935159.64771374
2023-04-12 18:00:00+00:00,2934997.35779145
2023-04-12 19:00:00+00:00,2935127.78717396
2023-04-12 20:00:00+00:00,2935582.36396612
2023-04-12 21:00:00+00:00,2935726.63710554
2023-04-12 22:00:00+00:00,2935843.77377782
2023-04-12 23:00:00+00:00,2935795.38333951
2023-04-13 00:00:00+00:00,2934455.03342491
2023-04-13 01:00:00+00:00,2934447.71803286
2023-04-13 02:00:00+00:00,2936396.8633484403
2023-04-13 03:00:00+00:00,2937844.20478604
2023-04-13 04:00:00+00:00,2937661.35305684
2023-04-13 05:00:00+00:00,2937693.56213435
2023-04-13 06:00:00+00:00,2938160.03485927
2023-04-13 07:00:00+00:00,2938477.33481996
2023-04-13 08:00:00+00:00,2938716.46422249
2023-04-13 09:00:00+00:00,2937844.5036479
2023-04-13 10:00:00+00:00,2937913.80487722
2023-04-13 11:00:00+00:00,2936593.51804711
2023-04-13 12:00:00+00:00,2937895.42376017
2023-04-13 13:00:00+00:00,2937535.83793849
2023-04-13 14:00:00+00:00,2937954.40996337
2023-04-13 15:00:00+00:00,2937861.04803142
2023-04-13 16:00:00+00:00,2938089.0908162203
2023-04-13 17:00:00+00:00,2938103.73692312
2023-04-13 18:00:00+00:00,2937887.38195392
2023-04-13 19:00:00+00:00,2931522.3316280902
2023-04-13 20:00:00+00:00,2931768.28360462
2023-04-13 21:00:00+00:00,2931518.2925234
2023-04-13 22:00:00+00:00,2931531.07435886
2023-04-13 23:00:00+00:00,2932808.35785076
2023-04-14 00:00:00+00:00,2932727.0983948503
2023-04-14 01:00:00+00:00,2931835.37522768
2023-04-14 02:00:00+00:00,2931902.14294322
2023-04-14 03:00:00+00:00,2933219.64211497
2023-04-14 04:00:00+00:00,2933766.2115205103
2023-04-14 05:00:00+00:00,2933945.20288609
2023-04-14 06:00:00+00:00,2935196.31735286
2023-04-14 07:00:00+00:00,2935242.42800544
2023-04-14 08:00:00+00:00,2935581.7763648
2023-04-14 09:00:00+00:00,2934538.62292566
2023-04-14 10:00:00+00:00,2934596.99369484
2023-04-14 11:00:00+00:00,2934512.40542807
2023-04-14 12:00:00+00:00,2936064.07892045
2023-04-14 13:00:00+00:00,2937015.48435699
2023-04-14 14:00:00+00:00,2936731.8347019
2023-04-14 15:00:00+00:00,2935311.4725913103
2023-04-14 16:00:00+00:00,2921993.20067194
2023-04-14 17:00:00+00:00,2944365.30298436
2023-04-14 18:00:00+00:00,2945411.43111479
2023-04-14 19:00:00+00:00,2944786.2713889503
2023-04-14 20:00:00+00:00,2943299.0917411703
2023-04-14 21:00:00+00:00,2941656.89518494
2023-04-14 22:00:00+00:00,2941529.60160649
2023-04-14 23:00:00+00:00,2941568.98344995
2023-04-15 00:00:00+00:00,2941496.6266623703
2023-04-15 01:00:00+00:00,2942043.6435615
2023-04-15 02:00:00+00:00,2942116.72358069
2023-04-15 03:00:00+00:00,2942765.0537147103
2023-04-15 04:00:00+00:00,2942848.30678413
2023-04-15 05:00:00+00:00,2942771.24441119
2023-04-15 06:00:00+00:00,2942767.6361278
2023-04-15 07:00:00+00:00,2942799.46804989
2023-04-15 08:00:00+00:00,2941373.22613745
2023-04-15 09:00:00+00:00,2941372.70746656
2023-04-15 10:00:00+00:00,2941550.5832931
2023-04-15 11:00:00+00:00,2941511.54788872
2023-04-15 12:00:00+00:00,2941542.53885756
2023-04-15 13:00:00+00:00,2941537.98102729
2023-04-15 14:00:00+00:00,2941466.72185913
2023-04-15 15:00:00+00:00,2941479.93583279
2023-04-15 16:00:00+00:00,2941589.25135216
2023-04-15 17:00:00+00:00,2941600.80882791
2023-04-15 18:00:00+00:00,2941706.38132362
2023-04-15 19:00:00+00:00,2941713.27811405
2023-04-15 20:00:00+00:00,2941828.87722677
2023-04-15 21:00:00+00:00,2941828.68098592
2023-04-15 22:00:00+00:00,2941225.53374311
2023-04-15 23:00:00+00:00,2941272.5750628803
2023-04-16 00:00:00+00:00,2941442.9174936702
2023-04-16 01:00:00+00:00,2941394.49314886
2023-04-16 02:00:00+00:00,2941421.67869239
2023-04-16 03:00:00+00:00,2940887.55013745
2023-04-16 04:00:00+00:00,2940640.7014490003
2023-04-16 05:00:00+00:00,2940674.32878126
2023-04-16 06:00:00+00:00,2940624.09766332
2023-04-16 07:00:00+00:00,2940748.60785513
2023-04-16 08:00:00+00:00,2940872.23370811
2023-04-16 09:00:00+00:00,2939896.5373129603
2023-04-16 10:00:00+00:00,2940081.78966885
2023-04-16 11:00:00+00:00,2940068.26293283
2023-04-16 12:00:00+00:00,2940476.16597899
2023-04-16 13:00:00+00:00,2940497.62977979
2023-04-16 14:00:00+00:00,2940429.63577491
2023-04-16 15:00:00+00:00,2940810.7912319
2023-04-16 16:00:00+00:00,2940772.1913556303
2023-04-16 17:00:00+00:00,2940726.98575482
2023-04-16 18:00:00+00:00,2939142.44346928
2023-04-16 19:00:00+00:00,2939448.68085618
2023-04-16 20:00:00+00:00,2939969.22719859
2023-04-16 21:00:00+00:00,2938967.23599024
2023-04-16 22:00:00+00:00,2939006.876272
2023-04-16 23:00:00+00:00,2939986.61866063
2023-04-17 00:00:00+00:00,2940721.9572057403
2023-04-17 01:00:00+00:00,2940429.87536077
2023-04-17 02:00:00+00:00,2939858.33611203
2023-04-17 03:00:00+00:00,2939775.52540156
2023-04-17 04:00:00+00:00,2940879.58376194
2023-04-17 05:00:00+00:00,2940847.5693599703
2023-04-17 06:00:00+00:00,2940957.96428216
2023-04-17 07:00:00+00:00,2939431.48058248
2023-04-17 08:00:00+00:00,2939530.78685143
2023-04-17 09:00:00+00:00,2938854.16322615
2023-04-17 10:00:00+00:00,2938564.54988737
2023-04-17 11:00:00+00:00,2938608.51217751
2023-04-17 12:00:00+00:00,2938603.6629208103
2023-04-17 13:00:00+00:00,2939952.39155987
2023-04-17 14:00:00+00:00,2939746.67408033
2023-04-17 15:00:00+00:00,2936685.23780624
2023-04-17 16:00:00+00:00,2918471.16062653
2023-04-17 17:00:00+00:00,2918613.91815668
2023-04-17 18:00:00+00:00,2915967.56171447
2023-04-17 19:00:00+00:00,2916108.5509925103
2023-04-17 20:00:00+00:00,2915157.3226446803
2023-04-17 21:00:00+00:00,2915173.55053585
2023-04-17 22:00:00+00:00,2915328.65512631
2023-04-17 23:00:00+00:00,2915336.58730305
2023-04-18 00:00:00+00:00,2916234.97230428
2023-04-18 01:00:00+00:00,2916254.72322743
2023-04-18 02:00:00+00:00,2916713.70084942
2023-04-18 03:00:00+00:00,2916718.40866814
2023-04-18 04:00:00+00:00,2916782.46416797
2023-04-18 05:00:00+00:00,2917058.19834011
2023-04-18 06:00:00+00:00,2917960.41188887
2023-04-18 07:00:00+00:00,2919177.94560732
2023-04-18 08:00:00+00:00,2920372.72935935
2023-04-18 09:00:00+00:00,2918484.73113601
2023-04-18 10:00:00+00:00,2918459.78885333
2023-04-18 11:00:00+00:00,2917296.94165375
2023-04-18 12:00:00+00:00,2918515.86042157
2023-04-18 13:00:00+00:00,2917574.23230878
2023-04-18 14:00:00+00:00,2916106.41255588
2023-04-18 15:00:00+00:00,2914810.60283823
2023-04-18 16:00:00+00:00,2914024.41731186
2023-04-18 17:00:00+00:00,2914918.99763781
2023-04-18 18:00:00+00:00,2914973.60390592
2023-04-18 19:00:00+00:00,2914972.1673619
2023-04-18 20:00:00+00:00,2917096.06112968
2023-04-18 21:00:00+00:00,2917183.5406030403
2023-04-18 22:00:00+00:00,2916968.03350364
2023-04-18 23:00:00+00:00,2917149.34429494
2023-04-19 00:00:00+00:00,2917154.8000324
2023-04-19 01:00:00+00:00,2917146.65060113
2023-04-19 02:00:00+00:00,2917107.59646344
2023-04-19 03:00:00+00:00,2917116.3328687903
2023-04-19 04:00:00+00:00,2917153.69692237
2023-04-19 05:00:00+00:00,2917107.0364168
2023-04-19 06:00:00+00:00,2917146.92093307
2023-04-19 07:00:00+00:00,2917064.92356394
2023-04-19 08:00:00+00:00,2916909.09156687
2023-04-19 09:00:00+00:00,2917907.25989704
2023-04-19 10:00:00+00:00,2915734.10042847
2023-04-19 11:00:00+00:00,2916074.95879076
2023-04-19 12:00:00+00:00,2916703.93548337
2023-04-19 13:00:00+00:00,2916625.91251931
2023-04-19 14:00:00+00:00,2916611.11053352
2023-04-19 15:00:00+00:00,2916028.07844202
2023-04-19 16:00:00+00:00,2916622.58442395
2023-04-19 17:00:00+00:00,2916626.66257205
2023-04-19 18:00:00+00:00,2916845.17784094
2023-04-19 19:00:00+00:00,2917631.4753156803
2023-04-19 20:00:00+00:00,2918073.9018956
2023-04-19 21:00:00+00:00,2919421.94419462
2023-04-19 22:00:00+00:00,2919328.9717193902
2023-04-19 23:00:00+00:00,2919455.50027822
2023-04-20 00:00:00+00:00,2919398.5735926903
2023-04-20 01:00:00+00:00,2919463.91333782
2023-04-20 02:00:00+00:00,2918355.66245058
2023-04-20 03:00:00+00:00,2918635.32423623
2023-04-20 04:00:00+00:00,2918757.4464674
2023-04-20 05:00:00+00:00,2918847.80761229
2023-04-20 06:00:00+00:00,2918792.29806051
2023-04-20 07:00:00+00:00,2919835.13234221
2023-04-20 08:00:00+00:00,2919734.69412404
2023-04-20 09:00:00+00:00,2917821.1589603
2023-04-20 10:00:00+00:00,2917837.98098293
2023-04-20 11:00:00+00:00,2917931.92412325
2023-04-20 12:00:00+00:00,2918022.65221642
2023-04-20 13:00:00+00:00,2918712.29246477
2023-04-20 14:00:00+00:00,2919251.91756571
2023-04-20 15:00:00+00:00,2928859.06512376
2023-04-20 16:00:00+00:00,2928076.43847708
2023-04-20 17:00:00+00:00,2927241.32067178
2023-04-20 18:00:00+00:00,2925359.68504213
2023-04-20 19:00:00+00:00,2923941.75354431
2023-04-20 20:00:00+00:00,2928837.21716965
2023-04-20 21:00:00+00:00,2927714.44815163
2023-04-20 22:00:00+00:00,2927569.5824839403
2023-04-20 23:00:00+00:00,2928034.24851713
2023-04-21 00:00:00+00:00,2928209.29797603
2023-04-21 01:00:00+00:00,2928262.05498666
2023-04-21 02:00:00+00:00,2928079.91899897
2023-04-21 03:00:00+00:00,2927726.00193873
2023-04-21 04:00:00+00:00,2929313.74047373
2023-04-21 05:00:00+00:00,2929545.57781388
2023-04-21 06:00:00+00:00,2928557.51374823
2023-04-21 07:00:00+00:00,2929682.23518393
2023-04-21 08:00:00+00:00,2928600.48039603
2023-04-21 09:00:00+00:00,2925511.29312449
2023-04-21 10:00:00+00:00,2924449.76910174
2023-04-21 11:00:00+00:00,2922986.89943543
2023-04-21 12:00:00+00:00,2926467.22269715
2023-04-21 13:00:00+00:00,2926340.35405351
2023-04-21 14:00:00+00:00,2931000.76300309
2023-04-21 15:00:00+00:00,2929942.77777287
2023-04-21 16:00:00+00:00,2931687.99781288
2023-04-21 17:00:00+00:00,2932286.92972301
2023-04-21 18:00:00+00:00,2930681.86615906
2023-04-21 19:00:00+00:00,2933087.94728429
2023-04-21 20:00:00+00:00,2934755.42256452
2023-04-21 21:00:00+00:00,2934874.1512419
2023-04-21 22:00:00+00:00,2934730.43275272
2023-04-21 23:00:00+00:00,2933639.00039715
2023-04-22 00:00:00+00:00,2932777.83818305
2023-04-22 01:00:00+00:00,2933029.22986562
2023-04-22 02:00:00+00:00,2933069.7173428303
2023-04-22 03:00:00+00:00,2932750.96613283
2023-04-22 04:00:00+00:00,2932766.10678798
2023-04-22 05:00:00+00:00,2932761.7219846
2023-04-22 06:00:00+00:00,2932779.2068929
2023-04-22 07:00:00+00:00,2933802.6675576703
2023-04-22 08:00:00+00:00,2933808.26346314
2023-04-22 09:00:00+00:00,2932693.74523185
2023-04-22 10:00:00+00:00,2932676.3658228503
2023-04-22 11:00:00+00:00,2932574.63259413
2023-04-22 12:00:00+00:00,2932661.2086888
2023-04-22 13:00:00+00:00,2932673.28214102
2023-04-22 14:00:00+00:00,2932646.9831117
2023-04-22 15:00:00+00:00,2931667.2434393
2023-04-22 16:00:00+00:00,2931514.61154111
2023-04-22 17:00:00+00:00,2930662.2383627403
2023-04-22 18:00:00+00:00,2931700.08707454
2023-04-22 19:00:00+00:00,2931761.87197963
2023-04-22 20:00:00+00:00,2932958.80551348
2023-04-22 21:00:00+00:00,2930440.47110085
2023-04-22 22:00:00+00:00,2931610.63802969
2023-04-22 23:00:00+00:00,2931640.21128258
2023-04-23 00:00:00+00:00,2931746.13087767
2023-04-23 01:00:00+00:00,2931769.98177578
2023-04-23 02:00:00+00:00,2931748.48759963
2023-04-23 03:00:00+00:00,2931764.16496058
2023-04-23 04:00:00+00:00,2931539.90382072
2023-04-23 05:00:00+00:00,2931594.11557222
2023-04-23 06:00:00+00:00,2931612.7493174803
2023-04-23 07:00:00+00:00,2932792.54793021
2023-04-23 08:00:00+00:00,2932823.06326974
2023-04-23 09:00:00+00:00,2930730.3814019603
2023-04-23 10:00:00+00:00,2930794.56011583
2023-04-23 11:00:00+00:00,2930896.1336458903
2023-04-23 12:00:00+00:00,2930896.58237008
2023-04-23 13:00:00+00:00,2930930.399905
2023-04-23 14:00:00+00:00,2930950.50368756
2023-04-23 15:00:00+00:00,2930953.03039008
2023-04-23 16:00:00+00:00,2931046.50667531
2023-04-23 17:00:00+00:00,2931180.63328657
2023-04-23 18:00:00+00:00,2930181.4776790403
2023-04-23 19:00:00+00:00,2930162.71811335
2023-04-23 20:00:00+00:00,2930237.09989196
2023-04-23 21:00:00+00:00,2930374.38542669
2023-04-23 22:00:00+00:00,2930413.54497404
2023-04-23 23:00:00+00:00,2930425.4127320503
2023-04-24 00:00:00+00:00,2931498.8570055403
2023-04-24 01:00:00+00:00,2931089.59725355
2023-04-24 02:00:00+00:00,2931002.39708182
2023-04-24 03:00:00+00:00,2930704.17178866
2023-04-24 04:00:00+00:00,2930786.72328398
2023-04-24 05:00:00+00:00,2930786.72328398
2023-04-24 06:00:00+00:00,2929835.79144262
2023-04-24 07:00:00+00:00,2928980.67369507
2023-04-24 08:00:00+00:00,2930319.85173974
2023-04-24 09:00:00+00:00,2929135.4268369502
2023-04-24 10:00:00+00:00,2929127.52958363
2023-04-24 11:00:00+00:00,2926973.87800957
2023-04-24 12:00:00+00:00,2926397.99451312
2023-04-24 13:00:00+00:00,2927122.2209444
2023-04-24 14:00:00+00:00,2927215.00155196
2023-04-24 15:00:00+00:00,2925487.9316411302
2023-04-24 16:00:00+00:00,2927189.83586381
2023-04-24 17:00:00+00:00,2927077.49360621
2023-04-24 18:00:00+00:00,2926490.28919878
2023-04-24 19:00:00+00:00,2925222.6771276603
2023-04-24 20:00:00+00:00,2926434.91387275
2023-04-24 21:00:00+00:00,2926735.38196821
2023-04-24 22:00:00+00:00,2926763.20678497
2023-04-24 23:00:00+00:00,2926786.99997048
2023-04-25 00:00:00+00:00,2926820.55916683
2023-04-25 01:00:00+00:00,2925359.77894334
2023-04-25 02:00:00+00:00,2926928.88726306
2023-04-25 03:00:00+00:00,2926654.65937311
2023-04-25 04:00:00+00:00,2926596.01676763
2023-04-25 05:00:00+00:00,2926439.49427537
2023-04-25 06:00:00+00:00,2927690.84767937
2023-04-25 07:00:00+00:00,2928697.49338612
2023-04-25 08:00:00+00:00,2928121.90950211
2023-04-25 09:00:00+00:00,2925955.36914172
2023-04-25 10:00:00+00:00,2926056.61662737
2023-04-25 11:00:00+00:00,2925092.8360727
2023-04-25 12:00:00+00:00,2925037.01651816
2023-04-25 13:00:00+00:00,2925190.96577779
2023-04-25 14:00:00+00:00,2924334.94943297
2023-04-25 15:00:00+00:00,2924644.51000252
2023-04-25 16:00:00+00:00,2925990.86235004
2023-04-25 17:00:00+00:00,2925367.63039295
2023-04-25 18:00:00+00:00,2926621.0837832303
2023-04-25 19:00:00+00:00,2927588.69728367
2023-04-25 20:00:00+00:00,2929749.02362301
2023-04-25 21:00:00+00:00,2928879.82871464
2023-04-25 22:00:00+00:00,2929154.6070041102
2023-04-25 23:00:00+00:00,2930201.35581874
2023-04-26 00:00:00+00:00,2930176.5928437803
2023-04-26 01:00:00+00:00,2931307.53653534
2023-04-26 02:00:00+00:00,2931075.72201812
2023-04-26 03:00:00+00:00,2931038.39176349
2023-04-26 04:00:00+00:00,2931112.33767173
2023-04-26 05:00:00+00:00,2931241.81980508
2023-04-26 06:00:00+00:00,2929336.62096642
2023-04-26 07:00:00+00:00,2929336.62096642
2023-04-26 08:00:00+00:00,2929654.17786683
2023-04-26 09:00:00+00:00,2929587.60763358
2023-04-26 10:00:00+00:00,2930850.01997136
2023-04-26 11:00:00+00:00,2931321.86491375
2023-04-26 12:00:00+00:00,2933228.66336824
2023-04-26 13:00:00+00:00,2933514.50773895
2023-04-26 14:00:00+00:00,2934751.98829536
2023-04-26 15:00:00+00:00,2933937.28605289
2023-04-26 16:00:00+00:00,2934415.59756539
2023-04-26 17:00:00+00:00,2933286.16378006
2023-04-26 18:00:00+00:00,2932454.58513633
2023-04-26 19:00:00+00:00,2932724.41542439
2023-04-26 20:00:00+00:00,2931470.73408488
2023-04-26 21:00:00+00:00,2931178.36107566
2023-04-26 22:00:00+00:00,2930860.6432422902
2023-04-26 23:00:00+00:00,2932331.55591198
2023-04-27 00:00:00+00:00,2932463.93975834
2023-04-27 01:00:00+00:00,2932518.95971186
2023-04-27 02:00:00+00:00,2932705.39560878
2023-04-27 03:00:00+00:00,2932515.69886638
2023-04-27 04:00:00+00:00,2932647.50193365
2023-04-27 05:00:00+00:00,2932643.61123489
2023-04-27 06:00:00+00:00,2933179.76643648
2023-04-27 07:00:00+00:00,2931518.56115983
2023-04-27 08:00:00+00:00,2933599.39726335
2023-04-27 09:00:00+00:00,2932426.52172361
2023-04-27 10:00:00+00:00,2931531.02936962
2023-04-27 11:00:00+00:00,2931557.83205151
2023-04-27 12:00:00+00:00,2931768.68372401
2023-04-27 13:00:00+00:00,2931749.96540238
2023-04-27 14:00:00+00:00,2933193.59219883
2023-04-27 15:00:00+00:00,2933354.4245296502
2023-04-27 16:00:00+00:00,2943693.48159819
2023-04-27 17:00:00+00:00,2944558.28052132
2023-04-27 18:00:00+00:00,2944578.25757784
2023-04-27 19:00:00+00:00,2944693.23610191
2023-04-27 20:00:00+00:00,2944975.09437002
2023-04-27 21:00:00+00:00,2944727.19608512
2023-04-27 22:00:00+00:00,2943143.63861252
2023-04-27 23:00:00+00:00,2944757.8099435703
2023-04-28 00:00:00+00:00,2944772.08314915
2023-04-28 01:00:00+00:00,2944784.64779202
2023-04-28 02:00:00+00:00,2944038.76632117
2023-04-28 03:00:00+00:00,2943472.04637883
2023-04-28 04:00:00+00:00,2943496.73782844
2023-04-28 05:00:00+00:00,2942514.14898572
2023-04-28 06:00:00+00:00,2946776.88816203
2023-04-28 07:00:00+00:00,2946914.2246124
2023-04-28 08:00:00+00:00,2947174.25891939
2023-04-28 09:00:00+00:00,2947123.36227334
2023-04-28 10:00:00+00:00,2947142.47945506
2023-04-28 11:00:00+00:00,2947222.75876948
2023-04-28 12:00:00+00:00,2946710.04993969
2023-04-28 13:00:00+00:00,2946703.79856387
2023-04-28 14:00:00+00:00,2946596.00129388
2023-04-28 15:00:00+00:00,2946645.32009776
2023-04-28 16:00:00+00:00,2948299.39166823
2023-04-28 17:00:00+00:00,2949056.19870843
2023-04-28 18:00:00+00:00,2949099.40298648
2023-04-28 19:00:00+00:00,2949045.88327534
2023-04-28 20:00:00+00:00,2947655.18110013
2023-04-28 21:00:00+00:00,2947596.14146703
2023-04-28 22:00:00+00:00,2948936.65144276
2023-04-28 23:00:00+00:00,2948959.13716474
2023-04-29 00:00:00+00:00,2950201.78998703
2023-04-29 01:00:00+00:00,2950299.99875437
2023-04-29 02:00:00+00:00,2950287.3232064103
2023-04-29 03:00:00+00:00,2950019.12081892
2023-04-29 04:00:00+00:00,2950073.73186472
2023-04-29 05:00:00+00:00,2950114.92752958
2023-04-29 06:00:00+00:00,2948443.53950043
2023-04-29 07:00:00+00:00,2948455.8850230603
2023-04-29 08:00:00+00:00,2948434.98544173
2023-04-29 09:00:00+00:00,2947507.14191428
2023-04-29 10:00:00+00:00,2947491.79280756
2023-04-29 11:00:00+00:00,2947358.31785588
2023-04-29 12:00:00+00:00,2947358.11503787
2023-04-29 13:00:00+00:00,2947377.5977762
2023-04-29 14:00:00+00:00,2947277.0138132
2023-04-29 15:00:00+00:00,2947260.85027548
2023-04-29 16:00:00+00:00,2947287.38315213
2023-04-29 17:00:00+00:00,2949027.28758184
2023-04-29 18:00:00+00:00,2948912.67635823
2023-04-29 19:00:00+00:00,2948949.71005482
2023-04-29 20:00:00+00:00,2948980.63161043
2023-04-29 21:00:00+00:00,2949010.25387234
2023-04-29 22:00:00+00:00,2949155.66623058
2023-04-29 23:00:00+00:00,2950158.64749125
2023-04-30 00:00:00+00:00,2950056.0742349
2023-04-30 01:00:00+00:00,2951183.71701448
2023-04-30 02:00:00+00:00,2951197.16610096
2023-04-30 03:00:00+00:00,2951176.05562567
2023-04-30 04:00:00+00:00,2951108.40596277
2023-04-30 05:00:00+00:00,2951156.6111244103
2023-04-30 06:00:00+00:00,2951182.13324499
2023-04-30 07:00:00+00:00,2951182.0579210003
2023-04-30 08:00:00+00:00,2951236.34502732
2023-04-30 09:00:00+00:00,2950152.84638114
2023-04-30 10:00:00+00:00,2951164.65084576
2023-04-30 11:00:00+00:00,2951208.27925744
2023-04-30 12:00:00+00:00,2951215.36429636
2023-04-30 13:00:00+00:00,2951189.68382829
2023-04-30 14:00:00+00:00,2951195.275013
2023-04-30 15:00:00+00:00,2951344.94097784
2023-04-30 16:00:00+00:00,2951391.46694238
2023-04-30 17:00:00+00:00,2951482.1823004503
2023-04-30 18:00:00+00:00,2951394.07261207
2023-04-30 19:00:00+00:00,2951504.3373224703
2023-04-30 20:00:00+00:00,2951507.02799913
2023-04-30 21:00:00+00:00,2951497.39665567
2023-04-30 22:00:00+00:00,2951453.11706262
2023-04-30 23:00:00+00:00,2952397.89927112
2023-05-01 00:00:00+00:00,2952437.89710323
2023-05-01 01:00:00+00:00,2952567.7800731403
2023-05-01 02:00:00+00:00,2952426.31231073
2023-05-01 03:00:00+00:00,2952582.196037
2023-05-01 04:00:00+00:00,2952751.50381602
2023-05-01 05:00:00+00:00,2953011.5104991603
2023-05-01 06:00:00+00:00,2952886.5501711
2023-05-01 07:00:00+00:00,2952782.52568749
2023-05-01 08:00:00+00:00,2952929.68817298
2023-05-01 09:00:00+00:00,2949714.99958006
2023-05-01 10:00:00+00:00,2949902.44188075
2023-05-01 11:00:00+00:00,2950002.1842159103
2023-05-01 12:00:00+00:00,2950052.79748757
2023-05-01 13:00:00+00:00,2950104.39457288
2023-05-01 14:00:00+00:00,2950345.61137325
2023-05-01 15:00:00+00:00,2950708.57037877
2023-05-01 16:00:00+00:00,2950711.0888262102
2023-05-01 17:00:00+00:00,2951746.81169023
2023-05-01 18:00:00+00:00,2951245.27234649
2023-05-01 19:00:00+00:00,2950489.33123147
2023-05-01 20:00:00+00:00,2949075.96184908
2023-05-01 21:00:00+00:00,2949172.60205338
2023-05-01 22:00:00+00:00,2949523.15167729
2023-05-01 23:00:00+00:00,2949925.94670079
2023-05-02 00:00:00+00:00,2950035.53060555
2023-05-02 01:00:00+00:00,2950064.22486873
2023-05-02 02:00:00+00:00,2950841.63638169
2023-05-02 03:00:00+00:00,2949840.10161635
2023-05-02 04:00:00+00:00,2949047.211728
2023-05-02 05:00:00+00:00,2948837.3501718
2023-05-02 06:00:00+00:00,2948840.37854231
2023-05-02 07:00:00+00:00,2947436.42212392
2023-05-02 08:00:00+00:00,2948976.23775282
2023-05-02 09:00:00+00:00,2947244.80862178
2023-05-02 10:00:00+00:00,2947336.84285068
2023-05-02 11:00:00+00:00,2947434.3216527
2023-05-02 12:00:00+00:00,2947485.3800986903
2023-05-02 13:00:00+00:00,2948594.70653748
2023-05-02 14:00:00+00:00,2948124.92841517
2023-05-02 15:00:00+00:00,2949979.60936986
2023-05-02 16:00:00+00:00,2947391.27054064
2023-05-02 17:00:00+00:00,2948183.55525508
2023-05-02 18:00:00+00:00,2948289.0280356603
2023-05-02 19:00:00+00:00,2948257.80962408
2023-05-02 20:00:00+00:00,2946752.51514709
2023-05-02 21:00:00+00:00,2947243.10394125
2023-05-02 22:00:00+00:00,2946277.3713073703
2023-05-02 23:00:00+00:00,2947731.75428963
2023-05-03 00:00:00+00:00,2948829.1752501
2023-05-03 01:00:00+00:00,2948833.78923411
2023-05-03 02:00:00+00:00,2948606.01548738
2023-05-03 03:00:00+00:00,2948542.86326904
2023-05-03 04:00:00+00:00,2948551.6995419
2023-05-03 05:00:00+00:00,2946777.21475211
2023-05-03 06:00:00+00:00,2946729.89037137
2023-05-03 07:00:00+00:00,2948133.7823623
2023-05-03 08:00:00+00:00,2948508.08217524
2023-05-03 09:00:00+00:00,2948492.60982779
2023-05-03 10:00:00+00:00,2948504.20784569
2023-05-03 11:00:00+00:00,2948560.18942729
2023-05-03 12:00:00+00:00,2948590.05468415
2023-05-03 13:00:00+00:00,2949511.28076684
2023-05-03 14:00:00+00:00,2948608.27153004
2023-05-03 15:00:00+00:00,2947357.6115634
2023-05-03 16:00:00+00:00,2947659.03206522
2023-05-03 17:00:00+00:00,2947691.4810865303
2023-05-03 18:00:00+00:00,2948741.73714711
2023-05-03 19:00:00+00:00,2947100.92040946
2023-05-03 20:00:00+00:00,2947496.76350424
2023-05-03 21:00:00+00:00,2947517.10205853
2023-05-03 22:00:00+00:00,2947425.11371748
2023-05-03 23:00:00+00:00,2946440.6272534
2023-05-04 00:00:00+00:00,2946417.2883493
2023-05-04 01:00:00+00:00,2947365.81586731
2023-05-04 02:00:00+00:00,2947283.8759014
2023-05-04 03:00:00+00:00,2947025.81403115
2023-05-04 04:00:00+00:00,2947638.28965398
2023-05-04 05:00:00+00:00,2947682.9329394
2023-05-04 06:00:00+00:00,2946116.9100847403
2023-05-04 07:00:00+00:00,2946120.68185091
2023-05-04 08:00:00+00:00,2944580.35461159
2023-05-04 09:00:00+00:00,2943509.88406142
2023-05-04 10:00:00+00:00,2943645.7734601
2023-05-04 11:00:00+00:00,2943651.5261423
2023-05-04 12:00:00+00:00,2943693.2226149403
2023-05-04 13:00:00+00:00,2943709.85153259
2023-05-04 14:00:00+00:00,2943508.40267154
2023-05-04 15:00:00+00:00,2942449.0751234
2023-05-04 16:00:00+00:00,2942441.0645129
2023-05-04 17:00:00+00:00,2941623.01105945
2023-05-04 18:00:00+00:00,2941398.24189083
2023-05-04 19:00:00+00:00,2939797.92259405
2023-05-04 20:00:00+00:00,2941511.0290577
2023-05-04 21:00:00+00:00,2943512.71681777
2023-05-04 22:00:00+00:00,2943548.57653278
2023-05-04 23:00:00+00:00,2943042.0051264
2023-05-05 00:00:00+00:00,2942883.88776597
2023-05-05 01:00:00+00:00,2943060.47151876
2023-05-05 02:00:00+00:00,2942844.44461893
2023-05-05 03:00:00+00:00,2943475.42067756
2023-05-05 04:00:00+00:00,2946022.13842317
2023-05-05 05:00:00+00:00,2946101.1521768603
2023-05-05 06:00:00+00:00,2946108.60227185
2023-05-05 07:00:00+00:00,2947059.16778822
2023-05-05 08:00:00+00:00,2948238.55812904
2023-05-05 09:00:00+00:00,2948680.23341039
2023-05-05 10:00:00+00:00,2948794.19003546
2023-05-05 11:00:00+00:00,2948476.65246339
2023-05-05 12:00:00+00:00,2948622.15621513
2023-05-05 13:00:00+00:00,2948252.64681844
2023-05-05 14:00:00+00:00,2948474.4926794902
2023-05-05 15:00:00+00:00,2948710.4024131
2023-05-05 16:00:00+00:00,2947007.94416981
2023-05-05 17:00:00+00:00,2948242.0462375702
2023-05-05 18:00:00+00:00,2948251.55642643
2023-05-05 19:00:00+00:00,2947813.43709951
2023-05-05 20:00:00+00:00,2949311.09820981
2023-05-05 21:00:00+00:00,2949283.85139381
2023-05-05 22:00:00+00:00,2949259.3978434
2023-05-05 23:00:00+00:00,2948391.80437695
2023-05-06 00:00:00+00:00,2948464.00491122
2023-05-06 01:00:00+00:00,2949823.97854145
2023-05-06 02:00:00+00:00,2949616.9440686502
2023-05-06 03:00:00+00:00,2949793.07723754
2023-05-06 04:00:00+00:00,2949755.72861818
2023-05-06 05:00:00+00:00,2950774.76372809
2023-05-06 06:00:00+00:00,2950906.59718016
2023-05-06 07:00:00+00:00,2949272.94772252
2023-05-06 08:00:00+00:00,2949005.69595461
2023-05-06 09:00:00+00:00,2947983.54627061
2023-05-06 10:00:00+00:00,2947770.11845039
2023-05-06 11:00:00+00:00,2947431.41858511
2023-05-06 12:00:00+00:00,2947413.67262956
2023-05-06 13:00:00+00:00,2947381.63681577
2023-05-06 14:00:00+00:00,2947319.34681116
2023-05-06 15:00:00+00:00,2947238.45495191
2023-05-06 16:00:00+00:00,2946130.50443009
2023-05-06 17:00:00+00:00,2946186.11482368
2023-05-06 18:00:00+00:00,2947304.11535011
2023-05-06 19:00:00+00:00,2947465.04228391
2023-05-06 20:00:00+00:00,2947493.77350287
2023-05-06 21:00:00+00:00,2947801.96498932
2023-05-06 22:00:00+00:00,2949957.00696488
2023-05-06 23:00:00+00:00,2949946.16168204
2023-05-07 00:00:00+00:00,2950002.42976959
2023-05-07 01:00:00+00:00,2949952.13557831
2023-05-07 02:00:00+00:00,2950045.7085048
2023-05-07 03:00:00+00:00,2949417.34710414
2023-05-07 04:00:00+00:00,2949533.0569976303
2023-05-07 05:00:00+00:00,2950604.48092292
2023-05-07 06:00:00+00:00,2950511.39169067
2023-05-07 07:00:00+00:00,2950556.3066121303
2023-05-07 08:00:00+00:00,2950577.0326159
2023-05-07 09:00:00+00:00,2951575.02227538
2023-05-07 10:00:00+00:00,2951619.09175432
2023-05-07 11:00:00+00:00,2950657.01212232
2023-05-07 12:00:00+00:00,2950682.19853417
2023-05-07 13:00:00+00:00,2952666.74496023
2023-05-07 14:00:00+00:00,2952707.99137102
2023-05-07 15:00:00+00:00,2952741.66966871
2023-05-07 16:00:00+00:00,2952727.80910058
2023-05-07 17:00:00+00:00,2952892.75847849
2023-05-07 18:00:00+00:00,2952877.2140078703
2023-05-07 19:00:00+00:00,2952959.39960003
2023-05-07 20:00:00+00:00,2953019.15725727
2023-05-07 21:00:00+00:00,2953070.16595727
2023-05-07 22:00:00+00:00,2953036.8849969
2023-05-07 23:00:00+00:00,2953160.40435694
2023-05-08 00:00:00+00:00,2953156.68845807
2023-05-08 01:00:00+00:00,2952832.15093652
2023-05-08 02:00:00+00:00,2952760.14576828
2023-05-08 03:00:00+00:00,2952821.12055592
2023-05-08 04:00:00+00:00,2954128.52481645
2023-05-08 05:00:00+00:00,2954106.25409437
2023-05-08 06:00:00+00:00,2953853.67568161
2023-05-08 07:00:00+00:00,2953797.4165937603
2023-05-08 08:00:00+00:00,2953865.73058274
2023-05-08 09:00:00+00:00,2953901.19092295
2023-05-08 10:00:00+00:00,2951659.71595179
2023-05-08 11:00:00+00:00,2951805.4973445903
2023-05-08 12:00:00+00:00,2951769.86546287
2023-05-08 13:00:00+00:00,2951769.86546287
2023-05-08 14:00:00+00:00,2951142.1459645
2023-05-08 15:00:00+00:00,2948619.4221834303
2023-05-08 16:00:00+00:00,2949242.15507177
2023-05-08 17:00:00+00:00,2948429.65468413
2023-05-08 18:00:00+00:00,2948540.61678549
2023-05-08 19:00:00+00:00,2947104.43516617
2023-05-08 20:00:00+00:00,2948695.12881333
2023-05-08 21:00:00+00:00,2948505.23198095
2023-05-08 22:00:00+00:00,2948579.00316736
2023-05-08 23:00:00+00:00,2946383.34727359
2023-05-09 00:00:00+00:00,2946581.32438542
2023-05-09 01:00:00+00:00,2946627.18286922
2023-05-09 02:00:00+00:00,2945419.19167443
2023-05-09 03:00:00+00:00,2945951.69368556
2023-05-09 04:00:00+00:00,2946005.82676666
2023-05-09 05:00:00+00:00,2947154.21530171
2023-05-09 06:00:00+00:00,2948320.45821014
2023-05-09 07:00:00+00:00,2948462.18632659
2023-05-09 08:00:00+00:00,2950505.99388035
2023-05-09 09:00:00+00:00,2949673.4817470103
2023-05-09 10:00:00+00:00,2949614.22492439
2023-05-09 11:00:00+00:00,2949776.78665775
2023-05-09 12:00:00+00:00,2949878.70007529
2023-05-09 13:00:00+00:00,2949380.59758578
2023-05-09 14:00:00+00:00,2948875.38318855
2023-05-09 15:00:00+00:00,2949159.82318427
2023-05-09 16:00:00+00:00,2948494.85460233
2023-05-09 17:00:00+00:00,2948551.84816645
2023-05-09 18:00:00+00:00,2948204.53252008
2023-05-09 19:00:00+00:00,2948138.9290627902
2023-05-09 20:00:00+00:00,2948348.08818117
2023-05-09 21:00:00+00:00,2948511.0106261102
2023-05-09 22:00:00+00:00,2948741.8000862203
2023-05-09 23:00:00+00:00,2948725.42993135
2023-05-10 00:00:00+00:00,2948707.05145155
2023-05-10 01:00:00+00:00,2948725.93084356
2023-05-10 02:00:00+00:00,2947487.30889678
2023-05-10 03:00:00+00:00,2947190.47360999
2023-05-10 04:00:00+00:00,2946972.16837384
2023-05-10 05:00:00+00:00,2946922.8252945403
2023-05-10 06:00:00+00:00,2949018.0160284103
2023-05-10 07:00:00+00:00,2949119.35951153
2023-05-10 08:00:00+00:00,2949062.79934313
2023-05-10 09:00:00+00:00,2948169.08924668
2023-05-10 10:00:00+00:00,2947601.62403498
2023-05-10 11:00:00+00:00,2947637.5882462403
2023-05-10 12:00:00+00:00,2946239.92011815
2023-05-10 13:00:00+00:00,2946006.66484563
2023-05-10 14:00:00+00:00,2945978.87716074
2023-05-10 15:00:00+00:00,2948595.3935663803
2023-05-10 16:00:00+00:00,2936513.62406846
2023-05-10 17:00:00+00:00,2936298.8103259
2023-05-10 18:00:00+00:00,2936482.05140131
2023-05-10 19:00:00+00:00,2936561.36432072
2023-05-10 20:00:00+00:00,2936583.66484917
2023-05-10 21:00:00+00:00,2936691.9774881
2023-05-10 22:00:00+00:00,2938029.00258866
2023-05-10 23:00:00+00:00,2937988.43607317
2023-05-11 00:00:00+00:00,2938115.62949072
2023-05-11 01:00:00+00:00,2938145.07336626
2023-05-11 02:00:00+00:00,2938207.2632330903
2023-05-11 03:00:00+00:00,2937877.78021387
2023-05-11 04:00:00+00:00,2937866.5234023603
2023-05-11 05:00:00+00:00,2937901.31894603
2023-05-11 06:00:00+00:00,2935615.51505013
2023-05-11 07:00:00+00:00,2935635.61637865
2023-05-11 08:00:00+00:00,2935681.38835999
2023-05-11 09:00:00+00:00,2935677.13128539
2023-05-11 10:00:00+00:00,2935465.83971347
2023-05-11 11:00:00+00:00,2935705.20146877
2023-05-11 12:00:00+00:00,2935952.84642154
2023-05-11 13:00:00+00:00,2936036.47085957
2023-05-11 14:00:00+00:00,2937192.70639696
2023-05-11 15:00:00+00:00,2938319.16287831
2023-05-11 16:00:00+00:00,2938319.16287831
2023-05-11 17:00:00+00:00,2938919.88159894
2023-05-11 18:00:00+00:00,2939778.74924072
2023-05-11 19:00:00+00:00,2937820.87093163
2023-05-11 20:00:00+00:00,2938766.32826622
2023-05-11 21:00:00+00:00,2939904.30749638
2023-05-11 22:00:00+00:00,2940075.4980328702
2023-05-11 23:00:00+00:00,2941900.3049545
2023-05-12 00:00:00+00:00,2943335.30301107
2023-05-12 01:00:00+00:00,2943882.63332605
2023-05-12 02:00:00+00:00,2943595.33029952
2023-05-12 03:00:00+00:00,2946711.28478082
2023-05-12 04:00:00+00:00,2946832.62017924
2023-05-12 05:00:00+00:00,2946853.15869825
2023-05-12 06:00:00+00:00,2947865.0173750003
2023-05-12 07:00:00+00:00,2948013.54028948
2023-05-12 08:00:00+00:00,2948076.56040722
2023-05-12 09:00:00+00:00,2948028.99080184
2023-05-12 10:00:00+00:00,2949038.98811629
2023-05-12 11:00:00+00:00,2948031.58104647
2023-05-12 12:00:00+00:00,2946843.50178411
2023-05-12 13:00:00+00:00,2947615.77847627
2023-05-12 14:00:00+00:00,2948903.16529899
2023-05-12 15:00:00+00:00,2947818.87439392
2023-05-12 16:00:00+00:00,2948786.55066435
2023-05-12 17:00:00+00:00,2948755.66874158
2023-05-12 18:00:00+00:00,2948810.70283203
2023-05-12 19:00:00+00:00,2949679.82829012
2023-05-12 20:00:00+00:00,2950762.2472092803
2023-05-12 21:00:00+00:00,2950743.94922789
2023-05-12 22:00:00+00:00,2951932.95330501
2023-05-12 23:00:00+00:00,2952098.60239719
2023-05-13 00:00:00+00:00,2951149.05931242
2023-05-13 01:00:00+00:00,2951169.45559521
2023-05-13 02:00:00+00:00,2951180.07241072
2023-05-13 03:00:00+00:00,2951223.15184293
2023-05-13 04:00:00+00:00,2951002.28200935
2023-05-13 05:00:00+00:00,2951061.48855993
2023-05-13 06:00:00+00:00,2951064.60683481
2023-05-13 07:00:00+00:00,2951092.39377166
2023-05-13 08:00:00+00:00,2952109.65180702
2023-05-13 09:00:00+00:00,2952019.74312373
2023-05-13 10:00:00+00:00,2952083.69689602
2023-05-13 11:00:00+00:00,2952074.4087382
2023-05-13 12:00:00+00:00,2951094.6076797303
2023-05-13 13:00:00+00:00,2952371.97734371
2023-05-13 14:00:00+00:00,2953459.6972246403
2023-05-13 15:00:00+00:00,2953416.63053117
2023-05-13 16:00:00+00:00,2951357.26255688
2023-05-13 17:00:00+00:00,2951482.28489198
2023-05-13 18:00:00+00:00,2951521.75110012
2023-05-13 19:00:00+00:00,2951644.91271804
2023-05-13 20:00:00+00:00,2952434.36010749
2023-05-13 21:00:00+00:00,2952503.69758189
2023-05-13 22:00:00+00:00,2952536.52709692
2023-05-13 23:00:00+00:00,2952624.68778215
2023-05-14 00:00:00+00:00,2952620.3058918403
2023-05-14 01:00:00+00:00,2951566.5935477
2023-05-14 02:00:00+00:00,2951455.54028682
2023-05-14 03:00:00+00:00,2951262.21525413
2023-05-14 04:00:00+00:00,2951272.69937211
2023-05-14 05:00:00+00:00,2951329.21423507
2023-05-14 06:00:00+00:00,2951376.15069611
2023-05-14 07:00:00+00:00,2950827.21821731
2023-05-14 08:00:00+00:00,2948946.16927734
2023-05-14 09:00:00+00:00,2948564.49086328
2023-05-14 10:00:00+00:00,2948565.4898126
2023-05-14 11:00:00+00:00,2949603.01057351
2023-05-14 12:00:00+00:00,2949829.20880041
2023-05-14 13:00:00+00:00,2949846.0538238003
2023-05-14 14:00:00+00:00,2949842.14767796
2023-05-14 15:00:00+00:00,2950955.20169336
2023-05-14 16:00:00+00:00,2950978.48027917
2023-05-14 17:00:00+00:00,2951074.37715192
2023-05-14 18:00:00+00:00,2950034.41628057
2023-05-14 19:00:00+00:00,2950073.47025535
2023-05-14 20:00:00+00:00,2950083.9660556703
2023-05-14 21:00:00+00:00,2950090.96405472
2023-05-14 22:00:00+00:00,2950116.17555464
2023-05-14 23:00:00+00:00,2950108.65753128
2023-05-15 00:00:00+00:00,2950210.96873136
2023-05-15 01:00:00+00:00,2950461.79309518
2023-05-15 02:00:00+00:00,2950215.43144632
2023-05-15 03:00:00+00:00,2948825.39215361
2023-05-15 04:00:00+00:00,2948815.36618695
2023-05-15 05:00:00+00:00,2948771.44404137
2023-05-15 06:00:00+00:00,2947633.55569044
2023-05-15 07:00:00+00:00,2947568.96419608
2023-05-15 08:00:00+00:00,2947573.21514866
2023-05-15 09:00:00+00:00,2947156.94510167
2023-05-15 10:00:00+00:00,2947220.06709838
2023-05-15 11:00:00+00:00,2946378.55106452
2023-05-15 12:00:00+00:00,2946467.71143857
2023-05-15 13:00:00+00:00,2946746.83051642
2023-05-15 14:00:00+00:00,2948095.30316461
2023-05-15 15:00:00+00:00,2945055.33538999
2023-05-15 16:00:00+00:00,2950128.60590003
2023-05-15 17:00:00+00:00,2950410.43682597
2023-05-15 18:00:00+00:00,2950601.09033728
2023-05-15 19:00:00+00:00,2950597.59532886
2023-05-15 20:00:00+00:00,2949638.4710152
2023-05-15 21:00:00+00:00,2949345.69659631
2023-05-15 22:00:00+00:00,2950746.69373978
2023-05-15 23:00:00+00:00,2949149.13996673
2023-05-16 00:00:00+00:00,2946943.33155311
2023-05-16 01:00:00+00:00,2947391.27088426
2023-05-16 02:00:00+00:00,2947678.64716847
2023-05-16 03:00:00+00:00,2945128.27500197
2023-05-16 04:00:00+00:00,2945127.20865661
2023-05-16 05:00:00+00:00,2945109.73410264
2023-05-16 06:00:00+00:00,2945977.26414149
2023-05-16 07:00:00+00:00,2947526.04622921
2023-05-16 08:00:00+00:00,2949145.67039641
2023-05-16 09:00:00+00:00,2948141.16690008
2023-05-16 10:00:00+00:00,2948862.69055076
2023-05-16 11:00:00+00:00,2948522.99782626
2023-05-16 12:00:00+00:00,2950011.28946043
2023-05-16 13:00:00+00:00,2950267.40399898
2023-05-16 14:00:00+00:00,2950353.04325475
2023-05-16 15:00:00+00:00,2944610.95345406
2023-05-16 16:00:00+00:00,2944778.82772955
2023-05-16 17:00:00+00:00,2944899.62234321
2023-05-16 18:00:00+00:00,2945888.63164461
2023-05-16 19:00:00+00:00,2945129.57640944
2023-05-16 20:00:00+00:00,2945247.35186449
2023-05-16 21:00:00+00:00,2945406.33835802
2023-05-16 22:00:00+00:00,2945277.31260892
2023-05-16 23:00:00+00:00,2943717.38442235
2023-05-17 00:00:00+00:00,2942567.99231353
2023-05-17 01:00:00+00:00,2942910.4136707103
2023-05-17 02:00:00+00:00,2943799.30955654
2023-05-17 03:00:00+00:00,2943059.65753634
2023-05-17 04:00:00+00:00,2943343.9988380102
2023-05-17 05:00:00+00:00,2944434.3135698102
2023-05-17 06:00:00+00:00,2944524.41912646
2023-05-17 07:00:00+00:00,2946004.48142864
2023-05-17 08:00:00+00:00,2946274.96139914
2023-05-17 09:00:00+00:00,2944240.32062325
2023-05-17 10:00:00+00:00,2944390.67282458
2023-05-17 11:00:00+00:00,2944506.09688959
2023-05-17 12:00:00+00:00,2944547.14644104
2023-05-17 13:00:00+00:00,2942997.74174832
2023-05-17 14:00:00+00:00,2943895.0426182603
2023-05-17 15:00:00+00:00,2944002.67013895
2023-05-17 16:00:00+00:00,2942517.6780937603
2023-05-17 17:00:00+00:00,2943307.60102717
2023-05-17 18:00:00+00:00,2943330.97470248
2023-05-17 19:00:00+00:00,2942382.90786046
2023-05-17 20:00:00+00:00,2942729.47461267
2023-05-17 21:00:00+00:00,2943898.9960939
2023-05-17 22:00:00+00:00,2943836.97513549
2023-05-17 23:00:00+00:00,2943865.33611914
2023-05-18 00:00:00+00:00,2943965.9951954703
2023-05-18 01:00:00+00:00,2944271.47910115
2023-05-18 02:00:00+00:00,2942614.99595778
2023-05-18 03:00:00+00:00,2941422.4949760702
2023-05-18 04:00:00+00:00,2941564.90736371
2023-05-18 05:00:00+00:00,2942491.0350048
2023-05-18 06:00:00+00:00,2942731.81039192
2023-05-18 07:00:00+00:00,2942846.92765056
2023-05-18 08:00:00+00:00,2942854.18824386
2023-05-18 09:00:00+00:00,2942624.95711587
2023-05-18 10:00:00+00:00,2942628.74425885
2023-05-18 11:00:00+00:00,2940955.384507
2023-05-18 12:00:00+00:00,2941155.45429415
2023-05-18 13:00:00+00:00,2941306.51855828
2023-05-18 14:00:00+00:00,2941349.65023095
2023-05-18 15:00:00+00:00,2941508.9759723702
2023-05-18 16:00:00+00:00,2941508.9759723702
2023-05-18 17:00:00+00:00,2941002.1414739
2023-05-18 18:00:00+00:00,2942157.91266304
2023-05-18 19:00:00+00:00,2942937.15123591
2023-05-18 20:00:00+00:00,2946346.8622371303
2023-05-18 21:00:00+00:00,2949444.57203681
2023-05-18 22:00:00+00:00,2949571.13045703
2023-05-18 23:00:00+00:00,2950067.35797825
2023-05-19 00:00:00+00:00,2950122.6052985
2023-05-19 01:00:00+00:00,2948864.43158995
2023-05-19 02:00:00+00:00,2948664.43318296
2023-05-19 03:00:00+00:00,2947539.9269772
2023-05-19 04:00:00+00:00,2947703.49496235
2023-05-19 05:00:00+00:00,2948758.89904062
2023-05-19 06:00:00+00:00,2948712.48727158
2023-05-19 07:00:00+00:00,2949327.70743687
2023-05-19 08:00:00+00:00,2949445.3687048
2023-05-19 09:00:00+00:00,2949206.30225074
2023-05-19 10:00:00+00:00,2949080.1880568
2023-05-19 11:00:00+00:00,2949192.35495853
2023-05-19 12:00:00+00:00,2949151.64207282
2023-05-19 13:00:00+00:00,2948243.41388379
2023-05-19 14:00:00+00:00,2947365.01352853
2023-05-19 15:00:00+00:00,2948581.6784073203
2023-05-19 16:00:00+00:00,2950987.74449003
2023-05-19 17:00:00+00:00,2949843.64948326
2023-05-19 18:00:00+00:00,2949834.46969838
2023-05-19 19:00:00+00:00,2949937.22741781
2023-05-19 20:00:00+00:00,2949223.65656929
2023-05-19 21:00:00+00:00,2950824.0698992503
2023-05-19 22:00:00+00:00,2951956.42017619
2023-05-19 23:00:00+00:00,2952974.94875878
2023-05-20 00:00:00+00:00,2951918.48054553
2023-05-20 01:00:00+00:00,2951961.93508712
2023-05-20 02:00:00+00:00,2951695.98863962
2023-05-20 03:00:00+00:00,2951679.61525171
2023-05-20 04:00:00+00:00,2951716.60720903
2023-05-20 05:00:00+00:00,2952855.36177419
2023-05-20 06:00:00+00:00,2952873.76803424
2023-05-20 07:00:00+00:00,2952875.74608933
2023-05-20 08:00:00+00:00,2952937.95941385
2023-05-20 09:00:00+00:00,2951669.68299548
2023-05-20 10:00:00+00:00,2951626.81594854
2023-05-20 11:00:00+00:00,2952648.3086731
2023-05-20 12:00:00+00:00,2952654.37578201
2023-05-20 13:00:00+00:00,2952668.5890338803
2023-05-20 14:00:00+00:00,2952709.42540787
2023-05-20 15:00:00+00:00,2952793.78283941
2023-05-20 16:00:00+00:00,2952831.64878477
2023-05-20 17:00:00+00:00,2952862.50252
2023-05-20 18:00:00+00:00,2952899.07996138
2023-05-20 19:00:00+00:00,2952929.49860278
2023-05-20 20:00:00+00:00,2953005.08961723
2023-05-20 21:00:00+00:00,2953038.4151361203
2023-05-20 22:00:00+00:00,2953120.16623188
2023-05-20 23:00:00+00:00,2953108.10941836
2023-05-21 00:00:00+00:00,2953248.79547451
2023-05-21 01:00:00+00:00,2952138.65719593
2023-05-21 02:00:00+00:00,2952172.30085626
2023-05-21 03:00:00+00:00,2951948.53801731
2023-05-21 04:00:00+00:00,2951972.6840265
2023-05-21 05:00:00+00:00,2951994.85824645
2023-05-21 06:00:00+00:00,2952044.01300548
2023-05-21 07:00:00+00:00,2952064.4530211203
2023-05-21 08:00:00+00:00,2953184.24390001
2023-05-21 09:00:00+00:00,2952914.20794168
2023-05-21 10:00:00+00:00,2952916.86003899
2023-05-21 11:00:00+00:00,2953007.88236762
2023-05-21 12:00:00+00:00,2952762.61742188
2023-05-21 13:00:00+00:00,2952816.8416638603
2023-05-21 14:00:00+00:00,2953889.58379482
2023-05-21 15:00:00+00:00,2952851.30454181
2023-05-21 16:00:00+00:00,2950464.295023
2023-05-21 17:00:00+00:00,2950696.7022594
2023-05-21 18:00:00+00:00,2952241.25469397
2023-05-21 19:00:00+00:00,2953356.06698811
2023-05-21 20:00:00+00:00,2953402.3696567
2023-05-21 21:00:00+00:00,2953559.12544948
2023-05-21 22:00:00+00:00,2952678.53129299
2023-05-21 23:00:00+00:00,2952901.44457697
2023-05-22 00:00:00+00:00,2953002.61582112
2023-05-22 01:00:00+00:00,2951534.01560382
2023-05-22 02:00:00+00:00,2951283.3560153
2023-05-22 03:00:00+00:00,2949571.77900324
2023-05-22 04:00:00+00:00,2949956.43325272
2023-05-22 05:00:00+00:00,2951153.01542007
2023-05-22 06:00:00+00:00,2951233.17571879
2023-05-22 07:00:00+00:00,2950271.06257309
2023-05-22 08:00:00+00:00,2950438.55309705
2023-05-22 09:00:00+00:00,2949206.10495471
2023-05-22 10:00:00+00:00,2949247.12093523
2023-05-22 11:00:00+00:00,2949274.69190852
2023-05-22 12:00:00+00:00,2950486.50895098
2023-05-22 13:00:00+00:00,2951771.2822824903
2023-05-22 14:00:00+00:00,2951415.39411928
2023-05-22 15:00:00+00:00,2951322.98953243
2023-05-22 16:00:00+00:00,2949307.48994218
2023-05-22 17:00:00+00:00,2950225.36347648
2023-05-22 18:00:00+00:00,2949123.0738767
2023-05-22 19:00:00+00:00,2949126.3452824103
2023-05-22 20:00:00+00:00,2949546.72971466
2023-05-22 21:00:00+00:00,2948568.7474258803
2023-05-22 22:00:00+00:00,2949689.41367443
2023-05-22 23:00:00+00:00,2948875.62113589
2023-05-23 00:00:00+00:00,2948872.12246447
2023-05-23 01:00:00+00:00,2948879.26137524
2023-05-23 02:00:00+00:00,2948629.32716886
2023-05-23 03:00:00+00:00,2949692.29830376
2023-05-23 04:00:00+00:00,2949631.9203108
2023-05-23 05:00:00+00:00,2950640.37160769
2023-05-23 06:00:00+00:00,2950190.32847057
2023-05-23 07:00:00+00:00,2950893.89422185
2023-05-23 08:00:00+00:00,2951458.83021939
2023-05-23 09:00:00+00:00,2950966.9694472
2023-05-23 10:00:00+00:00,2951008.54963306
2023-05-23 11:00:00+00:00,2951231.55255367
2023-05-23 12:00:00+00:00,2951231.55255367
2023-05-23 13:00:00+00:00,2949708.0182799
2023-05-23 14:00:00+00:00,2949624.4949113303
2023-05-23 15:00:00+00:00,2949974.77415216
2023-05-23 16:00:00+00:00,2951060.83543591
2023-05-23 17:00:00+00:00,2950157.07664822
2023-05-23 18:00:00+00:00,2949559.40586406
2023-05-23 19:00:00+00:00,2949930.04956351
2023-05-23 20:00:00+00:00,2949741.09115686
2023-05-23 21:00:00+00:00,2949651.08630807
2023-05-23 22:00:00+00:00,2949715.1400176203
2023-05-23 23:00:00+00:00,2949769.58647729
2023-05-24 00:00:00+00:00,2949756.62866161
2023-05-24 01:00:00+00:00,2951768.0054094
2023-05-24 02:00:00+00:00,2951707.47972458
2023-05-24 03:00:00+00:00,2950590.22567724
2023-05-24 04:00:00+00:00,2949325.72079459
2023-05-24 05:00:00+00:00,2949359.66064475
2023-05-24 06:00:00+00:00,2948745.12815245
2023-05-24 07:00:00+00:00,2948453.48735843
2023-05-24 08:00:00+00:00,2948202.79852586
2023-05-24 09:00:00+00:00,2949186.388229
2023-05-24 10:00:00+00:00,2949344.54947854
2023-05-24 11:00:00+00:00,2949382.62345547
2023-05-24 12:00:00+00:00,2949414.95878442
2023-05-24 13:00:00+00:00,2950419.40736479
2023-05-24 14:00:00+00:00,2949894.63553219
2023-05-24 15:00:00+00:00,2950932.66526737
2023-05-24 16:00:00+00:00,2950048.48820574
2023-05-24 17:00:00+00:00,2950316.52655182
2023-05-24 18:00:00+00:00,2949122.46801073
2023-05-24 19:00:00+00:00,2948769.4732068502
2023-05-24 20:00:00+00:00,2948867.3579527303
2023-05-24 21:00:00+00:00,2949214.98429136
2023-05-24 22:00:00+00:00,2950688.10062538
2023-05-24 23:00:00+00:00,2948383.93870153
2023-05-25 00:00:00+00:00,2948935.21427484
2023-05-25 01:00:00+00:00,2949045.71178879
2023-05-25 02:00:00+00:00,2947388.24361083
2023-05-25 03:00:00+00:00,2947229.40007767
2023-05-25 04:00:00+00:00,2947299.7554504
2023-05-25 05:00:00+00:00,2947399.50755923
2023-05-25 06:00:00+00:00,2947661.64181535
2023-05-25 07:00:00+00:00,2947243.9117929
2023-05-25 08:00:00+00:00,2947333.4016984203
2023-05-25 09:00:00+00:00,2949182.53933
2023-05-25 10:00:00+00:00,2949869.1421347703
2023-05-25 11:00:00+00:00,2949946.08468105
2023-05-25 12:00:00+00:00,2950328.7200401
2023-05-25 13:00:00+00:00,2950533.12672579
2023-05-25 14:00:00+00:00,2950518.9559911
2023-05-25 15:00:00+00:00,2949200.04074684
2023-05-25 16:00:00+00:00,2950015.92081125
2023-05-25 17:00:00+00:00,2950326.6153563
2023-05-25 18:00:00+00:00,2949426.20920747
2023-05-25 19:00:00+00:00,2944385.87038188
2023-05-25 20:00:00+00:00,2938423.96667503
2023-05-25 21:00:00+00:00,2939040.07621367
2023-05-25 22:00:00+00:00,2938930.71803494
2023-05-25 23:00:00+00:00,2938931.88932403
2023-05-26 00:00:00+00:00,2936618.96039885
2023-05-26 01:00:00+00:00,2936605.82701076
2023-05-26 02:00:00+00:00,2936771.81063159
2023-05-26 03:00:00+00:00,2937461.53319875
2023-05-26 04:00:00+00:00,2937473.71548232
2023-05-26 05:00:00+00:00,2937741.0619017603
2023-05-26 06:00:00+00:00,2937341.85967982
2023-05-26 07:00:00+00:00,2937766.03538278
2023-05-26 08:00:00+00:00,2936727.91247926
2023-05-26 09:00:00+00:00,2936050.03907798
2023-05-26 10:00:00+00:00,2935426.2635112503
2023-05-26 11:00:00+00:00,2936840.89886712
2023-05-26 12:00:00+00:00,2936872.5671129
2023-05-26 13:00:00+00:00,2935819.43081395
2023-05-26 14:00:00+00:00,2936657.7997885
2023-05-26 15:00:00+00:00,2938200.6294947
2023-05-26 16:00:00+00:00,2939518.19157746
2023-05-26 17:00:00+00:00,2941916.05173046
2023-05-26 18:00:00+00:00,2941198.49219198
2023-05-26 19:00:00+00:00,2941461.46040033
2023-05-26 20:00:00+00:00,2941567.64455108
2023-05-26 21:00:00+00:00,2943139.73852331
2023-05-26 22:00:00+00:00,2943197.4097467503
2023-05-26 23:00:00+00:00,2955035.69947202
2023-05-27 00:00:00+00:00,2954965.70957861
2023-05-27 01:00:00+00:00,2945290.01354219
2023-05-27 02:00:00+00:00,2945305.01366152
2023-05-27 03:00:00+00:00,2944959.6004418703
2023-05-27 04:00:00+00:00,2944938.11864448
2023-05-27 05:00:00+00:00,2944970.1094163703
2023-05-27 06:00:00+00:00,2945011.60421803
2023-05-27 07:00:00+00:00,2945183.6572687603
2023-05-27 08:00:00+00:00,2945180.15670799
2023-05-27 09:00:00+00:00,2944966.2325038
2023-05-27 10:00:00+00:00,2945069.11863254
2023-05-27 11:00:00+00:00,2942923.36600913
2023-05-27 12:00:00+00:00,2942938.31037681
2023-05-27 13:00:00+00:00,2944014.44964733
2023-05-27 14:00:00+00:00,2944252.02338759
2023-05-27 15:00:00+00:00,2944195.1968687503
2023-05-27 16:00:00+00:00,2944221.36092707
2023-05-27 17:00:00+00:00,2944296.17759386
2023-05-27 18:00:00+00:00,2944347.01627828
2023-05-27 19:00:00+00:00,2944353.1538094003
2023-05-27 20:00:00+00:00,2944299.59726299
2023-05-27 21:00:00+00:00,2943205.6544229803
2023-05-27 22:00:00+00:00,2944284.2724142303
2023-05-27 23:00:00+00:00,2944314.7698754403
2023-05-28 00:00:00+00:00,2943304.52856838
2023-05-28 01:00:00+00:00,2943443.97604843
2023-05-28 02:00:00+00:00,2943459.76378575
2023-05-28 03:00:00+00:00,2942135.67415852
2023-05-28 04:00:00+00:00,2940763.62599868
2023-05-28 05:00:00+00:00,2940795.76755913
2023-05-28 06:00:00+00:00,2940813.03255494
2023-05-28 07:00:00+00:00,2940806.90950226
2023-05-28 08:00:00+00:00,2940809.84373537
2023-05-28 09:00:00+00:00,2940820.0143434303
2023-05-28 10:00:00+00:00,2940838.70563363
2023-05-28 11:00:00+00:00,2940636.9183836603
2023-05-28 12:00:00+00:00,2940666.0922923503
2023-05-28 13:00:00+00:00,2941893.59899938
2023-05-28 14:00:00+00:00,2941936.2156669702
2023-05-28 15:00:00+00:00,2941860.32186674
2023-05-28 16:00:00+00:00,2941875.0440453403
2023-05-28 17:00:00+00:00,2941815.5678132
2023-05-28 18:00:00+00:00,2941772.41026513
2023-05-28 19:00:00+00:00,2941707.63285957
2023-05-28 20:00:00+00:00,2941833.22379409
2023-05-28 21:00:00+00:00,2941814.07060913
2023-05-28 22:00:00+00:00,2941534.37615915
2023-05-28 23:00:00+00:00,2941759.58456586
2023-05-29 00:00:00+00:00,2941912.37053131
2023-05-29 01:00:00+00:00,2941974.1355246003
2023-05-29 02:00:00+00:00,2942030.2130048103
2023-05-29 03:00:00+00:00,2942055.2569772
2023-05-29 04:00:00+00:00,2940857.46069373
2023-05-29 05:00:00+00:00,2940985.51925626
2023-05-29 06:00:00+00:00,2941061.00170533
2023-05-29 07:00:00+00:00,2929949.6241519502
2023-05-29 08:00:00+00:00,2929890.44922643
2023-05-29 09:00:00+00:00,2929565.58794494
2023-05-29 10:00:00+00:00,2929630.72206009
2023-05-29 11:00:00+00:00,2930295.68972317
2023-05-29 12:00:00+00:00,2930399.36208038
2023-05-29 13:00:00+00:00,2930448.06252685
2023-05-29 14:00:00+00:00,2929638.61918196
2023-05-29 15:00:00+00:00,2929725.02932556
2023-05-29 16:00:00+00:00,2929844.25253799
2023-05-29 17:00:00+00:00,2928868.3749348503
2023-05-29 18:00:00+00:00,2930296.62936421
2023-05-29 19:00:00+00:00,2931022.83475125
2023-05-29 20:00:00+00:00,2931005.01940773
2023-05-29 21:00:00+00:00,2930990.27437608
2023-05-29 22:00:00+00:00,2930124.39581435
2023-05-29 23:00:00+00:00,2930129.50514524
2023-05-30 00:00:00+00:00,2930136.98208985
2023-05-30 01:00:00+00:00,2930534.07061897
2023-05-30 02:00:00+00:00,2929422.13602434
2023-05-30 03:00:00+00:00,2929311.6812761
2023-05-30 04:00:00+00:00,2929381.2070026
2023-05-30 05:00:00+00:00,2929511.7775533
2023-05-30 06:00:00+00:00,2929600.5927969
2023-05-30 07:00:00+00:00,2929497.0147183603
2023-05-30 08:00:00+00:00,2929261.93553276
2023-05-30 09:00:00+00:00,2929120.93525224
2023-05-30 10:00:00+00:00,2929580.32052698
2023-05-30 11:00:00+00:00,2929518.5598534
2023-05-30 12:00:00+00:00,2930420.66600774
2023-05-30 13:00:00+00:00,2930445.03226412
2023-05-30 14:00:00+00:00,2930008.5687972503
2023-05-30 15:00:00+00:00,2928485.08304267
2023-05-30 16:00:00+00:00,2927693.11801178
2023-05-30 17:00:00+00:00,2926463.77133511
2023-05-30 18:00:00+00:00,2926282.66264055
2023-05-30 19:00:00+00:00,2925758.67117336
2023-05-30 20:00:00+00:00,2925140.68177674
2023-05-30 21:00:00+00:00,2924912.13889052
2023-05-30 22:00:00+00:00,2924104.4664232
2023-05-30 23:00:00+00:00,2915674.687142
2023-05-31 00:00:00+00:00,2917693.48276358
2023-05-31 01:00:00+00:00,2917913.18265683
2023-05-31 02:00:00+00:00,2917805.1972062
2023-05-31 03:00:00+00:00,2917807.26244478
2023-05-31 04:00:00+00:00,2919125.9514239
2023-05-31 05:00:00+00:00,2919019.50069765
2023-05-31 06:00:00+00:00,2920219.60819799
2023-05-31 07:00:00+00:00,2919966.79576561
2023-05-31 08:00:00+00:00,2920744.68370635
2023-05-31 09:00:00+00:00,2920952.4860230302
2023-05-31 10:00:00+00:00,2920451.51307935
2023-05-31 11:00:00+00:00,2920680.4234896703
2023-05-31 12:00:00+00:00,2919290.2353108
2023-05-31 13:00:00+00:00,2919212.27836166
2023-05-31 14:00:00+00:00,2920549.66436212
2023-05-31 15:00:00+00:00,2921279.78133065
2023-05-31 16:00:00+00:00,2917700.66658431
2023-05-31 17:00:00+00:00,2920107.91120717
2023-05-31 18:00:00+00:00,2921574.97467191
2023-05-31 19:00:00+00:00,2920300.29785089
2023-05-31 20:00:00+00:00,2919287.82894504
2023-05-31 21:00:00+00:00,2919271.22284439
2023-05-31 22:00:00+00:00,2918255.35215847
2023-05-31 23:00:00+00:00,2916169.73853411
2023-06-01 00:00:00+00:00,2919393.03740649
2023-06-01 01:00:00+00:00,2919806.4572051303
2023-06-01 02:00:00+00:00,2920077.55642209
2023-06-01 03:00:00+00:00,2918742.31137691
2023-06-01 04:00:00+00:00,2918909.2897744
2023-06-01 05:00:00+00:00,2917946.75938064
2023-06-01 06:00:00+00:00,2918096.12379642
2023-06-01 07:00:00+00:00,2918236.70988425
2023-06-01 08:00:00+00:00,2917967.27104057
2023-06-01 09:00:00+00:00,2915996.34158991
2023-06-01 10:00:00+00:00,2915979.49791581
2023-06-01 11:00:00+00:00,2915953.43293447
2023-06-01 12:00:00+00:00,2917008.52620441
2023-06-01 13:00:00+00:00,2915676.7867465
2023-06-01 14:00:00+00:00,2914893.51720143
2023-06-01 15:00:00+00:00,2917608.58508107
2023-06-01 16:00:00+00:00,2917684.30683196
2023-06-01 17:00:00+00:00,2917717.74834737
2023-06-01 18:00:00+00:00,2915536.00508809
2023-06-01 19:00:00+00:00,2915991.9594124
2023-06-01 20:00:00+00:00,2916056.8583076
2023-06-01 21:00:00+00:00,2917572.25672436
2023-06-01 22:00:00+00:00,2916922.74105939
2023-06-01 23:00:00+00:00,2917979.21870286
2023-06-02 00:00:00+00:00,2917831.9142198903
2023-06-02 01:00:00+00:00,2918092.71271507
2023-06-02 02:00:00+00:00,2918085.04737117
2023-06-02 03:00:00+00:00,2918195.35284398
2023-06-02 04:00:00+00:00,2921864.9476798503
2023-06-02 05:00:00+00:00,2921911.83196227
2023-06-02 06:00:00+00:00,2921757.67624693
2023-06-02 07:00:00+00:00,2923794.5596213
2023-06-02 08:00:00+00:00,2923829.57480628
2023-06-02 09:00:00+00:00,2924887.05054532
2023-06-02 10:00:00+00:00,2924843.59043336
2023-06-02 11:00:00+00:00,2924708.97321783
2023-06-02 12:00:00+00:00,2925022.2096050302
2023-06-02 13:00:00+00:00,2925034.28234556
2023-06-02 14:00:00+00:00,2925419.2866884503
2023-06-02 15:00:00+00:00,2926289.46577569
2023-06-02 16:00:00+00:00,2921786.66736304
2023-06-02 17:00:00+00:00,2920591.77320993
2023-06-02 18:00:00+00:00,2920613.51868203
2023-06-02 19:00:00+00:00,2920564.00775528
2023-06-02 20:00:00+00:00,2921632.1171887
2023-06-02 21:00:00+00:00,2922953.51362737
2023-06-02 22:00:00+00:00,2923195.54919491
2023-06-02 23:00:00+00:00,2924755.63026235
2023-06-03 00:00:00+00:00,2932375.06922183
2023-06-03 01:00:00+00:00,2933261.97240012
2023-06-03 02:00:00+00:00,2933307.27268796
2023-06-03 03:00:00+00:00,2945022.36806159
2023-06-03 04:00:00+00:00,2946041.4438375
2023-06-03 05:00:00+00:00,2943058.11546983
2023-06-03 06:00:00+00:00,2942047.26939363
2023-06-03 07:00:00+00:00,2943031.67317222
2023-06-03 08:00:00+00:00,2944050.80196644
2023-06-03 09:00:00+00:00,2943796.69616529
2023-06-03 10:00:00+00:00,2944813.7879245803
2023-06-03 11:00:00+00:00,2943704.47776692
2023-06-03 12:00:00+00:00,2944789.70300365
2023-06-03 13:00:00+00:00,2946049.60928476
2023-06-03 14:00:00+00:00,2946311.72750067
2023-06-03 15:00:00+00:00,2946291.36467832
2023-06-03 16:00:00+00:00,2948090.39755806
2023-06-03 17:00:00+00:00,2947955.35115076
2023-06-03 18:00:00+00:00,2946868.95547393
2023-06-03 19:00:00+00:00,2946773.77729529
2023-06-03 20:00:00+00:00,2946552.8771257
2023-06-03 21:00:00+00:00,2947992.92303281
2023-06-03 22:00:00+00:00,2948224.75674887
2023-06-03 23:00:00+00:00,2949987.16141375
2023-06-04 00:00:00+00:00,2949008.63260585
2023-06-04 01:00:00+00:00,2947987.64521356
2023-06-04 02:00:00+00:00,2947711.10915584
2023-06-04 03:00:00+00:00,2948761.39764434
2023-06-04 04:00:00+00:00,2948799.10685457
2023-06-04 05:00:00+00:00,2950002.19803906
2023-06-04 06:00:00+00:00,2948910.8520769
2023-06-04 07:00:00+00:00,2948921.8456919203
2023-06-04 08:00:00+00:00,2949966.02177239
2023-06-04 09:00:00+00:00,2949525.50833862
2023-06-04 10:00:00+00:00,2949667.06478411
2023-06-04 11:00:00+00:00,2949769.5703198
2023-06-04 12:00:00+00:00,2949797.04048594
2023-06-04 13:00:00+00:00,2949747.02311236
2023-06-04 14:00:00+00:00,2949700.96710426
2023-06-04 15:00:00+00:00,2949699.94685657
2023-06-04 16:00:00+00:00,2949730.49209681
2023-06-04 17:00:00+00:00,2949855.3189923
2023-06-04 18:00:00+00:00,2949895.73177983
2023-06-04 19:00:00+00:00,2950067.80619892
2023-06-04 20:00:00+00:00,2950134.89423902
2023-06-04 21:00:00+00:00,2949962.14855678
2023-06-04 22:00:00+00:00,2949960.10866484
2023-06-04 23:00:00+00:00,2948904.40694135
2023-06-05 00:00:00+00:00,2949011.26952265
2023-06-05 01:00:00+00:00,2949791.77724976
2023-06-05 02:00:00+00:00,2947645.65658314
2023-06-05 03:00:00+00:00,2947341.8011309
2023-06-05 04:00:00+00:00,2945910.37957877
2023-06-05 05:00:00+00:00,2945995.91988688
2023-06-05 06:00:00+00:00,2946167.96269639
2023-06-05 07:00:00+00:00,2945115.7159835
2023-06-05 08:00:00+00:00,2946109.2291670702
2023-06-05 09:00:00+00:00,2946560.50671541
2023-06-05 10:00:00+00:00,2945886.76737882
2023-06-05 11:00:00+00:00,2945008.53110743
2023-06-05 12:00:00+00:00,2946099.29082258
2023-06-05 13:00:00+00:00,2945026.6420769403
2023-06-05 14:00:00+00:00,2944351.6533474103
2023-06-05 15:00:00+00:00,2943805.59784326
2023-06-05 16:00:00+00:00,2945046.1429562
2023-06-05 17:00:00+00:00,2944120.44000152
2023-06-05 18:00:00+00:00,2944120.7979495903
2023-06-05 19:00:00+00:00,2943597.07591776
2023-06-05 20:00:00+00:00,2943365.23197356
2023-06-05 21:00:00+00:00,2943586.43200539
2023-06-05 22:00:00+00:00,2945011.4528351203
2023-06-05 23:00:00+00:00,2944381.136221
2023-06-06 00:00:00+00:00,2944839.1748265
2023-06-06 01:00:00+00:00,2942362.0159937902
2023-06-06 02:00:00+00:00,2942163.36540725
2023-06-06 03:00:00+00:00,2942254.40293033
2023-06-06 04:00:00+00:00,2942306.55787266
2023-06-06 05:00:00+00:00,2942379.57699863
2023-06-06 06:00:00+00:00,2942256.07171578
2023-06-06 07:00:00+00:00,2943318.72522589
2023-06-06 08:00:00+00:00,2943355.93439758
2023-06-06 09:00:00+00:00,2943834.94257735
2023-06-06 10:00:00+00:00,2942861.45408121
2023-06-06 11:00:00+00:00,2942806.87506268
2023-06-06 12:00:00+00:00,2944613.84903126
2023-06-06 13:00:00+00:00,2942051.39402395
2023-06-06 14:00:00+00:00,2941761.33576353
2023-06-06 15:00:00+00:00,2940983.47414445
2023-06-06 16:00:00+00:00,2943010.27020972
2023-06-06 17:00:00+00:00,2942767.03952314
2023-06-06 18:00:00+00:00,2943159.44078677
2023-06-06 19:00:00+00:00,2939988.01131855
2023-06-06 20:00:00+00:00,2941085.4134497503
2023-06-06 21:00:00+00:00,2943480.54577953
2023-06-06 22:00:00+00:00,2943182.02751699
2023-06-06 23:00:00+00:00,2942593.34992302
2023-06-07 00:00:00+00:00,2943086.55685443
2023-06-07 01:00:00+00:00,2942581.18308096
2023-06-07 02:00:00+00:00,2942827.12810306
2023-06-07 03:00:00+00:00,2943787.91230476
2023-06-07 04:00:00+00:00,2943753.8412324903
2023-06-07 05:00:00+00:00,2944836.84972552
2023-06-07 06:00:00+00:00,2945898.77143786
2023-06-07 07:00:00+00:00,2946232.19414258
2023-06-07 08:00:00+00:00,2946646.04219796
2023-06-07 09:00:00+00:00,2948598.2500022203
2023-06-07 10:00:00+00:00,2948857.6069008303
2023-06-07 11:00:00+00:00,2950567.95185874
2023-06-07 12:00:00+00:00,2950461.55406054
2023-06-07 13:00:00+00:00,2950770.94403757
2023-06-07 14:00:00+00:00,2950573.53597998
2023-06-07 15:00:00+00:00,2949315.34192843
2023-06-07 16:00:00+00:00,2952143.29392108
2023-06-07 17:00:00+00:00,2952638.49382039
2023-06-07 18:00:00+00:00,2952521.21676424
2023-06-07 19:00:00+00:00,2952595.98053826
2023-06-07 20:00:00+00:00,2952636.7441327
2023-06-07 21:00:00+00:00,2952790.72776609
2023-06-07 22:00:00+00:00,2953416.62939065
2023-06-07 23:00:00+00:00,2952407.82767832
2023-06-08 00:00:00+00:00,2952425.73609049
2023-06-08 01:00:00+00:00,2952437.46426251
2023-06-08 02:00:00+00:00,2952241.07259663
2023-06-08 03:00:00+00:00,2952514.00752404
2023-06-08 04:00:00+00:00,2952551.49188141
2023-06-08 05:00:00+00:00,2952991.04242766
2023-06-08 06:00:00+00:00,2951446.20778864
2023-06-08 07:00:00+00:00,2951542.1079072
2023-06-08 08:00:00+00:00,2949671.48486367
2023-06-08 09:00:00+00:00,2949843.99851469
2023-06-08 10:00:00+00:00,2949758.21590521
2023-06-08 11:00:00+00:00,2949686.25748152
2023-06-08 12:00:00+00:00,2949814.71646623
2023-06-08 13:00:00+00:00,2949798.59667234
2023-06-08 14:00:00+00:00,2949226.42478526
2023-06-08 15:00:00+00:00,2949359.6451372
2023-06-08 16:00:00+00:00,2949608.33346502
2023-06-08 17:00:00+00:00,2950289.01101183
2023-06-08 18:00:00+00:00,2951108.07547091
2023-06-08 19:00:00+00:00,2948011.57567839
2023-06-08 20:00:00+00:00,2948276.38658575
2023-06-08 21:00:00+00:00,2948612.9034461603
2023-06-08 22:00:00+00:00,2948634.3638385
2023-06-08 23:00:00+00:00,2948695.7582988
2023-06-09 00:00:00+00:00,2949738.06909562
2023-06-09 01:00:00+00:00,2949757.28023757
2023-06-09 02:00:00+00:00,2949689.85669658
2023-06-09 03:00:00+00:00,2948866.17628512
2023-06-09 04:00:00+00:00,2948888.34325481
2023-06-09 05:00:00+00:00,2948761.82274411
2023-06-09 06:00:00+00:00,2948727.06356868
2023-06-09 07:00:00+00:00,2948663.93001161
2023-06-09 08:00:00+00:00,2948112.23490061
2023-06-09 09:00:00+00:00,2947960.04436833
2023-06-09 10:00:00+00:00,2948295.58573797
2023-06-09 11:00:00+00:00,2950454.62407741
2023-06-09 12:00:00+00:00,2950782.9663366
2023-06-09 13:00:00+00:00,2950888.80388284
2023-06-09 14:00:00+00:00,2950814.76987147
2023-06-09 15:00:00+00:00,2950872.76815437
2023-06-09 16:00:00+00:00,2954835.30893397
2023-06-09 17:00:00+00:00,2954908.17467267
2023-06-09 18:00:00+00:00,2954849.15511889
2023-06-09 19:00:00+00:00,2954838.9750273903
2023-06-09 20:00:00+00:00,2953606.49542738
2023-06-09 21:00:00+00:00,2953683.18336577
2023-06-09 22:00:00+00:00,2953689.09109125
2023-06-09 23:00:00+00:00,2953740.92456434
2023-06-10 00:00:00+00:00,2953795.03226307
2023-06-10 01:00:00+00:00,2953769.40337972
2023-06-10 02:00:00+00:00,2953596.34954151
2023-06-10 03:00:00+00:00,2954116.3899107003
2023-06-10 04:00:00+00:00,2954250.75520452
2023-06-10 05:00:00+00:00,2954798.1058816803
2023-06-10 06:00:00+00:00,2955071.30577949
2023-06-10 07:00:00+00:00,2954342.08353962
2023-06-10 08:00:00+00:00,2955407.31544281
2023-06-10 09:00:00+00:00,2955441.28123545
2023-06-10 10:00:00+00:00,2955682.7108962
2023-06-10 11:00:00+00:00,2955848.61881721
2023-06-10 12:00:00+00:00,2955906.52607719
2023-06-10 13:00:00+00:00,2955913.18777451
2023-06-10 14:00:00+00:00,2956149.65030474
2023-06-10 15:00:00+00:00,2956245.34002275
2023-06-10 16:00:00+00:00,2956557.57477746
2023-06-10 17:00:00+00:00,2956536.1985636
2023-06-10 18:00:00+00:00,2956606.17007657
2023-06-10 19:00:00+00:00,2956773.39238561
2023-06-10 20:00:00+00:00,2957681.17977085
2023-06-10 21:00:00+00:00,2958137.01598105
2023-06-10 22:00:00+00:00,2958171.27750108
2023-06-10 23:00:00+00:00,2957193.19237927
2023-06-11 00:00:00+00:00,2957106.31361784
2023-06-11 01:00:00+00:00,2957390.03497362
2023-06-11 02:00:00+00:00,2957452.53532413
2023-06-11 03:00:00+00:00,2957334.06710662
2023-06-11 04:00:00+00:00,2955820.96091659
2023-06-11 05:00:00+00:00,2955969.68965002
2023-06-11 06:00:00+00:00,2956019.91582675
2023-06-11 07:00:00+00:00,2956954.95653223
2023-06-11 08:00:00+00:00,2957029.06874144
2023-06-11 09:00:00+00:00,2957015.32883625
2023-06-11 10:00:00+00:00,2956041.03913707
2023-06-11 11:00:00+00:00,2957029.54258677
2023-06-11 12:00:00+00:00,2957055.92258798
2023-06-11 13:00:00+00:00,2957091.12338157
2023-06-11 14:00:00+00:00,2957159.7495513503
2023-06-11 15:00:00+00:00,2956047.13218608
2023-06-11 16:00:00+00:00,2956061.1019259
2023-06-11 17:00:00+00:00,2956054.56662253
2023-06-11 18:00:00+00:00,2956041.56668038
2023-06-11 19:00:00+00:00,2956123.44241658
2023-06-11 20:00:00+00:00,2956066.52066159
2023-06-11 21:00:00+00:00,2956157.45540339
2023-06-11 22:00:00+00:00,2956179.07227456
2023-06-11 23:00:00+00:00,2955983.91123056
2023-06-12 00:00:00+00:00,2955932.67463974
2023-06-12 01:00:00+00:00,2955733.97046471
2023-06-12 02:00:00+00:00,2955174.13512472
2023-06-12 03:00:00+00:00,2954967.59022377
2023-06-12 04:00:00+00:00,2955069.47752092
2023-06-12 05:00:00+00:00,2953755.68278783
2023-06-12 06:00:00+00:00,2954153.65949255
2023-06-12 07:00:00+00:00,2955556.80020969
2023-06-12 08:00:00+00:00,2955848.64635735
2023-06-12 09:00:00+00:00,2953940.36923123
2023-06-12 10:00:00+00:00,2953724.1370202303
2023-06-12 11:00:00+00:00,2953692.6800783803
2023-06-12 12:00:00+00:00,2953636.19279551
2023-06-12 13:00:00+00:00,2954054.87285477
2023-06-12 14:00:00+00:00,2953802.58991798
2023-06-12 15:00:00+00:00,2950563.3265833203
2023-06-12 16:00:00+00:00,2954077.1645189603
2023-06-12 17:00:00+00:00,2954095.24056237
2023-06-12 18:00:00+00:00,2954157.45488331
2023-06-12 19:00:00+00:00,2954068.52259399
2023-06-12 20:00:00+00:00,2953182.53086249
2023-06-12 21:00:00+00:00,2954270.00095171
2023-06-12 22:00:00+00:00,2954780.52508505
2023-06-12 23:00:00+00:00,2954968.97406099
2023-06-13 00:00:00+00:00,2954956.02981361
2023-06-13 01:00:00+00:00,2954021.528706
2023-06-13 02:00:00+00:00,2954054.20642646
2023-06-13 03:00:00+00:00,2951398.2886469
2023-06-13 04:00:00+00:00,2951446.5883474
2023-06-13 05:00:00+00:00,2951499.4401954203
2023-06-13 06:00:00+00:00,2951386.62568714
2023-06-13 07:00:00+00:00,2951475.7800582102
2023-06-13 08:00:00+00:00,2951891.95896895
2023-06-13 09:00:00+00:00,2952729.36511716
2023-06-13 10:00:00+00:00,2952859.1363411
2023-06-13 11:00:00+00:00,2952697.67938879
2023-06-13 12:00:00+00:00,2952338.29155566
2023-06-13 13:00:00+00:00,2952682.57187066
2023-06-13 14:00:00+00:00,2953801.45014259
2023-06-13 15:00:00+00:00,2954114.18030283
2023-06-13 16:00:00+00:00,2954421.25134923
2023-06-13 17:00:00+00:00,2953109.221511
2023-06-13 18:00:00+00:00,2952059.98097992
2023-06-13 19:00:00+00:00,2952089.04117349
2023-06-13 20:00:00+00:00,2952091.14267952
2023-06-13 21:00:00+00:00,2952637.65493833
2023-06-13 22:00:00+00:00,2952721.0587412203
2023-06-13 23:00:00+00:00,2951566.01347531
2023-06-14 00:00:00+00:00,2951589.0783355
2023-06-14 01:00:00+00:00,2951706.97851367
2023-06-14 02:00:00+00:00,2951358.5199412103
2023-06-14 03:00:00+00:00,2951321.94685887
2023-06-14 04:00:00+00:00,2951282.42496852
2023-06-14 05:00:00+00:00,2952243.68595951
2023-06-14 06:00:00+00:00,2951329.46235968
2023-06-14 07:00:00+00:00,2951398.92162779
2023-06-14 08:00:00+00:00,2951444.09322704
2023-06-14 09:00:00+00:00,2952827.4944601
2023-06-14 10:00:00+00:00,2952833.3715458303
2023-06-14 11:00:00+00:00,2953065.80632135
2023-06-14 12:00:00+00:00,2952879.90556384
2023-06-14 13:00:00+00:00,2953579.92526823
2023-06-14 14:00:00+00:00,2953794.9018927403
2023-06-14 15:00:00+00:00,2953932.52967592
2023-06-14 16:00:00+00:00,2955128.03764315
2023-06-14 17:00:00+00:00,2954262.71751999
2023-06-14 18:00:00+00:00,2954315.72619985
2023-06-14 19:00:00+00:00,2952707.75395566
2023-06-14 20:00:00+00:00,2953935.1071539302
2023-06-14 21:00:00+00:00,2954909.56199046
2023-06-14 22:00:00+00:00,2956043.20487543
2023-06-14 23:00:00+00:00,2953258.8035199
2023-06-15 00:00:00+00:00,2953302.85748252
2023-06-15 01:00:00+00:00,2954064.26341506
2023-06-15 02:00:00+00:00,2954135.53823091
2023-06-15 03:00:00+00:00,2954320.85933619
2023-06-15 04:00:00+00:00,2954370.32103324
2023-06-15 05:00:00+00:00,2955233.88828872
2023-06-15 06:00:00+00:00,2954930.0219464903
2023-06-15 07:00:00+00:00,2953425.1389525
2023-06-15 08:00:00+00:00,2954635.17906271
2023-06-15 09:00:00+00:00,2955014.05592998
2023-06-15 10:00:00+00:00,2956145.02667184
2023-06-15 11:00:00+00:00,2953560.7421648502
2023-06-15 12:00:00+00:00,2953595.92562961
2023-06-15 13:00:00+00:00,2954668.05433588
2023-06-15 14:00:00+00:00,2954245.30976819
2023-06-15 15:00:00+00:00,2955745.51445592
2023-06-15 16:00:00+00:00,2957960.41200178
2023-06-15 17:00:00+00:00,2957025.08740378
2023-06-15 18:00:00+00:00,2957118.762434
2023-06-15 19:00:00+00:00,2956928.97912055
2023-06-15 20:00:00+00:00,2957891.2127257
2023-06-15 21:00:00+00:00,2956984.36451036
2023-06-15 22:00:00+00:00,2957228.87880214
2023-06-15 23:00:00+00:00,2956777.17884634
2023-06-16 00:00:00+00:00,2954419.11649787
2023-06-16 01:00:00+00:00,2953956.04016109
2023-06-16 02:00:00+00:00,2952543.14922734
2023-06-16 03:00:00+00:00,2953713.51561165
2023-06-16 04:00:00+00:00,2950280.23229095
2023-06-16 05:00:00+00:00,2950633.62074838
2023-06-16 06:00:00+00:00,2952001.55332252
2023-06-16 07:00:00+00:00,2951533.25038763
2023-06-16 08:00:00+00:00,2952855.35063793
2023-06-16 09:00:00+00:00,2954061.30058959
2023-06-16 10:00:00+00:00,2954419.620193
2023-06-16 11:00:00+00:00,2954302.98570877
2023-06-16 12:00:00+00:00,2952964.93991302
2023-06-16 13:00:00+00:00,2954064.84929938
2023-06-16 14:00:00+00:00,2956324.80290467
2023-06-16 15:00:00+00:00,2956600.22801945
2023-06-16 16:00:00+00:00,2957164.31157418
2023-06-16 17:00:00+00:00,2955787.08159316
2023-06-16 18:00:00+00:00,2955854.38141223
2023-06-16 19:00:00+00:00,2956805.29038882
2023-06-16 20:00:00+00:00,2958787.28826922
2023-06-16 21:00:00+00:00,2958941.81539955
2023-06-16 22:00:00+00:00,2960020.68846016
2023-06-16 23:00:00+00:00,2958592.27900777
2023-06-17 00:00:00+00:00,2958778.06212041
2023-06-17 01:00:00+00:00,2958785.6029277
2023-06-17 02:00:00+00:00,2958785.74493172
2023-06-17 03:00:00+00:00,2958814.34768244
2023-06-17 04:00:00+00:00,2958663.64525086
2023-06-17 05:00:00+00:00,2959112.80077655
2023-06-17 06:00:00+00:00,2960076.96601716
2023-06-17 07:00:00+00:00,2960090.05172983
2023-06-17 08:00:00+00:00,2960351.70112047
2023-06-17 09:00:00+00:00,2960140.75697221
2023-06-17 10:00:00+00:00,2959799.1402776903
2023-06-17 11:00:00+00:00,2959843.9305789103
2023-06-17 12:00:00+00:00,2959940.74133792
2023-06-17 13:00:00+00:00,2959741.73902625
2023-06-17 14:00:00+00:00,2959626.04038161
2023-06-17 15:00:00+00:00,2959324.283477
2023-06-17 16:00:00+00:00,2959151.30487418
2023-06-17 17:00:00+00:00,2958905.95692479
2023-06-17 18:00:00+00:00,2958849.86294274
2023-06-17 19:00:00+00:00,2957766.39481986
2023-06-17 20:00:00+00:00,2957875.9728482
2023-06-17 21:00:00+00:00,2957873.88170938
2023-06-17 22:00:00+00:00,2958184.28637844
2023-06-17 23:00:00+00:00,2958201.78241159
2023-06-18 00:00:00+00:00,2958275.02726018
2023-06-18 01:00:00+00:00,2958470.06714055
2023-06-18 02:00:00+00:00,2958502.6666082502
2023-06-18 03:00:00+00:00,2957016.98744979
2023-06-18 04:00:00+00:00,2957033.58124828
2023-06-18 05:00:00+00:00,2957021.54599291
2023-06-18 06:00:00+00:00,2956990.84729957
2023-06-18 07:00:00+00:00,2956896.40252968
2023-06-18 08:00:00+00:00,2958005.35612553
2023-06-18 09:00:00+00:00,2957735.61618775
2023-06-18 10:00:00+00:00,2956649.68526535
2023-06-18 11:00:00+00:00,2956804.52865026
2023-06-18 12:00:00+00:00,2956853.4662464103
2023-06-18 13:00:00+00:00,2956996.13852987
2023-06-18 14:00:00+00:00,2957020.21962921
2023-06-18 15:00:00+00:00,2957051.09490998
2023-06-18 16:00:00+00:00,2957177.62399968
2023-06-18 17:00:00+00:00,2957302.20583619
2023-06-18 18:00:00+00:00,2957346.05045465
2023-06-18 19:00:00+00:00,2957379.6060780003
2023-06-18 20:00:00+00:00,2958540.48789904
2023-06-18 21:00:00+00:00,2958489.70190195
2023-06-18 22:00:00+00:00,2958332.42621073
2023-06-18 23:00:00+00:00,2958501.15079945
2023-06-19 00:00:00+00:00,2958571.5611961503
2023-06-19 01:00:00+00:00,2958831.0760305403
2023-06-19 02:00:00+00:00,2958466.5615261
2023-06-19 03:00:00+00:00,2957357.45038781
2023-06-19 04:00:00+00:00,2957467.48761
2023-06-19 05:00:00+00:00,2957435.27335815
2023-06-19 06:00:00+00:00,2957423.04424437
2023-06-19 07:00:00+00:00,2958496.31243025
2023-06-19 08:00:00+00:00,2968642.6008234
2023-06-19 09:00:00+00:00,2967748.26303695
2023-06-19 10:00:00+00:00,2967580.65731902
2023-06-19 11:00:00+00:00,2967714.9496077
2023-06-19 12:00:00+00:00,2967981.2371318
2023-06-19 13:00:00+00:00,2968004.04027245
2023-06-19 14:00:00+00:00,2968241.34802629
2023-06-19 15:00:00+00:00,2968412.5010491
2023-06-19 16:00:00+00:00,2968320.78484322
2023-06-19 17:00:00+00:00,2967412.48786774
2023-06-19 18:00:00+00:00,2968594.947602
2023-06-19 19:00:00+00:00,2968407.79161293
2023-06-19 20:00:00+00:00,2968365.4862215
2023-06-19 21:00:00+00:00,2968365.4862215
2023-06-19 22:00:00+00:00,2969063.94617236
2023-06-19 23:00:00+00:00,2969092.45636984
2023-06-20 00:00:00+00:00,2969013.26837464
2023-06-20 01:00:00+00:00,2967963.8339088
2023-06-20 02:00:00+00:00,2967601.86122351
2023-06-20 03:00:00+00:00,2967670.93629205
2023-06-20 04:00:00+00:00,2968062.53690358
2023-06-20 05:00:00+00:00,2969292.35106191
2023-06-20 06:00:00+00:00,2968479.95898922
2023-06-20 07:00:00+00:00,2969287.41226753
2023-06-20 08:00:00+00:00,2969004.85635822
2023-06-20 09:00:00+00:00,2969005.85202476
2023-06-20 10:00:00+00:00,2968896.62706316
2023-06-20 11:00:00+00:00,2967571.17834647
2023-06-20 12:00:00+00:00,2967410.57207185
2023-06-20 13:00:00+00:00,2967044.90188064
2023-06-20 14:00:00+00:00,2967257.96803879
2023-06-20 15:00:00+00:00,2967000.904767
2023-06-20 16:00:00+00:00,2966983.9991201
2023-06-20 17:00:00+00:00,2968400.28487664
2023-06-20 18:00:00+00:00,2969557.63187929
2023-06-20 19:00:00+00:00,2970402.53230236
2023-06-20 20:00:00+00:00,2971800.07788068
2023-06-20 21:00:00+00:00,2971101.03163806
2023-06-20 22:00:00+00:00,2970848.78428069
2023-06-20 23:00:00+00:00,2969970.51601411
2023-06-21 00:00:00+00:00,2969504.62515152
2023-06-21 01:00:00+00:00,2969718.11398462
2023-06-21 02:00:00+00:00,2969567.83343813
2023-06-21 03:00:00+00:00,2969520.97700937
2023-06-21 04:00:00+00:00,2969747.47241116
2023-06-21 05:00:00+00:00,2969665.60551829
2023-06-21 06:00:00+00:00,2969340.32523406
2023-06-21 07:00:00+00:00,2969618.97216606
2023-06-21 08:00:00+00:00,2964865.66415014
2023-06-21 09:00:00+00:00,2964401.7329074102
2023-06-21 10:00:00+00:00,2965814.79347973
2023-06-21 11:00:00+00:00,2966349.59050836
2023-06-21 12:00:00+00:00,2965747.74969327
2023-06-21 13:00:00+00:00,2966953.78825615
2023-06-21 14:00:00+00:00,2966798.44639211
2023-06-21 15:00:00+00:00,2976176.69482202
2023-06-21 16:00:00+00:00,2974090.40016363
2023-06-21 17:00:00+00:00,2974039.77470303
2023-06-21 18:00:00+00:00,2972118.84162429
2023-06-21 19:00:00+00:00,2971955.83911102
2023-06-21 20:00:00+00:00,2970616.3921265
2023-06-21 21:00:00+00:00,2972063.82356517
2023-06-21 22:00:00+00:00,2972389.4267426003
2023-06-21 23:00:00+00:00,2972823.26498595
2023-06-22 00:00:00+00:00,2972683.23824518
2023-06-22 01:00:00+00:00,2972869.88688513
2023-06-22 02:00:00+00:00,2973183.33392268
2023-06-22 03:00:00+00:00,2973746.48922857
2023-06-22 04:00:00+00:00,2974284.39162464
2023-06-22 05:00:00+00:00,2972990.77306676
2023-06-22 06:00:00+00:00,2972905.01784676
2023-06-22 07:00:00+00:00,2972487.87171245
2023-06-22 08:00:00+00:00,2972276.2216472803
2023-06-22 09:00:00+00:00,2969623.19170722
2023-06-22 10:00:00+00:00,2970231.13985536
2023-06-22 11:00:00+00:00,2969253.12849509
2023-06-22 12:00:00+00:00,2968969.13947027
2023-06-22 13:00:00+00:00,2970419.67845838
2023-06-22 14:00:00+00:00,2971846.10952122
2023-06-22 15:00:00+00:00,2971073.21442905
2023-06-22 16:00:00+00:00,2978384.97316957
2023-06-22 17:00:00+00:00,2977241.47372303
2023-06-22 18:00:00+00:00,2978693.82051061
2023-06-22 19:00:00+00:00,2977701.72889745
2023-06-22 20:00:00+00:00,2979755.83835201
2023-06-22 21:00:00+00:00,2979531.72838292
2023-06-22 22:00:00+00:00,2978153.19812908
2023-06-22 23:00:00+00:00,2977885.7783623
2023-06-23 00:00:00+00:00,2977745.3284328203
2023-06-23 01:00:00+00:00,2977842.64378165
2023-06-23 02:00:00+00:00,2978001.32738835
2023-06-23 03:00:00+00:00,2979146.70853115
2023-06-23 04:00:00+00:00,2978792.7229835
2023-06-23 05:00:00+00:00,2979363.31740328
2023-06-23 06:00:00+00:00,2979452.86307319
2023-06-23 07:00:00+00:00,2977017.96088483
2023-06-23 08:00:00+00:00,2976710.16381486
2023-06-23 09:00:00+00:00,2977792.41235111
2023-06-23 10:00:00+00:00,2976539.9580711
2023-06-23 11:00:00+00:00,2977601.64679023
2023-06-23 12:00:00+00:00,2976872.04296309
2023-06-23 13:00:00+00:00,2976188.05834529
2023-06-23 14:00:00+00:00,2975512.15104784
2023-06-23 15:00:00+00:00,2977137.03916487
2023-06-23 16:00:00+00:00,2976878.53846455
2023-06-23 17:00:00+00:00,2975656.70611885
2023-06-23 18:00:00+00:00,2975412.78743727
2023-06-23 19:00:00+00:00,2986884.9106126702
2023-06-23 20:00:00+00:00,2986085.48698995
2023-06-23 21:00:00+00:00,2986067.014422
2023-06-23 22:00:00+00:00,2985552.61593208
2023-06-23 23:00:00+00:00,2986713.93963867
2023-06-24 00:00:00+00:00,2986713.44123967
2023-06-24 01:00:00+00:00,2986666.14864812
2023-06-24 02:00:00+00:00,2986689.11469499
2023-06-24 03:00:00+00:00,2988396.71859568
2023-06-24 04:00:00+00:00,2988519.93458384
2023-06-24 05:00:00+00:00,2988557.64856558
2023-06-24 06:00:00+00:00,2988568.80597024
2023-06-24 07:00:00+00:00,2988526.23790836
2023-06-24 08:00:00+00:00,2986014.84188766
2023-06-24 09:00:00+00:00,2986190.68477862
2023-06-24 10:00:00+00:00,2986126.45642264
2023-06-24 11:00:00+00:00,2984015.44042142
2023-06-24 12:00:00+00:00,2984186.20390814
2023-06-24 13:00:00+00:00,2984168.43290932
2023-06-24 14:00:00+00:00,2984092.27568466
2023-06-24 15:00:00+00:00,2982970.06989658
2023-06-24 16:00:00+00:00,2980529.12583347
2023-06-24 17:00:00+00:00,2981406.66209401
2023-06-24 18:00:00+00:00,2981490.59159755
2023-06-24 19:00:00+00:00,2982637.54985031
2023-06-24 20:00:00+00:00,2982696.76080925
2023-06-24 21:00:00+00:00,2982695.64500787
2023-06-24 22:00:00+00:00,2982617.80711518
2023-06-24 23:00:00+00:00,2981356.64583985
2023-06-25 00:00:00+00:00,2981369.69311627
2023-06-25 01:00:00+00:00,2981324.09641363
2023-06-25 02:00:00+00:00,2981346.48038953
2023-06-25 03:00:00+00:00,2981459.18892964
2023-06-25 04:00:00+00:00,2981128.96981336
2023-06-25 05:00:00+00:00,2981176.51517358
2023-06-25 06:00:00+00:00,2982143.48190425
2023-06-25 07:00:00+00:00,2982133.33960088
2023-06-25 08:00:00+00:00,2981229.92744562
2023-06-25 09:00:00+00:00,2980966.18771586
2023-06-25 10:00:00+00:00,2980902.10482964
2023-06-25 11:00:00+00:00,2980977.96237544
2023-06-25 12:00:00+00:00,2981042.66441118
2023-06-25 13:00:00+00:00,2981090.88160878
2023-06-25 14:00:00+00:00,2981491.92871835
2023-06-25 15:00:00+00:00,2981615.76774781
2023-06-25 16:00:00+00:00,2981755.8002542
2023-06-25 17:00:00+00:00,2981867.79478032
2023-06-25 18:00:00+00:00,2980808.32529669
2023-06-25 19:00:00+00:00,2981048.92458275
2023-06-25 20:00:00+00:00,2981065.93545304
2023-06-25 21:00:00+00:00,2982032.16215953
2023-06-25 22:00:00+00:00,2981991.20862142
2023-06-25 23:00:00+00:00,2981930.89468683
2023-06-26 00:00:00+00:00,2980962.52951188
2023-06-26 01:00:00+00:00,2979789.09914621
2023-06-26 02:00:00+00:00,2979655.58952946
2023-06-26 03:00:00+00:00,2980534.45549421
2023-06-26 04:00:00+00:00,2980296.46198877
2023-06-26 05:00:00+00:00,2981387.1994480803
2023-06-26 06:00:00+00:00,2979877.00051177
2023-06-26 07:00:00+00:00,2980178.69340237
2023-06-26 08:00:00+00:00,2981375.2676764
2023-06-26 09:00:00+00:00,2981321.4942545
2023-06-26 10:00:00+00:00,2983415.35509885
2023-06-26 11:00:00+00:00,2983550.44429819
2023-06-26 12:00:00+00:00,2984566.40000372
2023-06-26 13:00:00+00:00,2984504.27850139
2023-06-26 14:00:00+00:00,2986406.20518648
2023-06-26 15:00:00+00:00,2985728.34182832
2023-06-26 16:00:00+00:00,2984471.4787633303
2023-06-26 17:00:00+00:00,2984627.16414033
2023-06-26 18:00:00+00:00,2985761.1895743
2023-06-26 19:00:00+00:00,2986626.04761909
2023-06-26 20:00:00+00:00,2987365.3474256103
2023-06-26 21:00:00+00:00,2998730.40565028
2023-06-26 22:00:00+00:00,2998667.67701944
2023-06-26 23:00:00+00:00,2997784.0731744203
2023-06-27 00:00:00+00:00,2997830.3530648
2023-06-27 01:00:00+00:00,2997693.86944019
2023-06-27 02:00:00+00:00,2997677.03867115
2023-06-27 03:00:00+00:00,2995703.09213435
2023-06-27 04:00:00+00:00,2995883.16224939
2023-06-27 05:00:00+00:00,2996002.0475426
2023-06-27 06:00:00+00:00,2996101.20853246
2023-06-27 07:00:00+00:00,2995951.72446495
2023-06-27 08:00:00+00:00,2995929.6473516403
2023-06-27 09:00:00+00:00,2995698.2313444703
2023-06-27 10:00:00+00:00,2994749.22418716
2023-06-27 11:00:00+00:00,2993376.69553403
2023-06-27 12:00:00+00:00,2993428.24756632
2023-06-27 13:00:00+00:00,2993289.64050197
2023-06-27 14:00:00+00:00,2993940.06331084
2023-06-27 15:00:00+00:00,2992471.98353957
2023-06-27 16:00:00+00:00,2993017.53287731
2023-06-27 17:00:00+00:00,2994270.68038779
2023-06-27 18:00:00+00:00,2994235.69419251
2023-06-27 19:00:00+00:00,2994263.22111849
2023-06-27 20:00:00+00:00,2992450.69619668
2023-06-27 21:00:00+00:00,2993026.23795848
2023-06-27 22:00:00+00:00,2994444.03569591
2023-06-27 23:00:00+00:00,2995183.63623849
2023-06-28 00:00:00+00:00,2995353.45432532
2023-06-28 01:00:00+00:00,2995712.68882875
2023-06-28 02:00:00+00:00,2995570.46014892
2023-06-28 03:00:00+00:00,2995684.38097302
2023-06-28 04:00:00+00:00,2996010.69305437
2023-06-28 05:00:00+00:00,2995707.23360176
2023-06-28 06:00:00+00:00,2993674.88257295
2023-06-28 07:00:00+00:00,2993881.92641612
2023-06-28 08:00:00+00:00,2994252.96309275
2023-06-28 09:00:00+00:00,2993459.67019918
2023-06-28 10:00:00+00:00,2993455.56736592
2023-06-28 11:00:00+00:00,2993487.4846207
2023-06-28 12:00:00+00:00,2992524.40381978
2023-06-28 13:00:00+00:00,2991564.38633951
2023-06-28 14:00:00+00:00,2989965.42017975
2023-06-28 15:00:00+00:00,2990073.55087138
2023-06-28 16:00:00+00:00,2986891.84085446
2023-06-28 17:00:00+00:00,2987641.68659506
2023-06-28 18:00:00+00:00,2990786.44905808
2023-06-28 19:00:00+00:00,2992988.66258071
2023-06-28 20:00:00+00:00,2992988.66258071
2023-06-28 21:00:00+00:00,2993229.8396686
2023-06-28 22:00:00+00:00,2986742.48990764
2023-06-28 23:00:00+00:00,2987815.99044635
2023-06-29 00:00:00+00:00,2987864.95572555
2023-06-29 01:00:00+00:00,2986594.1041905503
2023-06-29 02:00:00+00:00,2987394.88133966
2023-06-29 03:00:00+00:00,2987056.25394756
2023-06-29 04:00:00+00:00,2987812.1674906
2023-06-29 05:00:00+00:00,2986941.37845589
2023-06-29 06:00:00+00:00,2986930.90938921
2023-06-29 07:00:00+00:00,2987080.82063117
2023-06-29 08:00:00+00:00,2987162.41966642
2023-06-29 09:00:00+00:00,2987091.91882513
2023-06-29 10:00:00+00:00,2987390.70305879
2023-06-29 11:00:00+00:00,2987387.3407657603
2023-06-29 12:00:00+00:00,2987659.60448885
2023-06-29 13:00:00+00:00,2986694.37839763
2023-06-29 14:00:00+00:00,2986680.28387374
2023-06-29 15:00:00+00:00,2985987.63955519
2023-06-29 16:00:00+00:00,2988698.77251108
2023-06-29 17:00:00+00:00,2988658.39299571
2023-06-29 18:00:00+00:00,2997360.87727278
2023-06-29 19:00:00+00:00,2996677.83079181
2023-06-29 20:00:00+00:00,2993071.85771598
2023-06-29 21:00:00+00:00,2991030.75323673
2023-06-29 22:00:00+00:00,2992746.56074568
2023-06-29 23:00:00+00:00,2990864.19073878
2023-06-30 00:00:00+00:00,2992022.04875477
2023-06-30 01:00:00+00:00,2991994.00724489
2023-06-30 02:00:00+00:00,2991757.8329116
2023-06-30 03:00:00+00:00,2990911.87771672
2023-06-30 04:00:00+00:00,2990933.79435738
2023-06-30 05:00:00+00:00,2988886.63596763
2023-06-30 06:00:00+00:00,2990737.81900195
2023-06-30 07:00:00+00:00,2990111.96707927
2023-06-30 08:00:00+00:00,2990041.05954469
2023-06-30 09:00:00+00:00,2990148.50304239
2023-06-30 10:00:00+00:00,2990334.32567749
2023-06-30 11:00:00+00:00,2991264.71033314
2023-06-30 12:00:00+00:00,2991947.17183876
2023-06-30 13:00:00+00:00,2990392.03280838
2023-06-30 14:00:00+00:00,2990471.2262672
2023-06-30 15:00:00+00:00,2991314.35366083
2023-06-30 16:00:00+00:00,2992677.9620715003
2023-06-30 17:00:00+00:00,2993111.18426514
2023-06-30 18:00:00+00:00,2992320.99875957
2023-06-30 19:00:00+00:00,2993317.13014233
2023-06-30 20:00:00+00:00,2996510.61936107
2023-06-30 21:00:00+00:00,2996123.3449638803
2023-06-30 22:00:00+00:00,2996482.01626899
2023-06-30 23:00:00+00:00,2995575.65594743
2023-07-01 00:00:00+00:00,2996086.83008193
2023-07-01 01:00:00+00:00,2996126.4454021403
2023-07-01 02:00:00+00:00,2996062.15390561
2023-07-01 03:00:00+00:00,2996822.48703453
2023-07-01 04:00:00+00:00,2996542.82712667
2023-07-01 05:00:00+00:00,2996544.52149631
2023-07-01 06:00:00+00:00,2999428.8141831
2023-07-01 07:00:00+00:00,2998515.38543055
2023-07-01 08:00:00+00:00,2998726.33670461
2023-07-01 09:00:00+00:00,2998456.61811832
2023-07-01 10:00:00+00:00,2998449.70272661
2023-07-01 11:00:00+00:00,2998423.5775988903
2023-07-01 12:00:00+00:00,2998406.02845176
2023-07-01 13:00:00+00:00,2998748.45721812
2023-07-01 14:00:00+00:00,2999046.18789776
2023-07-01 15:00:00+00:00,2999026.57112031
2023-07-01 16:00:00+00:00,2997120.17754104
2023-07-01 17:00:00+00:00,2997113.34165073
2023-07-01 18:00:00+00:00,2998388.6899917503
2023-07-01 19:00:00+00:00,2998425.55873126
2023-07-01 20:00:00+00:00,2997562.35482469
2023-07-01 21:00:00+00:00,2997294.77290425
2023-07-01 22:00:00+00:00,2997126.99394381
2023-07-01 23:00:00+00:00,2997307.55734725
2023-07-02 00:00:00+00:00,2997329.38257035
2023-07-02 01:00:00+00:00,2997247.86235934
2023-07-02 02:00:00+00:00,2997405.18054796
2023-07-02 03:00:00+00:00,2997257.21180868
2023-07-02 04:00:00+00:00,2997232.0153804403
2023-07-02 05:00:00+00:00,2997092.21893758
2023-07-02 06:00:00+00:00,2997522.77679221
2023-07-02 07:00:00+00:00,2997536.39824284
2023-07-02 08:00:00+00:00,2998075.36573947
2023-07-02 09:00:00+00:00,2997805.21586231
2023-07-02 10:00:00+00:00,2997807.75136592
2023-07-02 11:00:00+00:00,2997804.1481035003
2023-07-02 12:00:00+00:00,2997933.74945588
2023-07-02 13:00:00+00:00,2997918.2276825
2023-07-02 14:00:00+00:00,2998022.73803988
2023-07-02 15:00:00+00:00,2998156.70286143
2023-07-02 16:00:00+00:00,2997995.90500044
2023-07-02 17:00:00+00:00,2997903.12195054
2023-07-02 18:00:00+00:00,2997853.11713713
2023-07-02 19:00:00+00:00,2997886.63219407
2023-07-02 20:00:00+00:00,2997810.9725974
2023-07-02 21:00:00+00:00,2996455.77439692
2023-07-02 22:00:00+00:00,2996453.86675127
2023-07-02 23:00:00+00:00,2996611.94061896
2023-07-03 00:00:00+00:00,2996632.67603796
2023-07-03 01:00:00+00:00,2996568.6907635
2023-07-03 02:00:00+00:00,2997889.49203337
2023-07-03 03:00:00+00:00,2997934.19867157
2023-07-03 04:00:00+00:00,2997859.85754861
2023-07-03 05:00:00+00:00,2998371.0118560703
2023-07-03 06:00:00+00:00,2998414.95746492
2023-07-03 07:00:00+00:00,2997959.90253738
2023-07-03 08:00:00+00:00,2997671.52414846
2023-07-03 09:00:00+00:00,2997719.43875487
2023-07-03 10:00:00+00:00,2995915.43868875
2023-07-03 11:00:00+00:00,2995980.8413708
2023-07-03 12:00:00+00:00,2996071.61100102
2023-07-03 13:00:00+00:00,2996391.98096965
2023-07-03 14:00:00+00:00,2994933.25422984
2023-07-03 15:00:00+00:00,2996152.5455437503
2023-07-03 16:00:00+00:00,2996204.86153062
2023-07-03 17:00:00+00:00,2998169.69687994
2023-07-03 18:00:00+00:00,2998277.30862134
2023-07-03 19:00:00+00:00,2999634.89777136
2023-07-03 20:00:00+00:00,3000020.16288488
2023-07-03 21:00:00+00:00,2999933.7050287
2023-07-03 22:00:00+00:00,2995937.2318638503
2023-07-03 23:00:00+00:00,3000616.4524905
2023-07-04 00:00:00+00:00,2999612.12464424
2023-07-04 01:00:00+00:00,2999641.36691526
2023-07-04 02:00:00+00:00,2999613.00802928
2023-07-04 03:00:00+00:00,2999706.35357828
2023-07-04 04:00:00+00:00,2999745.28506682
2023-07-04 05:00:00+00:00,2999434.1945073903
2023-07-04 06:00:00+00:00,2999770.88325912
2023-07-04 07:00:00+00:00,2999649.91331016
2023-07-04 08:00:00+00:00,3000361.70804717
2023-07-04 09:00:00+00:00,2999902.28854979
2023-07-04 10:00:00+00:00,3000145.593863
2023-07-04 11:00:00+00:00,2999329.65461908
2023-07-04 12:00:00+00:00,2999264.35572879
2023-07-04 13:00:00+00:00,2999043.09558943
2023-07-04 14:00:00+00:00,2999274.27649167
2023-07-04 15:00:00+00:00,2999654.9617826203
2023-07-04 16:00:00+00:00,3000010.82463709
2023-07-04 17:00:00+00:00,2999966.19333242
2023-07-04 18:00:00+00:00,3000131.93583992
2023-07-04 19:00:00+00:00,3000249.65016074
2023-07-04 20:00:00+00:00,3000247.4980877
2023-07-04 21:00:00+00:00,3000249.7120482503
2023-07-04 22:00:00+00:00,3000181.87663907
2023-07-04 23:00:00+00:00,3000181.87663907
2023-07-05 00:00:00+00:00,3000183.30071239
2023-07-05 01:00:00+00:00,3000875.54385051
2023-07-05 02:00:00+00:00,3000486.06964744
2023-07-05 03:00:00+00:00,3000618.90615475
2023-07-05 04:00:00+00:00,3000668.15033249
2023-07-05 05:00:00+00:00,3000684.02793248
2023-07-05 06:00:00+00:00,3000822.86337119
2023-07-05 07:00:00+00:00,3000332.01547597
2023-07-05 08:00:00+00:00,3000316.61682427
2023-07-05 09:00:00+00:00,3000185.47877191
2023-07-05 10:00:00+00:00,3000453.35372829
2023-07-05 11:00:00+00:00,2999328.5761247003
2023-07-05 12:00:00+00:00,2999197.94477917
2023-07-05 13:00:00+00:00,2998401.10324202
2023-07-05 14:00:00+00:00,2999665.18210781
2023-07-05 15:00:00+00:00,2998725.19636834
2023-07-05 16:00:00+00:00,2998597.19711022
2023-07-05 17:00:00+00:00,2999547.31960737
2023-07-05 18:00:00+00:00,2999644.22613446
2023-07-05 19:00:00+00:00,2999624.352396
2023-07-05 20:00:00+00:00,2998743.26035246
2023-07-05 21:00:00+00:00,2999757.1722711
2023-07-05 22:00:00+00:00,2999763.3859519
2023-07-05 23:00:00+00:00,2999751.36619435
2023-07-06 00:00:00+00:00,2999758.82829317
2023-07-06 01:00:00+00:00,2999811.7086906503
2023-07-06 02:00:00+00:00,2999610.35663071
2023-07-06 03:00:00+00:00,2999567.20658075
2023-07-06 04:00:00+00:00,2999495.5730613
2023-07-06 05:00:00+00:00,2998645.30174871
2023-07-06 06:00:00+00:00,3005106.19288246
2023-07-06 07:00:00+00:00,3005072.84094829
2023-07-06 08:00:00+00:00,3005462.24488632
2023-07-06 09:00:00+00:00,3005510.98577314
2023-07-06 10:00:00+00:00,3005109.32700363
2023-07-06 11:00:00+00:00,3004957.01144552
2023-07-06 12:00:00+00:00,3005015.44858378
2023-07-06 13:00:00+00:00,3005040.67325172
2023-07-06 14:00:00+00:00,3005078.6498918203
2023-07-06 15:00:00+00:00,3004922.69263526
2023-07-06 16:00:00+00:00,3006414.7749651
2023-07-06 17:00:00+00:00,3005595.06781951
2023-07-06 18:00:00+00:00,3009870.9368638103
2023-07-06 19:00:00+00:00,3009864.4827854102
2023-07-06 20:00:00+00:00,3023945.79729494
2023-07-06 21:00:00+00:00,3024135.20274458
2023-07-06 22:00:00+00:00,3023672.67641452
2023-07-06 23:00:00+00:00,3023359.08575289
2023-07-07 00:00:00+00:00,3023497.68077404
2023-07-07 01:00:00+00:00,3023728.2091325
2023-07-07 02:00:00+00:00,3023358.76632425
2023-07-07 03:00:00+00:00,3023152.65467286
2023-07-07 04:00:00+00:00,3023278.53139802
2023-07-07 05:00:00+00:00,3023321.56324546
2023-07-07 06:00:00+00:00,3023446.42448859
2023-07-07 07:00:00+00:00,3023502.03882815
2023-07-07 08:00:00+00:00,3022127.24720891
2023-07-07 09:00:00+00:00,3021965.24856828
2023-07-07 10:00:00+00:00,3022073.16178818
2023-07-07 11:00:00+00:00,3022471.90258865
2023-07-07 12:00:00+00:00,3022522.6989351
2023-07-07 13:00:00+00:00,3021549.9067281
2023-07-07 14:00:00+00:00,3022734.0090731
2023-07-07 15:00:00+00:00,3022661.34784105
2023-07-07 16:00:00+00:00,3022683.34636352
2023-07-07 17:00:00+00:00,3024073.83659826
2023-07-07 18:00:00+00:00,3024705.05232509
2023-07-07 19:00:00+00:00,3023983.16442665
2023-07-07 20:00:00+00:00,3024862.15512584
2023-07-07 21:00:00+00:00,3024715.7888304503
2023-07-07 22:00:00+00:00,3026345.35160998
2023-07-07 23:00:00+00:00,3026452.19640118
2023-07-08 00:00:00+00:00,3026646.6062908
2023-07-08 01:00:00+00:00,3026648.9346126
2023-07-08 02:00:00+00:00,3026707.26796327
2023-07-08 03:00:00+00:00,3026254.31305506
2023-07-08 04:00:00+00:00,3026256.29499407
2023-07-08 05:00:00+00:00,3025819.3857658003
2023-07-08 06:00:00+00:00,3024406.49637144
2023-07-08 07:00:00+00:00,3024402.64014369
2023-07-08 08:00:00+00:00,3024398.21670142
2023-07-08 09:00:00+00:00,3022226.21920371
2023-07-08 10:00:00+00:00,3022260.57207685
2023-07-08 11:00:00+00:00,3022227.23949581
2023-07-08 12:00:00+00:00,3022237.09944838
2023-07-08 13:00:00+00:00,3022225.39364098
2023-07-08 14:00:00+00:00,3022134.42742375
2023-07-08 15:00:00+00:00,3022147.44960648
2023-07-08 16:00:00+00:00,3022080.98019922
2023-07-08 17:00:00+00:00,3022196.34970367
2023-07-08 18:00:00+00:00,3022179.40579465
2023-07-08 19:00:00+00:00,3022289.34825997
2023-07-08 20:00:00+00:00,3022236.64705138
2023-07-08 21:00:00+00:00,3022317.3617868302
2023-07-08 22:00:00+00:00,3023365.18564549
2023-07-08 23:00:00+00:00,3023385.90557811
2023-07-09 00:00:00+00:00,3023436.68767949
2023-07-09 01:00:00+00:00,3022379.12179168
2023-07-09 02:00:00+00:00,3023414.73784741
2023-07-09 03:00:00+00:00,3023392.82075476
2023-07-09 04:00:00+00:00,3021369.99338315
2023-07-09 05:00:00+00:00,3022236.32166615
2023-07-09 06:00:00+00:00,3021210.52160476
2023-07-09 07:00:00+00:00,3022267.02239001
2023-07-09 08:00:00+00:00,3021670.88923744
2023-07-09 09:00:00+00:00,3022555.2410319
2023-07-09 10:00:00+00:00,3022572.07182462
2023-07-09 11:00:00+00:00,3021645.54266694
2023-07-09 12:00:00+00:00,3021848.20152715
2023-07-09 13:00:00+00:00,3021812.24169128
2023-07-09 14:00:00+00:00,3022786.57081486
2023-07-09 15:00:00+00:00,3023665.72310529
2023-07-09 16:00:00+00:00,3022875.73102857
2023-07-09 17:00:00+00:00,3022937.6990369
2023-07-09 18:00:00+00:00,3022951.49024954
2023-07-09 19:00:00+00:00,3022918.53541852
2023-07-09 20:00:00+00:00,3022834.62045568
2023-07-09 21:00:00+00:00,3022836.75377801
2023-07-09 22:00:00+00:00,3022818.98033572
2023-07-09 23:00:00+00:00,3021666.47480447
2023-07-10 00:00:00+00:00,3021783.70409606
2023-07-10 01:00:00+00:00,3021782.13194272
2023-07-10 02:00:00+00:00,3021798.98946654
2023-07-10 03:00:00+00:00,3022426.7867810302
2023-07-10 04:00:00+00:00,3022897.83105177
2023-07-10 05:00:00+00:00,3025288.90404267
2023-07-10 06:00:00+00:00,3025260.48396359
2023-07-10 07:00:00+00:00,3025298.08640545
2023-07-10 08:00:00+00:00,3024215.49578198
2023-07-10 09:00:00+00:00,3023848.69836114
2023-07-10 10:00:00+00:00,3023907.91578839
2023-07-10 11:00:00+00:00,3024234.20760563
2023-07-10 12:00:00+00:00,3023364.62477506
2023-07-10 13:00:00+00:00,3023023.6595917502
2023-07-10 14:00:00+00:00,3023063.0392399803
2023-07-10 15:00:00+00:00,3023749.84417438
2023-07-10 16:00:00+00:00,3023012.5250052703
2023-07-10 17:00:00+00:00,3024063.56184105
2023-07-10 18:00:00+00:00,3026346.02403866
2023-07-10 19:00:00+00:00,3027406.13038673
2023-07-10 20:00:00+00:00,3027607.49596511
2023-07-10 21:00:00+00:00,3026747.52568548
2023-07-10 22:00:00+00:00,3027297.47464632
2023-07-10 23:00:00+00:00,3028309.35408757
2023-07-11 00:00:00+00:00,3029032.27642607
2023-07-11 01:00:00+00:00,3029100.71260952
2023-07-11 02:00:00+00:00,3029271.58364515
2023-07-11 03:00:00+00:00,3029557.72945096
2023-07-11 04:00:00+00:00,3029528.0244165203
2023-07-11 05:00:00+00:00,3029463.09937074
2023-07-11 06:00:00+00:00,3030512.22772604
2023-07-11 07:00:00+00:00,3030594.38174249
2023-07-11 08:00:00+00:00,3030766.7419117102
2023-07-11 09:00:00+00:00,3029772.81468825
2023-07-11 10:00:00+00:00,3031157.00254841
2023-07-11 11:00:00+00:00,3030831.41348575
2023-07-11 12:00:00+00:00,3031917.32916712
2023-07-11 13:00:00+00:00,3031873.18009288
2023-07-11 14:00:00+00:00,3031744.42162514
2023-07-11 15:00:00+00:00,3030563.28145112
2023-07-11 16:00:00+00:00,3032233.07787011
2023-07-11 17:00:00+00:00,3033307.05417589
2023-07-11 18:00:00+00:00,3033305.42926736
2023-07-11 19:00:00+00:00,3034348.60932485
2023-07-11 20:00:00+00:00,3034094.20402787
2023-07-11 21:00:00+00:00,3034232.90117044
2023-07-11 22:00:00+00:00,3033343.96875785
2023-07-11 23:00:00+00:00,3033337.68040941
2023-07-12 00:00:00+00:00,3033254.1336711203
2023-07-12 01:00:00+00:00,3034391.0208492503
2023-07-12 02:00:00+00:00,3033196.84549028
2023-07-12 03:00:00+00:00,3033926.02864476
2023-07-12 04:00:00+00:00,3033890.5780135603
2023-07-12 05:00:00+00:00,3033720.942966
2023-07-12 06:00:00+00:00,3033800.76254858
2023-07-12 07:00:00+00:00,3033843.0370473303
2023-07-12 08:00:00+00:00,3032724.78581528
2023-07-12 09:00:00+00:00,3032474.25513185
2023-07-12 10:00:00+00:00,3032644.95827499
2023-07-12 11:00:00+00:00,3031633.74888662
2023-07-12 12:00:00+00:00,3033357.79857375
2023-07-12 13:00:00+00:00,3032036.28625713
2023-07-12 14:00:00+00:00,3031841.28777923
2023-07-12 15:00:00+00:00,3033307.4659914
2023-07-12 16:00:00+00:00,3033293.63467778
2023-07-12 17:00:00+00:00,3032497.6404571
2023-07-12 18:00:00+00:00,3032730.90275048
2023-07-12 19:00:00+00:00,3029696.0630366
2023-07-12 20:00:00+00:00,3029740.19968261
2023-07-12 21:00:00+00:00,3030404.05161319
2023-07-12 22:00:00+00:00,3030256.22055201
2023-07-12 23:00:00+00:00,3030223.70125711
2023-07-13 00:00:00+00:00,3031293.91478217
2023-07-13 01:00:00+00:00,3030213.47428654
2023-07-13 02:00:00+00:00,3030166.84453381
2023-07-13 03:00:00+00:00,3029471.448706
2023-07-13 04:00:00+00:00,3029955.7824575403
2023-07-13 05:00:00+00:00,3029774.94768336
2023-07-13 06:00:00+00:00,3028738.32585893
2023-07-13 07:00:00+00:00,3028227.91233695
2023-07-13 08:00:00+00:00,3026964.0524512
2023-07-13 09:00:00+00:00,3028873.00805469
2023-07-13 10:00:00+00:00,3028060.8844013303
2023-07-13 11:00:00+00:00,3029221.68634722
2023-07-13 12:00:00+00:00,3029371.58547776
2023-07-13 13:00:00+00:00,3030607.01361592
2023-07-13 14:00:00+00:00,3031715.15337073
2023-07-13 15:00:00+00:00,3033886.76634609
2023-07-13 16:00:00+00:00,3032379.13194663
2023-07-13 17:00:00+00:00,3031005.28179217
2023-07-13 18:00:00+00:00,3030934.34115279
2023-07-13 19:00:00+00:00,3032484.94738201
2023-07-13 20:00:00+00:00,3029350.80837906
2023-07-13 21:00:00+00:00,3029552.28523377
2023-07-13 22:00:00+00:00,3030674.90776524
2023-07-13 23:00:00+00:00,3029282.81105965
2023-07-14 00:00:00+00:00,3029432.51133513
2023-07-14 01:00:00+00:00,3030450.83594558
2023-07-14 02:00:00+00:00,3029739.42178933
2023-07-14 03:00:00+00:00,3027815.5326509
2023-07-14 04:00:00+00:00,3027751.63773347
2023-07-14 05:00:00+00:00,3027663.20905163
2023-07-14 06:00:00+00:00,3027852.84723616
2023-07-14 07:00:00+00:00,3028092.1901542703
2023-07-14 08:00:00+00:00,3027958.68811734
2023-07-14 09:00:00+00:00,3030042.28917912
2023-07-14 10:00:00+00:00,3028976.9369921302
2023-07-14 11:00:00+00:00,3028649.97540175
2023-07-14 12:00:00+00:00,3028060.18468476
2023-07-14 13:00:00+00:00,3027665.2118341
2023-07-14 14:00:00+00:00,3025411.76834989
2023-07-14 15:00:00+00:00,3025276.36575355
2023-07-14 16:00:00+00:00,3024501.3363674
2023-07-14 17:00:00+00:00,3024398.10730087
2023-07-14 18:00:00+00:00,3026910.13944916
2023-07-14 19:00:00+00:00,3024363.4409876303
2023-07-14 20:00:00+00:00,3025033.64380431
2023-07-14 21:00:00+00:00,3025024.51277543
2023-07-14 22:00:00+00:00,3025024.51277543
2023-07-14 23:00:00+00:00,3022608.76210414
2023-07-15 00:00:00+00:00,3023144.13838332
2023-07-15 01:00:00+00:00,3024859.4867542502
2023-07-15 02:00:00+00:00,3025365.37543772
2023-07-15 03:00:00+00:00,3024370.49531551
2023-07-15 04:00:00+00:00,3024408.09840385
2023-07-15 05:00:00+00:00,3024389.52792501
2023-07-15 06:00:00+00:00,3024396.66686352
2023-07-15 07:00:00+00:00,3024444.52001365
2023-07-15 08:00:00+00:00,3024303.78869964
2023-07-15 09:00:00+00:00,3024241.75638753
2023-07-15 10:00:00+00:00,3024338.66472741
2023-07-15 11:00:00+00:00,3024361.0549333
2023-07-15 12:00:00+00:00,3024754.22061888
2023-07-15 13:00:00+00:00,3024723.50506048
2023-07-15 14:00:00+00:00,3024400.78192807
2023-07-15 15:00:00+00:00,3024543.44831356
2023-07-15 16:00:00+00:00,3024651.35836158
2023-07-15 17:00:00+00:00,3024674.42976151
2023-07-15 18:00:00+00:00,3024900.6433937
2023-07-15 19:00:00+00:00,3025035.63581005
2023-07-15 20:00:00+00:00,3024974.29147836
2023-07-15 21:00:00+00:00,3024998.6682646503
2023-07-15 22:00:00+00:00,3025128.65579106
2023-07-15 23:00:00+00:00,3025143.2303249403
2023-07-16 00:00:00+00:00,3026242.29423628
2023-07-16 01:00:00+00:00,3026254.4933931
2023-07-16 02:00:00+00:00,3026231.3277776903
2023-07-16 03:00:00+00:00,3026216.4559980603
2023-07-16 04:00:00+00:00,3026230.28855177
2023-07-16 05:00:00+00:00,3026243.23639246
2023-07-16 06:00:00+00:00,3024910.56497835
2023-07-16 07:00:00+00:00,3024920.21962142
2023-07-16 08:00:00+00:00,3024852.7961531
2023-07-16 09:00:00+00:00,3024599.3470498
2023-07-16 10:00:00+00:00,3024630.89891709
2023-07-16 11:00:00+00:00,3023842.75189064
2023-07-16 12:00:00+00:00,3023858.17972663
2023-07-16 13:00:00+00:00,3023857.06865896
2023-07-16 14:00:00+00:00,3023906.55002454
2023-07-16 15:00:00+00:00,3024462.60338962
2023-07-16 16:00:00+00:00,3024446.01802643
2023-07-16 17:00:00+00:00,3024418.76100829
2023-07-16 18:00:00+00:00,3024435.21922795
2023-07-16 19:00:00+00:00,3024426.37562069
2023-07-16 20:00:00+00:00,3023356.17824273
2023-07-16 21:00:00+00:00,3025488.57287808
2023-07-16 22:00:00+00:00,3025521.8000562103
2023-07-16 23:00:00+00:00,3025547.8455745
2023-07-17 00:00:00+00:00,3024498.22729827
2023-07-17 01:00:00+00:00,3024447.63483619
2023-07-17 02:00:00+00:00,3021309.73911412
2023-07-17 03:00:00+00:00,3021441.87527358
2023-07-17 04:00:00+00:00,3019957.68820256
2023-07-17 05:00:00+00:00,3019854.90731325
2023-07-17 06:00:00+00:00,3019937.89115092
2023-07-17 07:00:00+00:00,3018835.77319837
2023-07-17 08:00:00+00:00,3018172.36895725
2023-07-17 09:00:00+00:00,3017253.06568483
2023-07-17 10:00:00+00:00,3018458.8087533303
2023-07-17 11:00:00+00:00,3018563.96337582
2023-07-17 12:00:00+00:00,3017580.71903592
2023-07-17 13:00:00+00:00,3018675.72047747
2023-07-17 14:00:00+00:00,3017613.85484023
2023-07-17 15:00:00+00:00,3017771.68203077
2023-07-17 16:00:00+00:00,3015585.83263857
2023-07-17 17:00:00+00:00,3017335.65338362
2023-07-17 18:00:00+00:00,3017376.7637724
2023-07-17 19:00:00+00:00,3017357.34490772
2023-07-17 20:00:00+00:00,3016320.92107482
2023-07-17 21:00:00+00:00,3015995.61510935
2023-07-17 22:00:00+00:00,3016033.4624045203
2023-07-17 23:00:00+00:00,3015914.66851373
2023-07-18 00:00:00+00:00,3016996.55726723
2023-07-18 01:00:00+00:00,3016923.40433869
2023-07-18 02:00:00+00:00,3016947.77881061
2023-07-18 03:00:00+00:00,3016309.86922388
2023-07-18 04:00:00+00:00,3017536.65135514
2023-07-18 05:00:00+00:00,3017159.5539008
2023-07-18 06:00:00+00:00,3016429.25268877
2023-07-18 07:00:00+00:00,3016636.4285892
2023-07-18 08:00:00+00:00,3016870.14039794
2023-07-18 09:00:00+00:00,3016254.27011111
2023-07-18 10:00:00+00:00,3016311.4144289503
2023-07-18 11:00:00+00:00,3016324.3489973
2023-07-18 12:00:00+00:00,3015798.58720996
2023-07-18 13:00:00+00:00,3014759.21945875
2023-07-18 14:00:00+00:00,3013731.87615884
2023-07-18 15:00:00+00:00,3014263.51466156
2023-07-18 16:00:00+00:00,3011147.46178625
2023-07-18 17:00:00+00:00,3011537.3949219403
2023-07-18 18:00:00+00:00,3013592.5895900303
2023-07-18 19:00:00+00:00,3014748.49134256
2023-07-18 20:00:00+00:00,3014813.28262788
2023-07-18 21:00:00+00:00,3012998.44729335
2023-07-18 22:00:00+00:00,3014011.96401427
2023-07-18 23:00:00+00:00,3012757.82073333
2023-07-19 00:00:00+00:00,3013643.71307539
2023-07-19 01:00:00+00:00,3012657.59784708
2023-07-19 02:00:00+00:00,3013796.77431485
2023-07-19 03:00:00+00:00,3013912.85356072
2023-07-19 04:00:00+00:00,3013990.08813267
2023-07-19 05:00:00+00:00,3014386.19506669
2023-07-19 06:00:00+00:00,3014449.73634732
2023-07-19 07:00:00+00:00,3014166.70991832
2023-07-19 08:00:00+00:00,3018303.57790222
2023-07-19 09:00:00+00:00,3017789.49368045
2023-07-19 10:00:00+00:00,3017855.25723446
2023-07-19 11:00:00+00:00,3016706.78156176
2023-07-19 12:00:00+00:00,3016741.84080353
2023-07-19 13:00:00+00:00,3018774.80573822
2023-07-19 14:00:00+00:00,3020089.7854479803
2023-07-19 15:00:00+00:00,3020508.24527037
2023-07-19 16:00:00+00:00,3020549.08435057
2023-07-19 17:00:00+00:00,3020333.04190189
2023-07-19 18:00:00+00:00,3019613.02063078
2023-07-19 19:00:00+00:00,3019726.83113715
2023-07-19 20:00:00+00:00,3020228.38301966
2023-07-19 21:00:00+00:00,3020386.64024674
2023-07-19 22:00:00+00:00,3020386.07799171
2023-07-19 23:00:00+00:00,3020442.27819402
2023-07-20 00:00:00+00:00,3020354.17400722
2023-07-20 01:00:00+00:00,3021344.55382466
2023-07-20 02:00:00+00:00,3021115.9613248003
2023-07-20 03:00:00+00:00,3021163.93768727
2023-07-20 04:00:00+00:00,3021211.47267547
2023-07-20 05:00:00+00:00,3021245.40847476
2023-07-20 06:00:00+00:00,3020010.66154167
2023-07-20 07:00:00+00:00,3020836.02372652
2023-07-20 08:00:00+00:00,3020716.12508169
2023-07-20 09:00:00+00:00,3018237.54426862
2023-07-20 10:00:00+00:00,3019375.49435189
2023-07-20 11:00:00+00:00,3020035.2146235
2023-07-20 12:00:00+00:00,3018613.75763842
2023-07-20 13:00:00+00:00,3018873.1690717703
2023-07-20 14:00:00+00:00,3019872.82767054
2023-07-20 15:00:00+00:00,3019879.6747815
2023-07-20 16:00:00+00:00,3018741.05572963
2023-07-20 17:00:00+00:00,3016986.9302017502
2023-07-20 18:00:00+00:00,3017506.59639841
2023-07-20 19:00:00+00:00,3014365.30090119
2023-07-20 20:00:00+00:00,3014279.605302
2023-07-20 21:00:00+00:00,3013647.32736671
2023-07-20 22:00:00+00:00,3013507.35268525
2023-07-20 23:00:00+00:00,3013510.38039351
2023-07-21 00:00:00+00:00,3011366.27726718
2023-07-21 01:00:00+00:00,3011198.72207879
2023-07-21 02:00:00+00:00,3011298.0304406
2023-07-21 03:00:00+00:00,3010273.98674663
2023-07-21 04:00:00+00:00,3010271.75509255
2023-07-21 05:00:00+00:00,3010092.2863066
2023-07-21 06:00:00+00:00,3010096.00247323
2023-07-21 07:00:00+00:00,3010094.20695901
2023-07-21 08:00:00+00:00,3009326.08148386
2023-07-21 09:00:00+00:00,3010076.2954535503
2023-07-21 10:00:00+00:00,3011082.26811276
2023-07-21 11:00:00+00:00,3012189.29108336
2023-07-21 12:00:00+00:00,3012318.48289069
2023-07-21 13:00:00+00:00,3012344.59481955
2023-07-21 14:00:00+00:00,3013303.04192759
2023-07-21 15:00:00+00:00,3014381.87405407
2023-07-21 16:00:00+00:00,3015838.10660624
2023-07-21 17:00:00+00:00,3013628.6687824703
2023-07-21 18:00:00+00:00,3012773.29000596
2023-07-21 19:00:00+00:00,3013814.41986571
2023-07-21 20:00:00+00:00,3013798.96175859
2023-07-21 21:00:00+00:00,3012763.43974963
2023-07-21 22:00:00+00:00,3012864.35539596
2023-07-21 23:00:00+00:00,3013012.30918004
2023-07-22 00:00:00+00:00,3013000.58646631
2023-07-22 01:00:00+00:00,3012111.4469295302
2023-07-22 02:00:00+00:00,3012122.00604148
2023-07-22 03:00:00+00:00,3011572.94928852
2023-07-22 04:00:00+00:00,3011626.58366724
2023-07-22 05:00:00+00:00,3011608.02560412
2023-07-22 06:00:00+00:00,3011564.70488239
2023-07-22 07:00:00+00:00,3011584.90484404
2023-07-22 08:00:00+00:00,3011500.54088001
2023-07-22 09:00:00+00:00,3011215.52228996
2023-07-22 10:00:00+00:00,3011177.73488148
2023-07-22 11:00:00+00:00,3011000.8813733403
2023-07-22 12:00:00+00:00,3010953.10109059
2023-07-22 13:00:00+00:00,3011118.77747509
2023-07-22 14:00:00+00:00,3011100.53935605
2023-07-22 15:00:00+00:00,3011162.03096776
2023-07-22 16:00:00+00:00,3011601.3245939203
2023-07-22 17:00:00+00:00,3011615.52406966
2023-07-22 18:00:00+00:00,3011566.48272196
2023-07-22 19:00:00+00:00,3011582.32643342
2023-07-22 20:00:00+00:00,3011505.1653562803
2023-07-22 21:00:00+00:00,3011582.71565512
2023-07-22 22:00:00+00:00,3011052.8626875603
2023-07-22 23:00:00+00:00,3011106.70854247
2023-07-23 00:00:00+00:00,3011159.57032581
2023-07-23 01:00:00+00:00,3011112.01089808
2023-07-23 02:00:00+00:00,3011093.26853989
2023-07-23 03:00:00+00:00,3011011.77899585
2023-07-23 04:00:00+00:00,3011042.25582437
2023-07-23 05:00:00+00:00,3011018.31475285
2023-07-23 06:00:00+00:00,3011087.7812665203
2023-07-23 07:00:00+00:00,3011102.4133861
2023-07-23 08:00:00+00:00,3010970.54290649
2023-07-23 09:00:00+00:00,3010648.16189699
2023-07-23 10:00:00+00:00,3010651.18724597
2023-07-23 11:00:00+00:00,3011288.17819388
2023-07-23 12:00:00+00:00,3011310.55844761
2023-07-23 13:00:00+00:00,3011707.74920887
2023-07-23 14:00:00+00:00,3011735.11600604
2023-07-23 15:00:00+00:00,3011655.38262492
2023-07-23 16:00:00+00:00,3011847.32389866
2023-07-23 17:00:00+00:00,3011894.38895247
2023-07-23 18:00:00+00:00,3010918.05866199
2023-07-23 19:00:00+00:00,3011114.45419395
2023-07-23 20:00:00+00:00,3009224.22274223
2023-07-23 21:00:00+00:00,3010302.2259318
2023-07-23 22:00:00+00:00,3010374.67292722
2023-07-23 23:00:00+00:00,3010439.84254665
2023-07-24 00:00:00+00:00,3009439.0874098702
2023-07-24 01:00:00+00:00,3009493.16430635
2023-07-24 02:00:00+00:00,3008922.35532565
2023-07-24 03:00:00+00:00,3009581.3563321503
2023-07-24 04:00:00+00:00,3010611.47252463
2023-07-24 05:00:00+00:00,3010488.90093358
2023-07-24 06:00:00+00:00,3010666.96914688
2023-07-24 07:00:00+00:00,3010971.04913602
2023-07-24 08:00:00+00:00,3009838.89654176
2023-07-24 09:00:00+00:00,3009685.05640133
2023-07-24 10:00:00+00:00,3008643.32639657
2023-07-24 11:00:00+00:00,3008647.0430561
2023-07-24 12:00:00+00:00,3012893.54172866
2023-07-24 13:00:00+00:00,3012593.32758729
2023-07-24 14:00:00+00:00,3013029.74163546
2023-07-24 15:00:00+00:00,3011243.5433493103
2023-07-24 16:00:00+00:00,3012236.67789358
2023-07-24 17:00:00+00:00,3011272.67237837
2023-07-24 18:00:00+00:00,3012655.22938777
2023-07-24 19:00:00+00:00,3011348.16031448
2023-07-24 20:00:00+00:00,3011588.23116345
2023-07-24 21:00:00+00:00,3010783.97999683
2023-07-24 22:00:00+00:00,3011879.05018117
2023-07-24 23:00:00+00:00,3010134.7896089703
2023-07-25 00:00:00+00:00,3011214.7846537
2023-07-25 01:00:00+00:00,3009905.30487142
2023-07-25 02:00:00+00:00,3008693.52665147
2023-07-25 03:00:00+00:00,3008833.13007835
2023-07-25 04:00:00+00:00,3010911.83339433
2023-07-25 05:00:00+00:00,3009894.3352375003
2023-07-25 06:00:00+00:00,3010368.56372173
2023-07-25 07:00:00+00:00,3010399.92625254
2023-07-25 08:00:00+00:00,3009437.00330404
2023-07-25 09:00:00+00:00,3008513.67291113
2023-07-25 10:00:00+00:00,3008551.81499505
2023-07-25 11:00:00+00:00,3008725.21939129
2023-07-25 12:00:00+00:00,3008103.67414383
2023-07-25 13:00:00+00:00,3008004.99840811
2023-07-25 14:00:00+00:00,3008516.52263672
2023-07-25 15:00:00+00:00,3009067.04447348
2023-07-25 16:00:00+00:00,3007953.27510368
2023-07-25 17:00:00+00:00,3012689.01394367
2023-07-25 18:00:00+00:00,3011837.88751523
2023-07-25 19:00:00+00:00,3011117.7033321
2023-07-25 20:00:00+00:00,3012135.69417099
2023-07-25 21:00:00+00:00,3013288.08235522
2023-07-25 22:00:00+00:00,3013305.23349735
2023-07-25 23:00:00+00:00,3013285.93406375
2023-07-26 00:00:00+00:00,3012677.72763541
2023-07-26 01:00:00+00:00,3014231.45854682
2023-07-26 02:00:00+00:00,3014413.7111787302
2023-07-26 03:00:00+00:00,3014540.7237898502
2023-07-26 04:00:00+00:00,3014853.36203528
2023-07-26 05:00:00+00:00,3014680.88429785
2023-07-26 06:00:00+00:00,3013367.22091958
2023-07-26 07:00:00+00:00,3013460.73555786
2023-07-26 08:00:00+00:00,3013342.4166861
2023-07-26 09:00:00+00:00,3013166.74069041
2023-07-26 10:00:00+00:00,3013114.00002361
2023-07-26 11:00:00+00:00,3013173.05176789
2023-07-26 12:00:00+00:00,3012138.60604664
2023-07-26 13:00:00+00:00,3011226.1075501502
2023-07-26 14:00:00+00:00,3012374.2830888
2023-07-26 15:00:00+00:00,3012462.07894067
2023-07-26 16:00:00+00:00,3012689.11770819
2023-07-26 17:00:00+00:00,3013131.87401279
2023-07-26 18:00:00+00:00,3013001.30704856
2023-07-26 19:00:00+00:00,3012034.90021594
2023-07-26 20:00:00+00:00,3013180.8931244
2023-07-26 21:00:00+00:00,3013320.52210313
2023-07-26 22:00:00+00:00,3012056.51963765
2023-07-26 23:00:00+00:00,3010213.53837299
2023-07-27 00:00:00+00:00,3012341.2637795103
2023-07-27 01:00:00+00:00,3010246.4412693
2023-07-27 02:00:00+00:00,3011341.66955111
2023-07-27 03:00:00+00:00,3011122.82124509
2023-07-27 04:00:00+00:00,3011219.0714157103
2023-07-27 05:00:00+00:00,3011256.01971493
2023-07-27 06:00:00+00:00,3010135.66699081
2023-07-27 07:00:00+00:00,3010103.50587591
2023-07-27 08:00:00+00:00,3010123.62159997
2023-07-27 09:00:00+00:00,3011082.29432867
2023-07-27 10:00:00+00:00,3009703.06599805
2023-07-27 11:00:00+00:00,3010905.94322072
2023-07-27 12:00:00+00:00,3009931.82899271
2023-07-27 13:00:00+00:00,3014978.78131886
2023-07-27 14:00:00+00:00,3014087.34615641
2023-07-27 15:00:00+00:00,3013018.756205
2023-07-27 16:00:00+00:00,3014958.76167451
2023-07-27 17:00:00+00:00,3017351.04626473
2023-07-27 18:00:00+00:00,3019419.77517887
2023-07-27 19:00:00+00:00,3017935.03590256
2023-07-27 20:00:00+00:00,3018043.04801323
2023-07-27 21:00:00+00:00,3018123.4274453702
2023-07-27 22:00:00+00:00,3017870.43928436
2023-07-27 23:00:00+00:00,3017962.01846376
2023-07-28 00:00:00+00:00,3018121.86248638
2023-07-28 01:00:00+00:00,3018157.39892053
2023-07-28 02:00:00+00:00,3018121.17200683
2023-07-28 03:00:00+00:00,3017962.44487959
2023-07-28 04:00:00+00:00,3017559.53794341
2023-07-28 05:00:00+00:00,3017638.35216968
2023-07-28 06:00:00+00:00,3017611.50797768
2023-07-28 07:00:00+00:00,3017655.97009687
2023-07-28 08:00:00+00:00,3017755.94341577
2023-07-28 09:00:00+00:00,3016557.09638334
2023-07-28 10:00:00+00:00,3016717.64558808
2023-07-28 11:00:00+00:00,3017760.73172791
2023-07-28 12:00:00+00:00,3017892.8823526
2023-07-28 13:00:00+00:00,3017895.27214468
2023-07-28 14:00:00+00:00,3017746.17422521
2023-07-28 15:00:00+00:00,3016951.5170741603
2023-07-28 16:00:00+00:00,3016444.7405228303
2023-07-28 17:00:00+00:00,3016299.7665251
2023-07-28 18:00:00+00:00,3017962.5219105403
2023-07-28 19:00:00+00:00,3017801.62917432
2023-07-28 20:00:00+00:00,3018039.3162707
2023-07-28 21:00:00+00:00,3016136.0545184403
2023-07-28 22:00:00+00:00,3016277.20261124
2023-07-28 23:00:00+00:00,3016271.48381519
2023-07-29 00:00:00+00:00,3015644.76933783
2023-07-29 01:00:00+00:00,3015540.16977632
2023-07-29 02:00:00+00:00,3015733.51941098
2023-07-29 03:00:00+00:00,3014727.31250105
2023-07-29 04:00:00+00:00,3015909.55881494
2023-07-29 05:00:00+00:00,3015907.53521182
2023-07-29 06:00:00+00:00,3015954.35050358
2023-07-29 07:00:00+00:00,3014840.72850376
2023-07-29 08:00:00+00:00,3015903.91952923
2023-07-29 09:00:00+00:00,3014704.17755654
2023-07-29 10:00:00+00:00,3014856.35183113
2023-07-29 11:00:00+00:00,3014716.04672671
2023-07-29 12:00:00+00:00,3014568.40638566
2023-07-29 13:00:00+00:00,3015644.90807429
2023-07-29 14:00:00+00:00,3017043.30154455
2023-07-29 15:00:00+00:00,3017183.95938351
2023-07-29 16:00:00+00:00,3016203.0342917102
2023-07-29 17:00:00+00:00,3017237.14584811
2023-07-29 18:00:00+00:00,3017242.5314844702
2023-07-29 19:00:00+00:00,3016207.5642283102
2023-07-29 20:00:00+00:00,3015058.04196966
2023-07-29 21:00:00+00:00,3015098.55186394
2023-07-29 22:00:00+00:00,3016229.16386905
2023-07-29 23:00:00+00:00,3016229.8350598
2023-07-30 00:00:00+00:00,3015250.66953824
2023-07-30 01:00:00+00:00,3016411.56423169
2023-07-30 02:00:00+00:00,3016321.96702366
2023-07-30 03:00:00+00:00,3016245.4325989
2023-07-30 04:00:00+00:00,3016156.95834398
2023-07-30 05:00:00+00:00,3016321.19365763
2023-07-30 06:00:00+00:00,3016138.62817023
2023-07-30 07:00:00+00:00,3016139.25678932
2023-07-30 08:00:00+00:00,3016365.7618783503
2023-07-30 09:00:00+00:00,3015126.16602431
2023-07-30 10:00:00+00:00,3014944.20880919
2023-07-30 11:00:00+00:00,3015080.8168484
2023-07-30 12:00:00+00:00,3015965.34370573
2023-07-30 13:00:00+00:00,3016236.19538058
2023-07-30 14:00:00+00:00,3017106.72868502
2023-07-30 15:00:00+00:00,3016409.52494018
2023-07-30 16:00:00+00:00,3016426.44354486
2023-07-30 17:00:00+00:00,3016328.96402262
2023-07-30 18:00:00+00:00,3014435.10769872
2023-07-30 19:00:00+00:00,3015511.70595418
2023-07-30 20:00:00+00:00,3015425.74248295
2023-07-30 21:00:00+00:00,3014395.76223015
2023-07-30 22:00:00+00:00,3014433.65100525
2023-07-30 23:00:00+00:00,3014467.03549712
2023-07-31 00:00:00+00:00,3015425.46424337
2023-07-31 01:00:00+00:00,3015443.12179311
2023-07-31 02:00:00+00:00,3014216.3350226902
2023-07-31 03:00:00+00:00,3014312.7660964
2023-07-31 04:00:00+00:00,3015215.0929155
2023-07-31 05:00:00+00:00,3015116.6255267803
2023-07-31 06:00:00+00:00,3015521.86081143
2023-07-31 07:00:00+00:00,3016855.68227745
2023-07-31 08:00:00+00:00,3016695.12035564
2023-07-31 09:00:00+00:00,3015553.7144040302
2023-07-31 10:00:00+00:00,3014579.5652192603
2023-07-31 11:00:00+00:00,3016524.47108316
2023-07-31 12:00:00+00:00,3017564.64950844
2023-07-31 13:00:00+00:00,3018063.2896729102
2023-07-31 14:00:00+00:00,3017956.55615139
2023-07-31 15:00:00+00:00,3018110.97139703
2023-07-31 16:00:00+00:00,3018536.1423088303
2023-07-31 17:00:00+00:00,3019122.6217236
2023-07-31 18:00:00+00:00,3019299.27226864
2023-07-31 19:00:00+00:00,3018879.03480828
2023-07-31 20:00:00+00:00,3018991.19064164
2023-07-31 21:00:00+00:00,3018511.20964068
2023-07-31 22:00:00+00:00,3019629.34061172
2023-07-31 23:00:00+00:00,3019639.12699675
2023-08-01 00:00:00+00:00,3019720.34979052
2023-08-01 01:00:00+00:00,3019500.2493119203
2023-08-01 02:00:00+00:00,3018202.87831498
2023-08-01 03:00:00+00:00,3018889.8270397
2023-08-01 04:00:00+00:00,3018787.28592671
2023-08-01 05:00:00+00:00,3018827.60087234
2023-08-01 06:00:00+00:00,3018750.65465584
2023-08-01 07:00:00+00:00,3018815.36777857
2023-08-01 08:00:00+00:00,3018188.93389754
2023-08-01 09:00:00+00:00,3016172.48571559
2023-08-01 10:00:00+00:00,3015165.69000798
2023-08-01 11:00:00+00:00,3014723.85228953
2023-08-01 12:00:00+00:00,3015827.36067207
2023-08-01 13:00:00+00:00,3013096.2272373303
2023-08-01 14:00:00+00:00,3013792.92985977
2023-08-01 15:00:00+00:00,3012047.17023314
2023-08-01 16:00:00+00:00,3012849.4825851303
2023-08-01 17:00:00+00:00,3015066.5666297
2023-08-01 18:00:00+00:00,3014194.22587808
2023-08-01 19:00:00+00:00,3016021.2027694
2023-08-01 20:00:00+00:00,3015185.3644905
2023-08-01 21:00:00+00:00,3015897.31835409
2023-08-01 22:00:00+00:00,3015977.9526203303
2023-08-01 23:00:00+00:00,3016218.12138436
2023-08-02 00:00:00+00:00,3018165.46323467
2023-08-02 01:00:00+00:00,3018391.2038590303
2023-08-02 02:00:00+00:00,3018925.45938627
2023-08-02 03:00:00+00:00,3020031.96887549
2023-08-02 04:00:00+00:00,3020182.30534627
2023-08-02 05:00:00+00:00,3018591.30684975
2023-08-02 06:00:00+00:00,3019594.43984107
2023-08-02 07:00:00+00:00,3019754.79320751
2023-08-02 08:00:00+00:00,3019915.82705892
2023-08-02 09:00:00+00:00,3018555.07090161
2023-08-02 10:00:00+00:00,3018801.79060667
2023-08-02 11:00:00+00:00,3018884.4200253403
2023-08-02 12:00:00+00:00,3018788.72178581
2023-08-02 13:00:00+00:00,3019316.0321390303
2023-08-02 14:00:00+00:00,3019481.50432313
2023-08-02 15:00:00+00:00,3019365.31284186
2023-08-02 16:00:00+00:00,3019400.18395362
2023-08-02 17:00:00+00:00,3019129.23280577
2023-08-02 18:00:00+00:00,3019228.13615289
2023-08-02 19:00:00+00:00,3018251.84586286
2023-08-02 20:00:00+00:00,3019084.41331841
2023-08-02 21:00:00+00:00,3017852.48869061
2023-08-02 22:00:00+00:00,3024045.55288495
2023-08-02 23:00:00+00:00,3022795.9624623503
2023-08-03 00:00:00+00:00,3024139.05119446
2023-08-03 01:00:00+00:00,3024187.26759757
2023-08-03 02:00:00+00:00,3023272.19617869
2023-08-03 03:00:00+00:00,3024252.51023824
2023-08-03 04:00:00+00:00,3024323.3524499303
2023-08-03 05:00:00+00:00,3024106.72826315
2023-08-03 06:00:00+00:00,3024106.24950227
2023-08-03 07:00:00+00:00,3023904.39418959
2023-08-03 08:00:00+00:00,3023706.54976644
2023-08-03 09:00:00+00:00,3022636.64017745
2023-08-03 10:00:00+00:00,3022679.05834528
2023-08-03 11:00:00+00:00,3020906.93330065
2023-08-03 12:00:00+00:00,3020528.63023732
2023-08-03 13:00:00+00:00,3020781.76312171
2023-08-03 14:00:00+00:00,3020301.13072105
2023-08-03 15:00:00+00:00,3022233.32043898
2023-08-03 16:00:00+00:00,3022093.42021761
2023-08-03 17:00:00+00:00,3021698.16613606
2023-08-03 18:00:00+00:00,3021663.43234432
2023-08-03 19:00:00+00:00,3021543.0105595603
2023-08-03 20:00:00+00:00,3020572.85979428
2023-08-03 21:00:00+00:00,3022136.50723661
2023-08-03 22:00:00+00:00,3022130.84822103
2023-08-03 23:00:00+00:00,3022087.02453492
2023-08-04 00:00:00+00:00,3021764.17538043
2023-08-04 01:00:00+00:00,3021787.73648039
2023-08-04 02:00:00+00:00,3021772.0127911703
2023-08-04 03:00:00+00:00,3021515.24208736
2023-08-04 04:00:00+00:00,3021191.48855117
2023-08-04 05:00:00+00:00,3021331.51993618
2023-08-04 06:00:00+00:00,3022277.80742429
2023-08-04 07:00:00+00:00,3022537.01132631
2023-08-04 08:00:00+00:00,3022427.72708665
2023-08-04 09:00:00+00:00,3021444.68049162
2023-08-04 10:00:00+00:00,3021369.90960959
2023-08-04 11:00:00+00:00,3021595.29147872
2023-08-04 12:00:00+00:00,3020504.55907577
2023-08-04 13:00:00+00:00,3020698.08328185
2023-08-04 14:00:00+00:00,3020618.76184182
2023-08-04 15:00:00+00:00,3020352.92773811
2023-08-04 16:00:00+00:00,3020246.2780008903
2023-08-04 17:00:00+00:00,3021332.67228838
2023-08-04 18:00:00+00:00,3020603.65030975
2023-08-04 19:00:00+00:00,3020443.1137221
2023-08-04 20:00:00+00:00,3020299.80586973
2023-08-04 21:00:00+00:00,3019246.02698562
2023-08-04 22:00:00+00:00,3019591.00919633
2023-08-04 23:00:00+00:00,3019606.24115838
2023-08-05 00:00:00+00:00,3020718.27702383
2023-08-05 01:00:00+00:00,3021112.41059667
2023-08-05 02:00:00+00:00,3021038.7435154
2023-08-05 03:00:00+00:00,3020946.67268649
2023-08-05 04:00:00+00:00,3020865.27513805
2023-08-05 05:00:00+00:00,3020921.16886338
2023-08-05 06:00:00+00:00,3020960.7168471003
2023-08-05 07:00:00+00:00,3020843.47989361
2023-08-05 08:00:00+00:00,3020907.09647746
2023-08-05 09:00:00+00:00,3021064.19391379
2023-08-05 10:00:00+00:00,3021819.93883122
2023-08-05 11:00:00+00:00,3021837.59226087
2023-08-05 12:00:00+00:00,3020720.6177391303
2023-08-05 13:00:00+00:00,3020764.54663533
2023-08-05 14:00:00+00:00,3021009.20169683
2023-08-05 15:00:00+00:00,3019640.44478845
2023-08-05 16:00:00+00:00,3019564.35799941
2023-08-05 17:00:00+00:00,3020905.84820698
2023-08-05 18:00:00+00:00,3020910.70287619
2023-08-05 19:00:00+00:00,3020828.3256963
2023-08-05 20:00:00+00:00,3020924.89633108
2023-08-05 21:00:00+00:00,3020796.92408879
2023-08-05 22:00:00+00:00,3021175.0976266
2023-08-05 23:00:00+00:00,3021237.5351954
2023-08-06 00:00:00+00:00,3021249.98018265
2023-08-06 01:00:00+00:00,3021145.18328529
2023-08-06 02:00:00+00:00,3021339.96415679
2023-08-06 03:00:00+00:00,3021157.43131564
2023-08-06 04:00:00+00:00,3021163.59352487
2023-08-06 05:00:00+00:00,3021126.56291755
2023-08-06 06:00:00+00:00,3021302.48081826
2023-08-06 07:00:00+00:00,3021417.62717694
2023-08-06 08:00:00+00:00,3021177.21055136
2023-08-06 09:00:00+00:00,3021013.3867262
2023-08-06 10:00:00+00:00,3021129.3515134
2023-08-06 11:00:00+00:00,3021027.11724708
2023-08-06 12:00:00+00:00,3021018.9711151
2023-08-06 13:00:00+00:00,3020220.92455427
2023-08-06 14:00:00+00:00,3020318.26346014
2023-08-06 15:00:00+00:00,3020359.8666749
2023-08-06 16:00:00+00:00,3020336.73668363
2023-08-06 17:00:00+00:00,3020393.52346128
2023-08-06 18:00:00+00:00,3020665.53062688
2023-08-06 19:00:00+00:00,3021678.7107034503
2023-08-06 20:00:00+00:00,3021207.40953068
2023-08-06 21:00:00+00:00,3021296.11479541
2023-08-06 22:00:00+00:00,3021297.1395478803
2023-08-06 23:00:00+00:00,3021451.43612436
2023-08-07 00:00:00+00:00,3021544.70808833
2023-08-07 01:00:00+00:00,3021440.7641574
2023-08-07 02:00:00+00:00,3021402.05991699
2023-08-07 03:00:00+00:00,3021489.10944649
2023-08-07 04:00:00+00:00,3023784.44583485
2023-08-07 05:00:00+00:00,3023632.83321093
2023-08-07 06:00:00+00:00,3023725.70139628
2023-08-07 07:00:00+00:00,3023791.76196605
2023-08-07 08:00:00+00:00,3023185.9810581403
2023-08-07 09:00:00+00:00,3023005.95769966
2023-08-07 10:00:00+00:00,3023878.2874123403
2023-08-07 11:00:00+00:00,3023776.24159448
2023-08-07 12:00:00+00:00,3024128.06265881
2023-08-07 13:00:00+00:00,3022908.5714729503
2023-08-07 14:00:00+00:00,3021881.75471497
2023-08-07 15:00:00+00:00,3021347.97390852
2023-08-07 16:00:00+00:00,3021442.94131245
2023-08-07 17:00:00+00:00,3021451.95171211
2023-08-07 18:00:00+00:00,3020481.19027199
2023-08-07 19:00:00+00:00,3019944.98399472
2023-08-07 20:00:00+00:00,3016615.25066867
2023-08-07 21:00:00+00:00,3016586.03721087
2023-08-07 22:00:00+00:00,3016764.79972384
2023-08-07 23:00:00+00:00,3015582.25063276
2023-08-08 00:00:00+00:00,3015503.96120818
2023-08-08 01:00:00+00:00,3015666.92158091
2023-08-08 02:00:00+00:00,3015802.98407925
2023-08-08 03:00:00+00:00,3015680.0988082
2023-08-08 04:00:00+00:00,3015365.88104563
2023-08-08 05:00:00+00:00,3015660.67709261
2023-08-08 06:00:00+00:00,3015558.06747758
2023-08-08 07:00:00+00:00,3015698.89961186
2023-08-08 08:00:00+00:00,3015498.9858318903
2023-08-08 09:00:00+00:00,3015369.8147559
2023-08-08 10:00:00+00:00,3015404.0333091803
2023-08-08 11:00:00+00:00,3015226.49350787
2023-08-08 12:00:00+00:00,3015270.68721851
2023-08-08 13:00:00+00:00,3015788.99665365
2023-08-08 14:00:00+00:00,3016690.23974856
2023-08-08 15:00:00+00:00,3018085.71480418
2023-08-08 16:00:00+00:00,3018297.69416969
2023-08-08 17:00:00+00:00,3020044.40283381
2023-08-08 18:00:00+00:00,3020918.01832547
2023-08-08 19:00:00+00:00,3020790.9325587703
2023-08-08 20:00:00+00:00,3020878.34503828
2023-08-08 21:00:00+00:00,3014403.66989288
2023-08-08 22:00:00+00:00,3015227.8720803303
2023-08-08 23:00:00+00:00,3015093.69917651
2023-08-09 00:00:00+00:00,3015239.9798037503
2023-08-09 01:00:00+00:00,3013599.1527141
2023-08-09 02:00:00+00:00,3013747.33800166
2023-08-09 03:00:00+00:00,3014245.49367356
2023-08-09 04:00:00+00:00,3014404.50958012
2023-08-09 05:00:00+00:00,3014309.0786988903
2023-08-09 06:00:00+00:00,3014315.9094429603
2023-08-09 07:00:00+00:00,3014311.17700097
2023-08-09 08:00:00+00:00,3014445.0068481
2023-08-09 09:00:00+00:00,3015742.9543430703
2023-08-09 10:00:00+00:00,3016111.89416164
2023-08-09 11:00:00+00:00,3017519.96216378
2023-08-09 12:00:00+00:00,3016603.580651
2023-08-09 13:00:00+00:00,3017221.19984608
2023-08-09 14:00:00+00:00,3016385.71082946
2023-08-09 15:00:00+00:00,3016628.7133644302
2023-08-09 16:00:00+00:00,3016814.45053874
2023-08-09 17:00:00+00:00,3016361.841357
2023-08-09 18:00:00+00:00,3016229.05959843
2023-08-09 19:00:00+00:00,3015897.46509632
2023-08-09 20:00:00+00:00,3015251.6619024
2023-08-09 21:00:00+00:00,3015134.10738204
2023-08-09 22:00:00+00:00,3015176.8213415
2023-08-09 23:00:00+00:00,3015258.80870237
2023-08-10 00:00:00+00:00,3015217.76743339
2023-08-10 01:00:00+00:00,3015189.57329592
2023-08-10 02:00:00+00:00,3015350.74724872
2023-08-10 03:00:00+00:00,3015027.09512828
2023-08-10 04:00:00+00:00,3014865.3523053
2023-08-10 05:00:00+00:00,3014958.45897017
2023-08-10 06:00:00+00:00,3016495.94146373
2023-08-10 07:00:00+00:00,3016498.7770988
2023-08-10 08:00:00+00:00,3015351.41260759
2023-08-10 09:00:00+00:00,3015426.6951716
2023-08-10 10:00:00+00:00,3015464.96911774
2023-08-10 11:00:00+00:00,3014582.09934749
2023-08-10 12:00:00+00:00,3014232.33859366
2023-08-10 13:00:00+00:00,3014242.87195514
2023-08-10 14:00:00+00:00,3014583.1401576702
2023-08-10 15:00:00+00:00,3017135.87764432
2023-08-10 16:00:00+00:00,3018286.35327957
2023-08-10 17:00:00+00:00,3017840.11182327
2023-08-10 18:00:00+00:00,3017913.41841435
2023-08-10 19:00:00+00:00,3018455.2623417103
2023-08-10 20:00:00+00:00,3017832.59505029
2023-08-10 21:00:00+00:00,3017942.2550526
2023-08-10 22:00:00+00:00,3018009.71262519
2023-08-10 23:00:00+00:00,3018140.84802193
2023-08-11 00:00:00+00:00,3018205.63957726
2023-08-11 01:00:00+00:00,3018090.7570078103
2023-08-11 02:00:00+00:00,3018252.74205388
2023-08-11 03:00:00+00:00,3018144.66135892
2023-08-11 04:00:00+00:00,3018037.94651827
2023-08-11 05:00:00+00:00,3018084.8522734903
2023-08-11 06:00:00+00:00,3016809.9830850903
2023-08-11 07:00:00+00:00,3016804.78006639
2023-08-11 08:00:00+00:00,3016949.98905943
2023-08-11 09:00:00+00:00,3016617.78920348
2023-08-11 10:00:00+00:00,3016732.1262552
2023-08-11 11:00:00+00:00,3017126.24863828
2023-08-11 12:00:00+00:00,3014240.05064173
2023-08-11 13:00:00+00:00,3011240.5660671103
2023-08-11 14:00:00+00:00,3013884.4198240303
2023-08-11 15:00:00+00:00,3013900.98839346
2023-08-11 16:00:00+00:00,3014073.75835027
2023-08-11 17:00:00+00:00,3012979.9602279
2023-08-11 18:00:00+00:00,3013061.95722445
2023-08-11 19:00:00+00:00,3012868.74931006
2023-08-11 20:00:00+00:00,3013017.2875291803
2023-08-11 21:00:00+00:00,3013028.73140874
2023-08-11 22:00:00+00:00,3013247.94278728
2023-08-11 23:00:00+00:00,3012729.28186068
2023-08-12 00:00:00+00:00,3013881.21318869
2023-08-12 01:00:00+00:00,3013862.57795401
2023-08-12 02:00:00+00:00,3013828.33621992
2023-08-12 03:00:00+00:00,3013816.9777646
2023-08-12 04:00:00+00:00,3013926.69186557
2023-08-12 05:00:00+00:00,3013817.79645036
2023-08-12 06:00:00+00:00,3013803.86766856
2023-08-12 07:00:00+00:00,3013856.63050535
2023-08-12 08:00:00+00:00,3013914.24042496
2023-08-12 09:00:00+00:00,3013850.2586405203
2023-08-12 10:00:00+00:00,3013774.95162893
2023-08-12 11:00:00+00:00,3013876.14941915
2023-08-12 12:00:00+00:00,3013840.14830587
2023-08-12 13:00:00+00:00,3014137.6795287
2023-08-12 14:00:00+00:00,3014167.1145988703
2023-08-12 15:00:00+00:00,3014186.06112141
2023-08-12 16:00:00+00:00,3014191.5018805503
2023-08-12 17:00:00+00:00,3014033.4578008703
2023-08-12 18:00:00+00:00,3014259.3223583
2023-08-12 19:00:00+00:00,3014284.04546277
2023-08-12 20:00:00+00:00,3014319.47265686
2023-08-12 21:00:00+00:00,3014204.30596642
2023-08-12 22:00:00+00:00,3014387.00287608
2023-08-12 23:00:00+00:00,3014434.97559033
2023-08-13 00:00:00+00:00,3014458.25792189
2023-08-13 01:00:00+00:00,3014458.13162314
2023-08-13 02:00:00+00:00,3014177.49294271
2023-08-13 03:00:00+00:00,3014208.35444003
2023-08-13 04:00:00+00:00,3014175.17486888
2023-08-13 05:00:00+00:00,3014312.14567244
2023-08-13 06:00:00+00:00,3014105.45503414
2023-08-13 07:00:00+00:00,3014068.55609924
2023-08-13 08:00:00+00:00,3014136.93708896
2023-08-13 09:00:00+00:00,3013936.5497198
2023-08-13 10:00:00+00:00,3014144.77693928
2023-08-13 11:00:00+00:00,3014174.8604438603
2023-08-13 12:00:00+00:00,3014216.24700506
2023-08-13 13:00:00+00:00,3014260.02899434
2023-08-13 14:00:00+00:00,3014134.41142675
2023-08-13 15:00:00+00:00,3014511.71937885
2023-08-13 16:00:00+00:00,3014450.9828545
2023-08-13 17:00:00+00:00,3014445.76679312
2023-08-13 18:00:00+00:00,3014463.60363571
2023-08-13 19:00:00+00:00,3014616.418174
2023-08-13 20:00:00+00:00,3014630.7504749
2023-08-13 21:00:00+00:00,3014653.2457855702
2023-08-13 22:00:00+00:00,3013727.36526496
2023-08-13 23:00:00+00:00,3013789.4095045
2023-08-14 00:00:00+00:00,3013637.99404953
2023-08-14 01:00:00+00:00,3012393.99027724
2023-08-14 02:00:00+00:00,3012440.86736705
2023-08-14 03:00:00+00:00,3012269.89531374
2023-08-14 04:00:00+00:00,3012223.69076698
2023-08-14 05:00:00+00:00,3012360.58551763
2023-08-14 06:00:00+00:00,3012507.45346052
2023-08-14 07:00:00+00:00,3012171.08390644
2023-08-14 08:00:00+00:00,3012418.09924009
2023-08-14 09:00:00+00:00,3012111.14733525
2023-08-14 10:00:00+00:00,3013125.25112264
2023-08-14 11:00:00+00:00,3014304.0354475603
2023-08-14 12:00:00+00:00,3014437.7462992
2023-08-14 13:00:00+00:00,3011501.71253622
2023-08-14 14:00:00+00:00,3012527.21871995
2023-08-14 15:00:00+00:00,3016298.99955039
2023-08-14 16:00:00+00:00,3016541.31347545
2023-08-14 17:00:00+00:00,3015401.72215486
2023-08-14 18:00:00+00:00,3016522.12086287
2023-08-14 19:00:00+00:00,3016915.08288642
2023-08-14 20:00:00+00:00,3017341.02829512
2023-08-14 21:00:00+00:00,3016523.98314541
2023-08-14 22:00:00+00:00,3016555.3274524
2023-08-14 23:00:00+00:00,3015783.01471192
2023-08-15 00:00:00+00:00,3015770.3588011903
2023-08-15 01:00:00+00:00,3014485.81428862
2023-08-15 02:00:00+00:00,3015455.57769609
2023-08-15 03:00:00+00:00,3015423.51527711
2023-08-15 04:00:00+00:00,3015445.06321528
2023-08-15 05:00:00+00:00,3016897.8350786
2023-08-15 06:00:00+00:00,3016851.03371616
2023-08-15 07:00:00+00:00,3017044.13478442
2023-08-15 08:00:00+00:00,3019591.9515529103
2023-08-15 09:00:00+00:00,3018198.36016842
2023-08-15 10:00:00+00:00,3018228.02175677
2023-08-15 11:00:00+00:00,3017236.80857236
2023-08-15 12:00:00+00:00,3017104.26233923
2023-08-15 13:00:00+00:00,3014430.23863214
2023-08-15 14:00:00+00:00,3014925.00563095
2023-08-15 15:00:00+00:00,3017310.88215319
2023-08-15 16:00:00+00:00,3019309.2922373703
2023-08-15 17:00:00+00:00,3019862.23269727
2023-08-15 18:00:00+00:00,3019898.43743399
2023-08-15 19:00:00+00:00,3020255.45474212
2023-08-15 20:00:00+00:00,3020233.10361448
2023-08-15 21:00:00+00:00,3017919.34387588
2023-08-15 22:00:00+00:00,3019139.02134009
2023-08-15 23:00:00+00:00,3019340.80234508
2023-08-16 00:00:00+00:00,3020248.10291442
2023-08-16 01:00:00+00:00,3020265.84358738
2023-08-16 02:00:00+00:00,3020248.95179602
2023-08-16 03:00:00+00:00,3020079.6929813
2023-08-16 04:00:00+00:00,3020337.51911326
2023-08-16 05:00:00+00:00,3020224.36002153
2023-08-16 06:00:00+00:00,3020270.84330888
2023-08-16 07:00:00+00:00,3020711.52631013
2023-08-16 08:00:00+00:00,3018645.37330143
2023-08-16 09:00:00+00:00,3018208.46198969
2023-08-16 10:00:00+00:00,3018313.15176651
2023-08-16 11:00:00+00:00,3017401.73448595
2023-08-16 12:00:00+00:00,3017399.33090369
2023-08-16 13:00:00+00:00,3014470.40855083
2023-08-16 14:00:00+00:00,3017386.2451652503
2023-08-16 15:00:00+00:00,3017350.6791520203
2023-08-16 16:00:00+00:00,3017688.53256804
2023-08-16 17:00:00+00:00,3017069.89321978
2023-08-16 18:00:00+00:00,3017413.63153675
2023-08-16 19:00:00+00:00,3016399.9681517403
2023-08-16 20:00:00+00:00,3018148.19011408
2023-08-16 21:00:00+00:00,3017747.76727938
2023-08-16 22:00:00+00:00,3017766.43823465
2023-08-16 23:00:00+00:00,3018154.47640169
2023-08-17 00:00:00+00:00,3018072.86853862
2023-08-17 01:00:00+00:00,3016242.19908472
2023-08-17 02:00:00+00:00,3016148.73856618
2023-08-17 03:00:00+00:00,3015983.39894199
2023-08-17 04:00:00+00:00,3015716.30649153
2023-08-17 05:00:00+00:00,3015599.06655459
2023-08-17 06:00:00+00:00,3015694.64879735
2023-08-17 07:00:00+00:00,3016174.50368349
2023-08-17 08:00:00+00:00,3016063.36276297
2023-08-17 09:00:00+00:00,3014122.40899496
2023-08-17 10:00:00+00:00,3015742.74822844
2023-08-17 11:00:00+00:00,3014765.13008362
2023-08-17 12:00:00+00:00,3012146.84763497
2023-08-17 13:00:00+00:00,3013956.30105208
2023-08-17 14:00:00+00:00,3015214.25572969
2023-08-17 15:00:00+00:00,3012980.87804317
2023-08-17 16:00:00+00:00,3016077.7602871503
2023-08-17 17:00:00+00:00,3013281.85717136
2023-08-17 18:00:00+00:00,3013172.6227833102
2023-08-17 19:00:00+00:00,3012725.2790611503
2023-08-17 20:00:00+00:00,3013765.38547377
2023-08-17 21:00:00+00:00,3014034.79361744
2023-08-17 22:00:00+00:00,3010592.29547515
2023-08-17 23:00:00+00:00,3010315.99948809
2023-08-18 00:00:00+00:00,3009524.81485042
2023-08-18 01:00:00+00:00,3009196.73494922
2023-08-18 02:00:00+00:00,3008464.46992821
2023-08-18 03:00:00+00:00,3008078.52758806
2023-08-18 04:00:00+00:00,3009339.9905048
2023-08-18 05:00:00+00:00,3010389.1808706
2023-08-18 06:00:00+00:00,3011131.70125616
2023-08-18 07:00:00+00:00,3011472.32868294
2023-08-18 08:00:00+00:00,3010803.47997871
2023-08-18 09:00:00+00:00,3001821.72161796
2023-08-18 10:00:00+00:00,3002491.92023708
2023-08-18 11:00:00+00:00,3000355.45656964
2023-08-18 12:00:00+00:00,3002350.00911198
2023-08-18 13:00:00+00:00,3002322.99323772
2023-08-18 14:00:00+00:00,3002751.99466635
2023-08-18 15:00:00+00:00,3003336.89516532
2023-08-18 16:00:00+00:00,3004478.47961604
2023-08-18 17:00:00+00:00,3003411.69415009
2023-08-18 18:00:00+00:00,3004844.99440812
2023-08-18 19:00:00+00:00,3004956.27750997
2023-08-18 20:00:00+00:00,3004844.0979263303
2023-08-18 21:00:00+00:00,3004237.03277558
2023-08-18 22:00:00+00:00,3003843.03346839
2023-08-18 23:00:00+00:00,3003985.10322436
2023-08-19 00:00:00+00:00,3004014.16175078
2023-08-19 01:00:00+00:00,3004046.96928102
2023-08-19 02:00:00+00:00,3003795.61429711
2023-08-19 03:00:00+00:00,3004731.1601940203
2023-08-19 04:00:00+00:00,3004769.21199922
2023-08-19 05:00:00+00:00,3004812.18530256
2023-08-19 06:00:00+00:00,3004859.05732493
2023-08-19 07:00:00+00:00,3004149.55358445
2023-08-19 08:00:00+00:00,3004280.9784637103
2023-08-19 09:00:00+00:00,3004150.69491722
2023-08-19 10:00:00+00:00,3004326.33852209
2023-08-19 11:00:00+00:00,3004293.76430401
2023-08-19 12:00:00+00:00,3004653.78445604
2023-08-19 13:00:00+00:00,3004670.5589321
2023-08-19 14:00:00+00:00,3004693.45391915
2023-08-19 15:00:00+00:00,3004746.19862161
2023-08-19 16:00:00+00:00,3006109.706092
2023-08-19 17:00:00+00:00,3005172.65665368
2023-08-19 18:00:00+00:00,3005198.09133656
2023-08-19 19:00:00+00:00,3004199.75039428
2023-08-19 20:00:00+00:00,3004247.90567054
2023-08-19 21:00:00+00:00,3004281.29811492
2023-08-19 22:00:00+00:00,3004298.93684817
2023-08-19 23:00:00+00:00,3004453.7817222
2023-08-20 00:00:00+00:00,3004517.79631356
2023-08-20 01:00:00+00:00,3004570.36127385
2023-08-20 02:00:00+00:00,3004380.17794515
2023-08-20 03:00:00+00:00,3003234.0479516103
2023-08-20 04:00:00+00:00,3003179.81614252
2023-08-20 05:00:00+00:00,3003306.6481667203
2023-08-20 06:00:00+00:00,3003329.01553472
2023-08-20 07:00:00+00:00,3003456.13523329
2023-08-20 08:00:00+00:00,3003555.7092006
2023-08-20 09:00:00+00:00,3003347.84988632
2023-08-20 10:00:00+00:00,3003392.47729185
2023-08-20 11:00:00+00:00,3003249.44138481
2023-08-20 12:00:00+00:00,3003235.00672099
2023-08-20 13:00:00+00:00,3003701.6971981903
2023-08-20 14:00:00+00:00,3003793.88996884
2023-08-20 15:00:00+00:00,3003832.5184718003
2023-08-20 16:00:00+00:00,3003868.9598589703
2023-08-20 17:00:00+00:00,3003866.95154849
2023-08-20 18:00:00+00:00,3003814.98265975
2023-08-20 19:00:00+00:00,3003837.14874988
2023-08-20 20:00:00+00:00,3003859.0191344903
2023-08-20 21:00:00+00:00,3004214.43487749
2023-08-20 22:00:00+00:00,3004284.70440421
2023-08-20 23:00:00+00:00,3004427.9355242
2023-08-21 00:00:00+00:00,3004129.62015328
2023-08-21 01:00:00+00:00,3004151.27152118
2023-08-21 02:00:00+00:00,3004085.8689476303
2023-08-21 03:00:00+00:00,3003780.32905812
2023-08-21 04:00:00+00:00,3003930.58173431
2023-08-21 05:00:00+00:00,3004151.8330012
2023-08-21 06:00:00+00:00,3004733.72058327
2023-08-21 07:00:00+00:00,3005214.58394208
2023-08-21 08:00:00+00:00,3001535.58342454
2023-08-21 09:00:00+00:00,3002342.86012509
2023-08-21 10:00:00+00:00,3000983.601624
2023-08-21 11:00:00+00:00,3001026.63061281
2023-08-21 12:00:00+00:00,3001481.93163355
2023-08-21 13:00:00+00:00,3000710.4880807903
2023-08-21 14:00:00+00:00,3000124.44789884
2023-08-21 15:00:00+00:00,3002276.79375334
2023-08-21 16:00:00+00:00,3002254.9099595803
2023-08-21 17:00:00+00:00,3005119.42492047
2023-08-21 18:00:00+00:00,3002998.76579215
2023-08-21 19:00:00+00:00,3005101.04513933
2023-08-21 20:00:00+00:00,3006051.56956401
2023-08-21 21:00:00+00:00,3005982.56545494
2023-08-21 22:00:00+00:00,3006068.1366915503
2023-08-21 23:00:00+00:00,3006088.16005876
2023-08-22 00:00:00+00:00,3006144.21800376
2023-08-22 01:00:00+00:00,3006141.5627602
2023-08-22 02:00:00+00:00,3005515.86718566
2023-08-22 03:00:00+00:00,3005248.80450517
2023-08-22 04:00:00+00:00,3005225.11963335
2023-08-22 05:00:00+00:00,3005222.3337181
2023-08-22 06:00:00+00:00,3004801.81011728
2023-08-22 07:00:00+00:00,3003912.14763123
2023-08-22 08:00:00+00:00,3004135.78933426
2023-08-22 09:00:00+00:00,3004788.05003082
2023-08-22 10:00:00+00:00,3004937.63972069
2023-08-22 11:00:00+00:00,3004324.75416008
2023-08-22 12:00:00+00:00,3005203.27246143
2023-08-22 13:00:00+00:00,3005478.08706747
2023-08-22 14:00:00+00:00,3009960.81105115
2023-08-22 15:00:00+00:00,3008971.30080092
2023-08-22 16:00:00+00:00,3011092.10979018
2023-08-22 17:00:00+00:00,3011159.41625402
2023-08-22 18:00:00+00:00,3011199.47368458
2023-08-22 19:00:00+00:00,3010082.76372689
2023-08-22 20:00:00+00:00,3008206.61341095
2023-08-22 21:00:00+00:00,3009260.23446388
2023-08-22 22:00:00+00:00,3009231.32546863
2023-08-22 23:00:00+00:00,3009039.24369222
2023-08-23 00:00:00+00:00,3008981.8174999203
2023-08-23 01:00:00+00:00,3009113.5011984003
2023-08-23 02:00:00+00:00,3009067.68079696
2023-08-23 03:00:00+00:00,3008584.57576433
2023-08-23 04:00:00+00:00,3008484.48069513
2023-08-23 05:00:00+00:00,3008746.02182886
2023-08-23 06:00:00+00:00,3006630.60257704
2023-08-23 07:00:00+00:00,3006433.13522891
2023-08-23 08:00:00+00:00,3001621.15711259
2023-08-23 09:00:00+00:00,3000683.85446741
2023-08-23 10:00:00+00:00,3001065.92118874
2023-08-23 11:00:00+00:00,2998823.64707926
2023-08-23 12:00:00+00:00,2998442.0380983
2023-08-23 13:00:00+00:00,3005118.29568987
2023-08-23 14:00:00+00:00,3006468.89232786
2023-08-23 15:00:00+00:00,3005817.54084999
2023-08-23 16:00:00+00:00,3006851.45172165
2023-08-23 17:00:00+00:00,3006523.69241828
2023-08-23 18:00:00+00:00,3005098.82532636
2023-08-23 19:00:00+00:00,3004741.09704677
2023-08-23 20:00:00+00:00,3006284.93161658
2023-08-23 21:00:00+00:00,3007755.85221019
2023-08-23 22:00:00+00:00,3009193.47161125
2023-08-23 23:00:00+00:00,3009270.6137915403
2023-08-24 00:00:00+00:00,3010011.82024986
2023-08-24 01:00:00+00:00,3010087.73455397
2023-08-24 02:00:00+00:00,3010314.4523023902
2023-08-24 03:00:00+00:00,3010073.3111610003
2023-08-24 04:00:00+00:00,3010070.2386294203
2023-08-24 05:00:00+00:00,3010131.9517223
2023-08-24 06:00:00+00:00,3010002.2733959
2023-08-24 07:00:00+00:00,3010174.26815842
2023-08-24 08:00:00+00:00,3010087.22764568
2023-08-24 09:00:00+00:00,3010845.1951153
2023-08-24 10:00:00+00:00,3009844.1712636
2023-08-24 11:00:00+00:00,3014112.3914202303
2023-08-24 12:00:00+00:00,3013054.85468959
2023-08-24 13:00:00+00:00,3013250.93750257
2023-08-24 14:00:00+00:00,3013274.26652563
2023-08-24 15:00:00+00:00,3013665.23875775
2023-08-24 16:00:00+00:00,3014116.6261557
2023-08-24 17:00:00+00:00,3014168.84946957
2023-08-24 18:00:00+00:00,3014608.7331093103
2023-08-24 19:00:00+00:00,3014433.04407026
2023-08-24 20:00:00+00:00,3014557.01460014
2023-08-24 21:00:00+00:00,3014683.46430044
2023-08-24 22:00:00+00:00,3014910.16183285
2023-08-24 23:00:00+00:00,3012098.97542467
2023-08-25 00:00:00+00:00,3015021.82637426
2023-08-25 01:00:00+00:00,3015018.89931198
2023-08-25 02:00:00+00:00,3013914.12830379
2023-08-25 03:00:00+00:00,3013938.53056238
2023-08-25 04:00:00+00:00,3013712.05220891
2023-08-25 05:00:00+00:00,3013751.92426505
2023-08-25 06:00:00+00:00,3013784.04209163
2023-08-25 07:00:00+00:00,3014867.61712391
2023-08-25 08:00:00+00:00,3014719.7264931803
2023-08-25 09:00:00+00:00,3014658.65087892
2023-08-25 10:00:00+00:00,3014698.6919544702
2023-08-25 11:00:00+00:00,3015149.22172639
2023-08-25 12:00:00+00:00,3015151.20441238
2023-08-25 13:00:00+00:00,3009845.46144997
2023-08-25 14:00:00+00:00,3011587.02977575
2023-08-25 15:00:00+00:00,3013903.62651516
2023-08-25 16:00:00+00:00,3013594.11595389
2023-08-25 17:00:00+00:00,3014148.2385825003
2023-08-25 18:00:00+00:00,3011231.0288344203
2023-08-25 19:00:00+00:00,3012846.25639422
2023-08-25 20:00:00+00:00,3025818.07231137
2023-08-25 21:00:00+00:00,3028409.14463196
2023-08-25 22:00:00+00:00,3026042.3759135
2023-08-25 23:00:00+00:00,3027172.20973522
2023-08-26 00:00:00+00:00,3026226.29096055
2023-08-26 01:00:00+00:00,3025043.3580168
2023-08-26 02:00:00+00:00,3026189.73008028
2023-08-26 03:00:00+00:00,3026003.88625488
2023-08-26 04:00:00+00:00,3027546.64412245
2023-08-26 05:00:00+00:00,3027564.9969181903
2023-08-26 06:00:00+00:00,3027656.74947819
2023-08-26 07:00:00+00:00,3027697.26141406
2023-08-26 08:00:00+00:00,3027658.74260306
2023-08-26 09:00:00+00:00,3027568.66464706
2023-08-26 10:00:00+00:00,3027589.44206132
2023-08-26 11:00:00+00:00,3027705.47571832
2023-08-26 12:00:00+00:00,3027729.46463704
2023-08-26 13:00:00+00:00,3027614.39737669
2023-08-26 14:00:00+00:00,3027657.68542576
2023-08-26 15:00:00+00:00,3027657.12057462
2023-08-26 16:00:00+00:00,3027611.88230806
2023-08-26 17:00:00+00:00,3027730.26052149
2023-08-26 18:00:00+00:00,3027790.15415346
2023-08-26 19:00:00+00:00,3027822.01957844
2023-08-26 20:00:00+00:00,3027801.37720368
2023-08-26 21:00:00+00:00,3027791.29733842
2023-08-26 22:00:00+00:00,3027803.47464681
2023-08-26 23:00:00+00:00,3028178.59940257
2023-08-27 00:00:00+00:00,3025258.36141357
2023-08-27 01:00:00+00:00,3027479.55620621
2023-08-27 02:00:00+00:00,3027490.4249173403
2023-08-27 03:00:00+00:00,3027303.86891261
2023-08-27 04:00:00+00:00,3027337.73990865
2023-08-27 05:00:00+00:00,3027378.34778574
2023-08-27 06:00:00+00:00,3027385.78800043
2023-08-27 07:00:00+00:00,3027430.60119197
2023-08-27 08:00:00+00:00,3027463.03051745
2023-08-27 09:00:00+00:00,3027429.24937787
2023-08-27 10:00:00+00:00,3027442.12392484
2023-08-27 11:00:00+00:00,3027653.00313877
2023-08-27 12:00:00+00:00,3027661.54888522
2023-08-27 13:00:00+00:00,3027668.18985759
2023-08-27 14:00:00+00:00,3027741.93217448
2023-08-27 15:00:00+00:00,3028096.5649130302
2023-08-27 16:00:00+00:00,3028109.30953279
2023-08-27 17:00:00+00:00,3028153.96456826
2023-08-27 18:00:00+00:00,3028494.7440843303
2023-08-27 19:00:00+00:00,3028812.30842661
2023-08-27 20:00:00+00:00,3028845.67741665
2023-08-27 21:00:00+00:00,3028889.16253325
2023-08-27 22:00:00+00:00,3028862.7394343303
2023-08-27 23:00:00+00:00,3028868.7564021302
2023-08-28 00:00:00+00:00,3028997.23400872
2023-08-28 01:00:00+00:00,3028975.9201022303
2023-08-28 02:00:00+00:00,3029148.4595494
2023-08-28 03:00:00+00:00,3027753.24025663
2023-08-28 04:00:00+00:00,3027897.36366018
2023-08-28 05:00:00+00:00,3027885.18870089
2023-08-28 06:00:00+00:00,3027896.59864807
2023-08-28 07:00:00+00:00,3028093.72825967
2023-08-28 08:00:00+00:00,3027270.19145162
2023-08-28 09:00:00+00:00,3027174.292065
2023-08-28 10:00:00+00:00,3027222.00415903
2023-08-28 11:00:00+00:00,3027227.23805237
2023-08-28 12:00:00+00:00,3027285.1449315
2023-08-28 13:00:00+00:00,3027449.36060383
2023-08-28 14:00:00+00:00,3027824.3938449603
2023-08-28 15:00:00+00:00,3027902.710099
2023-08-28 16:00:00+00:00,3027059.49086208
2023-08-28 17:00:00+00:00,3027082.25478229
2023-08-28 18:00:00+00:00,3024980.10772537
2023-08-28 19:00:00+00:00,3032326.75216474
2023-08-28 20:00:00+00:00,3031851.73966307
2023-08-28 21:00:00+00:00,3030715.27062919
2023-08-28 22:00:00+00:00,3031546.38682003
2023-08-28 23:00:00+00:00,3030882.15739685
2023-08-29 00:00:00+00:00,3031933.69104492
2023-08-29 01:00:00+00:00,3032105.86600997
2023-08-29 02:00:00+00:00,3029576.18309369
2023-08-29 03:00:00+00:00,3033650.92097721
2023-08-29 04:00:00+00:00,3034577.10555555
2023-08-29 05:00:00+00:00,3034672.39469936
2023-08-29 06:00:00+00:00,3034740.67140239
2023-08-29 07:00:00+00:00,3033127.04638424
2023-08-29 08:00:00+00:00,3032990.62705694
2023-08-29 09:00:00+00:00,3032913.98152416
2023-08-29 10:00:00+00:00,3032620.22201791
2023-08-29 11:00:00+00:00,3032241.42966067
2023-08-29 12:00:00+00:00,3032261.16816554
2023-08-29 13:00:00+00:00,3031297.86357599
2023-08-29 14:00:00+00:00,3031711.074196
2023-08-29 15:00:00+00:00,3032818.1666318
2023-08-29 16:00:00+00:00,3037848.2036563302
2023-08-29 17:00:00+00:00,3035474.92275512
2023-08-29 18:00:00+00:00,3034534.0889559803
2023-08-29 19:00:00+00:00,3034541.54647566
2023-08-29 20:00:00+00:00,3034950.65892547
2023-08-29 21:00:00+00:00,3035070.09979562
2023-08-29 22:00:00+00:00,3035576.88019022
2023-08-29 23:00:00+00:00,3032661.7690530303
2023-08-30 00:00:00+00:00,3035420.58073933
2023-08-30 01:00:00+00:00,3035209.86581088
2023-08-30 02:00:00+00:00,3034065.55690844
2023-08-30 03:00:00+00:00,3031446.65001789
2023-08-30 04:00:00+00:00,3035558.65565863
2023-08-30 05:00:00+00:00,3035491.24227926
2023-08-30 06:00:00+00:00,3035565.01636257
2023-08-30 07:00:00+00:00,3035595.84166314
2023-08-30 08:00:00+00:00,3036452.00443285
2023-08-30 09:00:00+00:00,3036343.58284609
2023-08-30 10:00:00+00:00,3036491.44144226
2023-08-30 11:00:00+00:00,3036168.6524554
2023-08-30 12:00:00+00:00,3035980.52407731
2023-08-30 13:00:00+00:00,3037031.90590824
2023-08-30 14:00:00+00:00,3037187.76983435
2023-08-30 15:00:00+00:00,3039583.70509324
2023-08-30 16:00:00+00:00,3039075.59950944
2023-08-30 17:00:00+00:00,3035211.8680874
2023-08-30 18:00:00+00:00,3036510.94146558
2023-08-30 19:00:00+00:00,3038208.7155338903
2023-08-30 20:00:00+00:00,3037181.7268393
2023-08-30 21:00:00+00:00,3037183.97775086
2023-08-30 22:00:00+00:00,3037162.45974277
2023-08-30 23:00:00+00:00,3036543.6759083
2023-08-31 00:00:00+00:00,3036786.62200663
2023-08-31 01:00:00+00:00,3035715.46329271
2023-08-31 02:00:00+00:00,3035594.18928648
2023-08-31 03:00:00+00:00,3035692.27865269
2023-08-31 04:00:00+00:00,3035711.7037525303
2023-08-31 05:00:00+00:00,3035559.2721952703
2023-08-31 06:00:00+00:00,3035564.10603391
2023-08-31 07:00:00+00:00,3036475.96879666
2023-08-31 08:00:00+00:00,3035089.63490873
2023-08-31 09:00:00+00:00,3034832.30625453
2023-08-31 10:00:00+00:00,3034869.36324701
2023-08-31 11:00:00+00:00,3033242.30409197
2023-08-31 12:00:00+00:00,3034326.83432093
2023-08-31 13:00:00+00:00,3032664.83667188
2023-08-31 14:00:00+00:00,3034672.00614817
2023-08-31 15:00:00+00:00,3035878.21455291
2023-08-31 16:00:00+00:00,3036765.2108691
2023-08-31 17:00:00+00:00,3035522.14837764
2023-08-31 18:00:00+00:00,3037873.8270735
2023-08-31 19:00:00+00:00,3037873.43571586
2023-08-31 20:00:00+00:00,3037948.70125077
2023-08-31 21:00:00+00:00,3038051.54930728
2023-08-31 22:00:00+00:00,3038180.88432254
2023-08-31 23:00:00+00:00,3036136.22929876
2023-09-01 00:00:00+00:00,3036167.9184307503
2023-09-01 01:00:00+00:00,3037495.76376362
2023-09-01 02:00:00+00:00,3035569.39100608
2023-09-01 03:00:00+00:00,3035736.70400483
2023-09-01 04:00:00+00:00,3036099.33625772
2023-09-01 05:00:00+00:00,3036161.04486009
2023-09-01 06:00:00+00:00,3036192.3768268703
2023-09-01 07:00:00+00:00,3036509.30741869
2023-09-01 08:00:00+00:00,3036399.87698601
2023-09-01 09:00:00+00:00,3031911.7727917503
2023-09-01 10:00:00+00:00,3031841.78648091
2023-09-01 11:00:00+00:00,3033184.59799021
2023-09-01 12:00:00+00:00,3031905.62189926
2023-09-01 13:00:00+00:00,3032055.36968377
2023-09-01 14:00:00+00:00,3033295.03869726
2023-09-01 15:00:00+00:00,3034751.18089613
2023-09-01 16:00:00+00:00,3034522.19141255
2023-09-01 17:00:00+00:00,3034991.37785163
2023-09-01 18:00:00+00:00,3026627.19410141
2023-09-01 19:00:00+00:00,3031302.13752389
2023-09-01 20:00:00+00:00,3031341.75071816
2023-09-01 21:00:00+00:00,3030652.42848665
2023-09-01 22:00:00+00:00,3030580.18846088
2023-09-01 23:00:00+00:00,3029956.45887197
2023-09-02 00:00:00+00:00,3030028.60037123
2023-09-02 01:00:00+00:00,3030061.57674248
2023-09-02 02:00:00+00:00,3030076.90505163
2023-09-02 03:00:00+00:00,3030622.90939063
2023-09-02 04:00:00+00:00,3031005.99330728
2023-09-02 05:00:00+00:00,3031295.96760168
2023-09-02 06:00:00+00:00,3031300.9889747403
2023-09-02 07:00:00+00:00,3031468.01191819
2023-09-02 08:00:00+00:00,3031524.08774655
2023-09-02 09:00:00+00:00,3031338.55045035
2023-09-02 10:00:00+00:00,3032418.20518866
2023-09-02 11:00:00+00:00,3031468.97699119
2023-09-02 12:00:00+00:00,3031780.63380692
2023-09-02 13:00:00+00:00,3031780.63380692
2023-09-02 14:00:00+00:00,3031633.36367993
2023-09-02 15:00:00+00:00,3031356.3496565702
2023-09-02 16:00:00+00:00,3031599.24610521
2023-09-02 17:00:00+00:00,3031623.00641057
2023-09-02 18:00:00+00:00,3031774.35616771
2023-09-02 19:00:00+00:00,3031813.05309212
2023-09-02 20:00:00+00:00,3032038.14091089
2023-09-02 21:00:00+00:00,3032040.96350727
2023-09-02 22:00:00+00:00,3032189.4297530903
2023-09-02 23:00:00+00:00,3032159.24598599
2023-09-03 00:00:00+00:00,3032193.50388155
2023-09-03 01:00:00+00:00,3031176.29767498
2023-09-03 02:00:00+00:00,3031195.43287345
2023-09-03 03:00:00+00:00,3030924.76823064
2023-09-03 04:00:00+00:00,3030941.58940834
2023-09-03 05:00:00+00:00,3030966.1582978
2023-09-03 06:00:00+00:00,3030980.17240054
2023-09-03 07:00:00+00:00,3030999.72316051
2023-09-03 08:00:00+00:00,3031055.41456952
2023-09-03 09:00:00+00:00,3030826.80542264
2023-09-03 10:00:00+00:00,3030865.60345904
2023-09-03 11:00:00+00:00,3031875.04813535
2023-09-03 12:00:00+00:00,3031845.27723291
2023-09-03 13:00:00+00:00,3030991.08283905
2023-09-03 14:00:00+00:00,3030996.92019466
2023-09-03 15:00:00+00:00,3031037.78886471
2023-09-03 16:00:00+00:00,3030101.15634822
2023-09-03 17:00:00+00:00,3030073.4424007502
2023-09-03 18:00:00+00:00,3030311.65085745
2023-09-03 19:00:00+00:00,3030349.01039752
2023-09-03 20:00:00+00:00,3030441.58234733
2023-09-03 21:00:00+00:00,3030440.7958193403
2023-09-03 22:00:00+00:00,3030448.82135635
2023-09-03 23:00:00+00:00,3030648.43020154
2023-09-04 00:00:00+00:00,3030666.7603529003
2023-09-04 01:00:00+00:00,3030822.86061643
2023-09-04 02:00:00+00:00,3028306.7314302702
2023-09-04 03:00:00+00:00,3028138.60920942
2023-09-04 04:00:00+00:00,3027072.79511864
2023-09-04 05:00:00+00:00,3027443.26982687
2023-09-04 06:00:00+00:00,3026464.9503311003
2023-09-04 07:00:00+00:00,3026694.32800684
2023-09-04 08:00:00+00:00,3026427.6116936603
2023-09-04 09:00:00+00:00,3027435.07363587
2023-09-04 10:00:00+00:00,3027540.38765051
2023-09-04 11:00:00+00:00,3027623.25871118
2023-09-04 12:00:00+00:00,3027552.30998265
2023-09-04 13:00:00+00:00,3027374.50024209
2023-09-04 14:00:00+00:00,3027287.36762176
2023-09-04 15:00:00+00:00,3028410.1327592903
2023-09-04 16:00:00+00:00,3028494.52826343
2023-09-04 17:00:00+00:00,3027468.21966699
2023-09-04 18:00:00+00:00,3027538.30775216
2023-09-04 19:00:00+00:00,3027676.03961963
2023-09-04 20:00:00+00:00,3027667.87268364
2023-09-04 21:00:00+00:00,3027906.87981318
2023-09-04 22:00:00+00:00,3028081.99777286
2023-09-04 23:00:00+00:00,3028070.01243535
2023-09-05 00:00:00+00:00,3028032.75207053
2023-09-05 01:00:00+00:00,3028137.34994501
2023-09-05 02:00:00+00:00,3027862.6771049
2023-09-05 03:00:00+00:00,3028189.86603175
2023-09-05 04:00:00+00:00,3028204.41372491
2023-09-05 05:00:00+00:00,3029293.93107681
2023-09-05 06:00:00+00:00,3028418.1687306003
2023-09-05 07:00:00+00:00,3028489.9171906
2023-09-05 08:00:00+00:00,3027038.7631285703
2023-09-05 09:00:00+00:00,3027879.04795276
2023-09-05 10:00:00+00:00,3027751.48303327
2023-09-05 11:00:00+00:00,3027809.06490125
2023-09-05 12:00:00+00:00,3028847.1155414903
2023-09-05 13:00:00+00:00,3028896.25328711
2023-09-05 14:00:00+00:00,3028773.37493671
2023-09-05 15:00:00+00:00,3027814.74988144
2023-09-05 16:00:00+00:00,3027838.2674969
2023-09-05 17:00:00+00:00,3027576.25858597
2023-09-05 18:00:00+00:00,3027566.70403736
2023-09-05 19:00:00+00:00,3026541.4427182
2023-09-05 20:00:00+00:00,3024531.6037823
2023-09-05 21:00:00+00:00,3025595.44935646
2023-09-05 22:00:00+00:00,3025623.55056408
2023-09-05 23:00:00+00:00,3024958.81707454
2023-09-06 00:00:00+00:00,3024900.7360655
2023-09-06 01:00:00+00:00,3024994.5949128
2023-09-06 02:00:00+00:00,3025075.4447269
2023-09-06 03:00:00+00:00,3026317.17789612
2023-09-06 04:00:00+00:00,3026136.46229243
2023-09-06 05:00:00+00:00,3026015.12177575
2023-09-06 06:00:00+00:00,3026159.37956121
2023-09-06 07:00:00+00:00,3026068.0678234003
2023-09-06 08:00:00+00:00,3026172.80923245
2023-09-06 09:00:00+00:00,3023966.30636125
2023-09-06 10:00:00+00:00,3023040.29675974
2023-09-06 11:00:00+00:00,3023046.03734329
2023-09-06 12:00:00+00:00,3023313.8743568
2023-09-06 13:00:00+00:00,3023310.42278996
2023-09-06 14:00:00+00:00,3024449.0023122
2023-09-06 15:00:00+00:00,3023295.3355667703
2023-09-06 16:00:00+00:00,3023540.24180289
2023-09-06 17:00:00+00:00,3024602.2580247303
2023-09-06 18:00:00+00:00,3023711.96538268
2023-09-06 19:00:00+00:00,3023146.5010054302
2023-09-06 20:00:00+00:00,3022956.3489409
2023-09-06 21:00:00+00:00,3023196.2548524
2023-09-06 22:00:00+00:00,3023384.16189107
2023-09-06 23:00:00+00:00,3022338.95574902
2023-09-07 00:00:00+00:00,3022478.56274933
2023-09-07 01:00:00+00:00,3023648.78542479
2023-09-07 02:00:00+00:00,3023758.83133041
2023-09-07 03:00:00+00:00,3023580.07947243
2023-09-07 04:00:00+00:00,3023609.90927952
2023-09-07 05:00:00+00:00,3023229.17114831
2023-09-07 06:00:00+00:00,3022313.07957109
2023-09-07 07:00:00+00:00,3023004.78855654
2023-09-07 08:00:00+00:00,3022966.37768073
2023-09-07 09:00:00+00:00,3022739.8558133403
2023-09-07 10:00:00+00:00,3022990.09133831
2023-09-07 11:00:00+00:00,3023603.36270855
2023-09-07 12:00:00+00:00,3023750.43752386
2023-09-07 13:00:00+00:00,3023892.9446639703
2023-09-07 14:00:00+00:00,3023248.86745656
2023-09-07 15:00:00+00:00,3022561.47789257
2023-09-07 16:00:00+00:00,3022405.26965856
2023-09-07 17:00:00+00:00,3022195.29781599
2023-09-07 18:00:00+00:00,3023157.10106667
2023-09-07 19:00:00+00:00,3023275.34348138
2023-09-07 20:00:00+00:00,3023413.5865105903
2023-09-07 21:00:00+00:00,3023314.06565115
2023-09-07 22:00:00+00:00,3023497.27568872
2023-09-07 23:00:00+00:00,3023352.73233625
2023-09-08 00:00:00+00:00,3023170.88280626
2023-09-08 01:00:00+00:00,3023421.17671989
2023-09-08 02:00:00+00:00,3024128.5580467703
2023-09-08 03:00:00+00:00,3022898.98974941
2023-09-08 04:00:00+00:00,3021798.91566672
2023-09-08 05:00:00+00:00,3022702.87186405
2023-09-08 06:00:00+00:00,3023735.76503716
2023-09-08 07:00:00+00:00,3022343.47495239
2023-09-08 08:00:00+00:00,3021745.93215437
2023-09-08 09:00:00+00:00,3021591.2630365603
2023-09-08 10:00:00+00:00,3021689.1945185103
2023-09-08 11:00:00+00:00,3021746.50835581
2023-09-08 12:00:00+00:00,3021815.58956596
2023-09-08 13:00:00+00:00,3022905.67524696
2023-09-08 14:00:00+00:00,3022994.4129618
2023-09-08 15:00:00+00:00,3022830.81192154
2023-09-08 16:00:00+00:00,3025140.6188548203
2023-09-08 17:00:00+00:00,3023332.82663385
2023-09-08 18:00:00+00:00,3023458.7710678
2023-09-08 19:00:00+00:00,3023497.23141892
2023-09-08 20:00:00+00:00,3022597.35426294
2023-09-08 21:00:00+00:00,3023253.56608049
2023-09-08 22:00:00+00:00,3023716.40255028
2023-09-08 23:00:00+00:00,3023890.81940809
2023-09-09 00:00:00+00:00,3023874.53176776
2023-09-09 01:00:00+00:00,3023920.80409429
2023-09-09 02:00:00+00:00,3024487.42736023
2023-09-09 03:00:00+00:00,3024668.6274768203
2023-09-09 04:00:00+00:00,3024673.51951379
2023-09-09 05:00:00+00:00,3024649.90144706
2023-09-09 06:00:00+00:00,3024619.70295441
2023-09-09 07:00:00+00:00,3023510.43788101
2023-09-09 08:00:00+00:00,3024078.1573955403
2023-09-09 09:00:00+00:00,3023228.12634198
2023-09-09 10:00:00+00:00,3023258.66453991
2023-09-09 11:00:00+00:00,3023293.33018895
2023-09-09 12:00:00+00:00,3022538.97314075
2023-09-09 13:00:00+00:00,3022865.0742237302
2023-09-09 14:00:00+00:00,3022850.99436583
2023-09-09 15:00:00+00:00,3022994.28228368
2023-09-09 16:00:00+00:00,3023037.58043964
2023-09-09 17:00:00+00:00,3023320.55239341
2023-09-09 18:00:00+00:00,3023474.63000186
2023-09-09 19:00:00+00:00,3023659.46530206
2023-09-09 20:00:00+00:00,3023675.8742281003
2023-09-09 21:00:00+00:00,3023896.68602598
2023-09-09 22:00:00+00:00,3023893.74376359
2023-09-09 23:00:00+00:00,3023934.54797597
2023-09-10 00:00:00+00:00,3024033.57744696
2023-09-10 01:00:00+00:00,3024145.00605461
2023-09-10 02:00:00+00:00,3024134.7080227803
2023-09-10 03:00:00+00:00,3024165.9143882203
2023-09-10 04:00:00+00:00,3024166.19642014
2023-09-10 05:00:00+00:00,3024275.44870459
2023-09-10 06:00:00+00:00,3024239.51014891
2023-09-10 07:00:00+00:00,3024135.46881061
2023-09-10 08:00:00+00:00,3024179.7515439
2023-09-10 09:00:00+00:00,3023953.7268569903
2023-09-10 10:00:00+00:00,3023921.27136361
2023-09-10 11:00:00+00:00,3023787.27155302
2023-09-10 12:00:00+00:00,3024009.25170862
2023-09-10 13:00:00+00:00,3024143.9344873102
2023-09-10 14:00:00+00:00,3024194.01443765
2023-09-10 15:00:00+00:00,3024211.58570341
2023-09-10 16:00:00+00:00,3025746.60928824
2023-09-10 17:00:00+00:00,3025680.50876562
2023-09-10 18:00:00+00:00,3025885.55651742
2023-09-10 19:00:00+00:00,3026084.3677131003
2023-09-10 20:00:00+00:00,3025068.43602023
2023-09-10 21:00:00+00:00,3023978.09330816
2023-09-10 22:00:00+00:00,3023750.25420482
2023-09-10 23:00:00+00:00,3024170.36546733
2023-09-11 00:00:00+00:00,3024553.51768752
2023-09-11 01:00:00+00:00,3024783.4860302
2023-09-11 02:00:00+00:00,3024786.06146408
2023-09-11 03:00:00+00:00,3025148.65570686
2023-09-11 04:00:00+00:00,3025402.21522328
2023-09-11 05:00:00+00:00,3026482.49820152
2023-09-11 06:00:00+00:00,3026512.01779986
2023-09-11 07:00:00+00:00,3025151.3837939203
2023-09-11 08:00:00+00:00,3025016.2246398
2023-09-11 09:00:00+00:00,3024920.81939136
2023-09-11 10:00:00+00:00,3023575.29919974
2023-09-11 11:00:00+00:00,3023519.71746993
2023-09-11 12:00:00+00:00,3025090.15498013
2023-09-11 13:00:00+00:00,3024188.80025742
2023-09-11 14:00:00+00:00,3024910.11416212
2023-09-11 15:00:00+00:00,3026033.51416085
2023-09-11 16:00:00+00:00,3025619.56553802
2023-09-11 17:00:00+00:00,3025513.42426836
2023-09-11 18:00:00+00:00,3025517.59757852
2023-09-11 19:00:00+00:00,3025921.3788324
2023-09-11 20:00:00+00:00,3025175.8310653903
2023-09-11 21:00:00+00:00,3025116.43516351
2023-09-11 22:00:00+00:00,3025168.92412567
2023-09-11 23:00:00+00:00,3025269.63896874
2023-09-12 00:00:00+00:00,3022509.1936479
2023-09-12 01:00:00+00:00,3023748.26311169
2023-09-12 02:00:00+00:00,3023542.95719642
2023-09-12 03:00:00+00:00,3021805.70423046
2023-09-12 04:00:00+00:00,3021951.53681634
2023-09-12 05:00:00+00:00,3021864.7558881
2023-09-12 06:00:00+00:00,3021767.81121253
2023-09-12 07:00:00+00:00,3021907.29046599
2023-09-12 08:00:00+00:00,3021835.20092375
2023-09-12 09:00:00+00:00,3021626.72849771
2023-09-12 10:00:00+00:00,3021601.68676661
2023-09-12 11:00:00+00:00,3021658.92364076
2023-09-12 12:00:00+00:00,3021194.16407373
2023-09-12 13:00:00+00:00,3021293.36872538
2023-09-12 14:00:00+00:00,3021302.58134268
2023-09-12 15:00:00+00:00,3020473.76633273
2023-09-12 16:00:00+00:00,3021205.1779096
2023-09-12 17:00:00+00:00,3021781.90577978
2023-09-12 18:00:00+00:00,3022008.9327772
2023-09-12 19:00:00+00:00,3022104.06397721
2023-09-12 20:00:00+00:00,3022198.91238121
2023-09-12 21:00:00+00:00,3022013.62297737
2023-09-12 22:00:00+00:00,3023161.37362475
2023-09-12 23:00:00+00:00,3023081.51411597
2023-09-13 00:00:00+00:00,3023144.46235458
2023-09-13 01:00:00+00:00,3023168.26215937
2023-09-13 02:00:00+00:00,3023317.76795651
2023-09-13 03:00:00+00:00,3023347.35342518
2023-09-13 04:00:00+00:00,3023508.88194431
2023-09-13 05:00:00+00:00,3023221.78138736
2023-09-13 06:00:00+00:00,3023283.17426613
2023-09-13 07:00:00+00:00,3023281.6016499302
2023-09-13 08:00:00+00:00,3023242.3156393003
2023-09-13 09:00:00+00:00,3021727.29145065
2023-09-13 10:00:00+00:00,3022159.0337884403
2023-09-13 11:00:00+00:00,3021016.83064237
2023-09-13 12:00:00+00:00,3022223.5007103803
2023-09-13 13:00:00+00:00,3022081.28567396
2023-09-13 14:00:00+00:00,3022135.61507212
2023-09-13 15:00:00+00:00,3011532.47570216
2023-09-13 16:00:00+00:00,3011717.58987894
2023-09-13 17:00:00+00:00,3011735.28380032
2023-09-13 18:00:00+00:00,3011783.93193324
2023-09-13 19:00:00+00:00,3009451.6180936
2023-09-13 20:00:00+00:00,3009841.9019024502
2023-09-13 21:00:00+00:00,3008658.20429383
2023-09-13 22:00:00+00:00,3010097.06205522
2023-09-13 23:00:00+00:00,3010358.3357070503
2023-09-14 00:00:00+00:00,3010414.83481667
2023-09-14 01:00:00+00:00,3010431.05159427
2023-09-14 02:00:00+00:00,3010459.6590609
2023-09-14 03:00:00+00:00,3010128.79606678
2023-09-14 04:00:00+00:00,3010113.3321033
2023-09-14 05:00:00+00:00,3008531.01641832
2023-09-14 06:00:00+00:00,3008536.5913418
2023-09-14 07:00:00+00:00,3008551.9135792702
2023-09-14 08:00:00+00:00,3007463.27524958
2023-09-14 09:00:00+00:00,3008242.33572797
2023-09-14 10:00:00+00:00,3008567.1619047
2023-09-14 11:00:00+00:00,3008833.3645505
2023-09-14 12:00:00+00:00,3009294.25809868
2023-09-14 13:00:00+00:00,3008175.01942548
2023-09-14 14:00:00+00:00,3009195.0370489103
2023-09-14 15:00:00+00:00,3009351.87029437
2023-09-14 16:00:00+00:00,3009859.86317722
2023-09-14 17:00:00+00:00,3009475.38181683
2023-09-14 18:00:00+00:00,3009633.0534794303
2023-09-14 19:00:00+00:00,3010005.8768111
2023-09-14 20:00:00+00:00,3009955.81623296
2023-09-14 21:00:00+00:00,3010112.95749206
2023-09-14 22:00:00+00:00,3010676.86317823
2023-09-14 23:00:00+00:00,3010715.06799836
2023-09-15 00:00:00+00:00,3010984.58802395
2023-09-15 01:00:00+00:00,3010930.48484095
2023-09-15 02:00:00+00:00,3011233.16286804
2023-09-15 03:00:00+00:00,3011126.10097043
2023-09-15 04:00:00+00:00,3011257.8638501302
2023-09-15 05:00:00+00:00,3011148.30379936
2023-09-15 06:00:00+00:00,3011239.17858345
2023-09-15 07:00:00+00:00,3011509.50862617
2023-09-15 08:00:00+00:00,3011578.16363048
2023-09-15 09:00:00+00:00,3011286.0303198
2023-09-15 10:00:00+00:00,3012229.08674773
2023-09-15 11:00:00+00:00,3011269.21590841
2023-09-15 12:00:00+00:00,3010711.25823703
2023-09-15 13:00:00+00:00,3010067.23691172
2023-09-15 14:00:00+00:00,3009859.9128514403
2023-09-15 15:00:00+00:00,3010867.27651448
2023-09-15 16:00:00+00:00,3010937.14367315
2023-09-15 17:00:00+00:00,3010837.64339766
2023-09-15 18:00:00+00:00,3011086.86479024
2023-09-15 19:00:00+00:00,3011079.44298374
2023-09-15 20:00:00+00:00,3011850.52844947
2023-09-15 21:00:00+00:00,3010570.15360664
2023-09-15 22:00:00+00:00,3010530.73333189
2023-09-15 23:00:00+00:00,3010672.70721124
2023-09-16 00:00:00+00:00,3011230.73221809
2023-09-16 01:00:00+00:00,3011267.8957581
2023-09-16 02:00:00+00:00,3011310.38249358
2023-09-16 03:00:00+00:00,3011373.88420207
2023-09-16 04:00:00+00:00,3011393.76059923
2023-09-16 05:00:00+00:00,3011018.06810882
2023-09-16 06:00:00+00:00,3011069.60834527
2023-09-16 07:00:00+00:00,3011160.91696824
2023-09-16 08:00:00+00:00,3011189.43444035
2023-09-16 09:00:00+00:00,3011759.84596278
2023-09-16 10:00:00+00:00,3011945.1233329503
2023-09-16 11:00:00+00:00,3011959.14234253
2023-09-16 12:00:00+00:00,3011911.73425799
2023-09-16 13:00:00+00:00,3011909.00276856
2023-09-16 14:00:00+00:00,3012120.85122268
2023-09-16 15:00:00+00:00,3012116.5887261103
2023-09-16 16:00:00+00:00,3012119.03845476
2023-09-16 17:00:00+00:00,3012094.47293996
2023-09-16 18:00:00+00:00,3012128.6497847
2023-09-16 19:00:00+00:00,3012202.55986601
2023-09-16 20:00:00+00:00,3012227.45224314
2023-09-16 21:00:00+00:00,3012264.6402063603
2023-09-16 22:00:00+00:00,3012303.65657069
2023-09-16 23:00:00+00:00,3012437.22414244
2023-09-17 00:00:00+00:00,3012447.3642845103
2023-09-17 01:00:00+00:00,3012454.55814876
2023-09-17 02:00:00+00:00,3013229.77864933
2023-09-17 03:00:00+00:00,3013152.85714541
2023-09-17 04:00:00+00:00,3012949.7854408203
2023-09-17 05:00:00+00:00,3012949.42988742
2023-09-17 06:00:00+00:00,3012694.60195383
2023-09-17 07:00:00+00:00,3012668.97149292
2023-09-17 08:00:00+00:00,3012768.40372965
2023-09-17 09:00:00+00:00,3012535.79953033
2023-09-17 10:00:00+00:00,3012669.35920184
2023-09-17 11:00:00+00:00,3011462.99602507
2023-09-17 12:00:00+00:00,3011482.53547642
2023-09-17 13:00:00+00:00,3011490.1864558603
2023-09-17 14:00:00+00:00,3011504.04054493
2023-09-17 15:00:00+00:00,3011625.12817889
2023-09-17 16:00:00+00:00,3011714.84597124
2023-09-17 17:00:00+00:00,3011743.81274023
2023-09-17 18:00:00+00:00,3011838.8382404502
2023-09-17 19:00:00+00:00,3011875.76758266
2023-09-17 20:00:00+00:00,3011879.61387388
2023-09-17 21:00:00+00:00,3011933.09538616
2023-09-17 22:00:00+00:00,3011955.6203885903
2023-09-17 23:00:00+00:00,3011955.89181808
2023-09-18 00:00:00+00:00,3012007.06322086
2023-09-18 01:00:00+00:00,3012001.58334059
2023-09-18 02:00:00+00:00,3012088.72784214
2023-09-18 03:00:00+00:00,3012058.83993084
2023-09-18 04:00:00+00:00,3011948.33217635
2023-09-18 05:00:00+00:00,3012009.34033906
2023-09-18 06:00:00+00:00,3012211.14551494
2023-09-18 07:00:00+00:00,3012452.33196828
2023-09-18 08:00:00+00:00,3010872.40060672
2023-09-18 09:00:00+00:00,3010573.3154745703
2023-09-18 10:00:00+00:00,3011862.5329906503
2023-09-18 11:00:00+00:00,3012296.2439901303
2023-09-18 12:00:00+00:00,3011565.41583497
2023-09-18 13:00:00+00:00,3011926.30121875
2023-09-18 14:00:00+00:00,3011250.51740454
2023-09-18 15:00:00+00:00,3010969.38875756
2023-09-18 16:00:00+00:00,3010983.81272258
2023-09-18 17:00:00+00:00,3013148.14199579
2023-09-18 18:00:00+00:00,3012557.21627458
2023-09-18 19:00:00+00:00,3013025.49691031
2023-09-18 20:00:00+00:00,3012781.16513992
2023-09-18 21:00:00+00:00,3012943.85601027
2023-09-18 22:00:00+00:00,3012652.6208464103
2023-09-18 23:00:00+00:00,3012585.27873162
2023-09-19 00:00:00+00:00,3012692.83943796
2023-09-19 01:00:00+00:00,3012729.27851441
2023-09-19 02:00:00+00:00,3012514.52155222
2023-09-19 03:00:00+00:00,3012054.36742542
2023-09-19 04:00:00+00:00,3012076.04678354
2023-09-19 05:00:00+00:00,3010626.80089396
2023-09-19 06:00:00+00:00,3010595.29961588
2023-09-19 07:00:00+00:00,3010623.43698881
2023-09-19 08:00:00+00:00,3009704.47222383
2023-09-19 09:00:00+00:00,3009781.78175377
2023-09-19 10:00:00+00:00,3009873.7010175
2023-09-19 11:00:00+00:00,3009964.5501609603
2023-09-19 12:00:00+00:00,3009935.6879361
2023-09-19 13:00:00+00:00,3009672.34439091
2023-09-19 14:00:00+00:00,3009561.5096288
2023-09-19 15:00:00+00:00,3009125.9912271
2023-09-19 16:00:00+00:00,3009177.03829684
2023-09-19 17:00:00+00:00,3010192.6944647
2023-09-19 18:00:00+00:00,3010062.16519864
2023-09-19 19:00:00+00:00,3010111.55359192
2023-09-19 20:00:00+00:00,3010374.81650829
2023-09-19 21:00:00+00:00,3010368.4030543403
2023-09-19 22:00:00+00:00,3010401.79016158
2023-09-19 23:00:00+00:00,3007564.00755274
2023-09-20 00:00:00+00:00,3010767.30600388
2023-09-20 01:00:00+00:00,3010753.30982126
2023-09-20 02:00:00+00:00,3011978.70969269
2023-09-20 03:00:00+00:00,3012000.43338582
2023-09-20 04:00:00+00:00,3012045.07273159
2023-09-20 05:00:00+00:00,3011968.58212684
2023-09-20 06:00:00+00:00,3011803.0561948703
2023-09-20 07:00:00+00:00,3011806.92673688
2023-09-20 08:00:00+00:00,3011645.46097516
2023-09-20 09:00:00+00:00,3011444.95105594
2023-09-20 10:00:00+00:00,3011622.2863594103
2023-09-20 11:00:00+00:00,3011850.9276848403
2023-09-20 12:00:00+00:00,3012632.98855024
2023-09-20 13:00:00+00:00,3012794.22245992
2023-09-20 14:00:00+00:00,3014230.5975688
2023-09-20 15:00:00+00:00,3014113.1733115
2023-09-20 16:00:00+00:00,3014308.21962533
2023-09-20 17:00:00+00:00,3018244.70721677
2023-09-20 18:00:00+00:00,3018667.34948706
2023-09-20 19:00:00+00:00,3018620.01561339
2023-09-20 20:00:00+00:00,3018435.4982974
2023-09-20 21:00:00+00:00,3018341.17241275
2023-09-20 22:00:00+00:00,3018491.5083749
2023-09-20 23:00:00+00:00,3018484.99618195
2023-09-21 00:00:00+00:00,3018488.4355730303
2023-09-21 01:00:00+00:00,3018603.9840581203
2023-09-21 02:00:00+00:00,3018614.66377107
2023-09-21 03:00:00+00:00,3018615.71324141
2023-09-21 04:00:00+00:00,3018639.21500673
2023-09-21 05:00:00+00:00,3018592.24741472
2023-09-21 06:00:00+00:00,3019071.54904625
2023-09-21 07:00:00+00:00,3019166.39502453
2023-09-21 08:00:00+00:00,3019205.55707645
2023-09-21 09:00:00+00:00,3020020.15885414
2023-09-21 10:00:00+00:00,3021085.23378035
2023-09-21 11:00:00+00:00,3021286.94917143
2023-09-21 12:00:00+00:00,3021363.08733523
2023-09-21 13:00:00+00:00,3010235.4751459
2023-09-21 14:00:00+00:00,3009820.79515896
2023-09-21 15:00:00+00:00,3010679.02723698
2023-09-21 16:00:00+00:00,3010821.00003936
2023-09-21 17:00:00+00:00,3010623.54211296
2023-09-21 18:00:00+00:00,3010528.1828564
2023-09-21 19:00:00+00:00,3010559.29808603
2023-09-21 20:00:00+00:00,3008753.0299441502
2023-09-21 21:00:00+00:00,3010595.74416278
2023-09-21 22:00:00+00:00,3010536.22412971
2023-09-21 23:00:00+00:00,3010499.7887655
2023-09-22 00:00:00+00:00,3010565.43318113
2023-09-22 01:00:00+00:00,3010655.86971308
2023-09-22 02:00:00+00:00,3010384.7032756503
2023-09-22 03:00:00+00:00,3010449.2593331
2023-09-22 04:00:00+00:00,3010504.97562805
2023-09-22 05:00:00+00:00,3009319.41522228
2023-09-22 06:00:00+00:00,3009341.29951848
2023-09-22 07:00:00+00:00,3009302.49650225
2023-09-22 08:00:00+00:00,3009246.11323375
2023-09-22 09:00:00+00:00,3007560.46377475
2023-09-22 10:00:00+00:00,3007661.27629745
2023-09-22 11:00:00+00:00,3008896.52855412
2023-09-22 12:00:00+00:00,3007715.44982203
2023-09-22 13:00:00+00:00,3007496.99567219
2023-09-22 14:00:00+00:00,3007365.58343007
2023-09-22 15:00:00+00:00,3003822.1424818
2023-09-22 16:00:00+00:00,3007242.48660768
2023-09-22 17:00:00+00:00,3007359.52073941
2023-09-22 18:00:00+00:00,3007817.16522319
2023-09-22 19:00:00+00:00,3007752.37871382
2023-09-22 20:00:00+00:00,3007407.35196381
2023-09-22 21:00:00+00:00,3007263.77266641
2023-09-22 22:00:00+00:00,3007263.77266641
2023-09-22 23:00:00+00:00,3007097.97344108
2023-09-23 00:00:00+00:00,3007052.96391696
2023-09-23 01:00:00+00:00,3007069.0839451803
2023-09-23 02:00:00+00:00,3007045.39206206
2023-09-23 03:00:00+00:00,3006810.44965836
2023-09-23 04:00:00+00:00,3006844.26076854
2023-09-23 05:00:00+00:00,3005788.53327892
2023-09-23 06:00:00+00:00,3005781.22474697
2023-09-23 07:00:00+00:00,3005776.86475716
2023-09-23 08:00:00+00:00,3005785.3370729103
2023-09-23 09:00:00+00:00,3005555.84749963
2023-09-23 10:00:00+00:00,3005456.75251585
2023-09-23 11:00:00+00:00,3005471.73823574
2023-09-23 12:00:00+00:00,3005415.94561917
2023-09-23 13:00:00+00:00,3005426.00838525
2023-09-23 14:00:00+00:00,3005502.75102026
2023-09-23 15:00:00+00:00,3005458.5712885503
2023-09-23 16:00:00+00:00,3005459.37222209
2023-09-23 17:00:00+00:00,3005540.94071066
2023-09-23 18:00:00+00:00,3005548.87729452
2023-09-23 19:00:00+00:00,3005586.81423563
2023-09-23 20:00:00+00:00,3005597.54486401
2023-09-23 21:00:00+00:00,3005595.4422437903
2023-09-23 22:00:00+00:00,3005344.65557493
2023-09-23 23:00:00+00:00,3005388.70798866
2023-09-24 00:00:00+00:00,3005427.55124663
2023-09-24 01:00:00+00:00,3005444.7626421
2023-09-24 02:00:00+00:00,3005381.58582119
2023-09-24 03:00:00+00:00,3005147.9885662203
2023-09-24 04:00:00+00:00,3004201.5624956703
2023-09-24 05:00:00+00:00,3004234.07913726
2023-09-24 06:00:00+00:00,3004248.45586555
2023-09-24 07:00:00+00:00,3005837.3807416903
2023-09-24 08:00:00+00:00,3005858.82468248
2023-09-24 09:00:00+00:00,3005692.8069884
2023-09-24 10:00:00+00:00,3005736.56464034
2023-09-24 11:00:00+00:00,3005775.68962351
2023-09-24 12:00:00+00:00,3005087.68168876
2023-09-24 13:00:00+00:00,3005484.40066306
2023-09-24 14:00:00+00:00,3005447.09811211
2023-09-24 15:00:00+00:00,3005461.68850359
2023-09-24 16:00:00+00:00,3005431.80780805
2023-09-24 17:00:00+00:00,3005930.98971089
2023-09-24 18:00:00+00:00,3005950.95193383
2023-09-24 19:00:00+00:00,3006993.83436852
2023-09-24 20:00:00+00:00,3007011.44209707
2023-09-24 21:00:00+00:00,3006758.9626126
2023-09-24 22:00:00+00:00,3006757.13934852
2023-09-24 23:00:00+00:00,3006901.26114464
2023-09-25 00:00:00+00:00,3007032.63057151
2023-09-25 01:00:00+00:00,3007141.77102221
2023-09-25 02:00:00+00:00,3007404.57309418
2023-09-25 03:00:00+00:00,3005952.00907739
2023-09-25 04:00:00+00:00,3005949.53552193
2023-09-25 05:00:00+00:00,3005829.48795269
2023-09-25 06:00:00+00:00,3005826.52547941
2023-09-25 07:00:00+00:00,3005867.9365355
2023-09-25 08:00:00+00:00,3006291.3751826
2023-09-25 09:00:00+00:00,3007014.91832515
2023-09-25 10:00:00+00:00,3007120.84616193
2023-09-25 11:00:00+00:00,3007085.15877771
2023-09-25 12:00:00+00:00,3006025.01677052
2023-09-25 13:00:00+00:00,3004701.30214155
2023-09-25 14:00:00+00:00,3005224.6696787803
2023-09-25 15:00:00+00:00,3004957.17636865
2023-09-25 16:00:00+00:00,3004093.66007736
2023-09-25 17:00:00+00:00,3003307.33996354
2023-09-25 18:00:00+00:00,3003269.15867562
2023-09-25 19:00:00+00:00,3003260.29599905
2023-09-25 20:00:00+00:00,3003262.84693274
2023-09-25 21:00:00+00:00,3003125.34296293
2023-09-25 22:00:00+00:00,3003182.10746151
2023-09-25 23:00:00+00:00,3003289.25063619
2023-09-26 00:00:00+00:00,3003606.43578253
2023-09-26 01:00:00+00:00,3003790.17369986
2023-09-26 02:00:00+00:00,3003436.01857433
2023-09-26 03:00:00+00:00,3003383.25736302
2023-09-26 04:00:00+00:00,3003438.1290586
2023-09-26 05:00:00+00:00,3003491.78895393
2023-09-26 06:00:00+00:00,3003489.41184656
2023-09-26 07:00:00+00:00,3003611.26489545
2023-09-26 08:00:00+00:00,3003595.27502945
2023-09-26 09:00:00+00:00,3003742.58667019
2023-09-26 10:00:00+00:00,3003749.59001673
2023-09-26 11:00:00+00:00,3003773.02213538
2023-09-26 12:00:00+00:00,3003794.01301376
2023-09-26 13:00:00+00:00,3003522.63299965
2023-09-26 14:00:00+00:00,3004536.13140445
2023-09-26 15:00:00+00:00,3003206.01874339
2023-09-26 16:00:00+00:00,3004849.14158884
2023-09-26 17:00:00+00:00,3005770.21201723
2023-09-26 18:00:00+00:00,3005907.91778513
2023-09-26 19:00:00+00:00,3006089.6089565502
2023-09-26 20:00:00+00:00,3005084.67191502
2023-09-26 21:00:00+00:00,3005040.95984711
2023-09-26 22:00:00+00:00,3005052.17261621
2023-09-26 23:00:00+00:00,3005086.21741009
2023-09-27 00:00:00+00:00,3005010.36973412
2023-09-27 01:00:00+00:00,3005033.86429037
2023-09-27 02:00:00+00:00,3004688.08270576
2023-09-27 03:00:00+00:00,3004739.42489008
2023-09-27 04:00:00+00:00,3004994.81165066
2023-09-27 05:00:00+00:00,3004989.0042698
2023-09-27 06:00:00+00:00,3004911.83871033
2023-09-27 07:00:00+00:00,3004973.25565131
2023-09-27 08:00:00+00:00,3003472.38056813
2023-09-27 09:00:00+00:00,3005350.8029471003
2023-09-27 10:00:00+00:00,3006069.97375969
2023-09-27 11:00:00+00:00,3005474.05881446
2023-09-27 12:00:00+00:00,3005316.08389315
2023-09-27 13:00:00+00:00,3006186.7900041
2023-09-27 14:00:00+00:00,3004034.5135664903
2023-09-27 15:00:00+00:00,3004096.1690427503
2023-09-27 16:00:00+00:00,3004063.82421511
2023-09-27 17:00:00+00:00,3004194.60676932
2023-09-27 18:00:00+00:00,3003423.54619454
2023-09-27 19:00:00+00:00,2992035.69674526
2023-09-27 20:00:00+00:00,2992074.64424587
2023-09-27 21:00:00+00:00,2991897.27860127
2023-09-27 22:00:00+00:00,2991600.01975885
2023-09-27 23:00:00+00:00,2992649.94924427
2023-09-28 00:00:00+00:00,2993932.26544396
2023-09-28 01:00:00+00:00,2993829.5190677303
2023-09-28 02:00:00+00:00,2993880.10272131
2023-09-28 03:00:00+00:00,2993361.80277314
2023-09-28 04:00:00+00:00,2993715.0175671303
2023-09-28 05:00:00+00:00,2993502.1880987003
2023-09-28 06:00:00+00:00,2993651.29466572
2023-09-28 07:00:00+00:00,2993534.04340941
2023-09-28 08:00:00+00:00,2994527.0374839
2023-09-28 09:00:00+00:00,2994266.54888671
2023-09-28 10:00:00+00:00,3006777.53430395
2023-09-28 11:00:00+00:00,3006326.96587093
2023-09-28 12:00:00+00:00,3001532.69339842
2023-09-28 13:00:00+00:00,3002564.86370766
2023-09-28 14:00:00+00:00,3002616.62528643
2023-09-28 15:00:00+00:00,3002809.45861745
2023-09-28 16:00:00+00:00,3000658.59101167
2023-09-28 17:00:00+00:00,3002763.17908426
2023-09-28 18:00:00+00:00,3004022.52982241
2023-09-28 19:00:00+00:00,3005853.28869917
2023-09-28 20:00:00+00:00,3004246.87633446
2023-09-28 21:00:00+00:00,3005252.61727909
2023-09-28 22:00:00+00:00,3005544.23494417
2023-09-28 23:00:00+00:00,3005435.64470171
2023-09-29 00:00:00+00:00,3005600.4176673
2023-09-29 01:00:00+00:00,3006009.24412369
2023-09-29 02:00:00+00:00,3005614.01968086
2023-09-29 03:00:00+00:00,3005596.92827147
2023-09-29 04:00:00+00:00,3005796.23485879
2023-09-29 05:00:00+00:00,3005647.1573222103
2023-09-29 06:00:00+00:00,3005741.67451287
2023-09-29 07:00:00+00:00,3004420.6739101
2023-09-29 08:00:00+00:00,3004416.49180549
2023-09-29 09:00:00+00:00,3014352.32509203
2023-09-29 10:00:00+00:00,3014529.87064831
2023-09-29 11:00:00+00:00,3013852.70993761
2023-09-29 12:00:00+00:00,3013276.64983867
2023-09-29 13:00:00+00:00,3014215.40868618
2023-09-29 14:00:00+00:00,3014027.31265785
2023-09-29 15:00:00+00:00,3014177.1911855303
2023-09-29 16:00:00+00:00,3016689.22548073
2023-09-29 17:00:00+00:00,3004142.3171565
2023-09-29 18:00:00+00:00,3004096.77374727
2023-09-29 19:00:00+00:00,3004284.36844197
2023-09-29 20:00:00+00:00,3017372.38283629
2023-09-29 21:00:00+00:00,3018087.71352771
2023-09-29 22:00:00+00:00,3018059.92525124
2023-09-29 23:00:00+00:00,3019229.35220507
2023-09-30 00:00:00+00:00,3019289.96213865
2023-09-30 01:00:00+00:00,3019294.17166972
2023-09-30 02:00:00+00:00,3019069.72394263
2023-09-30 03:00:00+00:00,3019043.79367136
2023-09-30 04:00:00+00:00,3018814.67010085
2023-09-30 05:00:00+00:00,3019000.53884062
2023-09-30 06:00:00+00:00,3019067.0008916003
2023-09-30 07:00:00+00:00,3019060.28278152
2023-09-30 08:00:00+00:00,3018966.50302461
2023-09-30 09:00:00+00:00,3018566.47374277
2023-09-30 10:00:00+00:00,3017113.50572073
2023-09-30 11:00:00+00:00,3017398.43016518
2023-09-30 12:00:00+00:00,3017365.02696084
2023-09-30 13:00:00+00:00,3018328.18868353
2023-09-30 14:00:00+00:00,3017328.44159816
2023-09-30 15:00:00+00:00,3017398.72189843
2023-09-30 16:00:00+00:00,3017030.3553264
2023-09-30 17:00:00+00:00,3017502.82058074
2023-09-30 18:00:00+00:00,3017565.06036962
2023-09-30 19:00:00+00:00,3017588.69432212
2023-09-30 20:00:00+00:00,3016588.19576415
2023-09-30 21:00:00+00:00,3016158.7411697702
2023-09-30 22:00:00+00:00,3016189.0289102
2023-09-30 23:00:00+00:00,3016385.22797141
2023-10-01 00:00:00+00:00,3016437.12425635
2023-10-01 01:00:00+00:00,3016369.94556942
2023-10-01 02:00:00+00:00,3016403.30324349
2023-10-01 03:00:00+00:00,3016366.66445269
2023-10-01 04:00:00+00:00,3016407.92576333
2023-10-01 05:00:00+00:00,3016275.7512548
2023-10-01 06:00:00+00:00,3016300.97029803
2023-10-01 07:00:00+00:00,3016318.97190469
2023-10-01 08:00:00+00:00,3016355.0145695303
2023-10-01 09:00:00+00:00,3014116.98915519
2023-10-01 10:00:00+00:00,3014149.87141035
2023-10-01 11:00:00+00:00,3014018.25576567
2023-10-01 12:00:00+00:00,3014105.94304678
2023-10-01 13:00:00+00:00,3014485.03764824
2023-10-01 14:00:00+00:00,3014599.5756645
2023-10-01 15:00:00+00:00,3014777.33066749
2023-10-01 16:00:00+00:00,3014783.54513022
2023-10-01 17:00:00+00:00,3014754.03321537
2023-10-01 18:00:00+00:00,3014838.58047349
2023-10-01 19:00:00+00:00,3014852.03643572
2023-10-01 20:00:00+00:00,3014802.03397921
2023-10-01 21:00:00+00:00,3014499.1806019703
2023-10-01 22:00:00+00:00,3014530.62757353
2023-10-01 23:00:00+00:00,3014539.15981263
2023-10-02 00:00:00+00:00,3014412.59920089
2023-10-02 01:00:00+00:00,3014625.69868547
2023-10-02 02:00:00+00:00,3015363.33085772
2023-10-02 03:00:00+00:00,3005418.59287369
2023-10-02 04:00:00+00:00,3005386.7077703
2023-10-02 05:00:00+00:00,3005574.4072472
2023-10-02 06:00:00+00:00,3015611.39825624
2023-10-02 07:00:00+00:00,3016170.46074311
2023-10-02 08:00:00+00:00,3015695.66628692
2023-10-02 09:00:00+00:00,3017530.86600915
2023-10-02 10:00:00+00:00,3017692.49435896
2023-10-02 11:00:00+00:00,3017807.99302277
2023-10-02 12:00:00+00:00,3019094.34451494
2023-10-02 13:00:00+00:00,3019091.81366816
2023-10-02 14:00:00+00:00,3018104.77394762
2023-10-02 15:00:00+00:00,3018765.24149473
2023-10-02 16:00:00+00:00,3018773.29864887
2023-10-02 17:00:00+00:00,3012703.95463123
2023-10-02 18:00:00+00:00,3013315.25407005
2023-10-02 19:00:00+00:00,3012778.62719386
2023-10-02 20:00:00+00:00,3013223.89110154
2023-10-02 21:00:00+00:00,3013234.71924133
2023-10-02 22:00:00+00:00,3013234.1967213
2023-10-02 23:00:00+00:00,3013047.99496333
2023-10-03 00:00:00+00:00,3013329.85006423
2023-10-03 01:00:00+00:00,3014252.40834627
2023-10-03 02:00:00+00:00,3014015.89263138
2023-10-03 03:00:00+00:00,3014215.50019942
2023-10-03 04:00:00+00:00,3013983.06024832
2023-10-03 05:00:00+00:00,3013613.62343006
2023-10-03 06:00:00+00:00,3013460.29432209
2023-10-03 07:00:00+00:00,3013448.21536681
2023-10-03 08:00:00+00:00,3015416.74559783
2023-10-03 09:00:00+00:00,3015137.17761235
2023-10-03 10:00:00+00:00,3014926.6922859503
2023-10-03 11:00:00+00:00,3014845.52437562
2023-10-03 12:00:00+00:00,3014349.68727666
2023-10-03 13:00:00+00:00,3014246.95743717
2023-10-03 14:00:00+00:00,3013257.26375554
2023-10-03 15:00:00+00:00,3014456.87814113
2023-10-03 16:00:00+00:00,3013460.63375379
2023-10-03 17:00:00+00:00,3013462.69718089
2023-10-03 18:00:00+00:00,3003040.83656693
2023-10-03 19:00:00+00:00,3003141.32348708
2023-10-03 20:00:00+00:00,3004408.52843225
2023-10-03 21:00:00+00:00,3004128.04741866
2023-10-03 22:00:00+00:00,3003457.37737894
2023-10-03 23:00:00+00:00,3003550.6750927
2023-10-04 00:00:00+00:00,3000715.82563275
2023-10-04 01:00:00+00:00,3000600.49459595
2023-10-04 02:00:00+00:00,3002100.93738464
2023-10-04 03:00:00+00:00,3002230.57278264
2023-10-04 04:00:00+00:00,3002070.47990013
2023-10-04 05:00:00+00:00,3001893.98064299
2023-10-04 06:00:00+00:00,3001860.15488369
2023-10-04 07:00:00+00:00,3001366.44808549
2023-10-04 08:00:00+00:00,3001440.91123221
2023-10-04 09:00:00+00:00,3002058.41603766
2023-10-04 10:00:00+00:00,3001964.33842785
2023-10-04 11:00:00+00:00,3001787.77430608
2023-10-04 12:00:00+00:00,3001654.31414433
2023-10-04 13:00:00+00:00,2997509.13815012
2023-10-04 14:00:00+00:00,3000339.1493789
2023-10-04 15:00:00+00:00,3000028.80916603
2023-10-04 16:00:00+00:00,2998665.09829465
2023-10-04 17:00:00+00:00,2998695.41112006
2023-10-04 18:00:00+00:00,2998081.10609394
2023-10-04 19:00:00+00:00,2999619.93961104
2023-10-04 20:00:00+00:00,2996809.50147138
2023-10-04 21:00:00+00:00,2996833.7481388203
2023-10-04 22:00:00+00:00,2996882.23312963
2023-10-04 23:00:00+00:00,2996882.86780597
2023-10-05 00:00:00+00:00,2996822.60064366
2023-10-05 01:00:00+00:00,2996828.34357541
2023-10-05 02:00:00+00:00,2996867.79909633
2023-10-05 03:00:00+00:00,2996232.87190026
2023-10-05 04:00:00+00:00,2996261.0533041903
2023-10-05 05:00:00+00:00,2997374.25840004
2023-10-05 06:00:00+00:00,2997377.52327486
2023-10-05 07:00:00+00:00,2996118.78344335
2023-10-05 08:00:00+00:00,2996104.86711617
2023-10-05 09:00:00+00:00,2995844.7174467
2023-10-05 10:00:00+00:00,2995909.5134575
2023-10-05 11:00:00+00:00,2995868.56209915
2023-10-05 12:00:00+00:00,2995580.72241019
2023-10-05 13:00:00+00:00,2995651.07849443
2023-10-05 14:00:00+00:00,2996027.28808462
2023-10-05 15:00:00+00:00,2996072.24500185
2023-10-05 16:00:00+00:00,2995820.1970978
2023-10-05 17:00:00+00:00,2996045.46024124
2023-10-05 18:00:00+00:00,2997429.16052522
2023-10-05 19:00:00+00:00,2997768.81311592
2023-10-05 20:00:00+00:00,2997285.9250067403
2023-10-05 21:00:00+00:00,2997301.1628338
2023-10-05 22:00:00+00:00,2997299.79122442
2023-10-05 23:00:00+00:00,2997402.49057074
2023-10-06 00:00:00+00:00,2994557.57393936
2023-10-06 01:00:00+00:00,2996815.80947437
2023-10-06 02:00:00+00:00,2997586.49613926
2023-10-06 03:00:00+00:00,2997737.07546168
2023-10-06 04:00:00+00:00,2997725.8137295
2023-10-06 05:00:00+00:00,2997840.4874616503
2023-10-06 06:00:00+00:00,2997510.685588
2023-10-06 07:00:00+00:00,2998482.51124764
2023-10-06 08:00:00+00:00,2998527.67834409
2023-10-06 09:00:00+00:00,2998258.36283077
2023-10-06 10:00:00+00:00,2995576.51728448
2023-10-06 11:00:00+00:00,2994874.94790492
2023-10-06 12:00:00+00:00,2995966.29381852
2023-10-06 13:00:00+00:00,2995736.69643753
2023-10-06 14:00:00+00:00,3005484.30606991
2023-10-06 15:00:00+00:00,3004761.85332685
2023-10-06 16:00:00+00:00,3005128.23799963
2023-10-06 17:00:00+00:00,3005043.90048647
2023-10-06 18:00:00+00:00,3006315.4469007403
2023-10-06 19:00:00+00:00,3006705.68331921
2023-10-06 20:00:00+00:00,3007542.36053909
2023-10-06 21:00:00+00:00,3007881.62548476
2023-10-06 22:00:00+00:00,3008217.8560519
2023-10-06 23:00:00+00:00,3008209.01207611
2023-10-07 00:00:00+00:00,3008162.30380932
2023-10-07 01:00:00+00:00,3008151.3361616503
2023-10-07 02:00:00+00:00,3008257.24235334
2023-10-07 03:00:00+00:00,3007990.08548645
2023-10-07 04:00:00+00:00,3007979.60095862
2023-10-07 05:00:00+00:00,3008029.82260129
2023-10-07 06:00:00+00:00,3008018.44995164
2023-10-07 07:00:00+00:00,3008082.75837128
2023-10-07 08:00:00+00:00,3008402.04916239
2023-10-07 09:00:00+00:00,3008428.34808097
2023-10-07 10:00:00+00:00,3008435.39687769
2023-10-07 11:00:00+00:00,3008487.42164195
2023-10-07 12:00:00+00:00,3009044.96873625
2023-10-07 13:00:00+00:00,3008886.00330138
2023-10-07 14:00:00+00:00,3008924.08233157
2023-10-07 15:00:00+00:00,3008373.85688788
2023-10-07 16:00:00+00:00,3008411.82329587
2023-10-07 17:00:00+00:00,3008408.110388
2023-10-07 18:00:00+00:00,3008731.45950476
2023-10-07 19:00:00+00:00,3008711.26177866
2023-10-07 20:00:00+00:00,3008581.73090687
2023-10-07 21:00:00+00:00,3008570.73411449
2023-10-07 22:00:00+00:00,3008081.46355037
2023-10-07 23:00:00+00:00,3008265.11878828
2023-10-08 00:00:00+00:00,3008533.7411149503
2023-10-08 01:00:00+00:00,3008536.85440539
2023-10-08 02:00:00+00:00,3008319.50453443
2023-10-08 03:00:00+00:00,3008337.5090255
2023-10-08 04:00:00+00:00,3008142.33443508
2023-10-08 05:00:00+00:00,3008253.33366343
2023-10-08 06:00:00+00:00,3008259.63808101
2023-10-08 07:00:00+00:00,3008276.07215359
2023-10-08 08:00:00+00:00,3008283.63965863
2023-10-08 09:00:00+00:00,3007722.89434582
2023-10-08 10:00:00+00:00,3007770.4363888
2023-10-08 11:00:00+00:00,3008936.63981397
2023-10-08 12:00:00+00:00,3008970.27003035
2023-10-08 13:00:00+00:00,3008939.51585816
2023-10-08 14:00:00+00:00,3008996.89268263
2023-10-08 15:00:00+00:00,3009183.65059202
2023-10-08 16:00:00+00:00,3009195.20161228
2023-10-08 17:00:00+00:00,3009288.15553903
2023-10-08 18:00:00+00:00,3009349.5740051703
2023-10-08 19:00:00+00:00,3009365.00167673
2023-10-08 20:00:00+00:00,3008314.02324086
2023-10-08 21:00:00+00:00,3008453.10734936
2023-10-08 22:00:00+00:00,3008407.8749914
2023-10-08 23:00:00+00:00,3008425.67230829
2023-10-09 00:00:00+00:00,3008425.08332202
2023-10-09 01:00:00+00:00,3008468.13738165
2023-10-09 02:00:00+00:00,3009609.49336044
2023-10-09 03:00:00+00:00,3008094.73737752
2023-10-09 04:00:00+00:00,3008138.68170967
2023-10-09 05:00:00+00:00,3008153.36560496
2023-10-09 06:00:00+00:00,3008420.32980733
2023-10-09 07:00:00+00:00,3008341.17833846
2023-10-09 08:00:00+00:00,3008412.43623229
2023-10-09 09:00:00+00:00,3008067.50403616
2023-10-09 10:00:00+00:00,3009399.46499114
2023-10-09 11:00:00+00:00,3008230.68010255
2023-10-09 12:00:00+00:00,3009503.51087934
2023-10-09 13:00:00+00:00,3006627.03362815
2023-10-09 14:00:00+00:00,3008960.20046437
2023-10-09 15:00:00+00:00,3007495.50150696
2023-10-09 16:00:00+00:00,3008667.60841145
2023-10-09 17:00:00+00:00,3008657.28035481
2023-10-09 18:00:00+00:00,3008610.17745709
2023-10-09 19:00:00+00:00,3008733.62085627
2023-10-09 20:00:00+00:00,3008770.71278154
2023-10-09 21:00:00+00:00,3008780.65870305
2023-10-09 22:00:00+00:00,3008971.75631647
2023-10-09 23:00:00+00:00,3009199.32005098
2023-10-10 00:00:00+00:00,3009458.84605806
2023-10-10 01:00:00+00:00,3009417.8434307403
2023-10-10 02:00:00+00:00,3008156.25589717
2023-10-10 03:00:00+00:00,3007118.07788738
2023-10-10 04:00:00+00:00,3007174.47978363
2023-10-10 05:00:00+00:00,3007333.99350648
2023-10-10 06:00:00+00:00,3007380.34660343
2023-10-10 07:00:00+00:00,3007425.09901595
2023-10-10 08:00:00+00:00,3005823.91034209
2023-10-10 09:00:00+00:00,3005518.17039409
2023-10-10 10:00:00+00:00,3006135.35459418
2023-10-10 11:00:00+00:00,3005449.05817104
2023-10-10 12:00:00+00:00,3005217.0858560503
2023-10-10 13:00:00+00:00,3005278.89986646
2023-10-10 14:00:00+00:00,3003864.39360086
2023-10-10 15:00:00+00:00,3003911.05529101
2023-10-10 16:00:00+00:00,3004610.84621668
2023-10-10 17:00:00+00:00,3004470.24533339
2023-10-10 18:00:00+00:00,3003561.33106014
2023-10-10 19:00:00+00:00,2999854.87128148
2023-10-10 20:00:00+00:00,3002601.77197084
2023-10-10 21:00:00+00:00,3002687.01110841
2023-10-10 22:00:00+00:00,3002707.15991638
2023-10-10 23:00:00+00:00,3003736.88200732
2023-10-11 00:00:00+00:00,3003963.05415555
2023-10-11 01:00:00+00:00,3003938.14625447
2023-10-11 02:00:00+00:00,3004001.04365963
2023-10-11 03:00:00+00:00,3003648.86561783
2023-10-11 04:00:00+00:00,3003558.20027278
2023-10-11 05:00:00+00:00,3003557.92576412
2023-10-11 06:00:00+00:00,3002511.03062716
2023-10-11 07:00:00+00:00,3002664.65329896
2023-10-11 08:00:00+00:00,3003896.06892826
2023-10-11 09:00:00+00:00,3003740.73409854
2023-10-11 10:00:00+00:00,3003012.90349511
2023-10-11 11:00:00+00:00,3003002.37033557
2023-10-11 12:00:00+00:00,3003160.58204114
2023-10-11 13:00:00+00:00,3001035.43085815
2023-10-11 14:00:00+00:00,3001108.8368434003
2023-10-11 15:00:00+00:00,3000580.24416337
2023-10-11 16:00:00+00:00,3000922.74166069
2023-10-11 17:00:00+00:00,3002954.29540191
2023-10-11 18:00:00+00:00,3002077.36755465
2023-10-11 19:00:00+00:00,2999954.42030316
2023-10-11 20:00:00+00:00,3000193.5984693803
2023-10-11 21:00:00+00:00,2998421.84601571
2023-10-11 22:00:00+00:00,2998436.23594012
2023-10-11 23:00:00+00:00,2998472.8171106703
2023-10-12 00:00:00+00:00,2998734.72050543
2023-10-12 01:00:00+00:00,2998766.6785350502
2023-10-12 02:00:00+00:00,2999235.29852833
2023-10-12 03:00:00+00:00,2998555.49296441
2023-10-12 04:00:00+00:00,2998914.60406492
2023-10-12 05:00:00+00:00,2998726.09452182
2023-10-12 06:00:00+00:00,2998488.37843062
2023-10-12 07:00:00+00:00,2997373.22642058
2023-10-12 08:00:00+00:00,2996650.26109303
2023-10-12 09:00:00+00:00,2996578.7790132
2023-10-12 10:00:00+00:00,2995595.0511935903
2023-10-12 11:00:00+00:00,2995724.86571893
2023-10-12 12:00:00+00:00,2996808.23877193
2023-10-12 13:00:00+00:00,2996196.03740114
2023-10-12 14:00:00+00:00,2996122.49576399
2023-10-12 15:00:00+00:00,2994367.60719912
2023-10-12 16:00:00+00:00,2993467.4185411
2023-10-12 17:00:00+00:00,2993552.04648074
2023-10-12 18:00:00+00:00,2993629.45146522
2023-10-12 19:00:00+00:00,2993402.01778505
2023-10-12 20:00:00+00:00,2993500.80838617
2023-10-12 21:00:00+00:00,2993649.78139284
2023-10-12 22:00:00+00:00,2993596.75721503
2023-10-12 23:00:00+00:00,2993630.93712298
2023-10-13 00:00:00+00:00,2993638.3127275
2023-10-13 01:00:00+00:00,2993554.93015174
2023-10-13 02:00:00+00:00,2993716.81757416
2023-10-13 03:00:00+00:00,2993337.80718927
2023-10-13 04:00:00+00:00,2993364.76746161
2023-10-13 05:00:00+00:00,2993390.28298778
2023-10-13 06:00:00+00:00,2991788.20355547
2023-10-13 07:00:00+00:00,2990998.90780261
2023-10-13 08:00:00+00:00,2990566.6909248503
2023-10-13 09:00:00+00:00,2989652.06681851
2023-10-13 10:00:00+00:00,2990021.43932837
2023-10-13 11:00:00+00:00,2990939.05337655
2023-10-13 12:00:00+00:00,2990763.93028828
2023-10-13 13:00:00+00:00,2988749.26930532
2023-10-13 14:00:00+00:00,2990292.87027682
2023-10-13 15:00:00+00:00,2990254.31184043
2023-10-13 16:00:00+00:00,2991488.22581768
2023-10-13 17:00:00+00:00,2991727.89621345
2023-10-13 18:00:00+00:00,2991795.83606767
2023-10-13 19:00:00+00:00,2991780.79789146
2023-10-13 20:00:00+00:00,2991800.12397461
2023-10-13 21:00:00+00:00,2991856.22677424
2023-10-13 22:00:00+00:00,2991348.67109183
2023-10-13 23:00:00+00:00,2991336.61043599
2023-10-14 00:00:00+00:00,2991391.82586275
2023-10-14 01:00:00+00:00,2991359.703977
2023-10-14 02:00:00+00:00,2990961.37404388
2023-10-14 03:00:00+00:00,2990985.53479202
2023-10-14 04:00:00+00:00,2991003.36849628
2023-10-14 05:00:00+00:00,2991049.8725675503
2023-10-14 06:00:00+00:00,2991105.96236816
2023-10-14 07:00:00+00:00,2991238.14814779
2023-10-14 08:00:00+00:00,2991246.32301259
2023-10-14 09:00:00+00:00,2991101.63042186
2023-10-14 10:00:00+00:00,2990093.54008024
2023-10-14 11:00:00+00:00,2990122.95632995
2023-10-14 12:00:00+00:00,2990079.03574443
2023-10-14 13:00:00+00:00,2990219.37219098
2023-10-14 14:00:00+00:00,2990356.14253498
2023-10-14 15:00:00+00:00,2990396.83207444
2023-10-14 16:00:00+00:00,2990402.0949561303
2023-10-14 17:00:00+00:00,2990549.48674305
2023-10-14 18:00:00+00:00,2990562.09410286
2023-10-14 19:00:00+00:00,2990710.42690795
2023-10-14 20:00:00+00:00,2990737.80607345
2023-10-14 21:00:00+00:00,2990752.39241362
2023-10-14 22:00:00+00:00,2991157.49352661
2023-10-14 23:00:00+00:00,2991168.10187935
2023-10-15 00:00:00+00:00,2991176.78727991
2023-10-15 01:00:00+00:00,2991188.79303875
2023-10-15 02:00:00+00:00,2991172.76067346
2023-10-15 03:00:00+00:00,2988039.42209544
2023-10-15 04:00:00+00:00,2990039.8734823503
2023-10-15 05:00:00+00:00,2990197.89059725
2023-10-15 06:00:00+00:00,2990187.73334471
2023-10-15 07:00:00+00:00,2990175.9371007
2023-10-15 08:00:00+00:00,2990576.33476191
2023-10-15 09:00:00+00:00,2990614.97256859
2023-10-15 10:00:00+00:00,2990288.45713181
2023-10-15 11:00:00+00:00,2990288.1183458
2023-10-15 12:00:00+00:00,2980136.38196982
2023-10-15 13:00:00+00:00,2990039.56110909
2023-10-15 14:00:00+00:00,2990144.77621932
2023-10-15 15:00:00+00:00,2989895.68207501
2023-10-15 16:00:00+00:00,2989913.38769646
2023-10-15 17:00:00+00:00,2989963.75096557
2023-10-15 18:00:00+00:00,2980142.1959505
2023-10-15 19:00:00+00:00,2980120.51257664
2023-10-15 20:00:00+00:00,2980182.35928249
2023-10-15 21:00:00+00:00,2980294.61107698
2023-10-15 22:00:00+00:00,2980573.8376127603
2023-10-15 23:00:00+00:00,2980620.34844784
2023-10-16 00:00:00+00:00,2980540.25555519
2023-10-16 01:00:00+00:00,2979445.07736216
2023-10-16 02:00:00+00:00,2979635.28878784
2023-10-16 03:00:00+00:00,2979787.80116673
2023-10-16 04:00:00+00:00,2979822.9414410503
2023-10-16 05:00:00+00:00,2979741.19430448
2023-10-16 06:00:00+00:00,2979747.45941606
2023-10-16 07:00:00+00:00,2979935.5679312
2023-10-16 08:00:00+00:00,2990271.91165834
2023-10-16 09:00:00+00:00,2991045.31499058
2023-10-16 10:00:00+00:00,2993417.38633603
2023-10-16 11:00:00+00:00,2993945.3994050203
2023-10-16 12:00:00+00:00,2995710.72523825
2023-10-16 13:00:00+00:00,2995674.37640169
2023-10-16 14:00:00+00:00,2995472.38403618
2023-10-16 15:00:00+00:00,2988269.65409978
2023-10-16 16:00:00+00:00,2989627.07052402
2023-10-16 17:00:00+00:00,2990935.10033343
2023-10-16 18:00:00+00:00,2992228.45766261
2023-10-16 19:00:00+00:00,2991902.32141153
2023-10-16 20:00:00+00:00,2992469.11210748
2023-10-16 21:00:00+00:00,2994407.84832936
2023-10-16 22:00:00+00:00,2994771.92448575
2023-10-16 23:00:00+00:00,2995497.3079184103
2023-10-17 00:00:00+00:00,2995742.97689662
2023-10-17 01:00:00+00:00,2995925.3278708
2023-10-17 02:00:00+00:00,2995782.42990745
2023-10-17 03:00:00+00:00,2994905.84025672
2023-10-17 04:00:00+00:00,2994712.04555931
2023-10-17 05:00:00+00:00,2994791.13075601
2023-10-17 06:00:00+00:00,2995636.21634638
2023-10-17 07:00:00+00:00,2996325.52854171
2023-10-17 08:00:00+00:00,2996870.14797473
2023-10-17 09:00:00+00:00,2996717.36124944
2023-10-17 10:00:00+00:00,2996630.7342174
2023-10-17 11:00:00+00:00,2996756.2833015
2023-10-17 12:00:00+00:00,2996473.60291954
2023-10-17 13:00:00+00:00,2995610.02138089
2023-10-17 14:00:00+00:00,2994515.8984209
2023-10-17 15:00:00+00:00,2994790.6111339102
2023-10-17 16:00:00+00:00,2994399.8203554503
2023-10-17 17:00:00+00:00,2995753.89759507
2023-10-17 18:00:00+00:00,2996772.22875667
2023-10-17 19:00:00+00:00,2996531.36302352
2023-10-17 20:00:00+00:00,2996554.45404778
2023-10-17 21:00:00+00:00,2996478.6961830403
2023-10-17 22:00:00+00:00,2996504.19145993
2023-10-17 23:00:00+00:00,2996613.38816324
2023-10-18 00:00:00+00:00,2996658.9732354903
2023-10-18 01:00:00+00:00,2996657.91994153
2023-10-18 02:00:00+00:00,2996321.31833271
2023-10-18 03:00:00+00:00,2996356.25214175
2023-10-18 04:00:00+00:00,2996739.16980409
2023-10-18 05:00:00+00:00,2995483.04150528
2023-10-18 06:00:00+00:00,2994645.31496875
2023-10-18 07:00:00+00:00,2995150.11716796
2023-10-18 08:00:00+00:00,2994245.4775957
2023-10-18 09:00:00+00:00,2993899.6156455
2023-10-18 10:00:00+00:00,2994087.26978913
2023-10-18 11:00:00+00:00,2994026.12501147
2023-10-18 12:00:00+00:00,2994255.75499646
2023-10-18 13:00:00+00:00,2994185.94653348
2023-10-18 14:00:00+00:00,3013076.0148073803
2023-10-18 15:00:00+00:00,3012673.52239055
2023-10-18 16:00:00+00:00,3012652.79063249
2023-10-18 17:00:00+00:00,3009798.96768256
2023-10-18 18:00:00+00:00,3007367.64741894
2023-10-18 19:00:00+00:00,3006202.18544732
2023-10-18 20:00:00+00:00,3007524.9713792
2023-10-18 21:00:00+00:00,3007607.28110972
2023-10-18 22:00:00+00:00,3007698.86625317
2023-10-18 23:00:00+00:00,3007817.7393445102
2023-10-19 00:00:00+00:00,3007085.1768057803
2023-10-19 01:00:00+00:00,3007067.49182917
2023-10-19 02:00:00+00:00,3006760.34550544
2023-10-19 03:00:00+00:00,3005642.8100638
2023-10-19 04:00:00+00:00,3005707.16383174
2023-10-19 05:00:00+00:00,3005764.19432626
2023-10-19 06:00:00+00:00,3005806.15010131
2023-10-19 07:00:00+00:00,3005837.25230807
2023-10-19 08:00:00+00:00,3005896.16719956
2023-10-19 09:00:00+00:00,3006763.59891662
2023-10-19 10:00:00+00:00,3006764.30851882
2023-10-19 11:00:00+00:00,3006998.48937855
2023-10-19 12:00:00+00:00,3007038.09345285
2023-10-19 13:00:00+00:00,3007017.45916527
2023-10-19 14:00:00+00:00,3009271.7647428103
2023-10-19 15:00:00+00:00,3010016.7434285902
2023-10-19 16:00:00+00:00,3000236.44607977
2023-10-19 17:00:00+00:00,3000397.01100532
2023-10-19 18:00:00+00:00,2998118.79055195
2023-10-19 19:00:00+00:00,2999752.06389874
2023-10-19 20:00:00+00:00,2999879.3554583
2023-10-19 21:00:00+00:00,2999820.17496216
2023-10-19 22:00:00+00:00,3000273.4349623
2023-10-19 23:00:00+00:00,3000386.4758376502
2023-10-20 00:00:00+00:00,2999284.75007419
2023-10-20 01:00:00+00:00,2999305.93971625
2023-10-20 02:00:00+00:00,2999032.9851074
2023-10-20 03:00:00+00:00,2999116.40071092
2023-10-20 04:00:00+00:00,2999506.00002683
2023-10-20 05:00:00+00:00,2999736.06753488
2023-10-20 06:00:00+00:00,3000592.53994379
2023-10-20 07:00:00+00:00,3000362.94505988
2023-10-20 08:00:00+00:00,3000985.99976318
2023-10-20 09:00:00+00:00,3001245.66200918
2023-10-20 10:00:00+00:00,3001793.96958129
2023-10-20 11:00:00+00:00,3004191.56286966
2023-10-20 12:00:00+00:00,3006686.92700977
2023-10-20 13:00:00+00:00,3005182.22392724
2023-10-20 14:00:00+00:00,3005464.95085405
2023-10-20 15:00:00+00:00,3004126.83270921
2023-10-20 16:00:00+00:00,3003736.95172327
2023-10-20 17:00:00+00:00,3003808.97195845
2023-10-20 18:00:00+00:00,3003881.38106465
2023-10-20 19:00:00+00:00,3004014.92067356
2023-10-20 20:00:00+00:00,3004917.56143033
2023-10-20 21:00:00+00:00,3004718.50641096
2023-10-20 22:00:00+00:00,3006554.67389613
2023-10-20 23:00:00+00:00,3006461.25579184
2023-10-21 00:00:00+00:00,3006609.15422029
2023-10-21 01:00:00+00:00,3006528.40234162
2023-10-21 02:00:00+00:00,3006613.65456064
2023-10-21 03:00:00+00:00,3006624.08668158
2023-10-21 04:00:00+00:00,2996740.84096609
2023-10-21 05:00:00+00:00,2994816.90417699
2023-10-21 06:00:00+00:00,2995104.17140626
2023-10-21 07:00:00+00:00,2995178.18173452
2023-10-21 08:00:00+00:00,2995193.6207238203
2023-10-21 09:00:00+00:00,2995053.33114199
2023-10-21 10:00:00+00:00,2994977.79066347
2023-10-21 11:00:00+00:00,2995116.23111034
2023-10-21 12:00:00+00:00,2995287.61318073
2023-10-21 13:00:00+00:00,2995215.7794474103
2023-10-21 14:00:00+00:00,2995254.74584291
2023-10-21 15:00:00+00:00,2995271.78206084
2023-10-21 16:00:00+00:00,2995251.09864343
2023-10-21 17:00:00+00:00,2995363.0622856
2023-10-21 18:00:00+00:00,2995344.8943101
2023-10-21 19:00:00+00:00,2996581.84984404
2023-10-21 20:00:00+00:00,2996500.6229707203
2023-10-21 21:00:00+00:00,2996471.22644595
2023-10-21 22:00:00+00:00,2996640.91720202
2023-10-21 23:00:00+00:00,2996696.41931517
2023-10-22 00:00:00+00:00,2996885.08986765
2023-10-22 01:00:00+00:00,2998048.24532965
2023-10-22 02:00:00+00:00,2998197.2909339
2023-10-22 03:00:00+00:00,2997881.5289961803
2023-10-22 04:00:00+00:00,2997919.33112137
2023-10-22 05:00:00+00:00,2997810.4793990003
2023-10-22 06:00:00+00:00,2996426.37454455
2023-10-22 07:00:00+00:00,2997784.33858902
2023-10-22 08:00:00+00:00,2997745.03416859
2023-10-22 09:00:00+00:00,2997552.8320964403
2023-10-22 10:00:00+00:00,2997716.54678591
2023-10-22 11:00:00+00:00,2997869.02564404
2023-10-22 12:00:00+00:00,2997895.99051036
2023-10-22 13:00:00+00:00,2997818.29049253
2023-10-22 14:00:00+00:00,2997842.5225397903
2023-10-22 15:00:00+00:00,2997049.49569315
2023-10-22 16:00:00+00:00,2996481.63711647
2023-10-22 17:00:00+00:00,2996496.5163135203
2023-10-22 18:00:00+00:00,2996510.70654989
2023-10-22 19:00:00+00:00,2996488.9656346203
2023-10-22 20:00:00+00:00,2996545.3435131903
2023-10-22 21:00:00+00:00,2996552.60926301
2023-10-22 22:00:00+00:00,2996700.27160822
2023-10-22 23:00:00+00:00,2996956.40394658
2023-10-23 00:00:00+00:00,2996964.8408819903
2023-10-23 01:00:00+00:00,2996917.87305493
2023-10-23 02:00:00+00:00,2996595.8976061502
2023-10-23 03:00:00+00:00,2994540.78618138
2023-10-23 04:00:00+00:00,2994660.64808686
2023-10-23 05:00:00+00:00,2994549.20400225
2023-10-23 06:00:00+00:00,2994585.49442915
2023-10-23 07:00:00+00:00,2994098.17252016
2023-10-23 08:00:00+00:00,2994066.26487028
2023-10-23 09:00:00+00:00,2992480.34838902
2023-10-23 10:00:00+00:00,2992603.64110574
2023-10-23 11:00:00+00:00,2991976.67047567
2023-10-23 12:00:00+00:00,2992116.63848598
2023-10-23 13:00:00+00:00,2991705.34543447
2023-10-23 14:00:00+00:00,2991115.63883412
2023-10-23 15:00:00+00:00,2990800.99957713
2023-10-23 16:00:00+00:00,2991700.9109904203
2023-10-23 17:00:00+00:00,2992367.30766179
2023-10-23 18:00:00+00:00,3001799.02650157
2023-10-23 19:00:00+00:00,3001826.5118560703
2023-10-23 20:00:00+00:00,3001875.68729589
2023-10-23 21:00:00+00:00,3001667.92910799
2023-10-23 22:00:00+00:00,3000660.76081783
2023-10-23 23:00:00+00:00,3002069.9392995
2023-10-24 00:00:00+00:00,3003227.93748211
2023-10-24 01:00:00+00:00,3003436.02670202
2023-10-24 02:00:00+00:00,3003025.84158778
2023-10-24 03:00:00+00:00,3003811.8469693
2023-10-24 04:00:00+00:00,3002792.2635807903
2023-10-24 05:00:00+00:00,3002590.05021113
2023-10-24 06:00:00+00:00,3003814.21835258
2023-10-24 07:00:00+00:00,3003700.12385049
2023-10-24 08:00:00+00:00,2993800.0768528
2023-10-24 09:00:00+00:00,3000104.6626760103
2023-10-24 10:00:00+00:00,3004270.00075417
2023-10-24 11:00:00+00:00,3004761.90974124
2023-10-24 12:00:00+00:00,3005046.1426132303
2023-10-24 13:00:00+00:00,3004413.09667672
2023-10-24 14:00:00+00:00,3003767.50525124
2023-10-24 15:00:00+00:00,3005170.83360604
2023-10-24 16:00:00+00:00,3007382.80740124
2023-10-24 17:00:00+00:00,3007342.75210853
2023-10-24 18:00:00+00:00,3007354.48139524
2023-10-24 19:00:00+00:00,3008572.16288693
2023-10-24 20:00:00+00:00,3009803.39140126
2023-10-24 21:00:00+00:00,3008001.7118171
2023-10-24 22:00:00+00:00,3007245.11809255
2023-10-24 23:00:00+00:00,3007445.4672629302
2023-10-25 00:00:00+00:00,3005235.59670596
2023-10-25 01:00:00+00:00,3004396.58858367
2023-10-25 02:00:00+00:00,3004168.19074294
2023-10-25 03:00:00+00:00,3005047.3091163
2023-10-25 04:00:00+00:00,3005000.00937244
2023-10-25 05:00:00+00:00,3005409.85371155
2023-10-25 06:00:00+00:00,3005449.2697155
2023-10-25 07:00:00+00:00,3005820.3798578503
2023-10-25 08:00:00+00:00,3006466.06361116
2023-10-25 09:00:00+00:00,3005198.65682647
2023-10-25 10:00:00+00:00,3005542.75913283
2023-10-25 11:00:00+00:00,3005514.21800376
2023-10-25 12:00:00+00:00,3004925.45085711
2023-10-25 13:00:00+00:00,3001975.99600571
2023-10-25 14:00:00+00:00,3002545.41472165
2023-10-25 15:00:00+00:00,3003066.73681607
2023-10-25 16:00:00+00:00,3003914.49872524
2023-10-25 17:00:00+00:00,3001466.9542908003
2023-10-25 18:00:00+00:00,3004976.20748688
2023-10-25 19:00:00+00:00,3005473.0338612
2023-10-25 20:00:00+00:00,3005187.4340452
2023-10-25 21:00:00+00:00,3005467.90467599
2023-10-25 22:00:00+00:00,3005511.56904173
2023-10-25 23:00:00+00:00,3005431.97094691
2023-10-26 00:00:00+00:00,3005470.6175340703
2023-10-26 01:00:00+00:00,3005284.27079961
2023-10-26 02:00:00+00:00,3004271.02758916
2023-10-26 03:00:00+00:00,3003354.39299587
2023-10-26 04:00:00+00:00,3003513.56286654
2023-10-26 05:00:00+00:00,3003725.45418005
2023-10-26 06:00:00+00:00,3003770.5864889203
2023-10-26 07:00:00+00:00,3003605.61626585
2023-10-26 08:00:00+00:00,3003916.14568529
2023-10-26 09:00:00+00:00,3004725.78640333
2023-10-26 10:00:00+00:00,3004149.8503794703
2023-10-26 11:00:00+00:00,3004178.9166830103
2023-10-26 12:00:00+00:00,3004165.59588257
2023-10-26 13:00:00+00:00,3005062.05872974
2023-10-26 14:00:00+00:00,3003166.99900132
2023-10-26 15:00:00+00:00,3002244.60674753
2023-10-26 16:00:00+00:00,3003841.8238873
2023-10-26 17:00:00+00:00,3005649.25212446
2023-10-26 18:00:00+00:00,3004715.17592041
2023-10-26 19:00:00+00:00,3005567.77231344
2023-10-26 20:00:00+00:00,3005891.17544779
2023-10-26 21:00:00+00:00,3003330.96915012
2023-10-26 22:00:00+00:00,3006840.32195646
2023-10-26 23:00:00+00:00,3004362.30718305
2023-10-27 00:00:00+00:00,3007230.00749611
2023-10-27 01:00:00+00:00,2997887.47334723
2023-10-27 02:00:00+00:00,2997676.80812864
2023-10-27 03:00:00+00:00,2996272.18018043
2023-10-27 04:00:00+00:00,2996354.7412146702
2023-10-27 05:00:00+00:00,2996445.24481737
2023-10-27 06:00:00+00:00,2996117.91522207
2023-10-27 07:00:00+00:00,2995950.84516744
2023-10-27 08:00:00+00:00,2996121.03783429
2023-10-27 09:00:00+00:00,2995101.02099526
2023-10-27 10:00:00+00:00,2994548.1737515302
2023-10-27 11:00:00+00:00,2994775.84382186
2023-10-27 12:00:00+00:00,2994849.05094242
2023-10-27 13:00:00+00:00,2984292.6564332102
2023-10-27 14:00:00+00:00,2985930.69310106
2023-10-27 15:00:00+00:00,2985914.52953969
2023-10-27 16:00:00+00:00,3006224.06047903
2023-10-27 17:00:00+00:00,3009029.39235827
2023-10-27 18:00:00+00:00,3004182.18862981
2023-10-27 19:00:00+00:00,3009162.16215806
2023-10-27 20:00:00+00:00,3009052.08820849
2023-10-27 21:00:00+00:00,3008824.31551198
2023-10-27 22:00:00+00:00,3006506.02933165
2023-10-27 23:00:00+00:00,2997486.59588852
2023-10-28 00:00:00+00:00,2995648.80225643
2023-10-28 01:00:00+00:00,2995382.9226857
2023-10-28 02:00:00+00:00,3004935.8216178003
2023-10-28 03:00:00+00:00,3005264.31985888
2023-10-28 04:00:00+00:00,3005232.984238
2023-10-28 05:00:00+00:00,3005245.41269253
2023-10-28 06:00:00+00:00,3005259.58521527
2023-10-28 07:00:00+00:00,3005338.11927028
2023-10-28 08:00:00+00:00,3005290.42460734
2023-10-28 09:00:00+00:00,3004974.82396253
2023-10-28 10:00:00+00:00,3004904.3655077
2023-10-28 11:00:00+00:00,3005070.65439463
2023-10-28 12:00:00+00:00,3005292.22875554
2023-10-28 13:00:00+00:00,3006528.0635497803
2023-10-28 14:00:00+00:00,2993712.68172926
2023-10-28 15:00:00+00:00,2993776.39065494
2023-10-28 16:00:00+00:00,2993697.60969648
2023-10-28 17:00:00+00:00,2993703.94457741
2023-10-28 18:00:00+00:00,2993744.27662829
2023-10-28 19:00:00+00:00,2993728.48719476
2023-10-28 20:00:00+00:00,2993620.16860994
2023-10-28 21:00:00+00:00,2992597.17347929
2023-10-28 22:00:00+00:00,2992598.61675547
2023-10-28 23:00:00+00:00,2992693.52713445
2023-10-29 00:00:00+00:00,2992770.52922722
2023-10-29 01:00:00+00:00,2992743.98091732
2023-10-29 02:00:00+00:00,2992746.48451516
2023-10-29 03:00:00+00:00,3002743.34628668
2023-10-29 04:00:00+00:00,2992812.82321842
2023-10-29 05:00:00+00:00,2992723.27271675
2023-10-29 06:00:00+00:00,2992518.50875589
2023-10-29 07:00:00+00:00,2992457.53930783
2023-10-29 08:00:00+00:00,2991998.16403059
2023-10-29 09:00:00+00:00,2992287.95592574
2023-10-29 10:00:00+00:00,2992637.82039572
2023-10-29 11:00:00+00:00,2992675.2774469
2023-10-29 12:00:00+00:00,2992677.92833382
2023-10-29 13:00:00+00:00,2992600.01147545
2023-10-29 14:00:00+00:00,2992589.24375733
2023-10-29 15:00:00+00:00,2992625.9458164102
2023-10-29 16:00:00+00:00,2992742.68432781
2023-10-29 17:00:00+00:00,2992513.07289845
2023-10-29 18:00:00+00:00,2992492.97030191
2023-10-29 19:00:00+00:00,2993549.63918142
2023-10-29 20:00:00+00:00,2993470.93573787
2023-10-29 21:00:00+00:00,2993462.48365886
2023-10-29 22:00:00+00:00,2992422.89344255
2023-10-29 23:00:00+00:00,2992448.53025683
2023-10-30 00:00:00+00:00,2992453.53808865
2023-10-30 01:00:00+00:00,2994624.89680518
2023-10-30 02:00:00+00:00,2994326.98519762
2023-10-30 03:00:00+00:00,2994423.16381622
2023-10-30 04:00:00+00:00,2994433.71999582
2023-10-30 05:00:00+00:00,2994460.55057537
2023-10-30 06:00:00+00:00,2994621.32491151
2023-10-30 07:00:00+00:00,2994770.47539805
2023-10-30 08:00:00+00:00,2994909.10927264
2023-10-30 09:00:00+00:00,2994618.53300044
2023-10-30 10:00:00+00:00,2994718.39726505
2023-10-30 11:00:00+00:00,2994835.90075639
2023-10-30 12:00:00+00:00,2994302.5154077
2023-10-30 13:00:00+00:00,2994385.15713957
2023-10-30 14:00:00+00:00,2993951.10654458
2023-10-30 15:00:00+00:00,2993678.60333022
2023-10-30 16:00:00+00:00,2990863.3810822703
2023-10-30 17:00:00+00:00,2991921.2971798503
2023-10-30 18:00:00+00:00,2991475.67346914
2023-10-30 19:00:00+00:00,2992627.98352743
2023-10-30 20:00:00+00:00,2992301.4683582
2023-10-30 21:00:00+00:00,2992767.72813269
2023-10-30 22:00:00+00:00,2992983.3995184
2023-10-30 23:00:00+00:00,2992998.00194682
2023-10-31 00:00:00+00:00,2992902.83696636
2023-10-31 01:00:00+00:00,2993089.25643458
2023-10-31 02:00:00+00:00,2991882.08871062
2023-10-31 03:00:00+00:00,2991462.12714397
2023-10-31 04:00:00+00:00,2991256.30579428
2023-10-31 05:00:00+00:00,2991245.4398357
2023-10-31 06:00:00+00:00,2991214.57933027
2023-10-31 07:00:00+00:00,2991323.80770902
2023-10-31 08:00:00+00:00,2991449.64781749
2023-10-31 09:00:00+00:00,2990557.82417557
2023-10-31 10:00:00+00:00,2989468.08841121
2023-10-31 11:00:00+00:00,2989435.8031195
2023-10-31 12:00:00+00:00,2990460.86948773
2023-10-31 13:00:00+00:00,2990380.19819084
2023-10-31 14:00:00+00:00,2989892.25972902
2023-10-31 15:00:00+00:00,2989638.80096141
2023-10-31 16:00:00+00:00,2990716.84951663
2023-10-31 17:00:00+00:00,2991040.92961052
2023-10-31 18:00:00+00:00,2991096.26793006
2023-10-31 19:00:00+00:00,2991929.27600826
2023-10-31 20:00:00+00:00,2989824.64860166
2023-10-31 21:00:00+00:00,2993175.3656658
2023-10-31 22:00:00+00:00,2993004.57015285
2023-10-31 23:00:00+00:00,2993585.08646372
2023-11-01 00:00:00+00:00,2993631.23743352
2023-11-01 01:00:00+00:00,2993633.1637783702
2023-11-01 02:00:00+00:00,2992606.09131201
2023-11-01 03:00:00+00:00,2990526.13788036
2023-11-01 04:00:00+00:00,2990512.95058955
2023-11-01 05:00:00+00:00,2990328.9775102
2023-11-01 06:00:00+00:00,3000694.42311115
2023-11-01 07:00:00+00:00,2990948.28073203
2023-11-01 08:00:00+00:00,2991230.75256799
2023-11-01 09:00:00+00:00,2991474.61399946
2023-11-01 10:00:00+00:00,2993231.13237976
2023-11-01 11:00:00+00:00,2993475.93453251
2023-11-01 12:00:00+00:00,2994041.97899161
2023-11-01 13:00:00+00:00,2994772.9258746803
2023-11-01 14:00:00+00:00,2995749.8363345102
2023-11-01 15:00:00+00:00,2997674.0591204
2023-11-01 16:00:00+00:00,2997686.43127036
2023-11-01 17:00:00+00:00,2997656.9946951102
2023-11-01 18:00:00+00:00,3000107.09646214
2023-11-01 19:00:00+00:00,3000079.58944733
2023-11-01 20:00:00+00:00,3000676.0731173
2023-11-01 21:00:00+00:00,2999386.3160683103
2023-11-01 22:00:00+00:00,2998822.67002457
2023-11-01 23:00:00+00:00,2999084.18605738
2023-11-02 00:00:00+00:00,2999170.88341625
2023-11-02 01:00:00+00:00,2999227.36904065
2023-11-02 02:00:00+00:00,2999208.34248209
2023-11-02 03:00:00+00:00,2999745.2089602803
2023-11-02 04:00:00+00:00,2999726.64325158
2023-11-02 05:00:00+00:00,3000627.49617635
2023-11-02 06:00:00+00:00,2998785.06004368
2023-11-02 07:00:00+00:00,2998821.04687978
2023-11-02 08:00:00+00:00,2997749.4764770702
2023-11-02 09:00:00+00:00,2997515.42692852
2023-11-02 10:00:00+00:00,2987698.32913848
2023-11-02 11:00:00+00:00,2987805.58257741
2023-11-02 12:00:00+00:00,2987646.2128520003
2023-11-02 13:00:00+00:00,2996446.53627432
2023-11-02 14:00:00+00:00,2997738.93376644
2023-11-02 15:00:00+00:00,2996691.48105678
2023-11-02 16:00:00+00:00,2999592.93579261
2023-11-02 17:00:00+00:00,3002206.81665382
2023-11-02 18:00:00+00:00,3001490.6179163703
2023-11-02 19:00:00+00:00,3001319.12665847
2023-11-02 20:00:00+00:00,3000161.62648621
2023-11-02 21:00:00+00:00,3000231.1303818203
2023-11-02 22:00:00+00:00,3000294.13919954
2023-11-02 23:00:00+00:00,3005233.89815311
2023-11-03 00:00:00+00:00,3005480.79324085
2023-11-03 01:00:00+00:00,3006001.2801488303
2023-11-03 02:00:00+00:00,3004067.37351068
2023-11-03 03:00:00+00:00,3004781.17370472
2023-11-03 04:00:00+00:00,3004887.52557057
2023-11-03 05:00:00+00:00,3004604.95121584
2023-11-03 06:00:00+00:00,3004345.85188234
2023-11-03 07:00:00+00:00,3004386.01883658
2023-11-03 08:00:00+00:00,3004417.54571186
2023-11-03 09:00:00+00:00,3004656.53852275
2023-11-03 10:00:00+00:00,3005785.0992250103
2023-11-03 11:00:00+00:00,3005593.26533625
2023-11-03 12:00:00+00:00,3005653.85106679
2023-11-03 13:00:00+00:00,3004155.95254767
2023-11-03 14:00:00+00:00,3001749.1855326
2023-11-03 15:00:00+00:00,3002792.34493315
2023-11-03 16:00:00+00:00,2999951.7904757103
2023-11-03 17:00:00+00:00,3001665.19184426
2023-11-03 18:00:00+00:00,3002923.09222557
2023-11-03 19:00:00+00:00,3003440.9898667103
2023-11-03 20:00:00+00:00,3005300.18252538
2023-11-03 21:00:00+00:00,3005506.80668435
2023-11-03 22:00:00+00:00,3005647.04176204
2023-11-03 23:00:00+00:00,3005761.1037311
2023-11-04 00:00:00+00:00,3005991.8572640102
2023-11-04 01:00:00+00:00,3006039.72058565
2023-11-04 02:00:00+00:00,3006080.11687501
2023-11-04 03:00:00+00:00,3006141.46746284
2023-11-04 04:00:00+00:00,3006147.30505057
2023-11-04 05:00:00+00:00,3005859.97980953
2023-11-04 06:00:00+00:00,3005731.8350994
2023-11-04 07:00:00+00:00,3005740.75651439
2023-11-04 08:00:00+00:00,3005767.59460458
2023-11-04 09:00:00+00:00,3005583.38741539
2023-11-04 10:00:00+00:00,3006611.56901774
2023-11-04 11:00:00+00:00,3005590.54965437
2023-11-04 12:00:00+00:00,3005634.07724192
2023-11-04 13:00:00+00:00,3005593.40125737
2023-11-04 14:00:00+00:00,3004591.07775072
2023-11-04 15:00:00+00:00,3004943.76945172
2023-11-04 16:00:00+00:00,3004965.1572064
2023-11-04 17:00:00+00:00,3004991.01414344
2023-11-04 18:00:00+00:00,3004982.70764801
2023-11-04 19:00:00+00:00,3006406.21138694
2023-11-04 20:00:00+00:00,3006320.71392853
2023-11-04 21:00:00+00:00,3006130.81604871
2023-11-04 22:00:00+00:00,3006066.69811462
2023-11-04 23:00:00+00:00,3004647.93598214
2023-11-05 00:00:00+00:00,3005178.96715875
2023-11-05 01:00:00+00:00,3005204.27691888
2023-11-05 02:00:00+00:00,3005325.02873238
2023-11-05 03:00:00+00:00,3005359.1398383
2023-11-05 04:00:00+00:00,3005365.2031426
2023-11-05 05:00:00+00:00,3006222.09854209
2023-11-05 06:00:00+00:00,3004996.87563273
2023-11-05 07:00:00+00:00,3005051.46438755
2023-11-05 08:00:00+00:00,3005087.52444047
2023-11-05 09:00:00+00:00,3004901.39000267
2023-11-05 10:00:00+00:00,3004896.76872789
2023-11-05 11:00:00+00:00,3004917.23727612
2023-11-05 12:00:00+00:00,3005913.13591282
2023-11-05 13:00:00+00:00,3006029.2853412903
2023-11-05 14:00:00+00:00,3005039.47748732
2023-11-05 15:00:00+00:00,3005024.0340570803
2023-11-05 16:00:00+00:00,3005081.18376595
2023-11-05 17:00:00+00:00,3004249.33958869
2023-11-05 18:00:00+00:00,3004253.18259597
2023-11-05 19:00:00+00:00,3004287.91916794
2023-11-05 20:00:00+00:00,3005220.31633524
2023-11-05 21:00:00+00:00,3005562.4907715702
2023-11-05 22:00:00+00:00,3007545.79222114
2023-11-05 23:00:00+00:00,3007849.32342304
2023-11-06 00:00:00+00:00,3007907.21863827
2023-11-06 01:00:00+00:00,3007789.05549439
2023-11-06 02:00:00+00:00,3006256.6953047803
2023-11-06 03:00:00+00:00,3006070.2523764702
2023-11-06 04:00:00+00:00,3005787.5380449803
2023-11-06 05:00:00+00:00,3005784.34137714
2023-11-06 06:00:00+00:00,3005689.83621793
2023-11-06 07:00:00+00:00,3006046.55548427
2023-11-06 08:00:00+00:00,3005917.97035426
2023-11-06 09:00:00+00:00,3005689.6480081403
2023-11-06 10:00:00+00:00,3005836.3260098603
2023-11-06 11:00:00+00:00,3006702.78840666
2023-11-06 12:00:00+00:00,3006196.38026324
2023-11-06 13:00:00+00:00,3005210.93167484
2023-11-06 14:00:00+00:00,3004107.93413587
2023-11-06 15:00:00+00:00,3014030.97982462
2023-11-06 16:00:00+00:00,3014129.34790469
2023-11-06 17:00:00+00:00,3014316.84178775
2023-11-06 18:00:00+00:00,3015537.0692616203
2023-11-06 19:00:00+00:00,3015877.83472028
2023-11-06 20:00:00+00:00,3013448.74958027
2023-11-06 21:00:00+00:00,3015394.51031599
2023-11-06 22:00:00+00:00,3015529.03369216
2023-11-06 23:00:00+00:00,3015643.20527145
2023-11-07 00:00:00+00:00,3015267.55814794
2023-11-07 01:00:00+00:00,3015297.97158674
2023-11-07 02:00:00+00:00,3012474.40922389
2023-11-07 03:00:00+00:00,3011969.2033809503
2023-11-07 04:00:00+00:00,3011715.89319801
2023-11-07 05:00:00+00:00,3009901.85001638
2023-11-07 06:00:00+00:00,3010488.7672195
2023-11-07 07:00:00+00:00,3010334.69749841
2023-11-07 08:00:00+00:00,3010176.37529989
2023-11-07 09:00:00+00:00,3010361.19147278
2023-11-07 10:00:00+00:00,3000478.87471739
2023-11-07 11:00:00+00:00,2999304.80618384
2023-11-07 12:00:00+00:00,2999062.51457679
2023-11-07 13:00:00+00:00,2998344.24702485
2023-11-07 14:00:00+00:00,2995240.50164095
2023-11-07 15:00:00+00:00,3005569.33550316
2023-11-07 16:00:00+00:00,3007204.53500949
2023-11-07 17:00:00+00:00,3004770.85240248
2023-11-07 18:00:00+00:00,3006280.01172439
2023-11-07 19:00:00+00:00,3006344.7912107003
2023-11-07 20:00:00+00:00,3007740.00417832
2023-11-07 21:00:00+00:00,3006917.70579683
2023-11-07 22:00:00+00:00,3006457.61832482
2023-11-07 23:00:00+00:00,3006483.82488969
2023-11-08 00:00:00+00:00,3006210.40208331
2023-11-08 01:00:00+00:00,3005146.5868092
2023-11-08 02:00:00+00:00,3005140.9723868603
2023-11-08 03:00:00+00:00,3006063.8072636
2023-11-08 04:00:00+00:00,3005057.19684629
2023-11-08 05:00:00+00:00,3004582.34143942
2023-11-08 06:00:00+00:00,3004563.57688461
2023-11-08 07:00:00+00:00,3004673.6129409103
2023-11-08 08:00:00+00:00,3006085.76586694
2023-11-08 09:00:00+00:00,3004168.34253991
2023-11-08 10:00:00+00:00,3004198.9874281
2023-11-08 11:00:00+00:00,3004325.71049063
2023-11-08 12:00:00+00:00,3004396.96278968
2023-11-08 13:00:00+00:00,3002363.12992465
2023-11-08 14:00:00+00:00,3002366.55362751
2023-11-08 15:00:00+00:00,3000370.20153159
2023-11-08 16:00:00+00:00,3001115.60156014
2023-11-08 17:00:00+00:00,3001068.72758439
2023-11-08 18:00:00+00:00,3001398.87953564
2023-11-08 19:00:00+00:00,3001201.52848011
2023-11-08 20:00:00+00:00,3002228.58449913
2023-11-08 21:00:00+00:00,3002072.52654772
2023-11-08 22:00:00+00:00,3000566.12746088
2023-11-08 23:00:00+00:00,3000768.33502534
2023-11-09 00:00:00+00:00,3001006.44571259
2023-11-09 01:00:00+00:00,3000072.20346618
2023-11-09 02:00:00+00:00,3000075.67133867
2023-11-09 03:00:00+00:00,2998862.59343709
2023-11-09 04:00:00+00:00,2998568.98265494
2023-11-09 05:00:00+00:00,2998755.90104318
2023-11-09 06:00:00+00:00,2998407.69429854
2023-11-09 07:00:00+00:00,2998355.52905336
2023-11-09 08:00:00+00:00,2997972.91646257
2023-11-09 09:00:00+00:00,2998211.80473697
2023-11-09 10:00:00+00:00,2999987.2454909
2023-11-09 11:00:00+00:00,3000038.80927062
2023-11-09 12:00:00+00:00,3001115.01283128
2023-11-09 13:00:00+00:00,3002132.87559682
2023-11-09 14:00:00+00:00,2998979.18598599
2023-11-09 15:00:00+00:00,2999544.1740549
2023-11-09 16:00:00+00:00,2998221.82273521
2023-11-09 17:00:00+00:00,2998099.5765711903
2023-11-09 18:00:00+00:00,2999589.87938858
2023-11-09 19:00:00+00:00,2999716.95069456
2023-11-09 20:00:00+00:00,2988761.69594822
2023-11-09 21:00:00+00:00,2989233.75213731
2023-11-09 22:00:00+00:00,2988972.54486224
2023-11-09 23:00:00+00:00,2988791.04565372
2023-11-10 00:00:00+00:00,2990679.88165665
2023-11-10 01:00:00+00:00,2992164.90887822
2023-11-10 02:00:00+00:00,2992507.00514464
2023-11-10 03:00:00+00:00,2991788.81069953
2023-11-10 04:00:00+00:00,2991827.0112468
2023-11-10 05:00:00+00:00,2992812.05416173
2023-11-10 06:00:00+00:00,2992460.58419619
2023-11-10 07:00:00+00:00,2992850.14178311
2023-11-10 08:00:00+00:00,2993207.15078342
2023-11-10 09:00:00+00:00,2993685.16642655
2023-11-10 10:00:00+00:00,2993727.60917756
2023-11-10 11:00:00+00:00,2987452.69753841
2023-11-10 12:00:00+00:00,2989278.8034281
2023-11-10 13:00:00+00:00,2990071.7536938
2023-11-10 14:00:00+00:00,2990892.35310695
2023-11-10 15:00:00+00:00,2990229.15494604
2023-11-10 16:00:00+00:00,2989733.98159314
2023-11-10 17:00:00+00:00,2990194.7794591
2023-11-10 18:00:00+00:00,2990785.89030459
2023-11-10 19:00:00+00:00,2989806.31795321
2023-11-10 20:00:00+00:00,2990805.97868874
2023-11-10 21:00:00+00:00,2989845.83842727
2023-11-10 22:00:00+00:00,2986019.61003738
2023-11-10 23:00:00+00:00,2986203.00036543
2023-11-11 00:00:00+00:00,2986792.7191601703
2023-11-11 01:00:00+00:00,2986813.06317127
2023-11-11 02:00:00+00:00,2986480.9246865
2023-11-11 03:00:00+00:00,2986499.81038706
2023-11-11 04:00:00+00:00,2986514.75383694
2023-11-11 05:00:00+00:00,2986554.42755834
2023-11-11 06:00:00+00:00,2986565.61915586
2023-11-11 07:00:00+00:00,2986197.18185789
2023-11-11 08:00:00+00:00,2985895.43581376
2023-11-11 09:00:00+00:00,2985723.4712852603
2023-11-11 10:00:00+00:00,2985720.69137582
2023-11-11 11:00:00+00:00,2985760.9639591803
2023-11-11 12:00:00+00:00,2985734.39083467
2023-11-11 13:00:00+00:00,2985714.65053246
2023-11-11 14:00:00+00:00,2985630.6688907403
2023-11-11 15:00:00+00:00,2985748.79510265
2023-11-11 16:00:00+00:00,2985874.8125118
2023-11-11 17:00:00+00:00,2985627.79033687
2023-11-11 18:00:00+00:00,2985692.95778662
2023-11-11 19:00:00+00:00,2985474.1234038803
2023-11-11 20:00:00+00:00,2985482.9155241
2023-11-11 21:00:00+00:00,2985454.9061564
2023-11-11 22:00:00+00:00,2985571.11635025
2023-11-11 23:00:00+00:00,2985593.17808684
2023-11-12 00:00:00+00:00,2985617.29813269
2023-11-12 01:00:00+00:00,2985592.81662164
2023-11-12 02:00:00+00:00,2985591.44400277
2023-11-12 03:00:00+00:00,2985308.3189327503
2023-11-12 04:00:00+00:00,2984924.34699327
2023-11-12 05:00:00+00:00,2985239.37869862
2023-11-12 06:00:00+00:00,2985197.78584713
2023-11-12 07:00:00+00:00,2985091.1078739
2023-11-12 08:00:00+00:00,2985094.03432622
2023-11-12 09:00:00+00:00,2984924.28595905
2023-11-12 10:00:00+00:00,2985118.87025372
2023-11-12 11:00:00+00:00,2985068.37163145
2023-11-12 12:00:00+00:00,2985071.06828246
2023-11-12 13:00:00+00:00,2985060.25185923
2023-11-12 14:00:00+00:00,2984957.84147586
2023-11-12 15:00:00+00:00,2984986.49424398
2023-11-12 16:00:00+00:00,2985071.22269978
2023-11-12 17:00:00+00:00,2985073.66983956
2023-11-12 18:00:00+00:00,2985115.0207773303
2023-11-12 19:00:00+00:00,2985067.14031393
2023-11-12 20:00:00+00:00,2985231.78452376
2023-11-12 21:00:00+00:00,2985126.3539314
2023-11-12 22:00:00+00:00,2985268.6392983003
2023-11-12 23:00:00+00:00,2985304.98600371
2023-11-13 00:00:00+00:00,2985296.09298824
2023-11-13 01:00:00+00:00,2985416.68762425
2023-11-13 02:00:00+00:00,2985388.0642555603
2023-11-13 03:00:00+00:00,2986428.3722853903
2023-11-13 04:00:00+00:00,2985339.01962513
2023-11-13 05:00:00+00:00,2985976.85826564
2023-11-13 06:00:00+00:00,2985971.24900557
2023-11-13 07:00:00+00:00,2986892.81834809
2023-11-13 08:00:00+00:00,2986883.3179513803
2023-11-13 09:00:00+00:00,2985923.44300968
2023-11-13 10:00:00+00:00,2986436.5595374
2023-11-13 11:00:00+00:00,2986272.74895056
2023-11-13 12:00:00+00:00,2986737.14272745
2023-11-13 13:00:00+00:00,2986822.1206798702
2023-11-13 14:00:00+00:00,2987101.68034107
2023-11-13 15:00:00+00:00,2986036.36260836
2023-11-13 16:00:00+00:00,2986910.70817713
2023-11-13 17:00:00+00:00,2987290.09156931
2023-11-13 18:00:00+00:00,2987376.06685019
2023-11-13 19:00:00+00:00,2987085.37363825
2023-11-13 20:00:00+00:00,2987332.71657196
2023-11-13 21:00:00+00:00,2987283.63652451
2023-11-13 22:00:00+00:00,2987673.78239563
2023-11-13 23:00:00+00:00,2987564.49692303
2023-11-14 00:00:00+00:00,2987551.51014459
2023-11-14 01:00:00+00:00,2988769.32750797
2023-11-14 02:00:00+00:00,2989164.5782806203
2023-11-14 03:00:00+00:00,2989304.14705222
2023-11-14 04:00:00+00:00,2988954.68250307
2023-11-14 05:00:00+00:00,2988325.29660634
2023-11-14 06:00:00+00:00,2988262.28079957
2023-11-14 07:00:00+00:00,2988170.10686167
2023-11-14 08:00:00+00:00,2988349.33833963
2023-11-14 09:00:00+00:00,2987596.72131996
2023-11-14 10:00:00+00:00,2987017.1812778
2023-11-14 11:00:00+00:00,2987155.32220826
2023-11-14 12:00:00+00:00,2987155.32220826
2023-11-14 13:00:00+00:00,2987061.27534851
2023-11-14 14:00:00+00:00,2988197.81523716
2023-11-14 15:00:00+00:00,2987799.37571809
2023-11-14 16:00:00+00:00,2986813.56812364
2023-11-14 17:00:00+00:00,2986694.88628334
2023-11-14 18:00:00+00:00,2987836.37780634
2023-11-14 19:00:00+00:00,2997468.30448418
2023-11-14 20:00:00+00:00,2998270.57581993
2023-11-14 21:00:00+00:00,2997719.9347821902
2023-11-14 22:00:00+00:00,2997771.82981586
2023-11-14 23:00:00+00:00,2998657.1510418
2023-11-15 00:00:00+00:00,2998661.43472601
2023-11-15 01:00:00+00:00,2996683.89971247
2023-11-15 02:00:00+00:00,2995833.50023286
2023-11-15 03:00:00+00:00,2994857.4565257803
2023-11-15 04:00:00+00:00,2994832.12520129
2023-11-15 05:00:00+00:00,2993473.17740467
2023-11-15 06:00:00+00:00,2993293.66482841
2023-11-15 07:00:00+00:00,2993383.6683250302
2023-11-15 08:00:00+00:00,2993360.50654276
2023-11-15 09:00:00+00:00,2993318.36277649
2023-11-15 10:00:00+00:00,2993821.97611459
2023-11-15 11:00:00+00:00,2993472.39281285
2023-11-15 12:00:00+00:00,2993509.82638244
2023-11-15 13:00:00+00:00,2993857.16418144
2023-11-15 14:00:00+00:00,2992524.76106478
2023-11-15 15:00:00+00:00,2992553.8082581502
2023-11-15 16:00:00+00:00,2992551.39243939
2023-11-15 17:00:00+00:00,2992031.0113239
2023-11-15 18:00:00+00:00,2991249.23355812
2023-11-15 19:00:00+00:00,2987225.89356534
2023-11-15 20:00:00+00:00,2987665.8076626
2023-11-15 21:00:00+00:00,2987752.90295223
2023-11-15 22:00:00+00:00,2987816.99942854
2023-11-15 23:00:00+00:00,2987762.2029757
2023-11-16 00:00:00+00:00,2988921.57116361
2023-11-16 01:00:00+00:00,2988419.82558612
2023-11-16 02:00:00+00:00,2988519.6205358203
2023-11-16 03:00:00+00:00,2988798.9706243803
2023-11-16 04:00:00+00:00,2986268.6348146503
2023-11-16 05:00:00+00:00,2988983.7405186403
2023-11-16 06:00:00+00:00,2989779.85378369
2023-11-16 07:00:00+00:00,2980955.88690925
2023-11-16 08:00:00+00:00,2981237.34781052
2023-11-16 09:00:00+00:00,2981010.89055028
2023-11-16 10:00:00+00:00,2981651.67178199
2023-11-16 11:00:00+00:00,2981595.99547339
2023-11-16 12:00:00+00:00,2990870.77275349
2023-11-16 13:00:00+00:00,2990931.82169643
2023-11-16 14:00:00+00:00,2990994.35035174
2023-11-16 15:00:00+00:00,2990235.7958512
2023-11-16 16:00:00+00:00,2990414.71042476
2023-11-16 17:00:00+00:00,2997899.41613363
2023-11-16 18:00:00+00:00,2997949.15489772
2023-11-16 19:00:00+00:00,2998597.80601943
2023-11-16 20:00:00+00:00,2999464.75224058
2023-11-16 21:00:00+00:00,2998763.9799338
2023-11-16 22:00:00+00:00,2995824.8587061
2023-11-16 23:00:00+00:00,2997273.68334244
2023-11-17 00:00:00+00:00,2995559.02315534
2023-11-17 01:00:00+00:00,2995559.80704867
2023-11-17 02:00:00+00:00,2994490.86320713
2023-11-17 03:00:00+00:00,2994086.96661732
2023-11-17 04:00:00+00:00,2994151.43533245
2023-11-17 05:00:00+00:00,2993903.11165144
2023-11-17 06:00:00+00:00,2993926.32722773
2023-11-17 07:00:00+00:00,2994174.78008066
2023-11-17 08:00:00+00:00,2994145.7737717
2023-11-17 09:00:00+00:00,2993800.50760418
2023-11-17 10:00:00+00:00,2993842.5279058
2023-11-17 11:00:00+00:00,2994883.56787263
2023-11-17 12:00:00+00:00,2994902.39962683
2023-11-17 13:00:00+00:00,2994990.84725967
2023-11-17 14:00:00+00:00,2994506.62606741
2023-11-17 15:00:00+00:00,2992546.84235969
2023-11-17 16:00:00+00:00,2994200.9356662203
2023-11-17 17:00:00+00:00,2994227.2231987403
2023-11-17 18:00:00+00:00,2995557.7358314
2023-11-17 19:00:00+00:00,2995608.91940188
2023-11-17 20:00:00+00:00,2985586.52408499
2023-11-17 21:00:00+00:00,2985618.35021839
2023-11-17 22:00:00+00:00,2984479.9050931903
2023-11-17 23:00:00+00:00,2982850.09978091
2023-11-18 00:00:00+00:00,2982592.5718107303
2023-11-18 01:00:00+00:00,2982651.27711359
2023-11-18 02:00:00+00:00,2982690.74390259
2023-11-18 03:00:00+00:00,2984361.78107269
2023-11-18 04:00:00+00:00,2984337.63469003
2023-11-18 05:00:00+00:00,2984420.54156359
2023-11-18 06:00:00+00:00,2984377.15933083
2023-11-18 07:00:00+00:00,2983265.85555191
2023-11-18 08:00:00+00:00,2983005.0623507
2023-11-18 09:00:00+00:00,2982796.89120416
2023-11-18 10:00:00+00:00,2982892.15462912
2023-11-18 11:00:00+00:00,2982932.15770101
2023-11-18 12:00:00+00:00,2982970.58197049
2023-11-18 13:00:00+00:00,2983021.32040347
2023-11-18 14:00:00+00:00,2983036.33796363
2023-11-18 15:00:00+00:00,2982999.51901691
2023-11-18 16:00:00+00:00,2983055.9004271203
2023-11-18 17:00:00+00:00,2982719.16560328
2023-11-18 18:00:00+00:00,2982745.95164171
2023-11-18 19:00:00+00:00,2982812.40719211
2023-11-18 20:00:00+00:00,2982962.60951725
2023-11-18 21:00:00+00:00,2982978.12778513
2023-11-18 22:00:00+00:00,2982945.32054418
2023-11-18 23:00:00+00:00,2983025.32700192
2023-11-19 00:00:00+00:00,2982696.34234718
2023-11-19 01:00:00+00:00,2982741.73172173
2023-11-19 02:00:00+00:00,2982773.28834161
2023-11-19 03:00:00+00:00,2982823.48451016
2023-11-19 04:00:00+00:00,2982859.61781431
2023-11-19 05:00:00+00:00,2983789.10506266
2023-11-19 06:00:00+00:00,2983637.78378091
2023-11-19 07:00:00+00:00,2983561.0672968403
2023-11-19 08:00:00+00:00,2983554.75284624
2023-11-19 09:00:00+00:00,2983367.89743531
2023-11-19 10:00:00+00:00,2984930.83172375
2023-11-19 11:00:00+00:00,2984993.74703668
2023-11-19 12:00:00+00:00,2985111.21351058
2023-11-19 13:00:00+00:00,2985095.15641907
2023-11-19 14:00:00+00:00,2985115.73526544
2023-11-19 15:00:00+00:00,2985196.06021546
2023-11-19 16:00:00+00:00,2985199.6080576
2023-11-19 17:00:00+00:00,2985102.3898350103
2023-11-19 18:00:00+00:00,2985442.12083578
2023-11-19 19:00:00+00:00,2985399.9687283603
2023-11-19 20:00:00+00:00,2985490.986816
2023-11-19 21:00:00+00:00,2985444.4367941
2023-11-19 22:00:00+00:00,2985284.76852194
2023-11-19 23:00:00+00:00,2985330.55888522
2023-11-20 00:00:00+00:00,2985634.42935631
2023-11-20 01:00:00+00:00,2985644.4504157603
2023-11-20 02:00:00+00:00,2985883.95115579
2023-11-20 03:00:00+00:00,2984867.48844937
2023-11-20 04:00:00+00:00,2986244.81243323
2023-11-20 05:00:00+00:00,2986045.63017587
2023-11-20 06:00:00+00:00,2984924.6757918303
2023-11-20 07:00:00+00:00,2984962.85316719
2023-11-20 08:00:00+00:00,2984739.91380529
2023-11-20 09:00:00+00:00,2983755.37023528
2023-11-20 10:00:00+00:00,2984918.31696951
2023-11-20 11:00:00+00:00,2984919.1139609
2023-11-20 12:00:00+00:00,2984767.1988946702
2023-11-20 13:00:00+00:00,2983551.2794640902
2023-11-20 14:00:00+00:00,2983596.89484689
2023-11-20 15:00:00+00:00,2982021.00937619
2023-11-20 16:00:00+00:00,2983631.31268352
2023-11-20 17:00:00+00:00,2986609.59866679
2023-11-20 18:00:00+00:00,2981948.63417221
2023-11-20 19:00:00+00:00,2986785.94336918
2023-11-20 20:00:00+00:00,2987319.04089282
2023-11-20 21:00:00+00:00,2986951.58429054
2023-11-20 22:00:00+00:00,2984227.39038578
2023-11-20 23:00:00+00:00,2986573.84277977
2023-11-21 00:00:00+00:00,2985770.20221998
2023-11-21 01:00:00+00:00,2986005.98508377
2023-11-21 02:00:00+00:00,2986294.70237947
2023-11-21 03:00:00+00:00,2983508.93158668
2023-11-21 04:00:00+00:00,2985876.39857192
2023-11-21 05:00:00+00:00,2984839.7253437103
2023-11-21 06:00:00+00:00,2984782.81026909
2023-11-21 07:00:00+00:00,2984948.28024889
2023-11-21 08:00:00+00:00,2984837.34232296
2023-11-21 09:00:00+00:00,2985811.29556204
2023-11-21 10:00:00+00:00,2985810.15743357
2023-11-21 11:00:00+00:00,2984685.26023342
2023-11-21 12:00:00+00:00,2984723.38512609
2023-11-21 13:00:00+00:00,2985870.19494319
2023-11-21 14:00:00+00:00,2985417.35500967
2023-11-21 15:00:00+00:00,2985832.52951899
2023-11-21 16:00:00+00:00,2984791.25590047
2023-11-21 17:00:00+00:00,2984012.03497766
2023-11-21 18:00:00+00:00,2984364.87161554
2023-11-21 19:00:00+00:00,2982500.86034406
2023-11-21 20:00:00+00:00,2985575.08461387
2023-11-21 21:00:00+00:00,2986016.8480574302
2023-11-21 22:00:00+00:00,2984509.69223108
2023-11-21 23:00:00+00:00,2986806.50237781
2023-11-22 00:00:00+00:00,2987272.32978394
2023-11-22 01:00:00+00:00,2987439.2171862503
2023-11-22 02:00:00+00:00,2986918.557204
2023-11-22 03:00:00+00:00,2987129.49343242
2023-11-22 04:00:00+00:00,2987449.55009361
2023-11-22 05:00:00+00:00,2985998.38711246
2023-11-22 06:00:00+00:00,2983346.47128514
2023-11-22 07:00:00+00:00,2984583.57272961
2023-11-22 08:00:00+00:00,2985253.61276497
2023-11-22 09:00:00+00:00,2984791.06039536
2023-11-22 10:00:00+00:00,2984524.36082062
2023-11-22 11:00:00+00:00,2983587.17907225
2023-11-22 12:00:00+00:00,2984534.23345257
2023-11-22 13:00:00+00:00,2985609.6232486
2023-11-22 14:00:00+00:00,2983927.15244755
2023-11-22 15:00:00+00:00,2982973.85968745
2023-11-22 16:00:00+00:00,2984660.70820496
2023-11-22 17:00:00+00:00,2983844.1585033
2023-11-22 18:00:00+00:00,2984120.37624068
2023-11-22 19:00:00+00:00,2982400.71864585
2023-11-22 20:00:00+00:00,2983805.01770833
2023-11-22 21:00:00+00:00,2985810.08454083
2023-11-22 22:00:00+00:00,2983108.05286378
2023-11-22 23:00:00+00:00,2985010.33166272
2023-11-23 00:00:00+00:00,2985024.2046117
2023-11-23 01:00:00+00:00,2985272.52159533
2023-11-23 02:00:00+00:00,2985020.56463075
2023-11-23 03:00:00+00:00,2985052.48555452
2023-11-23 04:00:00+00:00,2983848.68925428
2023-11-23 05:00:00+00:00,2984348.2968557
2023-11-23 06:00:00+00:00,2984967.05932464
2023-11-23 07:00:00+00:00,2985030.56797601
2023-11-23 08:00:00+00:00,2985050.85220487
2023-11-23 09:00:00+00:00,2984880.07038579
2023-11-23 10:00:00+00:00,2985691.85386856
2023-11-23 11:00:00+00:00,2986867.92006919
2023-11-23 12:00:00+00:00,2985981.6342983
2023-11-23 13:00:00+00:00,2986255.75581119
2023-11-23 14:00:00+00:00,2986242.62648103
2023-11-23 15:00:00+00:00,2987815.63770107
2023-11-23 16:00:00+00:00,2987814.28089326
2023-11-23 17:00:00+00:00,2989392.4530834
2023-11-23 18:00:00+00:00,2988356.92438825
2023-11-23 19:00:00+00:00,2988458.19389378
2023-11-23 20:00:00+00:00,2988482.37669677
2023-11-23 21:00:00+00:00,2988523.66833524
2023-11-23 22:00:00+00:00,2988422.86041959
2023-11-23 23:00:00+00:00,2988427.48794271
2023-11-24 00:00:00+00:00,2988536.87295225
2023-11-24 01:00:00+00:00,2988731.29340839
2023-11-24 02:00:00+00:00,2988738.10480903
2023-11-24 03:00:00+00:00,2988363.96250341
2023-11-24 04:00:00+00:00,2988466.35171099
2023-11-24 05:00:00+00:00,2988478.33660222
2023-11-24 06:00:00+00:00,2989571.73870377
2023-11-24 07:00:00+00:00,2989668.0634389003
2023-11-24 08:00:00+00:00,2989694.15533162
2023-11-24 09:00:00+00:00,2986119.32293633
2023-11-24 10:00:00+00:00,2988714.49480861
2023-11-24 11:00:00+00:00,2988669.4209055603
2023-11-24 12:00:00+00:00,2988766.59877761
2023-11-24 13:00:00+00:00,2989668.3386279102
2023-11-24 14:00:00+00:00,2990108.41700185
2023-11-24 15:00:00+00:00,2990756.45827439
2023-11-24 16:00:00+00:00,2992488.32447002
2023-11-24 17:00:00+00:00,2993241.01403507
2023-11-24 18:00:00+00:00,2993606.59886663
2023-11-24 19:00:00+00:00,2995665.6003965
2023-11-24 20:00:00+00:00,2996598.56385708
2023-11-24 21:00:00+00:00,2996771.5435837503
2023-11-24 22:00:00+00:00,2996350.60447763
2023-11-24 23:00:00+00:00,2996730.29282139
2023-11-25 00:00:00+00:00,2996103.02362306
2023-11-25 01:00:00+00:00,2997165.96791642
2023-11-25 02:00:00+00:00,2997309.09217514
2023-11-25 03:00:00+00:00,2997385.77069404
2023-11-25 04:00:00+00:00,2997911.71438015
2023-11-25 05:00:00+00:00,2996916.29933042
2023-11-25 06:00:00+00:00,2996962.77824308
2023-11-25 07:00:00+00:00,2997001.62843232
2023-11-25 08:00:00+00:00,2997037.2862664103
2023-11-25 09:00:00+00:00,2996725.89631537
2023-11-25 10:00:00+00:00,2997390.94193158
2023-11-25 11:00:00+00:00,2997407.67362165
2023-11-25 12:00:00+00:00,2987719.76982973
2023-11-25 13:00:00+00:00,2987844.6626845
2023-11-25 14:00:00+00:00,2987789.32643632
2023-11-25 15:00:00+00:00,2987752.43859806
2023-11-25 16:00:00+00:00,2987778.65857783
2023-11-25 17:00:00+00:00,2987938.64522395
2023-11-25 18:00:00+00:00,2987919.69275873
2023-11-25 19:00:00+00:00,2987964.31483907
2023-11-25 20:00:00+00:00,2987940.7571752
2023-11-25 21:00:00+00:00,2987953.74678937
2023-11-25 22:00:00+00:00,2988003.89110218
2023-11-25 23:00:00+00:00,2988165.51160641
2023-11-26 00:00:00+00:00,2988229.96588333
2023-11-26 01:00:00+00:00,2988239.84501683
2023-11-26 02:00:00+00:00,2988286.1856292
2023-11-26 03:00:00+00:00,2988086.92288989
2023-11-26 04:00:00+00:00,2988127.62210696
2023-11-26 05:00:00+00:00,2988137.2164704
2023-11-26 06:00:00+00:00,2988145.4921515603
2023-11-26 07:00:00+00:00,2988075.82416171
2023-11-26 08:00:00+00:00,2987991.09717324
2023-11-26 09:00:00+00:00,2986824.11757411
2023-11-26 10:00:00+00:00,2986327.7655787
2023-11-26 11:00:00+00:00,2985789.5204178803
2023-11-26 12:00:00+00:00,2986366.81151937
2023-11-26 13:00:00+00:00,2985671.77821137
2023-11-26 14:00:00+00:00,2984531.44520529
2023-11-26 15:00:00+00:00,2984638.03814162
2023-11-26 16:00:00+00:00,2984629.5135472
2023-11-26 17:00:00+00:00,2984716.31360438
2023-11-26 18:00:00+00:00,2984927.0788965803
2023-11-26 19:00:00+00:00,2984954.36198699
2023-11-26 20:00:00+00:00,2984945.74087621
2023-11-26 21:00:00+00:00,2984887.50303705
2023-11-26 22:00:00+00:00,2983797.79845904
2023-11-26 23:00:00+00:00,2986356.2092891
2023-11-27 00:00:00+00:00,2986347.18874763
2023-11-27 01:00:00+00:00,2986325.63699583
2023-11-27 02:00:00+00:00,2986347.12491374
2023-11-27 03:00:00+00:00,2985364.80403058
2023-11-27 04:00:00+00:00,2986063.65941147
2023-11-27 05:00:00+00:00,2986964.36249527
2023-11-27 06:00:00+00:00,2986171.46921706
2023-11-27 07:00:00+00:00,2984177.1093303
2023-11-27 08:00:00+00:00,2984167.8668061
2023-11-27 09:00:00+00:00,2985170.90082571
2023-11-27 10:00:00+00:00,2985095.03322573
2023-11-27 11:00:00+00:00,2984893.23783402
2023-11-27 12:00:00+00:00,2984888.76805982
2023-11-27 13:00:00+00:00,2995513.6659503803
2023-11-27 14:00:00+00:00,2995798.44806913
2023-11-27 15:00:00+00:00,2995601.20795748
2023-11-27 16:00:00+00:00,2995180.32356877
2023-11-27 17:00:00+00:00,2994876.33183201
2023-11-27 18:00:00+00:00,2994872.6808769302
2023-11-27 19:00:00+00:00,2993911.41859521
2023-11-27 20:00:00+00:00,2992791.34782087
2023-11-27 21:00:00+00:00,2992946.76132387
2023-11-27 22:00:00+00:00,2994144.91690137
2023-11-27 23:00:00+00:00,2994156.26365966
2023-11-28 00:00:00+00:00,2994099.5360263903
2023-11-28 01:00:00+00:00,2994296.86066094
2023-11-28 02:00:00+00:00,2994755.88232856
2023-11-28 03:00:00+00:00,2997396.75005835
2023-11-28 04:00:00+00:00,2996868.29892709
2023-11-28 05:00:00+00:00,2997769.4614842
2023-11-28 06:00:00+00:00,2997652.42982392
2023-11-28 07:00:00+00:00,2997626.74096337
2023-11-28 08:00:00+00:00,2996830.60581018
2023-11-28 09:00:00+00:00,2996243.15835343
2023-11-28 10:00:00+00:00,2994691.03725447
2023-11-28 11:00:00+00:00,2994681.98413483
2023-11-28 12:00:00+00:00,2994558.25566157
2023-11-28 13:00:00+00:00,2994873.92901765
2023-11-28 14:00:00+00:00,2994378.02625342
2023-11-28 15:00:00+00:00,2994205.3166137
2023-11-28 16:00:00+00:00,2996170.55585585
2023-11-28 17:00:00+00:00,2997102.90460653
2023-11-28 18:00:00+00:00,2995005.83988479
2023-11-28 19:00:00+00:00,2997075.47428057
2023-11-28 20:00:00+00:00,2997232.08945718
2023-11-28 21:00:00+00:00,2996896.9249266703
2023-11-28 22:00:00+00:00,2997113.80793235
2023-11-28 23:00:00+00:00,2998349.27072191
2023-11-29 00:00:00+00:00,2998462.89005311
2023-11-29 01:00:00+00:00,2997642.26832782
2023-11-29 02:00:00+00:00,2989053.42881082
2023-11-29 03:00:00+00:00,2988780.65285413
2023-11-29 04:00:00+00:00,2988286.44694101
2023-11-29 05:00:00+00:00,2989203.83114855
2023-11-29 06:00:00+00:00,2989109.72778372
2023-11-29 07:00:00+00:00,2989195.07092377
2023-11-29 08:00:00+00:00,2989253.19532455
2023-11-29 09:00:00+00:00,2988845.25807511
2023-11-29 10:00:00+00:00,2989261.83833912
2023-11-29 11:00:00+00:00,2989598.77788061
2023-11-29 12:00:00+00:00,2989520.85304966
2023-11-29 13:00:00+00:00,2988981.38496296
2023-11-29 14:00:00+00:00,2987575.8230578
2023-11-29 15:00:00+00:00,2987187.60027776
2023-11-29 16:00:00+00:00,2987120.62860995
2023-11-29 17:00:00+00:00,2989758.70561101
2023-11-29 18:00:00+00:00,2989950.42693926
2023-11-29 19:00:00+00:00,2989129.51440273
2023-11-29 20:00:00+00:00,2989598.9825422303
2023-11-29 21:00:00+00:00,2989544.62487618
2023-11-29 22:00:00+00:00,2989524.70721143
2023-11-29 23:00:00+00:00,2990379.08756221
2023-11-30 00:00:00+00:00,2990505.40117791
2023-11-30 01:00:00+00:00,2991438.76919778
2023-11-30 02:00:00+00:00,2990985.91824961
2023-11-30 03:00:00+00:00,2989977.12738842
2023-11-30 04:00:00+00:00,2991021.37205203
2023-11-30 05:00:00+00:00,2990951.47328921
2023-11-30 06:00:00+00:00,2990993.89408874
2023-11-30 07:00:00+00:00,2991065.9677265203
2023-11-30 08:00:00+00:00,2991100.81725212
2023-11-30 09:00:00+00:00,2990638.73910233
2023-11-30 10:00:00+00:00,2988253.29496738
2023-11-30 11:00:00+00:00,2991315.5864009103
2023-11-30 12:00:00+00:00,2991464.73987728
2023-11-30 13:00:00+00:00,2991117.1334638502
2023-11-30 14:00:00+00:00,2990964.56453009
2023-11-30 15:00:00+00:00,2990808.59611443
2023-11-30 16:00:00+00:00,2990578.87924607
2023-11-30 17:00:00+00:00,2990713.9858298902
2023-11-30 18:00:00+00:00,2990502.49019767
2023-11-30 19:00:00+00:00,2991688.99405584
2023-11-30 20:00:00+00:00,2990793.7686057203
2023-11-30 21:00:00+00:00,3000592.46800059
2023-11-30 22:00:00+00:00,3000155.21216967
2023-11-30 23:00:00+00:00,3002252.58329188
2023-12-01 00:00:00+00:00,3001466.6375014703
2023-12-01 01:00:00+00:00,3001743.33900321
2023-12-01 02:00:00+00:00,3001786.92560389
2023-12-01 03:00:00+00:00,3001966.7018332
2023-12-01 04:00:00+00:00,3001176.31941405
2023-12-01 05:00:00+00:00,2991691.6702341703
2023-12-01 06:00:00+00:00,2991193.54078914
2023-12-01 07:00:00+00:00,2991268.04790479
2023-12-01 08:00:00+00:00,2990893.71171073
2023-12-01 09:00:00+00:00,2988466.81985114
2023-12-01 10:00:00+00:00,2989089.12756855
2023-12-01 11:00:00+00:00,2989125.96649367
2023-12-01 12:00:00+00:00,2987647.31627593
2023-12-01 13:00:00+00:00,2986357.89178525
2023-12-01 14:00:00+00:00,2987329.95548054
2023-12-01 15:00:00+00:00,2986258.93832044
2023-12-01 16:00:00+00:00,2986128.61099593
2023-12-01 17:00:00+00:00,2986174.91912249
2023-12-01 18:00:00+00:00,2986873.08342897
2023-12-01 19:00:00+00:00,2986724.8077162
2023-12-01 20:00:00+00:00,2987548.74666578
2023-12-01 21:00:00+00:00,2986807.1784921503
2023-12-01 22:00:00+00:00,2987684.90214713
2023-12-01 23:00:00+00:00,2988055.1685567303
2023-12-02 00:00:00+00:00,2988299.10347652
2023-12-02 01:00:00+00:00,2988244.69855852
2023-12-02 02:00:00+00:00,2988350.60329273
2023-12-02 03:00:00+00:00,2988048.72434791
2023-12-02 04:00:00+00:00,2988111.19599764
2023-12-02 05:00:00+00:00,2988109.10265717
2023-12-02 06:00:00+00:00,2988074.47342848
2023-12-02 07:00:00+00:00,2999152.80049069
2023-12-02 08:00:00+00:00,2999298.69809175
2023-12-02 09:00:00+00:00,2999138.48349775
2023-12-02 10:00:00+00:00,2999159.24145462
2023-12-02 11:00:00+00:00,2999212.15398252
2023-12-02 12:00:00+00:00,2999242.78150956
2023-12-02 13:00:00+00:00,2999240.34590307
2023-12-02 14:00:00+00:00,3000207.50854513
2023-12-02 15:00:00+00:00,2999197.3228766
2023-12-02 16:00:00+00:00,2999291.28732576
2023-12-02 17:00:00+00:00,2999289.7906223102
2023-12-02 18:00:00+00:00,2999296.39467914
2023-12-02 19:00:00+00:00,3000374.17512296
2023-12-02 20:00:00+00:00,3000972.16831719
2023-12-02 21:00:00+00:00,3000834.4131261
2023-12-02 22:00:00+00:00,3000878.30594458
2023-12-02 23:00:00+00:00,3010770.55528934
2023-12-03 00:00:00+00:00,3010817.5676505
2023-12-03 01:00:00+00:00,3010682.49030393
2023-12-03 02:00:00+00:00,3009675.54199534
2023-12-03 03:00:00+00:00,3010791.3075752603
2023-12-03 04:00:00+00:00,3010661.5144403502
2023-12-03 05:00:00+00:00,3010688.08871705
2023-12-03 06:00:00+00:00,3010609.56798485
2023-12-03 07:00:00+00:00,3010620.42183394
2023-12-03 08:00:00+00:00,3010500.69496577
2023-12-03 09:00:00+00:00,3010266.3391459403
2023-12-03 10:00:00+00:00,3010310.01584394
2023-12-03 11:00:00+00:00,3008985.74155189
2023-12-03 12:00:00+00:00,3008992.28642866
2023-12-03 13:00:00+00:00,2998936.06043573
2023-12-03 14:00:00+00:00,2998852.92389406
2023-12-03 15:00:00+00:00,2998640.47501014
2023-12-03 16:00:00+00:00,2998648.62339091
2023-12-03 17:00:00+00:00,2999748.7503224
2023-12-03 18:00:00+00:00,3000129.74205946
2023-12-03 19:00:00+00:00,3001233.84847663
2023-12-03 20:00:00+00:00,3001248.6842345903
2023-12-03 21:00:00+00:00,3001829.33537101
2023-12-03 22:00:00+00:00,3001902.66896282
2023-12-03 23:00:00+00:00,3001978.53133388
2023-12-04 00:00:00+00:00,3001570.92902407
2023-12-04 01:00:00+00:00,3001478.27274682
2023-12-04 02:00:00+00:00,3001616.61169786
2023-12-04 03:00:00+00:00,3001730.28721326
2023-12-04 04:00:00+00:00,3001362.66996179
2023-12-04 05:00:00+00:00,3001366.65183098
2023-12-04 06:00:00+00:00,3002188.48620084
2023-12-04 07:00:00+00:00,3003552.77895876
2023-12-04 08:00:00+00:00,3002933.5298865503
2023-12-04 09:00:00+00:00,3000826.63623461
2023-12-04 10:00:00+00:00,3001895.8343361
2023-12-04 11:00:00+00:00,2999202.61744619
2023-12-04 12:00:00+00:00,3000178.9222907103
2023-12-04 13:00:00+00:00,3000070.41006993
2023-12-04 14:00:00+00:00,2999051.26760853
2023-12-04 15:00:00+00:00,3007247.04059525
2023-12-04 16:00:00+00:00,3006994.11626857
2023-12-04 17:00:00+00:00,3006724.37983913
2023-12-04 18:00:00+00:00,3007920.63358303
2023-12-04 19:00:00+00:00,2995316.0711951503
2023-12-04 20:00:00+00:00,2993819.97255165
2023-12-04 21:00:00+00:00,2994321.65372739
2023-12-04 22:00:00+00:00,2994103.81344919
2023-12-04 23:00:00+00:00,2992703.90723928
2023-12-05 00:00:00+00:00,2991431.8809844
2023-12-05 01:00:00+00:00,2991202.07979803
2023-12-05 02:00:00+00:00,2991454.2463554903
2023-12-05 03:00:00+00:00,2991204.81125144
2023-12-05 04:00:00+00:00,2991102.86906059
2023-12-05 05:00:00+00:00,2991130.96353094
2023-12-05 06:00:00+00:00,2991915.19500704
2023-12-05 07:00:00+00:00,2991703.95128978
2023-12-05 08:00:00+00:00,2992967.7371548503
2023-12-05 09:00:00+00:00,2991937.833315
2023-12-05 10:00:00+00:00,2990724.32313471
2023-12-05 11:00:00+00:00,2991992.55052503
2023-12-05 12:00:00+00:00,2993252.18551021
2023-12-05 13:00:00+00:00,2993486.75304377
2023-12-05 14:00:00+00:00,2993527.44015065
2023-12-05 15:00:00+00:00,3004409.99317852
2023-12-05 16:00:00+00:00,3006276.59148608
2023-12-05 17:00:00+00:00,3006353.40361371
2023-12-05 18:00:00+00:00,3007037.01637566
2023-12-05 19:00:00+00:00,3003126.0074834903
2023-12-05 20:00:00+00:00,3002252.96342317
2023-12-05 21:00:00+00:00,3002164.32848848
2023-12-05 22:00:00+00:00,3002825.36082063
2023-12-05 23:00:00+00:00,3003089.72135611
2023-12-06 00:00:00+00:00,3004719.10601396
2023-12-06 01:00:00+00:00,3004944.11229716
2023-12-06 02:00:00+00:00,3005752.86379168
2023-12-06 03:00:00+00:00,3006839.11117604
2023-12-06 04:00:00+00:00,3006449.76606707
2023-12-06 05:00:00+00:00,3006527.22815717
2023-12-06 06:00:00+00:00,3006753.17994616
2023-12-06 07:00:00+00:00,3006794.73546852
2023-12-06 08:00:00+00:00,3005983.32821062
2023-12-06 09:00:00+00:00,3006129.99314067
2023-12-06 10:00:00+00:00,3007256.69762315
2023-12-06 11:00:00+00:00,3006429.73846813
2023-12-06 12:00:00+00:00,3004410.9830718
2023-12-06 13:00:00+00:00,3003002.19711577
2023-12-06 14:00:00+00:00,3001907.65536676
2023-12-06 15:00:00+00:00,3001476.9481603
2023-12-06 16:00:00+00:00,3003732.20855767
2023-12-06 17:00:00+00:00,3004135.3579295003
2023-12-06 18:00:00+00:00,3000856.11615744
2023-12-06 19:00:00+00:00,3002492.90084046
2023-12-06 20:00:00+00:00,3019482.17161606
2023-12-06 21:00:00+00:00,3018516.00318583
2023-12-06 22:00:00+00:00,3001698.74251938
2023-12-06 23:00:00+00:00,3003017.16272045
2023-12-07 00:00:00+00:00,3002062.43438756
2023-12-07 01:00:00+00:00,3002788.00464192
2023-12-07 02:00:00+00:00,3003017.29428668
2023-12-07 03:00:00+00:00,3001290.27986479
2023-12-07 04:00:00+00:00,3000835.92721125
2023-12-07 05:00:00+00:00,2997018.20630746
2023-12-07 06:00:00+00:00,2997017.95946956
2023-12-07 07:00:00+00:00,2998580.03256252
2023-12-07 08:00:00+00:00,2996642.18177862
2023-12-07 09:00:00+00:00,2996232.56140027
2023-12-07 10:00:00+00:00,2996280.8309485703
2023-12-07 11:00:00+00:00,2996280.8309485703
2023-12-07 12:00:00+00:00,2995877.34005622
2023-12-07 13:00:00+00:00,2995923.72669368
2023-12-07 14:00:00+00:00,2996369.29282242
2023-12-07 15:00:00+00:00,3000769.7431021603
2023-12-07 16:00:00+00:00,3000852.97641795
2023-12-07 17:00:00+00:00,3001382.70391984
2023-12-07 18:00:00+00:00,3001276.02163882
2023-12-07 19:00:00+00:00,3000179.56649368
2023-12-07 20:00:00+00:00,3002411.60092018
2023-12-07 21:00:00+00:00,3017659.0174506903
2023-12-07 22:00:00+00:00,3017762.99998115
2023-12-07 23:00:00+00:00,3017826.83846351
2023-12-08 00:00:00+00:00,3012756.08956563
2023-12-08 01:00:00+00:00,3012743.17790518
2023-12-08 02:00:00+00:00,3012535.73680664
2023-12-08 03:00:00+00:00,3012286.13381356
2023-12-08 04:00:00+00:00,3011377.54822673
2023-12-08 05:00:00+00:00,3011397.04860903
2023-12-08 06:00:00+00:00,3012408.28525021
2023-12-08 07:00:00+00:00,3010520.80882206
2023-12-08 08:00:00+00:00,3012168.47271113
2023-12-08 09:00:00+00:00,3011940.47341523
2023-12-08 10:00:00+00:00,3011999.80548282
2023-12-08 11:00:00+00:00,3012005.87927465
2023-12-08 12:00:00+00:00,3012037.10132775
2023-12-08 13:00:00+00:00,3012014.26399054
2023-12-08 14:00:00+00:00,3010624.94729047
2023-12-08 15:00:00+00:00,3010603.649246
2023-12-08 16:00:00+00:00,3010219.69306585
2023-12-08 17:00:00+00:00,3011284.40460582
2023-12-08 18:00:00+00:00,3008418.2309780302
2023-12-08 19:00:00+00:00,3008483.79858014
2023-12-08 20:00:00+00:00,3010018.67089443
2023-12-08 21:00:00+00:00,3011099.084895
2023-12-08 22:00:00+00:00,3009953.9392692
2023-12-08 23:00:00+00:00,3012455.25358785
2023-12-09 00:00:00+00:00,3012635.54653413
2023-12-09 01:00:00+00:00,3011572.80055242
2023-12-09 02:00:00+00:00,3011610.7874570503
2023-12-09 03:00:00+00:00,3010794.07279402
2023-12-09 04:00:00+00:00,3008339.53661294
2023-12-09 05:00:00+00:00,3008252.2187474403
2023-12-09 06:00:00+00:00,3008293.02537846
2023-12-09 07:00:00+00:00,3008332.04313228
2023-12-09 08:00:00+00:00,3008455.74558041
2023-12-09 09:00:00+00:00,3009342.53045446
2023-12-09 10:00:00+00:00,3009368.5376344603
2023-12-09 11:00:00+00:00,3009380.54663925
2023-12-09 12:00:00+00:00,3009504.87577547
2023-12-09 13:00:00+00:00,3009195.24357242
2023-12-09 14:00:00+00:00,3009200.56444757
2023-12-09 15:00:00+00:00,3009206.26426277
2023-12-09 16:00:00+00:00,3009190.5227989103
2023-12-09 17:00:00+00:00,3009208.1731524803
2023-12-09 18:00:00+00:00,3009507.74760565
2023-12-09 19:00:00+00:00,3010555.93850867
2023-12-09 20:00:00+00:00,3010769.03474668
2023-12-09 21:00:00+00:00,3009674.17228398
2023-12-09 22:00:00+00:00,3010274.17807452
2023-12-09 23:00:00+00:00,3010221.9026048603
2023-12-10 00:00:00+00:00,3010375.31941447
2023-12-10 01:00:00+00:00,3010380.70120682
2023-12-10 02:00:00+00:00,3010449.00340544
2023-12-10 03:00:00+00:00,3010465.92409614
2023-12-10 04:00:00+00:00,3010270.25213849
2023-12-10 05:00:00+00:00,3010294.33517984
2023-12-10 06:00:00+00:00,3010007.29154858
2023-12-10 07:00:00+00:00,3010070.39511156
2023-12-10 08:00:00+00:00,3010088.8253328903
2023-12-10 09:00:00+00:00,3009834.0251840902
2023-12-10 10:00:00+00:00,3009768.36057412
2023-12-10 11:00:00+00:00,3010783.54287353
2023-12-10 12:00:00+00:00,3010783.90363087
2023-12-10 13:00:00+00:00,3010921.79164549
2023-12-10 14:00:00+00:00,3010934.62115804
2023-12-10 15:00:00+00:00,3011019.56773209
2023-12-10 16:00:00+00:00,3011028.8024292
2023-12-10 17:00:00+00:00,3011049.65217137
2023-12-10 18:00:00+00:00,3011097.33836071
2023-12-10 19:00:00+00:00,3011092.6567485803
2023-12-10 20:00:00+00:00,3011106.59938886
2023-12-10 21:00:00+00:00,3011150.36950037
2023-12-10 22:00:00+00:00,3011171.01445577
2023-12-10 23:00:00+00:00,3010979.7120165
2023-12-11 00:00:00+00:00,3010838.86084599
2023-12-11 01:00:00+00:00,3010964.35961053
2023-12-11 02:00:00+00:00,3010838.21735444
2023-12-11 03:00:00+00:00,3009690.17116556
2023-12-11 04:00:00+00:00,3009689.75020202
2023-12-11 05:00:00+00:00,3009875.95451771
2023-12-11 06:00:00+00:00,3009874.72081979
2023-12-11 07:00:00+00:00,3010015.64933394
2023-12-11 08:00:00+00:00,3010047.88138042
2023-12-11 09:00:00+00:00,3009747.45050543
2023-12-11 10:00:00+00:00,3009783.18826546
2023-12-11 11:00:00+00:00,3010017.92640465
2023-12-11 12:00:00+00:00,3010063.59828026
2023-12-11 13:00:00+00:00,3010152.99721226
2023-12-11 14:00:00+00:00,3008963.1803891403
2023-12-11 15:00:00+00:00,3009539.96497045
2023-12-11 16:00:00+00:00,3009385.91934117
2023-12-11 17:00:00+00:00,3007029.2936646
2023-12-11 18:00:00+00:00,3007081.0570465
2023-12-11 19:00:00+00:00,3005901.68330828
2023-12-11 20:00:00+00:00,3006422.93230972
2023-12-11 21:00:00+00:00,3006973.9442240703
2023-12-11 22:00:00+00:00,3007670.61873211
2023-12-11 23:00:00+00:00,3007787.75825712
2023-12-12 00:00:00+00:00,3007812.7176796
2023-12-12 01:00:00+00:00,3006369.01646042
2023-12-12 02:00:00+00:00,3007079.5240330203
2023-12-12 03:00:00+00:00,3007010.74130209
2023-12-12 04:00:00+00:00,3005916.14601479
2023-12-12 05:00:00+00:00,3005255.23674065
2023-12-12 06:00:00+00:00,3003904.34655637
2023-12-12 07:00:00+00:00,3000855.33087087
2023-12-12 08:00:00+00:00,3000912.49337515
2023-12-12 09:00:00+00:00,2999994.43934967
2023-12-12 10:00:00+00:00,2999974.9957971303
2023-12-12 11:00:00+00:00,2999995.5893358
2023-12-12 12:00:00+00:00,2999955.62671296
2023-12-12 13:00:00+00:00,2999148.79610975
2023-12-12 14:00:00+00:00,2998452.9558184203
2023-12-12 15:00:00+00:00,2998835.93284681
2023-12-12 16:00:00+00:00,2997972.80826248
2023-12-12 17:00:00+00:00,2997245.9483182803
2023-12-12 18:00:00+00:00,2993533.74692819
2023-12-12 19:00:00+00:00,2993332.3203566503
2023-12-12 20:00:00+00:00,2994151.84521354
2023-12-12 21:00:00+00:00,2993342.19429135
2023-12-12 22:00:00+00:00,2993539.25066998
2023-12-12 23:00:00+00:00,2995410.14604131
2023-12-13 00:00:00+00:00,2994382.74998406
2023-12-13 01:00:00+00:00,2994247.8244985
2023-12-13 02:00:00+00:00,2995351.84591706
2023-12-13 03:00:00+00:00,2995321.40911922
2023-12-13 04:00:00+00:00,2995033.31487266
2023-12-13 05:00:00+00:00,2995064.39835733
2023-12-13 06:00:00+00:00,2996050.9181463
2023-12-13 07:00:00+00:00,2997659.7591331
2023-12-13 08:00:00+00:00,2997713.5322248
2023-12-13 09:00:00+00:00,2997310.72749267
2023-12-13 10:00:00+00:00,2996501.9157868703
2023-12-13 11:00:00+00:00,2996227.87157089
2023-12-13 12:00:00+00:00,2996391.4000631203
2023-12-13 13:00:00+00:00,2996491.0717896703
2023-12-13 14:00:00+00:00,2995440.16486534
2023-12-13 15:00:00+00:00,2995133.85528038
2023-12-13 16:00:00+00:00,2995082.9968174
2023-12-13 17:00:00+00:00,2995537.7559312503
2023-12-13 18:00:00+00:00,2995466.18727569
2023-12-13 19:00:00+00:00,2995636.8241504203
2023-12-13 20:00:00+00:00,2997741.07136819
2023-12-13 21:00:00+00:00,2996137.72897153
2023-12-13 22:00:00+00:00,2998237.2139659403
2023-12-13 23:00:00+00:00,2998318.64676198
2023-12-14 00:00:00+00:00,2998409.17340814
2023-12-14 01:00:00+00:00,2998604.5545879803
2023-12-14 02:00:00+00:00,2999015.91226137
2023-12-14 03:00:00+00:00,2999011.03392282
2023-12-14 04:00:00+00:00,2999017.57315689
2023-12-14 05:00:00+00:00,2998727.45073501
2023-12-14 06:00:00+00:00,2998774.29584213
2023-12-14 07:00:00+00:00,2998915.4795712
2023-12-14 08:00:00+00:00,2999017.22988309
2023-12-14 09:00:00+00:00,2999283.94578498
2023-12-14 10:00:00+00:00,2998838.18103493
2023-12-14 11:00:00+00:00,2997472.23887985
2023-12-14 12:00:00+00:00,2999478.11762508
2023-12-14 13:00:00+00:00,2999139.96357959
2023-12-14 14:00:00+00:00,2998808.81067802
2023-12-14 15:00:00+00:00,2998324.00017757
2023-12-14 16:00:00+00:00,2997563.54082629
2023-12-14 17:00:00+00:00,2997571.82212922
2023-12-14 18:00:00+00:00,2996208.5255433503
2023-12-14 19:00:00+00:00,2996040.56904293
2023-12-14 20:00:00+00:00,2995526.4289387
2023-12-14 21:00:00+00:00,2995510.5601154
2023-12-14 22:00:00+00:00,2994984.36351952
2023-12-14 23:00:00+00:00,2994969.932387
2023-12-15 00:00:00+00:00,2995181.74231795
2023-12-15 01:00:00+00:00,2995276.23772087
2023-12-15 02:00:00+00:00,2995301.98804386
2023-12-15 03:00:00+00:00,2994656.8028004
2023-12-15 04:00:00+00:00,2995404.82868471
2023-12-15 05:00:00+00:00,2996123.75815248
2023-12-15 06:00:00+00:00,2994894.97845865
2023-12-15 07:00:00+00:00,2995139.06547223
2023-12-15 08:00:00+00:00,2995498.72578065
2023-12-15 09:00:00+00:00,2995485.85240156
2023-12-15 10:00:00+00:00,2994099.23445744
2023-12-15 11:00:00+00:00,2994112.06946998
2023-12-15 12:00:00+00:00,2994176.79543091
2023-12-15 13:00:00+00:00,2992903.14051707
2023-12-15 14:00:00+00:00,2993452.45253202
2023-12-15 15:00:00+00:00,2994573.195288
2023-12-15 16:00:00+00:00,2994956.0023444803
2023-12-15 17:00:00+00:00,2994912.33400373
2023-12-15 18:00:00+00:00,2993211.3883888703
2023-12-15 19:00:00+00:00,2996494.9284176
2023-12-15 20:00:00+00:00,2995242.0150064803
2023-12-15 21:00:00+00:00,2995273.08567539
2023-12-15 22:00:00+00:00,2995842.53000277
2023-12-15 23:00:00+00:00,2996059.7137956503
2023-12-16 00:00:00+00:00,2995947.54090257
2023-12-16 01:00:00+00:00,2995906.52445458
2023-12-16 02:00:00+00:00,2996023.05315302
2023-12-16 03:00:00+00:00,2994602.06820419
2023-12-16 04:00:00+00:00,2994910.41986825
2023-12-16 05:00:00+00:00,2995061.12683928
2023-12-16 06:00:00+00:00,2996286.5036394102
2023-12-16 07:00:00+00:00,2996255.26033794
2023-12-16 08:00:00+00:00,2996188.39469866
2023-12-16 09:00:00+00:00,2995857.3687340203
2023-12-16 10:00:00+00:00,2995960.82445499
2023-12-16 11:00:00+00:00,2995915.9083648003
2023-12-16 12:00:00+00:00,2995975.77010464
2023-12-16 13:00:00+00:00,2996058.55948214
2023-12-16 14:00:00+00:00,2996068.27904096
2023-12-16 15:00:00+00:00,2997130.74424817
2023-12-16 16:00:00+00:00,2997170.92419056
2023-12-16 17:00:00+00:00,2997284.79666743
2023-12-16 18:00:00+00:00,2997322.82141789
2023-12-16 19:00:00+00:00,2997405.37028418
2023-12-16 20:00:00+00:00,2996435.03870083
2023-12-16 21:00:00+00:00,2996410.64874538
2023-12-16 22:00:00+00:00,2996456.58357368
2023-12-16 23:00:00+00:00,2996598.49791101
2023-12-17 00:00:00+00:00,2996643.76356332
2023-12-17 01:00:00+00:00,2996653.60374672
2023-12-17 02:00:00+00:00,2996849.41281399
2023-12-17 03:00:00+00:00,2996854.40393489
2023-12-17 04:00:00+00:00,2996461.47224134
2023-12-17 05:00:00+00:00,2996536.85360897
2023-12-17 06:00:00+00:00,2996620.3067919
2023-12-17 07:00:00+00:00,2996769.7680891203
2023-12-17 08:00:00+00:00,2996944.9359277003
2023-12-17 09:00:00+00:00,2996555.67864763
2023-12-17 10:00:00+00:00,2996169.6440559803
2023-12-17 11:00:00+00:00,2996248.2356196903
2023-12-17 12:00:00+00:00,2996368.10500612
2023-12-17 13:00:00+00:00,2996439.66894304
2023-12-17 14:00:00+00:00,2996704.3002791703
2023-12-17 15:00:00+00:00,2996803.88521953
2023-12-17 16:00:00+00:00,2996984.0487096203
2023-12-17 17:00:00+00:00,2997035.16502976
2023-12-17 18:00:00+00:00,2997022.90560266
2023-12-17 19:00:00+00:00,2997038.8790082303
2023-12-17 20:00:00+00:00,2994870.20198533
2023-12-17 21:00:00+00:00,2994822.59678314
2023-12-17 22:00:00+00:00,2989982.7967694
2023-12-17 23:00:00+00:00,2994919.51757021
2023-12-18 00:00:00+00:00,2995077.25592919
2023-12-18 01:00:00+00:00,2994078.24639896
2023-12-18 02:00:00+00:00,2994433.43575744
2023-12-18 03:00:00+00:00,2991917.89889789
2023-12-18 04:00:00+00:00,2993684.2969930302
2023-12-18 05:00:00+00:00,2993630.27284478
2023-12-18 06:00:00+00:00,2993127.28889992
2023-12-18 07:00:00+00:00,2993183.65611061
2023-12-18 08:00:00+00:00,2993186.67843498
2023-12-18 09:00:00+00:00,2993943.16114666
2023-12-18 10:00:00+00:00,2993195.30020349
2023-12-18 11:00:00+00:00,2992018.94897335
2023-12-18 12:00:00+00:00,2991954.26280415
2023-12-18 13:00:00+00:00,2992020.91591454
2023-12-18 14:00:00+00:00,2992764.8558331
2023-12-18 15:00:00+00:00,2992234.66226991
2023-12-18 16:00:00+00:00,2993185.73108065
2023-12-18 17:00:00+00:00,2991951.6377176703
2023-12-18 18:00:00+00:00,2991044.35401016
2023-12-18 19:00:00+00:00,2992200.00660392
2023-12-18 20:00:00+00:00,2992203.63866469
2023-12-18 21:00:00+00:00,2992649.72886042
2023-12-18 22:00:00+00:00,2993522.44627685
2023-12-18 23:00:00+00:00,2994554.6344873803
2023-12-19 00:00:00+00:00,2994719.27129415
2023-12-19 01:00:00+00:00,2994804.02132646
2023-12-19 02:00:00+00:00,2994832.53882633
2023-12-19 03:00:00+00:00,2994406.34011592
2023-12-19 04:00:00+00:00,2993341.54794824
2023-12-19 05:00:00+00:00,2992246.50327804
2023-12-19 06:00:00+00:00,2992658.0507176
2023-12-19 07:00:00+00:00,2992103.24244601
2023-12-19 08:00:00+00:00,2992285.34332031
2023-12-19 09:00:00+00:00,2991976.8057206
2023-12-19 10:00:00+00:00,2993495.22319618
2023-12-19 11:00:00+00:00,2994725.99911513
2023-12-19 12:00:00+00:00,2994737.67166033
2023-12-19 13:00:00+00:00,2994872.31407318
2023-12-19 14:00:00+00:00,2995026.03580889
2023-12-19 15:00:00+00:00,2994064.62647665
2023-12-19 16:00:00+00:00,2992038.05162818
2023-12-19 17:00:00+00:00,2994100.63823085
2023-12-19 18:00:00+00:00,2994258.94311771
2023-12-19 19:00:00+00:00,2994087.90791722
2023-12-19 20:00:00+00:00,2992497.4544708
2023-12-19 21:00:00+00:00,2992108.05626223
2023-12-19 22:00:00+00:00,2992926.61392019
2023-12-19 23:00:00+00:00,2992811.44745205
2023-12-20 00:00:00+00:00,2992825.03306937
2023-12-20 01:00:00+00:00,2992569.85203811
2023-12-20 02:00:00+00:00,2993589.37763745
2023-12-20 03:00:00+00:00,2990866.1293934
2023-12-20 04:00:00+00:00,2989803.81182006
2023-12-20 05:00:00+00:00,2987518.11750851
2023-12-20 06:00:00+00:00,2992624.89979309
2023-12-20 07:00:00+00:00,2993545.48938169
2023-12-20 08:00:00+00:00,2993403.5831728103
2023-12-20 09:00:00+00:00,2993045.34897405
2023-12-20 10:00:00+00:00,2983716.29256194
2023-12-20 11:00:00+00:00,2983820.0137698
2023-12-20 12:00:00+00:00,2985271.57606518
2023-12-20 13:00:00+00:00,2984692.62009243
2023-12-20 14:00:00+00:00,2987078.61377429
2023-12-20 15:00:00+00:00,2982796.91268323
2023-12-20 16:00:00+00:00,2981821.34493774
2023-12-20 17:00:00+00:00,2981798.96668978
2023-12-20 18:00:00+00:00,2982260.52357577
2023-12-20 19:00:00+00:00,2982471.67684503
2023-12-20 20:00:00+00:00,2982458.47734486
2023-12-20 21:00:00+00:00,2973063.56342393
2023-12-20 22:00:00+00:00,2973853.22867089
2023-12-20 23:00:00+00:00,2973569.5332995
2023-12-21 00:00:00+00:00,2973939.28385846
2023-12-21 01:00:00+00:00,2974973.54785668
2023-12-21 02:00:00+00:00,2973867.72157232
2023-12-21 03:00:00+00:00,2973636.87084284
2023-12-21 04:00:00+00:00,2973388.42496137
2023-12-21 05:00:00+00:00,2973578.70858149
2023-12-21 06:00:00+00:00,2972614.28266449
2023-12-21 07:00:00+00:00,2972642.24013885
2023-12-21 08:00:00+00:00,2972818.06367146
2023-12-21 09:00:00+00:00,2971820.06584173
2023-12-21 10:00:00+00:00,2971771.82593896
2023-12-21 11:00:00+00:00,2973588.77973849
2023-12-21 12:00:00+00:00,2973935.57505752
2023-12-21 13:00:00+00:00,2974931.24567466
2023-12-21 14:00:00+00:00,2975358.3534398
2023-12-21 15:00:00+00:00,2976334.57497808
2023-12-21 16:00:00+00:00,2976248.02211121
2023-12-21 17:00:00+00:00,2975643.83553568
2023-12-21 18:00:00+00:00,2976100.8324094103
2023-12-21 19:00:00+00:00,2974162.3825063403
2023-12-21 20:00:00+00:00,2973938.24783763
2023-12-21 21:00:00+00:00,2974194.72750973
2023-12-21 22:00:00+00:00,2974189.00649974
2023-12-21 23:00:00+00:00,2974344.64552112
2023-12-22 00:00:00+00:00,2974411.86039341
2023-12-22 01:00:00+00:00,2973484.84539827
2023-12-22 02:00:00+00:00,2971136.63682338
2023-12-22 03:00:00+00:00,2968246.74552893
2023-12-22 04:00:00+00:00,2967786.1101678503
2023-12-22 05:00:00+00:00,2967799.53583871
2023-12-22 06:00:00+00:00,2967738.11806205
2023-12-22 07:00:00+00:00,2965768.63679438
2023-12-22 08:00:00+00:00,2964772.35371738
2023-12-22 09:00:00+00:00,2964366.3884164803
2023-12-22 10:00:00+00:00,2964335.87010335
2023-12-22 11:00:00+00:00,2964511.62563315
2023-12-22 12:00:00+00:00,2964947.60618989
2023-12-22 13:00:00+00:00,2966113.9164198902
2023-12-22 14:00:00+00:00,2963066.6546969903
2023-12-22 15:00:00+00:00,2962505.87210553
2023-12-22 16:00:00+00:00,2962835.85774163
2023-12-22 17:00:00+00:00,2966944.649463
2023-12-22 18:00:00+00:00,2966497.3726462303
2023-12-22 19:00:00+00:00,2956684.17829202
2023-12-22 20:00:00+00:00,2965213.15985357
2023-12-22 21:00:00+00:00,2968125.55188812
2023-12-22 22:00:00+00:00,2969722.85559951
2023-12-22 23:00:00+00:00,2968481.22222308
2023-12-23 00:00:00+00:00,2969210.49588911
2023-12-23 01:00:00+00:00,2969301.2172683
2023-12-23 02:00:00+00:00,2970384.86969169
2023-12-23 03:00:00+00:00,2969095.3639238
2023-12-23 04:00:00+00:00,2970144.0459095
2023-12-23 05:00:00+00:00,2970226.05367571
2023-12-23 06:00:00+00:00,2969955.91404579
2023-12-23 07:00:00+00:00,2969964.75346986
2023-12-23 08:00:00+00:00,2971006.65279013
2023-12-23 09:00:00+00:00,2970667.68073026
2023-12-23 10:00:00+00:00,2969863.25872601
2023-12-23 11:00:00+00:00,2969999.14304892
2023-12-23 12:00:00+00:00,2969983.28739548
2023-12-23 13:00:00+00:00,2970034.6550055803
2023-12-23 14:00:00+00:00,2970080.61811417
2023-12-23 15:00:00+00:00,2970093.53329091
2023-12-23 16:00:00+00:00,2970222.77819809
2023-12-23 17:00:00+00:00,2971220.7403701902
2023-12-23 18:00:00+00:00,2970934.98079459
2023-12-23 19:00:00+00:00,2970114.9750949102
2023-12-23 20:00:00+00:00,2970111.79292655
2023-12-23 21:00:00+00:00,2970053.78270949
2023-12-23 22:00:00+00:00,2969241.96514158
2023-12-23 23:00:00+00:00,2970252.75461801
2023-12-24 00:00:00+00:00,2970286.0212830403
2023-12-24 01:00:00+00:00,2969427.60424317
2023-12-24 02:00:00+00:00,2969821.78608546
2023-12-24 03:00:00+00:00,2969477.66261796
2023-12-24 04:00:00+00:00,2969531.02097501
2023-12-24 05:00:00+00:00,2969582.86435377
2023-12-24 06:00:00+00:00,2970621.22687959
2023-12-24 07:00:00+00:00,2970502.61997855
2023-12-24 08:00:00+00:00,2970651.7055823603
2023-12-24 09:00:00+00:00,2969675.48667828
2023-12-24 10:00:00+00:00,2969679.12823044
2023-12-24 11:00:00+00:00,2970710.00583097
2023-12-24 12:00:00+00:00,2970692.6710508303
2023-12-24 13:00:00+00:00,2969847.78287279
2023-12-24 14:00:00+00:00,2971043.06063653
2023-12-24 15:00:00+00:00,2972193.2641280303
2023-12-24 16:00:00+00:00,2972241.60850051
2023-12-24 17:00:00+00:00,2972215.7396906703
2023-12-24 18:00:00+00:00,2971285.01044266
2023-12-24 19:00:00+00:00,2971193.80537497
2023-12-24 20:00:00+00:00,2972180.01012241
2023-12-24 21:00:00+00:00,2972234.8732342003
2023-12-24 22:00:00+00:00,2972347.91521055
2023-12-24 23:00:00+00:00,2972474.47883523
2023-12-25 00:00:00+00:00,2972554.94786865
2023-12-25 01:00:00+00:00,2973537.06440754
2023-12-25 02:00:00+00:00,2972688.16863057
2023-12-25 03:00:00+00:00,2972834.48327924
2023-12-25 04:00:00+00:00,2972580.03996299
2023-12-25 05:00:00+00:00,2971628.81701596
2023-12-25 06:00:00+00:00,2971726.58677494
2023-12-25 07:00:00+00:00,2972593.94774452
2023-12-25 08:00:00+00:00,2971699.15623153
2023-12-25 09:00:00+00:00,2971425.0431279
2023-12-25 10:00:00+00:00,2972438.6370166303
2023-12-25 11:00:00+00:00,2971586.37389823
2023-12-25 12:00:00+00:00,2971578.17452655
2023-12-25 13:00:00+00:00,2971592.6168785403
2023-12-25 14:00:00+00:00,2971654.24575158
2023-12-25 15:00:00+00:00,2971677.55842158
2023-12-25 16:00:00+00:00,2971762.11839513
2023-12-25 17:00:00+00:00,2971804.96985651
2023-12-25 18:00:00+00:00,2971927.27026734
2023-12-25 19:00:00+00:00,2971919.35441956
2023-12-25 20:00:00+00:00,2972007.52714744
2023-12-25 21:00:00+00:00,2971990.74286906
2023-12-25 22:00:00+00:00,2971871.51954566
2023-12-25 23:00:00+00:00,2971856.31249276
2023-12-26 00:00:00+00:00,2972076.34402679
2023-12-26 01:00:00+00:00,2970732.22942597
2023-12-26 02:00:00+00:00,2970866.4146243
2023-12-26 03:00:00+00:00,2970498.1797572603
2023-12-26 04:00:00+00:00,2970202.65451995
2023-12-26 05:00:00+00:00,2970164.46040122
2023-12-26 06:00:00+00:00,2972024.82188971
2023-12-26 07:00:00+00:00,2972225.68630769
2023-12-26 08:00:00+00:00,2972178.87785871
2023-12-26 09:00:00+00:00,2972052.40397174
2023-12-26 10:00:00+00:00,2972014.03545581
2023-12-26 11:00:00+00:00,2971987.5244790902
2023-12-26 12:00:00+00:00,2971912.42169634
2023-12-26 13:00:00+00:00,2967147.44619768
2023-12-26 14:00:00+00:00,2973022.39985239
2023-12-26 15:00:00+00:00,2972447.12358321
2023-12-26 16:00:00+00:00,2961859.06021732
2023-12-26 17:00:00+00:00,2963181.43275188
2023-12-26 18:00:00+00:00,2962421.19212187
2023-12-26 19:00:00+00:00,2962420.23037364
2023-12-26 20:00:00+00:00,2959522.6811328
2023-12-26 21:00:00+00:00,2960449.59088507
2023-12-26 22:00:00+00:00,2956965.50694133
2023-12-26 23:00:00+00:00,2961081.7665809803
2023-12-27 00:00:00+00:00,2958891.60635136
2023-12-27 01:00:00+00:00,2959937.56611327
2023-12-27 02:00:00+00:00,2959930.19571991
2023-12-27 03:00:00+00:00,2958204.83649026
2023-12-27 04:00:00+00:00,2957598.24809321
2023-12-27 05:00:00+00:00,2957725.43137713
2023-12-27 06:00:00+00:00,2957659.47474218
2023-12-27 07:00:00+00:00,2959515.84127064
2023-12-27 08:00:00+00:00,2959559.57515618
2023-12-27 09:00:00+00:00,2959256.53656387
2023-12-27 10:00:00+00:00,2959606.54303665
2023-12-27 11:00:00+00:00,2959452.76343143
2023-12-27 12:00:00+00:00,2954749.94225297
2023-12-27 13:00:00+00:00,2954746.23179721
2023-12-27 14:00:00+00:00,2958024.90305586
2023-12-27 15:00:00+00:00,2959212.4128184603
2023-12-27 16:00:00+00:00,2960281.98003809
2023-12-27 17:00:00+00:00,2963710.7619723403
2023-12-27 18:00:00+00:00,2962965.78132605
2023-12-27 19:00:00+00:00,2962831.33845099
2023-12-27 20:00:00+00:00,2963098.50328052
2023-12-27 21:00:00+00:00,2960053.01930956
2023-12-27 22:00:00+00:00,2968678.82659561
2023-12-27 23:00:00+00:00,2969448.64629768
2023-12-28 00:00:00+00:00,2969123.19293299
2023-12-28 01:00:00+00:00,2969062.9985038
2023-12-28 02:00:00+00:00,2969119.38877794
2023-12-28 03:00:00+00:00,2969005.5151141803
2023-12-28 04:00:00+00:00,2967783.74615504
2023-12-28 05:00:00+00:00,2967912.81352403
2023-12-28 06:00:00+00:00,2967973.63820633
2023-12-28 07:00:00+00:00,2968012.86442836
2023-12-28 08:00:00+00:00,2967809.06295654
2023-12-28 09:00:00+00:00,2967573.1017783303
2023-12-28 10:00:00+00:00,2969317.62387781
2023-12-28 11:00:00+00:00,2970499.63388775
2023-12-28 12:00:00+00:00,2970192.71288414
2023-12-28 13:00:00+00:00,2972122.39606714
2023-12-28 14:00:00+00:00,2973224.7233373
2023-12-28 15:00:00+00:00,2973131.6998827
2023-12-28 16:00:00+00:00,2971807.5513813403
2023-12-28 17:00:00+00:00,2972654.66132764
2023-12-28 18:00:00+00:00,2971948.1058761203
2023-12-28 19:00:00+00:00,2971938.1178501
2023-12-28 20:00:00+00:00,2969560.63594823
2023-12-28 21:00:00+00:00,2968060.4258643403
2023-12-28 22:00:00+00:00,2963161.54779785
2023-12-28 23:00:00+00:00,2966344.96280627
2023-12-29 00:00:00+00:00,2965013.31875441
2023-12-29 01:00:00+00:00,2965140.35467283
2023-12-29 02:00:00+00:00,2965162.4655749
2023-12-29 03:00:00+00:00,2965795.57020021
2023-12-29 04:00:00+00:00,2965963.77455398
2023-12-29 05:00:00+00:00,2966016.81643862
2023-12-29 06:00:00+00:00,2967194.02960363
2023-12-29 07:00:00+00:00,2967292.26966723
2023-12-29 08:00:00+00:00,2967290.05612096
2023-12-29 09:00:00+00:00,2967119.90379354
2023-12-29 10:00:00+00:00,2967648.4657403
2023-12-29 11:00:00+00:00,2968791.1062111403
2023-12-29 12:00:00+00:00,2966659.06152388
2023-12-29 13:00:00+00:00,2968892.12876312
2023-12-29 14:00:00+00:00,2969882.82382342
2023-12-29 15:00:00+00:00,2967310.8038907503
2023-12-29 16:00:00+00:00,2967011.89902743
2023-12-29 17:00:00+00:00,2968720.52451893
2023-12-29 18:00:00+00:00,2962988.87530101
2023-12-29 19:00:00+00:00,2966119.15049892
2023-12-29 20:00:00+00:00,2965205.64583836
2023-12-29 21:00:00+00:00,2966202.92574958
2023-12-29 22:00:00+00:00,2965990.58715232
2023-12-29 23:00:00+00:00,2965219.7673332
2023-12-30 00:00:00+00:00,2965797.88611103
2023-12-30 01:00:00+00:00,2966018.09351129
2023-12-30 02:00:00+00:00,2964340.6825865
2023-12-30 03:00:00+00:00,2964300.42537184
2023-12-30 04:00:00+00:00,2965233.8972397703
2023-12-30 05:00:00+00:00,2965272.35477269
2023-12-30 06:00:00+00:00,2965300.4186043
2023-12-30 07:00:00+00:00,2965318.49483932
2023-12-30 08:00:00+00:00,2965390.0991371
2023-12-30 09:00:00+00:00,2975156.5305525903
2023-12-30 10:00:00+00:00,2975223.84138072
2023-12-30 11:00:00+00:00,2965329.0960529703
2023-12-30 12:00:00+00:00,2965358.76937796
2023-12-30 13:00:00+00:00,2964980.81291424
2023-12-30 14:00:00+00:00,2964994.64253451
2023-12-30 15:00:00+00:00,2965443.07671155
2023-12-30 16:00:00+00:00,2961824.73538004
2023-12-30 17:00:00+00:00,2962908.5947719403
2023-12-30 18:00:00+00:00,2962961.19476318
2023-12-30 19:00:00+00:00,2963157.89360278
2023-12-30 20:00:00+00:00,2963211.6751313503
2023-12-30 21:00:00+00:00,2973121.95536664
2023-12-30 22:00:00+00:00,2973125.51011443
2023-12-30 23:00:00+00:00,2973291.79593866
2023-12-31 00:00:00+00:00,2973361.7018531403
2023-12-31 01:00:00+00:00,2973484.10787194
2023-12-31 02:00:00+00:00,2963297.09772929
2023-12-31 03:00:00+00:00,2963357.0942098103
2023-12-31 04:00:00+00:00,2963572.45297062
2023-12-31 05:00:00+00:00,2963517.45400006
2023-12-31 06:00:00+00:00,2962545.20246143
2023-12-31 07:00:00+00:00,2962544.48253734
2023-12-31 08:00:00+00:00,2962602.7454370502
2023-12-31 09:00:00+00:00,2959159.40789362
2023-12-31 10:00:00+00:00,2962460.68854176
2023-12-31 11:00:00+00:00,2962481.54585873
2023-12-31 12:00:00+00:00,2962734.79982869
2023-12-31 13:00:00+00:00,2962753.52643238
2023-12-31 14:00:00+00:00,2961628.9708356103
2023-12-31 15:00:00+00:00,2961621.66532286
2023-12-31 16:00:00+00:00,2961965.19327933
2023-12-31 17:00:00+00:00,2962059.59847266
2023-12-31 18:00:00+00:00,2962423.81225766
2023-12-31 19:00:00+00:00,2963673.6766414
2023-12-31 20:00:00+00:00,2962750.59627619
2023-12-31 21:00:00+00:00,2960595.77784579
2023-12-31 22:00:00+00:00,2962777.7389164
2023-12-31 23:00:00+00:00,2962813.70906938
2024-01-01 00:00:00+00:00,2963572.35955817
2024-01-01 01:00:00+00:00,2962823.12609256
2024-01-01 02:00:00+00:00,2963523.86490283
2024-01-01 03:00:00+00:00,2961710.79039849
2024-01-01 04:00:00+00:00,2961707.59500719
2024-01-01 05:00:00+00:00,2961730.62576053
2024-01-01 06:00:00+00:00,2961603.58848838
2024-01-01 07:00:00+00:00,2961431.6531308503
2024-01-01 08:00:00+00:00,2961514.93365771
2024-01-01 09:00:00+00:00,2961114.88035159
2024-01-01 10:00:00+00:00,2961069.95031492
2024-01-01 11:00:00+00:00,2961008.5322395703
2024-01-01 12:00:00+00:00,2961169.2433207203
2024-01-01 13:00:00+00:00,2960080.20418935
2024-01-01 14:00:00+00:00,2960241.58910373
2024-01-01 15:00:00+00:00,2961798.81092719
2024-01-01 16:00:00+00:00,2958707.82532703
2024-01-01 17:00:00+00:00,2958711.33331452
2024-01-01 18:00:00+00:00,2960918.6719163
2024-01-01 19:00:00+00:00,2960681.7745840102
2024-01-01 20:00:00+00:00,2960673.58628537
2024-01-01 21:00:00+00:00,2959687.03310682
2024-01-01 22:00:00+00:00,2960737.22012841
2024-01-01 23:00:00+00:00,2960833.57974126
2024-01-02 00:00:00+00:00,2960601.90504714
2024-01-02 01:00:00+00:00,2961642.88061482
2024-01-02 02:00:00+00:00,2958352.66097582
2024-01-02 03:00:00+00:00,2957231.1932357
2024-01-02 04:00:00+00:00,2956248.82427409
2024-01-02 05:00:00+00:00,2958574.83459999
2024-01-02 06:00:00+00:00,2956171.69735236
2024-01-02 07:00:00+00:00,2957825.48324074
2024-01-02 08:00:00+00:00,2956859.69236605
2024-01-02 09:00:00+00:00,2957724.14986825
2024-01-02 10:00:00+00:00,2955780.7254139
2024-01-02 11:00:00+00:00,2957692.68098431
2024-01-02 12:00:00+00:00,2957290.12262636
2024-01-02 13:00:00+00:00,2955226.9626186
2024-01-02 14:00:00+00:00,2957844.89155995
2024-01-02 15:00:00+00:00,2958249.21601515
2024-01-02 16:00:00+00:00,2963625.65582769
2024-01-02 17:00:00+00:00,2961138.49084095
2024-01-02 18:00:00+00:00,2960619.1780617503
2024-01-02 19:00:00+00:00,2961851.12654259
2024-01-02 20:00:00+00:00,2961448.15110778
2024-01-02 21:00:00+00:00,2961044.2524753
2024-01-02 22:00:00+00:00,2961539.6555653303
2024-01-02 23:00:00+00:00,2965691.5838070703
2024-01-03 00:00:00+00:00,2966720.54826137
2024-01-03 01:00:00+00:00,2965133.91491317
2024-01-03 02:00:00+00:00,2964378.29876761
2024-01-03 03:00:00+00:00,2962853.1280290103
2024-01-03 04:00:00+00:00,2964795.37345536
2024-01-03 05:00:00+00:00,2964892.88987719
2024-01-03 06:00:00+00:00,2965077.0977290203
2024-01-03 07:00:00+00:00,2964987.88597666
2024-01-03 08:00:00+00:00,2963650.5990664302
2024-01-03 09:00:00+00:00,2963656.04897549
2024-01-03 10:00:00+00:00,2962611.5788014
2024-01-03 11:00:00+00:00,2961687.3947549
2024-01-03 12:00:00+00:00,2963326.04578344
2024-01-03 13:00:00+00:00,2959684.99318046
2024-01-03 14:00:00+00:00,2957786.32266423
2024-01-03 15:00:00+00:00,2957678.85916713
2024-01-03 16:00:00+00:00,2957620.79633329
2024-01-03 17:00:00+00:00,2957596.63038548
2024-01-03 18:00:00+00:00,2957384.91183998
2024-01-03 19:00:00+00:00,2957392.19402132
2024-01-03 20:00:00+00:00,2957275.10153701
2024-01-03 21:00:00+00:00,2956331.27709642
2024-01-03 22:00:00+00:00,2956274.08679921
2024-01-03 23:00:00+00:00,2957527.07816525
2024-01-04 00:00:00+00:00,2956591.04241627
2024-01-04 01:00:00+00:00,2954645.85659131
2024-01-04 02:00:00+00:00,2954662.22006427
2024-01-04 03:00:00+00:00,2955605.6528853
2024-01-04 04:00:00+00:00,2954733.73699476
2024-01-04 05:00:00+00:00,2945889.11678894
2024-01-04 06:00:00+00:00,2945882.04177326
2024-01-04 07:00:00+00:00,2945137.03998014
2024-01-04 08:00:00+00:00,2945143.87552481
2024-01-04 09:00:00+00:00,2943004.52799857
2024-01-04 10:00:00+00:00,2944395.7262968803
2024-01-04 11:00:00+00:00,2944503.92770278
2024-01-04 12:00:00+00:00,2945760.85246651
2024-01-04 13:00:00+00:00,2945525.29310159
2024-01-04 14:00:00+00:00,2946184.2375193
2024-01-04 15:00:00+00:00,2946149.4285531403
2024-01-04 16:00:00+00:00,2946438.7584589003
2024-01-04 17:00:00+00:00,2946729.6731344
2024-01-04 18:00:00+00:00,2946825.04269414
2024-01-04 19:00:00+00:00,2947453.81974934
2024-01-04 20:00:00+00:00,2946916.30657329
2024-01-04 21:00:00+00:00,2947394.87492077
2024-01-04 22:00:00+00:00,2950014.93643723
2024-01-04 23:00:00+00:00,2950001.35283886
2024-01-05 00:00:00+00:00,2949997.14610414
2024-01-05 01:00:00+00:00,2949759.5703540603
2024-01-05 02:00:00+00:00,2949946.43136799
2024-01-05 03:00:00+00:00,2949555.66383916
2024-01-05 04:00:00+00:00,2949578.34379243
2024-01-05 05:00:00+00:00,2949610.24017604
2024-01-05 06:00:00+00:00,2949586.47742532
2024-01-05 07:00:00+00:00,2948731.68015755
2024-01-05 08:00:00+00:00,2950028.85161188
2024-01-05 09:00:00+00:00,2949479.54657152
2024-01-05 10:00:00+00:00,2950629.70427514
2024-01-05 11:00:00+00:00,2949903.4233449
2024-01-05 12:00:00+00:00,2949829.29306023
2024-01-05 13:00:00+00:00,2950194.99518693
2024-01-05 14:00:00+00:00,2948928.18336633
2024-01-05 15:00:00+00:00,2949321.35721173
2024-01-05 16:00:00+00:00,2941862.22204502
2024-01-05 17:00:00+00:00,2942108.56591175
2024-01-05 18:00:00+00:00,2945579.6781484103
2024-01-05 19:00:00+00:00,2945721.84469133
2024-01-05 20:00:00+00:00,2946874.39789757
2024-01-05 21:00:00+00:00,2948537.31303681
2024-01-05 22:00:00+00:00,2948612.01552111
2024-01-05 23:00:00+00:00,2948579.97462565
2024-01-06 00:00:00+00:00,2949091.56707414
2024-01-06 01:00:00+00:00,2948836.90684998
2024-01-06 02:00:00+00:00,2947225.0247274
2024-01-06 03:00:00+00:00,2946935.75826173
2024-01-06 04:00:00+00:00,2948403.62584732
2024-01-06 05:00:00+00:00,2947443.33160851
2024-01-06 06:00:00+00:00,2947153.30437831
2024-01-06 07:00:00+00:00,2947294.58031329
2024-01-06 08:00:00+00:00,2947446.37634316
2024-01-06 09:00:00+00:00,2947151.34338237
2024-01-06 10:00:00+00:00,2947137.2431367203
2024-01-06 11:00:00+00:00,2947244.1723423703
2024-01-06 12:00:00+00:00,2947211.29554538
2024-01-06 13:00:00+00:00,2947230.75479054
2024-01-06 14:00:00+00:00,2947175.1712743
2024-01-06 15:00:00+00:00,2947311.3400045102
2024-01-06 16:00:00+00:00,2947329.7056021
2024-01-06 17:00:00+00:00,2947369.2674898
2024-01-06 18:00:00+00:00,2947370.20033332
2024-01-06 19:00:00+00:00,2947394.46932622
2024-01-06 20:00:00+00:00,2947414.0883491
2024-01-06 21:00:00+00:00,2947746.85786683
2024-01-06 22:00:00+00:00,2947256.69284003
2024-01-06 23:00:00+00:00,2947247.04333667
2024-01-07 00:00:00+00:00,2947416.63486187
2024-01-07 01:00:00+00:00,2947415.5957950703
2024-01-07 02:00:00+00:00,2947430.76278044
2024-01-07 03:00:00+00:00,2946397.9076810703
2024-01-07 04:00:00+00:00,2946365.7371407603
2024-01-07 05:00:00+00:00,2946439.4942814503
2024-01-07 06:00:00+00:00,2946439.4942814503
2024-01-07 07:00:00+00:00,2946420.50980822
2024-01-07 08:00:00+00:00,2945782.47814528
2024-01-07 09:00:00+00:00,2945947.3218909902
2024-01-07 10:00:00+00:00,2945934.25422259
2024-01-07 11:00:00+00:00,2946064.8295301
2024-01-07 12:00:00+00:00,2945804.48023497
2024-01-07 13:00:00+00:00,2945573.44745212
2024-01-07 14:00:00+00:00,2945528.90014604
2024-01-07 15:00:00+00:00,2945512.42701281
2024-01-07 16:00:00+00:00,2945648.42303316
2024-01-07 17:00:00+00:00,2945633.12361636
2024-01-07 18:00:00+00:00,2945656.11842689
2024-01-07 19:00:00+00:00,2945658.05381904
2024-01-07 20:00:00+00:00,2944481.70928465
2024-01-07 21:00:00+00:00,2945022.0434123003
2024-01-07 22:00:00+00:00,2945028.03651593
2024-01-07 23:00:00+00:00,2945118.31330998
2024-01-08 00:00:00+00:00,2945118.4096245
2024-01-08 01:00:00+00:00,2943465.53756875
2024-01-08 02:00:00+00:00,2943458.8789386903
2024-01-08 03:00:00+00:00,2943649.79074683
2024-01-08 04:00:00+00:00,2943348.85241582
2024-01-08 05:00:00+00:00,2943338.08282569
2024-01-08 06:00:00+00:00,2943344.38942391
2024-01-08 07:00:00+00:00,2942336.94420496
2024-01-08 08:00:00+00:00,2943408.73015288
2024-01-08 09:00:00+00:00,2944282.37713435
2024-01-08 10:00:00+00:00,2945512.04920258
2024-01-08 11:00:00+00:00,2943882.00358412
2024-01-08 12:00:00+00:00,2942875.94840531
2024-01-08 13:00:00+00:00,2942809.70837081
2024-01-08 14:00:00+00:00,2941304.06169109
2024-01-08 15:00:00+00:00,2942583.96506041
2024-01-08 16:00:00+00:00,2943293.6054729703
2024-01-08 17:00:00+00:00,2941315.8835318303
2024-01-08 18:00:00+00:00,2942231.26240909
2024-01-08 19:00:00+00:00,2944373.85316358
2024-01-08 20:00:00+00:00,2945637.19288492
2024-01-08 21:00:00+00:00,2946359.94528648
2024-01-08 22:00:00+00:00,2945653.86268527
2024-01-08 23:00:00+00:00,2948041.4402865
2024-01-09 00:00:00+00:00,2946604.53871021
2024-01-09 01:00:00+00:00,2947056.20692389
2024-01-09 02:00:00+00:00,2946983.14787022
2024-01-09 03:00:00+00:00,2946904.65631094
2024-01-09 04:00:00+00:00,2946793.10165865
2024-01-09 05:00:00+00:00,2946954.86176841
2024-01-09 06:00:00+00:00,2946948.26979856
2024-01-09 07:00:00+00:00,2946900.90231272
2024-01-09 08:00:00+00:00,2944977.56057715
2024-01-09 09:00:00+00:00,2945838.4761593
2024-01-09 10:00:00+00:00,2946908.00427335
2024-01-09 11:00:00+00:00,2946971.78219892
2024-01-09 12:00:00+00:00,2946780.65271081
2024-01-09 13:00:00+00:00,2946870.26173474
2024-01-09 14:00:00+00:00,2946120.23039774
2024-01-09 15:00:00+00:00,2946115.73971501
2024-01-09 16:00:00+00:00,2946118.4115513503
2024-01-09 17:00:00+00:00,2947017.2043871903
2024-01-09 18:00:00+00:00,2947189.60753847
2024-01-09 19:00:00+00:00,2947551.15495741
2024-01-09 20:00:00+00:00,2946793.48624493
2024-01-09 21:00:00+00:00,2947768.90839939
2024-01-09 22:00:00+00:00,2946784.5308111203
2024-01-09 23:00:00+00:00,2946992.4598474503
2024-01-10 00:00:00+00:00,2943881.51717921
2024-01-10 01:00:00+00:00,2946295.78492734
2024-01-10 02:00:00+00:00,2944725.93234796
2024-01-10 03:00:00+00:00,2945371.18532856
2024-01-10 04:00:00+00:00,2945384.94719936
2024-01-10 05:00:00+00:00,2945371.47652724
2024-01-10 06:00:00+00:00,2942578.47686826
2024-01-10 07:00:00+00:00,2943797.26442873
2024-01-10 08:00:00+00:00,2944976.76924639
2024-01-10 09:00:00+00:00,2944846.45713911
2024-01-10 10:00:00+00:00,2944504.7938676
2024-01-10 11:00:00+00:00,2944574.41857275
2024-01-10 12:00:00+00:00,2942541.83471935
2024-01-10 13:00:00+00:00,2941472.6533419
2024-01-10 14:00:00+00:00,2941126.12081137
2024-01-10 15:00:00+00:00,2930550.91391849
2024-01-10 16:00:00+00:00,2930272.686767
2024-01-10 17:00:00+00:00,2929456.30695197
2024-01-10 18:00:00+00:00,2925143.61563469
2024-01-10 19:00:00+00:00,2925138.29945209
2024-01-10 20:00:00+00:00,2925504.38524418
2024-01-10 21:00:00+00:00,2924395.73779341
2024-01-10 22:00:00+00:00,2925726.1196412
2024-01-10 23:00:00+00:00,2935428.88808854
2024-01-11 00:00:00+00:00,2935473.4813401
2024-01-11 01:00:00+00:00,2936074.46993457
2024-01-11 02:00:00+00:00,2936060.76228404
2024-01-11 03:00:00+00:00,2935934.6938808
2024-01-11 04:00:00+00:00,2935928.16599242
2024-01-11 05:00:00+00:00,2937057.8591359803
2024-01-11 06:00:00+00:00,2936190.54124595
2024-01-11 07:00:00+00:00,2936290.9856435303
2024-01-11 08:00:00+00:00,2935345.32198301
2024-01-11 09:00:00+00:00,2935403.77662616
2024-01-11 10:00:00+00:00,2936284.01680393
2024-01-11 11:00:00+00:00,2926058.5745593403
2024-01-11 12:00:00+00:00,2926187.672994
2024-01-11 13:00:00+00:00,2927113.05750355
2024-01-11 14:00:00+00:00,2926441.57347619
2024-01-11 15:00:00+00:00,2925559.64141236
2024-01-11 16:00:00+00:00,2926060.71675292
2024-01-11 17:00:00+00:00,2925172.51450607
2024-01-11 18:00:00+00:00,2923653.50479487
2024-01-11 19:00:00+00:00,2926333.25809611
2024-01-11 20:00:00+00:00,2930776.71350293
2024-01-11 21:00:00+00:00,2928528.58847681
2024-01-11 22:00:00+00:00,2925183.15615314
2024-01-11 23:00:00+00:00,2940798.6817852203
2024-01-12 00:00:00+00:00,2942887.34155171
2024-01-12 01:00:00+00:00,2943179.02332935
2024-01-12 02:00:00+00:00,2943229.71048324
2024-01-12 03:00:00+00:00,2943251.98755288
2024-01-12 04:00:00+00:00,2943453.45105965
2024-01-12 05:00:00+00:00,2943191.81022018
2024-01-12 06:00:00+00:00,2943452.83796103
2024-01-12 07:00:00+00:00,2943521.54382081
2024-01-12 08:00:00+00:00,2943524.75972897
2024-01-12 09:00:00+00:00,2943340.62279789
2024-01-12 10:00:00+00:00,2945048.43554806
2024-01-12 11:00:00+00:00,2945323.6961331703
2024-01-12 12:00:00+00:00,2944164.17094976
2024-01-12 13:00:00+00:00,2944448.774417
2024-01-12 14:00:00+00:00,2934596.33239408
2024-01-12 15:00:00+00:00,2927520.38342198
2024-01-12 16:00:00+00:00,2924872.20349256
2024-01-12 17:00:00+00:00,2929573.31904675
2024-01-12 18:00:00+00:00,2927516.86041232
2024-01-12 19:00:00+00:00,2929632.05286687
2024-01-12 20:00:00+00:00,2924844.32604264
2024-01-12 21:00:00+00:00,2933051.32638463
2024-01-12 22:00:00+00:00,2934765.07352833
2024-01-12 23:00:00+00:00,2939921.21349333
2024-01-13 00:00:00+00:00,2946509.54435308
2024-01-13 01:00:00+00:00,2946448.34251075
2024-01-13 02:00:00+00:00,2946552.1875282
2024-01-13 03:00:00+00:00,2946614.92456148
2024-01-13 04:00:00+00:00,2946435.13230468
2024-01-13 05:00:00+00:00,2946505.95273846
2024-01-13 06:00:00+00:00,2946635.79289608
2024-01-13 07:00:00+00:00,2946600.56716942
2024-01-13 08:00:00+00:00,2946849.95607885
2024-01-13 09:00:00+00:00,2946628.05978766
2024-01-13 10:00:00+00:00,2946638.22923322
2024-01-13 11:00:00+00:00,2946714.73830926
2024-01-13 12:00:00+00:00,2946943.73887206
2024-01-13 13:00:00+00:00,2946705.58942901
2024-01-13 14:00:00+00:00,2946729.2931768
2024-01-13 15:00:00+00:00,2947018.87680111
2024-01-13 16:00:00+00:00,2946959.09075535
2024-01-13 17:00:00+00:00,2946147.2468901803
2024-01-13 18:00:00+00:00,2946590.0407988
2024-01-13 19:00:00+00:00,2946590.19495251
2024-01-13 20:00:00+00:00,2946937.0984633
2024-01-13 21:00:00+00:00,2947146.9311145702
2024-01-13 22:00:00+00:00,2947649.02849374
2024-01-13 23:00:00+00:00,2948100.28483595
2024-01-14 00:00:00+00:00,2943223.48261608
2024-01-14 01:00:00+00:00,2945138.57727853
2024-01-14 02:00:00+00:00,2947637.34155034
2024-01-14 03:00:00+00:00,2947650.99459875
2024-01-14 04:00:00+00:00,2947401.58606107
2024-01-14 05:00:00+00:00,2947459.27861987
2024-01-14 06:00:00+00:00,2947460.84074498
2024-01-14 07:00:00+00:00,2947498.46311978
2024-01-14 08:00:00+00:00,2947692.74771273
2024-01-14 09:00:00+00:00,2947343.3554084
2024-01-14 10:00:00+00:00,2947405.38992001
2024-01-14 11:00:00+00:00,2947425.81740592
2024-01-14 12:00:00+00:00,2946386.47642657
2024-01-14 13:00:00+00:00,2946416.51550634
2024-01-14 14:00:00+00:00,2946398.44613931
2024-01-14 15:00:00+00:00,2946790.1884223702
2024-01-14 16:00:00+00:00,2946729.45388336
2024-01-14 17:00:00+00:00,2947378.0567396
2024-01-14 18:00:00+00:00,2947410.61422982
2024-01-14 19:00:00+00:00,2947388.86970369
2024-01-14 20:00:00+00:00,2947487.84175537
2024-01-14 21:00:00+00:00,2947606.61880605
2024-01-14 22:00:00+00:00,2947614.79117346
2024-01-14 23:00:00+00:00,2947684.83917603
2024-01-15 00:00:00+00:00,2947780.44370033
2024-01-15 01:00:00+00:00,2947960.45854849
2024-01-15 02:00:00+00:00,2946989.22035746
2024-01-15 03:00:00+00:00,2946339.59904726
2024-01-15 04:00:00+00:00,2946340.8697620803
2024-01-15 05:00:00+00:00,2946044.83856083
2024-01-15 06:00:00+00:00,2946124.43086411
2024-01-15 07:00:00+00:00,2946100.06497909
2024-01-15 08:00:00+00:00,2946035.26091054
2024-01-15 09:00:00+00:00,2946750.16348138
2024-01-15 10:00:00+00:00,2946241.76035299
2024-01-15 11:00:00+00:00,2946247.92577902
2024-01-15 12:00:00+00:00,2946294.68347246
2024-01-15 13:00:00+00:00,2946845.51758352
2024-01-15 14:00:00+00:00,2947325.0769551
2024-01-15 15:00:00+00:00,2946161.78651966
2024-01-15 16:00:00+00:00,2957889.29596006
2024-01-15 17:00:00+00:00,2957374.12909981
2024-01-15 18:00:00+00:00,2958426.27697944
2024-01-15 19:00:00+00:00,2958023.00538885
2024-01-15 20:00:00+00:00,2958249.21908964
2024-01-15 21:00:00+00:00,2958256.78806761
2024-01-15 22:00:00+00:00,2955334.01510052
2024-01-15 23:00:00+00:00,2956001.54308646
2024-01-16 00:00:00+00:00,2956116.08717578
2024-01-16 01:00:00+00:00,2956165.26653286
2024-01-16 02:00:00+00:00,2956073.68527303
2024-01-16 03:00:00+00:00,2954979.22721886
2024-01-16 04:00:00+00:00,2954698.16180504
2024-01-16 05:00:00+00:00,2957327.4793423503
2024-01-16 06:00:00+00:00,2957501.11531426
2024-01-16 07:00:00+00:00,2957602.99215745
2024-01-16 08:00:00+00:00,2957632.3900744203
2024-01-16 09:00:00+00:00,2957747.31590384
2024-01-16 10:00:00+00:00,2955246.9872277
2024-01-16 11:00:00+00:00,2955203.93164777
2024-01-16 12:00:00+00:00,2956709.75204592
2024-01-16 13:00:00+00:00,2927729.51518012
2024-01-16 14:00:00+00:00,2926315.14127866
2024-01-16 15:00:00+00:00,2917035.5994975
2024-01-16 16:00:00+00:00,2916543.75941479
2024-01-16 17:00:00+00:00,2913660.63370643
2024-01-16 18:00:00+00:00,2915891.3359358
2024-01-16 19:00:00+00:00,2920542.16189074
2024-01-16 20:00:00+00:00,2913978.22822232
2024-01-16 21:00:00+00:00,2907857.2673598
2024-01-16 22:00:00+00:00,2909093.41331888
2024-01-16 23:00:00+00:00,2908925.4420991703
2024-01-17 00:00:00+00:00,2917956.51072929
2024-01-17 01:00:00+00:00,2910098.1579413502
2024-01-17 02:00:00+00:00,2910285.51434823
2024-01-17 03:00:00+00:00,2910289.0630154
2024-01-17 04:00:00+00:00,2910428.425693
2024-01-17 05:00:00+00:00,2910389.5066834
2024-01-17 06:00:00+00:00,2920375.34974556
2024-01-17 07:00:00+00:00,2920355.02167441
2024-01-17 08:00:00+00:00,2920834.97732685
2024-01-17 09:00:00+00:00,2920980.1501466
2024-01-17 10:00:00+00:00,2911495.82285729
2024-01-17 11:00:00+00:00,2911076.38137891
2024-01-17 12:00:00+00:00,2911208.7854101
2024-01-17 13:00:00+00:00,2910500.39133465
2024-01-17 14:00:00+00:00,2911174.8624989903
2024-01-17 15:00:00+00:00,2910610.98677759
2024-01-17 16:00:00+00:00,2908858.41686964
2024-01-17 17:00:00+00:00,2904762.26805585
2024-01-17 18:00:00+00:00,2904870.04004549
2024-01-17 19:00:00+00:00,2909220.37592925
2024-01-17 20:00:00+00:00,2910119.30798924
2024-01-17 21:00:00+00:00,2908594.44150049
2024-01-17 22:00:00+00:00,2914106.56421372
2024-01-17 23:00:00+00:00,2915803.83301269
2024-01-18 00:00:00+00:00,2914654.35477727
2024-01-18 01:00:00+00:00,2914706.2198029
2024-01-18 02:00:00+00:00,2914734.66328011
2024-01-18 03:00:00+00:00,2914578.31688036
2024-01-18 04:00:00+00:00,2913507.4476548103
2024-01-18 05:00:00+00:00,2913519.33600536
2024-01-18 06:00:00+00:00,2913419.2758433
2024-01-18 07:00:00+00:00,2914872.07177587
2024-01-18 08:00:00+00:00,2913631.2236010903
2024-01-18 09:00:00+00:00,2912289.54547506
2024-01-18 10:00:00+00:00,2912380.9462303403
2024-01-18 11:00:00+00:00,2912542.83023469
2024-01-18 12:00:00+00:00,2912574.3171446603
2024-01-18 13:00:00+00:00,2912516.747586
2024-01-18 14:00:00+00:00,2907839.00949236
2024-01-18 15:00:00+00:00,2904177.8657815303
2024-01-18 16:00:00+00:00,2906525.02087414
2024-01-18 17:00:00+00:00,2906789.68605758
2024-01-18 18:00:00+00:00,2900538.13925777
2024-01-18 19:00:00+00:00,2900134.95033127
2024-01-18 20:00:00+00:00,2902414.72338115
2024-01-18 21:00:00+00:00,2901457.7338536503
2024-01-18 22:00:00+00:00,2906273.47119859
2024-01-18 23:00:00+00:00,2906609.72429749
2024-01-19 00:00:00+00:00,2906512.71471446
2024-01-19 01:00:00+00:00,2905110.869064
2024-01-19 02:00:00+00:00,2905379.08888521
2024-01-19 03:00:00+00:00,2905146.23108247
2024-01-19 04:00:00+00:00,2905653.13585834
2024-01-19 05:00:00+00:00,2905985.97397338
2024-01-19 06:00:00+00:00,2906022.5105887903
2024-01-19 07:00:00+00:00,2905763.82062694
2024-01-19 08:00:00+00:00,2905794.94951846
2024-01-19 09:00:00+00:00,2905717.24048296
2024-01-19 10:00:00+00:00,2907273.27591045
2024-01-19 11:00:00+00:00,2907451.47585674
2024-01-19 12:00:00+00:00,2907625.73410983
2024-01-19 13:00:00+00:00,2907376.40634137
2024-01-19 14:00:00+00:00,2902158.00479796
2024-01-19 15:00:00+00:00,2899379.73359936
2024-01-19 16:00:00+00:00,2910700.7453981
2024-01-19 17:00:00+00:00,2911142.79849042
2024-01-19 18:00:00+00:00,2909310.83696643
2024-01-19 19:00:00+00:00,2909325.75441129
2024-01-19 20:00:00+00:00,2903435.42908121
2024-01-19 21:00:00+00:00,2914110.31602663
2024-01-19 22:00:00+00:00,2914618.0572976503
2024-01-19 23:00:00+00:00,2914951.39959786
2024-01-20 00:00:00+00:00,2915028.24636912
2024-01-20 01:00:00+00:00,2920389.65091357
2024-01-20 02:00:00+00:00,2920436.66263593
2024-01-20 03:00:00+00:00,2920422.92410197
2024-01-20 04:00:00+00:00,2920472.75629491
2024-01-20 05:00:00+00:00,2920203.15501405
2024-01-20 06:00:00+00:00,2920163.98239475
2024-01-20 07:00:00+00:00,2920371.1565572303
2024-01-20 08:00:00+00:00,2920362.69183594
2024-01-20 09:00:00+00:00,2920160.88278268
2024-01-20 10:00:00+00:00,2920085.57829973
2024-01-20 11:00:00+00:00,2920089.39477562
2024-01-20 12:00:00+00:00,2920119.80826456
2024-01-20 13:00:00+00:00,2920084.7680665
2024-01-20 14:00:00+00:00,2920087.6574235503
2024-01-20 15:00:00+00:00,2920064.72965081
2024-01-20 16:00:00+00:00,2920096.19235896
2024-01-20 17:00:00+00:00,2920162.80253972
2024-01-20 18:00:00+00:00,2920155.1112686303
2024-01-20 19:00:00+00:00,2920155.5630387003
2024-01-20 20:00:00+00:00,2920166.5862651
2024-01-20 21:00:00+00:00,2920231.42410834
2024-01-20 22:00:00+00:00,2920367.27821419
2024-01-20 23:00:00+00:00,2920384.60389604
2024-01-21 00:00:00+00:00,2920451.81662636
2024-01-21 01:00:00+00:00,2920513.12165223
2024-01-21 02:00:00+00:00,2920199.0716022
2024-01-21 03:00:00+00:00,2920209.62312129
2024-01-21 04:00:00+00:00,2920279.49039863
2024-01-21 05:00:00+00:00,2920302.03410639
2024-01-21 06:00:00+00:00,2920313.18308231
2024-01-21 07:00:00+00:00,2920372.8028663
2024-01-21 08:00:00+00:00,2921147.77522664
2024-01-21 09:00:00+00:00,2920868.98887772
2024-01-21 10:00:00+00:00,2920884.1481445
2024-01-21 11:00:00+00:00,2920881.4971502
2024-01-21 12:00:00+00:00,2920904.31929903
2024-01-21 13:00:00+00:00,2920863.5078065502
2024-01-21 14:00:00+00:00,2921261.51714673
2024-01-21 15:00:00+00:00,2921269.12413543
2024-01-21 16:00:00+00:00,2921372.55388263
2024-01-21 17:00:00+00:00,2921433.77515116
2024-01-21 18:00:00+00:00,2921433.87978529
2024-01-21 19:00:00+00:00,2921443.39320028
2024-01-21 20:00:00+00:00,2921455.60701226
2024-01-21 21:00:00+00:00,2921455.64226892
2024-01-21 22:00:00+00:00,2921449.86624215
2024-01-21 23:00:00+00:00,2921459.45207756
2024-01-22 00:00:00+00:00,2921708.0988206603
2024-01-22 01:00:00+00:00,2921692.01035415
2024-01-22 02:00:00+00:00,2921387.16869914
2024-01-22 03:00:00+00:00,2922438.2121698502
2024-01-22 04:00:00+00:00,2922697.9073723
2024-01-22 05:00:00+00:00,2922500.6279173703
2024-01-22 06:00:00+00:00,2922520.00701525
2024-01-22 07:00:00+00:00,2922794.17304367
2024-01-22 08:00:00+00:00,2922860.99815512
2024-01-22 09:00:00+00:00,2922623.83575941
2024-01-22 10:00:00+00:00,2923101.16739257
2024-01-22 11:00:00+00:00,2924490.09115992
2024-01-22 12:00:00+00:00,2924531.88368279
2024-01-22 13:00:00+00:00,2915773.46133507
2024-01-22 14:00:00+00:00,2913870.663392
2024-01-22 15:00:00+00:00,2916469.38940372
2024-01-22 16:00:00+00:00,2909971.3262565
2024-01-22 17:00:00+00:00,2911505.11672568
2024-01-22 18:00:00+00:00,2911626.0826714
2024-01-22 19:00:00+00:00,2914749.76727419
2024-01-22 20:00:00+00:00,2914422.10050852
2024-01-22 21:00:00+00:00,2915398.68653163
2024-01-22 22:00:00+00:00,2919321.25840626
2024-01-22 23:00:00+00:00,2919613.62530977
2024-01-23 00:00:00+00:00,2919894.33013632
2024-01-23 01:00:00+00:00,2919943.89971867
2024-01-23 02:00:00+00:00,2919041.79970163
2024-01-23 03:00:00+00:00,2919538.51289313
2024-01-23 04:00:00+00:00,2919577.01681869
2024-01-23 05:00:00+00:00,2919509.99434898
2024-01-23 06:00:00+00:00,2919300.71323443
2024-01-23 07:00:00+00:00,2919308.24940234
2024-01-23 08:00:00+00:00,2919458.03797566
2024-01-23 09:00:00+00:00,2921261.18838765
2024-01-23 10:00:00+00:00,2920133.1194101903
2024-01-23 11:00:00+00:00,2920196.3299747
2024-01-23 12:00:00+00:00,2920363.35883637
2024-01-23 13:00:00+00:00,2917149.98323835
2024-01-23 14:00:00+00:00,2918274.77389073
2024-01-23 15:00:00+00:00,2920045.54943984
2024-01-23 16:00:00+00:00,2922400.21318319
2024-01-23 17:00:00+00:00,2924258.91890538
2024-01-23 18:00:00+00:00,2910431.08085542
2024-01-23 19:00:00+00:00,2913832.01192824
2024-01-23 20:00:00+00:00,2908432.45465347
2024-01-23 21:00:00+00:00,2912714.95544717
2024-01-23 22:00:00+00:00,2915366.64018301
2024-01-23 23:00:00+00:00,2921821.6168459
2024-01-24 00:00:00+00:00,2921772.83932864
2024-01-24 01:00:00+00:00,2920620.81342649
2024-01-24 02:00:00+00:00,2920757.6671906
2024-01-24 03:00:00+00:00,2921395.35998806
2024-01-24 04:00:00+00:00,2924761.26969189
2024-01-24 05:00:00+00:00,2925072.82532819
2024-01-24 06:00:00+00:00,2925960.83466509
2024-01-24 07:00:00+00:00,2925960.98932104
2024-01-24 08:00:00+00:00,2925675.65996569
2024-01-24 09:00:00+00:00,2925486.90085563
2024-01-24 10:00:00+00:00,2923621.67787426
2024-01-24 11:00:00+00:00,2925187.1237935103
2024-01-24 12:00:00+00:00,2925161.71614271
2024-01-24 13:00:00+00:00,2925502.67253873
2024-01-24 14:00:00+00:00,2923848.1889525102
2024-01-24 15:00:00+00:00,2921613.55574174
2024-01-24 16:00:00+00:00,2919285.37913193
2024-01-24 17:00:00+00:00,2919335.08031935
2024-01-24 18:00:00+00:00,2919385.34139809
2024-01-24 19:00:00+00:00,2920564.30877518
2024-01-24 20:00:00+00:00,2922543.15241931
2024-01-24 21:00:00+00:00,2922785.42525245
2024-01-24 22:00:00+00:00,2922970.21921062
2024-01-24 23:00:00+00:00,2926314.81392552
2024-01-25 00:00:00+00:00,2927156.28998346
2024-01-25 01:00:00+00:00,2926223.81598699
2024-01-25 02:00:00+00:00,2926036.37466736
2024-01-25 03:00:00+00:00,2926029.47666628
2024-01-25 04:00:00+00:00,2927291.99514624
2024-01-25 05:00:00+00:00,2927456.21528102
2024-01-25 06:00:00+00:00,2927459.63416455
2024-01-25 07:00:00+00:00,2926266.74136588
2024-01-25 08:00:00+00:00,2925783.16129334
2024-01-25 09:00:00+00:00,2925550.37366526
2024-01-25 10:00:00+00:00,2926291.7386445203
2024-01-25 11:00:00+00:00,2926460.3861657702
2024-01-25 12:00:00+00:00,2928639.82396824
2024-01-25 13:00:00+00:00,2927133.51634926
2024-01-25 14:00:00+00:00,2926511.7672809702
2024-01-25 15:00:00+00:00,2932066.42075455
2024-01-25 16:00:00+00:00,2933771.88430701
2024-01-25 17:00:00+00:00,2934532.26050763
2024-01-25 18:00:00+00:00,2928633.76421594
2024-01-25 19:00:00+00:00,2929568.9661332
2024-01-25 20:00:00+00:00,2931604.26653999
2024-01-25 21:00:00+00:00,2932385.84331716
2024-01-25 22:00:00+00:00,2925740.32504881
2024-01-25 23:00:00+00:00,2935699.93966899
2024-01-26 00:00:00+00:00,2935582.47490026
2024-01-26 01:00:00+00:00,2935764.62632371
2024-01-26 02:00:00+00:00,2935524.0022682003
2024-01-26 03:00:00+00:00,2936001.45153137
2024-01-26 04:00:00+00:00,2935614.02705514
2024-01-26 05:00:00+00:00,2935619.80147307
2024-01-26 06:00:00+00:00,2935690.26611826
2024-01-26 07:00:00+00:00,2936415.7616180503
2024-01-26 08:00:00+00:00,2936373.49811269
2024-01-26 09:00:00+00:00,2936108.45171792
2024-01-26 10:00:00+00:00,2936590.53622679
2024-01-26 11:00:00+00:00,2936779.22573092
2024-01-26 12:00:00+00:00,2937897.66941386
2024-01-26 13:00:00+00:00,2935274.552975
2024-01-26 14:00:00+00:00,2935599.47662008
2024-01-26 15:00:00+00:00,2930325.4933531103
2024-01-26 16:00:00+00:00,2939468.43489876
2024-01-26 17:00:00+00:00,2930467.73373488
2024-01-26 18:00:00+00:00,2939928.38426245
2024-01-26 19:00:00+00:00,2939338.39552591
2024-01-26 20:00:00+00:00,2934726.96186239
2024-01-26 21:00:00+00:00,2934141.82066785
2024-01-26 22:00:00+00:00,2941723.42737843
2024-01-26 23:00:00+00:00,2944940.6962387
2024-01-27 00:00:00+00:00,2945109.45433953
2024-01-27 01:00:00+00:00,2945154.7298896
2024-01-27 02:00:00+00:00,2945188.01739838
2024-01-27 03:00:00+00:00,2944620.68383942
2024-01-27 04:00:00+00:00,2944295.21638004
2024-01-27 05:00:00+00:00,2944294.1099116
2024-01-27 06:00:00+00:00,2944321.11547172
2024-01-27 07:00:00+00:00,2944174.49803218
2024-01-27 08:00:00+00:00,2943205.34093635
2024-01-27 09:00:00+00:00,2942928.99682853
2024-01-27 10:00:00+00:00,2942914.8766289703
2024-01-27 11:00:00+00:00,2942887.92495851
2024-01-27 12:00:00+00:00,2942918.61626232
2024-01-27 13:00:00+00:00,2944016.58508805
2024-01-27 14:00:00+00:00,2944044.59186852
2024-01-27 15:00:00+00:00,2944163.10922822
2024-01-27 16:00:00+00:00,2944442.49926599
2024-01-27 17:00:00+00:00,2944482.84483865
2024-01-27 18:00:00+00:00,2944599.45014445
2024-01-27 19:00:00+00:00,2944741.03441061
2024-01-27 20:00:00+00:00,2944943.23744249
2024-01-27 21:00:00+00:00,2944946.56834653
2024-01-27 22:00:00+00:00,2945011.39418069
2024-01-27 23:00:00+00:00,2945191.14197753
2024-01-28 00:00:00+00:00,2945319.58536008
2024-01-28 01:00:00+00:00,2945394.30453481
2024-01-28 02:00:00+00:00,2945099.51741551
2024-01-28 03:00:00+00:00,2945892.48119331
2024-01-28 04:00:00+00:00,2944554.00889424
2024-01-28 05:00:00+00:00,2944561.58750663
2024-01-28 06:00:00+00:00,2945663.7555612703
2024-01-28 07:00:00+00:00,2945605.73452364
2024-01-28 08:00:00+00:00,2945593.7040082403
2024-01-28 09:00:00+00:00,2945424.7485221103
2024-01-28 10:00:00+00:00,2945456.29270638
2024-01-28 11:00:00+00:00,2945581.90710362
2024-01-28 12:00:00+00:00,2946558.63674329
2024-01-28 13:00:00+00:00,2946648.3091288
2024-01-28 14:00:00+00:00,2946703.12922966
2024-01-28 15:00:00+00:00,2946823.4243200403
2024-01-28 16:00:00+00:00,2946947.51202084
2024-01-28 17:00:00+00:00,2946994.88479448
2024-01-28 18:00:00+00:00,2947160.01552789
2024-01-28 19:00:00+00:00,2947383.71060144
2024-01-28 20:00:00+00:00,2947501.58427684
2024-01-28 21:00:00+00:00,2947046.22328685
2024-01-28 22:00:00+00:00,2947091.52593855
2024-01-28 23:00:00+00:00,2947147.17949536
2024-01-29 00:00:00+00:00,2947147.17949536
2024-01-29 01:00:00+00:00,2945961.20175786
2024-01-29 02:00:00+00:00,2940863.21299296
2024-01-29 03:00:00+00:00,2943584.06917843
2024-01-29 04:00:00+00:00,2943687.21000376
2024-01-29 05:00:00+00:00,2943520.29694242
2024-01-29 06:00:00+00:00,2943726.66774231
2024-01-29 07:00:00+00:00,2944751.04830553
2024-01-29 08:00:00+00:00,2945015.97029488
2024-01-29 09:00:00+00:00,2945772.47272097
2024-01-29 10:00:00+00:00,2944306.96326025
2024-01-29 11:00:00+00:00,2943119.41263949
2024-01-29 12:00:00+00:00,2943233.96055057
2024-01-29 13:00:00+00:00,2945317.90201763
2024-01-29 14:00:00+00:00,2941898.24103141
2024-01-29 15:00:00+00:00,2942943.81902662
2024-01-29 16:00:00+00:00,2932343.6696533803
2024-01-29 17:00:00+00:00,2935727.33309042
2024-01-29 18:00:00+00:00,2936180.54071947
2024-01-29 19:00:00+00:00,2935001.33165087
2024-01-29 20:00:00+00:00,2935013.22658191
2024-01-29 21:00:00+00:00,2935934.30310438
2024-01-29 22:00:00+00:00,2938591.40865602
2024-01-29 23:00:00+00:00,2938996.46363698
2024-01-30 00:00:00+00:00,2937397.31639928
2024-01-30 01:00:00+00:00,2937574.52089115
2024-01-30 02:00:00+00:00,2937299.89624148
2024-01-30 03:00:00+00:00,2937235.81252306
2024-01-30 04:00:00+00:00,2937380.9059664803
2024-01-30 05:00:00+00:00,2938451.9040077003
2024-01-30 06:00:00+00:00,2937875.14864955
2024-01-30 07:00:00+00:00,2938116.71396818
2024-01-30 08:00:00+00:00,2938937.25597746
2024-01-30 09:00:00+00:00,2939480.59134547
2024-01-30 10:00:00+00:00,2939601.39297474
2024-01-30 11:00:00+00:00,2941695.44034366
2024-01-30 12:00:00+00:00,2938041.90997707
2024-01-30 13:00:00+00:00,2937781.97742394
2024-01-30 14:00:00+00:00,2934046.82273642
2024-01-30 15:00:00+00:00,2934982.59673698
2024-01-30 16:00:00+00:00,2935198.03160635
2024-01-30 17:00:00+00:00,2927752.30948469
2024-01-30 18:00:00+00:00,2929692.1485773
2024-01-30 19:00:00+00:00,2932528.48865839
2024-01-30 20:00:00+00:00,2937415.45407896
2024-01-30 21:00:00+00:00,2941251.9598793
2024-01-30 22:00:00+00:00,2941281.24548223
2024-01-30 23:00:00+00:00,2952495.8255254403
2024-01-31 00:00:00+00:00,2953375.97997632
2024-01-31 01:00:00+00:00,2953648.01186407
2024-01-31 02:00:00+00:00,2952194.0936968
2024-01-31 03:00:00+00:00,2953355.52768805
2024-01-31 04:00:00+00:00,2954009.69214461
2024-01-31 05:00:00+00:00,2954828.0651498
2024-01-31 06:00:00+00:00,2954678.53341437
2024-01-31 07:00:00+00:00,2954744.7526767
2024-01-31 08:00:00+00:00,2954456.85004495
2024-01-31 09:00:00+00:00,2954339.56781802
2024-01-31 10:00:00+00:00,2954231.38890525
2024-01-31 11:00:00+00:00,2956155.64575496
2024-01-31 12:00:00+00:00,2955307.4815600403
2024-01-31 13:00:00+00:00,2954925.96904797
2024-01-31 14:00:00+00:00,2954000.38288341
2024-01-31 15:00:00+00:00,2953989.60858831
2024-01-31 16:00:00+00:00,2954254.96875796
2024-01-31 17:00:00+00:00,2946879.53474111
2024-01-31 18:00:00+00:00,2945011.52313508
2024-01-31 19:00:00+00:00,2942915.94023207
2024-01-31 20:00:00+00:00,2944040.13003478
2024-01-31 21:00:00+00:00,2944836.1443535
2024-01-31 22:00:00+00:00,2948392.62925604
2024-01-31 23:00:00+00:00,2949551.18182342
2024-02-01 00:00:00+00:00,2955167.27550313
2024-02-01 01:00:00+00:00,2960855.53412132
2024-02-01 02:00:00+00:00,2960808.6293169903
2024-02-01 03:00:00+00:00,2960778.01348014
2024-02-01 04:00:00+00:00,2960837.92733938
2024-02-01 05:00:00+00:00,2960592.51285829
2024-02-01 06:00:00+00:00,2960791.81227784
2024-02-01 07:00:00+00:00,2960633.06750662
2024-02-01 08:00:00+00:00,2960636.32374363
2024-02-01 09:00:00+00:00,2961110.27943793
2024-02-01 10:00:00+00:00,2961094.7837869
2024-02-01 11:00:00+00:00,2961302.38459138
2024-02-01 12:00:00+00:00,2961325.5155859003
2024-02-01 13:00:00+00:00,2959716.99479624
2024-02-01 14:00:00+00:00,2957302.21533549
2024-02-01 15:00:00+00:00,2957635.80615664
2024-02-01 16:00:00+00:00,2959097.5329922503
2024-02-01 17:00:00+00:00,2960930.8362669
2024-02-01 18:00:00+00:00,2954465.67510205
2024-02-01 19:00:00+00:00,2955422.16077547
2024-02-01 20:00:00+00:00,2953403.4294309
2024-02-01 21:00:00+00:00,2954430.4329759
2024-02-01 22:00:00+00:00,2956399.7085094103
2024-02-01 23:00:00+00:00,2957879.57569937
2024-02-02 00:00:00+00:00,2957953.63520132
2024-02-02 01:00:00+00:00,2957855.24023236
2024-02-02 02:00:00+00:00,2956322.76963709
2024-02-02 03:00:00+00:00,2956167.15478984
2024-02-02 04:00:00+00:00,2955428.23432157
2024-02-02 05:00:00+00:00,2955510.7306707
2024-02-02 06:00:00+00:00,2956075.9535134803
2024-02-02 07:00:00+00:00,2956484.52421358
2024-02-02 08:00:00+00:00,2956681.3081172
2024-02-02 09:00:00+00:00,2955394.48926261
2024-02-02 10:00:00+00:00,2955267.83441131
2024-02-02 11:00:00+00:00,2955515.45818701
2024-02-02 12:00:00+00:00,2955561.8940078
2024-02-02 13:00:00+00:00,2955615.40960832
2024-02-02 14:00:00+00:00,2955568.37211186
2024-02-02 15:00:00+00:00,2956177.31424239
2024-02-02 16:00:00+00:00,2956203.43004231
2024-02-02 17:00:00+00:00,2946325.46515419
2024-02-02 18:00:00+00:00,2950809.54067768
2024-02-02 19:00:00+00:00,2949964.21055988
2024-02-02 20:00:00+00:00,2950159.23460415
2024-02-02 21:00:00+00:00,2949256.21136556
2024-02-02 22:00:00+00:00,2955556.49093669
2024-02-02 23:00:00+00:00,2955670.58744879
2024-02-03 00:00:00+00:00,2955854.11198767
2024-02-03 01:00:00+00:00,2955850.13300611
2024-02-03 02:00:00+00:00,2955872.31244032
2024-02-03 03:00:00+00:00,2955891.44144072
2024-02-03 04:00:00+00:00,2955612.66532572
2024-02-03 05:00:00+00:00,2955891.0454942803
2024-02-03 06:00:00+00:00,2955883.96197014
2024-02-03 07:00:00+00:00,2955846.38602164
2024-02-03 08:00:00+00:00,2957677.11061283
2024-02-03 09:00:00+00:00,2958065.24753371
2024-02-03 10:00:00+00:00,2956788.8571346803
2024-02-03 11:00:00+00:00,2957237.47867107
2024-02-03 12:00:00+00:00,2958157.18752824
2024-02-03 13:00:00+00:00,2958292.30868117
2024-02-03 14:00:00+00:00,2958350.6228378
2024-02-03 15:00:00+00:00,2958347.55542486
2024-02-03 16:00:00+00:00,2958422.74288161
2024-02-03 17:00:00+00:00,2958457.86337519
2024-02-03 18:00:00+00:00,2958457.27038856
2024-02-03 19:00:00+00:00,2959513.80017509
2024-02-03 20:00:00+00:00,2958998.69710039
2024-02-03 21:00:00+00:00,2959004.0478562
2024-02-03 22:00:00+00:00,2959007.81091847
2024-02-03 23:00:00+00:00,2959007.57503714
2024-02-04 00:00:00+00:00,2959964.85388751
2024-02-04 01:00:00+00:00,2959968.07963445
2024-02-04 02:00:00+00:00,2960253.76215183
2024-02-04 03:00:00+00:00,2960240.4671378
2024-02-04 04:00:00+00:00,2959715.12539513
2024-02-04 05:00:00+00:00,2959753.6448078
2024-02-04 06:00:00+00:00,2959818.75674284
2024-02-04 07:00:00+00:00,2959792.7671308
2024-02-04 08:00:00+00:00,2959954.04151025
2024-02-04 09:00:00+00:00,2959717.70696696
2024-02-04 10:00:00+00:00,2959838.83747794
2024-02-04 11:00:00+00:00,2959878.74504978
2024-02-04 12:00:00+00:00,2959857.9439889803
2024-02-04 13:00:00+00:00,2959866.73578493
2024-02-04 14:00:00+00:00,2959880.60208432
2024-02-04 15:00:00+00:00,2960002.25058614
2024-02-04 16:00:00+00:00,2959979.45727884
2024-02-04 17:00:00+00:00,2960012.49551016
2024-02-04 18:00:00+00:00,2960062.91423281
2024-02-04 19:00:00+00:00,2960192.85682294
2024-02-04 20:00:00+00:00,2960266.7499267203
2024-02-04 21:00:00+00:00,2960250.75913499
2024-02-04 22:00:00+00:00,2960360.50254324
2024-02-04 23:00:00+00:00,2960424.22651288
2024-02-05 00:00:00+00:00,2960460.20215364
2024-02-05 01:00:00+00:00,2960520.1784142703
2024-02-05 02:00:00+00:00,2959173.03138581
2024-02-05 03:00:00+00:00,2958023.92406765
2024-02-05 04:00:00+00:00,2958051.15143429
2024-02-05 05:00:00+00:00,2958019.30478724
2024-02-05 06:00:00+00:00,2955887.92699421
2024-02-05 07:00:00+00:00,2955859.12039419
2024-02-05 08:00:00+00:00,2956212.94706372
2024-02-05 09:00:00+00:00,2955184.00180262
2024-02-05 10:00:00+00:00,2955313.35867261
2024-02-05 11:00:00+00:00,2954609.79069776
2024-02-05 12:00:00+00:00,2954662.83671315
2024-02-05 13:00:00+00:00,2955828.980955
2024-02-05 14:00:00+00:00,2954657.56218098
2024-02-05 15:00:00+00:00,2952904.66563151
2024-02-05 16:00:00+00:00,2954060.54664567
2024-02-05 17:00:00+00:00,2947503.36926683
2024-02-05 18:00:00+00:00,2947970.64508594
2024-02-05 19:00:00+00:00,2948918.36907365
2024-02-05 20:00:00+00:00,2951239.72183346
2024-02-05 21:00:00+00:00,2944243.95570132
2024-02-05 22:00:00+00:00,2951185.00006032
2024-02-05 23:00:00+00:00,2953857.76618173
2024-02-06 00:00:00+00:00,2953895.66745902
2024-02-06 01:00:00+00:00,2953900.04107453
2024-02-06 02:00:00+00:00,2953783.83512767
2024-02-06 03:00:00+00:00,2953516.75412038
2024-02-06 04:00:00+00:00,2953450.3877494102
2024-02-06 05:00:00+00:00,2953493.32503404
2024-02-06 06:00:00+00:00,2953517.07530035
2024-02-06 07:00:00+00:00,2953588.90801464
2024-02-06 08:00:00+00:00,2953618.27661046
2024-02-06 09:00:00+00:00,2953821.71818304
2024-02-06 10:00:00+00:00,2953115.93031523
2024-02-06 11:00:00+00:00,2953587.1473096
2024-02-06 12:00:00+00:00,2954033.79863266
2024-02-06 13:00:00+00:00,2954268.1739049
2024-02-06 14:00:00+00:00,2953934.28353764
2024-02-06 15:00:00+00:00,2952448.92321292
2024-02-06 16:00:00+00:00,2951378.48558301
2024-02-06 17:00:00+00:00,2955267.6496666903
2024-02-06 18:00:00+00:00,2959459.260133
2024-02-06 19:00:00+00:00,2958233.93619729
2024-02-06 20:00:00+00:00,2958230.63885821
2024-02-06 21:00:00+00:00,2950834.98817586
2024-02-06 22:00:00+00:00,2959562.56629814
2024-02-06 23:00:00+00:00,2959718.10667442
2024-02-07 00:00:00+00:00,2959735.2711524502
2024-02-07 01:00:00+00:00,2959653.45668475
2024-02-07 02:00:00+00:00,2959719.2069869
2024-02-07 03:00:00+00:00,2958744.37451789
2024-02-07 04:00:00+00:00,2959470.93257323
2024-02-07 05:00:00+00:00,2959654.64510412
2024-02-07 06:00:00+00:00,2959999.86065631
2024-02-07 07:00:00+00:00,2958939.87016062
2024-02-07 08:00:00+00:00,2960108.98786549
2024-02-07 09:00:00+00:00,2958715.37213511
2024-02-07 10:00:00+00:00,2958765.78439497
2024-02-07 11:00:00+00:00,2958910.76952091
2024-02-07 12:00:00+00:00,2958701.81369509
2024-02-07 13:00:00+00:00,2957013.14608945
2024-02-07 14:00:00+00:00,2955146.01550984
2024-02-07 15:00:00+00:00,2955993.13049474
2024-02-07 16:00:00+00:00,2959195.42848041
2024-02-07 17:00:00+00:00,2959267.56142744
2024-02-07 18:00:00+00:00,2958327.2782313903
2024-02-07 19:00:00+00:00,2958342.88800767
2024-02-07 20:00:00+00:00,2959519.29286252
2024-02-07 21:00:00+00:00,2958875.2268971
2024-02-07 22:00:00+00:00,2962413.3113213303
2024-02-07 23:00:00+00:00,2963562.30909863
2024-02-08 00:00:00+00:00,2963537.51627899
2024-02-08 01:00:00+00:00,2964472.45025151
2024-02-08 02:00:00+00:00,2964662.2623373
2024-02-08 03:00:00+00:00,2964853.90422724
2024-02-08 04:00:00+00:00,2964757.1514096
2024-02-08 05:00:00+00:00,2964704.66026939
2024-02-08 06:00:00+00:00,2964649.15391471
2024-02-08 07:00:00+00:00,2963870.41110103
2024-02-08 08:00:00+00:00,2963909.98881208
2024-02-08 09:00:00+00:00,2964008.97478023
2024-02-08 10:00:00+00:00,2964356.77370385
2024-02-08 11:00:00+00:00,2964229.92025791
2024-02-08 12:00:00+00:00,2963560.64970795
2024-02-08 13:00:00+00:00,2963131.43681465
2024-02-08 14:00:00+00:00,2957009.76449914
2024-02-08 15:00:00+00:00,2956201.4887762503
2024-02-08 16:00:00+00:00,2957158.9555818
2024-02-08 17:00:00+00:00,2959615.99852922
2024-02-08 18:00:00+00:00,2959241.29747516
2024-02-08 19:00:00+00:00,2958150.61903948
2024-02-08 20:00:00+00:00,2959625.8208281603
2024-02-08 21:00:00+00:00,2958527.2285326
2024-02-08 22:00:00+00:00,2960102.55812551
2024-02-08 23:00:00+00:00,2960730.6714114
2024-02-09 00:00:00+00:00,2964645.04783582
2024-02-09 01:00:00+00:00,2965171.10499777
2024-02-09 02:00:00+00:00,2966151.69564223
2024-02-09 03:00:00+00:00,2964207.50858594
2024-02-09 04:00:00+00:00,2965117.11840388
2024-02-09 05:00:00+00:00,2965224.47842438
2024-02-09 06:00:00+00:00,2963099.17833312
2024-02-09 07:00:00+00:00,2963159.18087559
2024-02-09 08:00:00+00:00,2963368.16403563
2024-02-09 09:00:00+00:00,2962783.26754236
2024-02-09 10:00:00+00:00,2961877.6856523203
2024-02-09 11:00:00+00:00,2962564.49760314
2024-02-09 12:00:00+00:00,2962352.6027046703
2024-02-09 13:00:00+00:00,2957123.91818775
2024-02-09 14:00:00+00:00,2957045.01959509
2024-02-09 15:00:00+00:00,2958398.16991115
2024-02-09 16:00:00+00:00,2958852.7091032
2024-02-09 17:00:00+00:00,2954740.01058591
2024-02-09 18:00:00+00:00,2960829.47418351
2024-02-09 19:00:00+00:00,2961866.93807523
2024-02-09 20:00:00+00:00,2960827.96405234
2024-02-09 21:00:00+00:00,2960752.29798046
2024-02-09 22:00:00+00:00,2962071.12161031
2024-02-09 23:00:00+00:00,2965039.61171593
2024-02-10 00:00:00+00:00,2965625.01881098
2024-02-10 01:00:00+00:00,2965750.59730311
2024-02-10 02:00:00+00:00,2966165.14467225
2024-02-10 03:00:00+00:00,2965412.60359682
2024-02-10 04:00:00+00:00,2965489.23170894
2024-02-10 05:00:00+00:00,2965355.63147488
2024-02-10 06:00:00+00:00,2966077.8456751
2024-02-10 07:00:00+00:00,2965992.55543401
2024-02-10 08:00:00+00:00,2965735.08523548
2024-02-10 09:00:00+00:00,2966463.88201523
2024-02-10 10:00:00+00:00,2966673.33078294
2024-02-10 11:00:00+00:00,2966667.8769961703
2024-02-10 12:00:00+00:00,2967211.52432521
2024-02-10 13:00:00+00:00,2968474.62875549
2024-02-10 14:00:00+00:00,2969431.20593046
2024-02-10 15:00:00+00:00,2969619.01281807
2024-02-10 16:00:00+00:00,2970011.83007372
2024-02-10 17:00:00+00:00,2970282.22817214
2024-02-10 18:00:00+00:00,2970463.7475995203
2024-02-10 19:00:00+00:00,2970477.63710471
2024-02-10 20:00:00+00:00,2970512.20983956
2024-02-10 21:00:00+00:00,2970643.15482677
2024-02-10 22:00:00+00:00,2970680.70433619
2024-02-10 23:00:00+00:00,2972031.14130012
2024-02-11 00:00:00+00:00,2972111.35117938
2024-02-11 01:00:00+00:00,2972132.53945611
2024-02-11 02:00:00+00:00,2972211.10632039
2024-02-11 03:00:00+00:00,2973322.35055941
2024-02-11 04:00:00+00:00,2972994.35285898
2024-02-11 05:00:00+00:00,2972982.19876902
2024-02-11 06:00:00+00:00,2973099.78835347
2024-02-11 07:00:00+00:00,2971382.35223051
2024-02-11 08:00:00+00:00,2970849.88507338
2024-02-11 09:00:00+00:00,2970419.3678531703
2024-02-11 10:00:00+00:00,2970557.4624996902
2024-02-11 11:00:00+00:00,2969574.63494356
2024-02-11 12:00:00+00:00,2969647.2009717203
2024-02-11 13:00:00+00:00,2970512.49434544
2024-02-11 14:00:00+00:00,2971645.87822442
2024-02-11 15:00:00+00:00,2968188.50139241
2024-02-11 16:00:00+00:00,2971961.92164827
2024-02-11 17:00:00+00:00,2972263.8204578003
2024-02-11 18:00:00+00:00,2972298.42760522
2024-02-11 19:00:00+00:00,2972296.39092899
2024-02-11 20:00:00+00:00,2972411.74258761
2024-02-11 21:00:00+00:00,2971446.8724942403
2024-02-11 22:00:00+00:00,2971405.5369406003
2024-02-11 23:00:00+00:00,2972647.80851384
2024-02-12 00:00:00+00:00,2972880.78452128
2024-02-12 01:00:00+00:00,2972583.35293886
2024-02-12 02:00:00+00:00,2972758.89219658
2024-02-12 03:00:00+00:00,2972726.21588223
2024-02-12 04:00:00+00:00,2972168.3299054
2024-02-12 05:00:00+00:00,2972309.46306273
2024-02-12 06:00:00+00:00,2972702.63479126
2024-02-12 07:00:00+00:00,2972622.13740779
2024-02-12 08:00:00+00:00,2972178.22639753
2024-02-12 09:00:00+00:00,2971273.90708602
2024-02-12 10:00:00+00:00,2971697.45403834
2024-02-12 11:00:00+00:00,2967434.39901856
2024-02-12 12:00:00+00:00,2966675.86815126
2024-02-12 13:00:00+00:00,2964259.89865236
2024-02-12 14:00:00+00:00,2963793.38295711
2024-02-12 15:00:00+00:00,2964065.99581921
2024-02-12 16:00:00+00:00,2958008.5220649303
2024-02-12 17:00:00+00:00,2962672.57910308
2024-02-12 18:00:00+00:00,2961048.9225467
2024-02-12 19:00:00+00:00,2959890.89157787
2024-02-12 20:00:00+00:00,2962362.33555707
2024-02-12 21:00:00+00:00,2962535.38217914
2024-02-12 22:00:00+00:00,2967129.93873121
2024-02-12 23:00:00+00:00,2967596.14870733
2024-02-13 00:00:00+00:00,2967749.17149799
2024-02-13 01:00:00+00:00,2967860.76768657
2024-02-13 02:00:00+00:00,2967184.87517071
2024-02-13 03:00:00+00:00,2966368.44946234
2024-02-13 04:00:00+00:00,2966374.83727631
2024-02-13 05:00:00+00:00,2966382.3097209902
2024-02-13 06:00:00+00:00,2966278.71752366
2024-02-13 07:00:00+00:00,2967855.792922
2024-02-13 08:00:00+00:00,2965769.83563654
2024-02-13 09:00:00+00:00,2965663.9330183
2024-02-13 10:00:00+00:00,2966933.28832499
2024-02-13 11:00:00+00:00,2966690.5082190903
2024-02-13 12:00:00+00:00,2966721.43012362
2024-02-13 13:00:00+00:00,2965616.5291204
2024-02-13 14:00:00+00:00,2963479.28406485
2024-02-13 15:00:00+00:00,2964455.22434396
2024-02-13 16:00:00+00:00,2961395.19282733
2024-02-13 17:00:00+00:00,2961651.84324343
2024-02-13 18:00:00+00:00,2962288.47375751
2024-02-13 19:00:00+00:00,2962497.48549267
2024-02-13 20:00:00+00:00,2956535.55895114
2024-02-13 21:00:00+00:00,2960008.70072042
2024-02-13 22:00:00+00:00,2965631.06390063
2024-02-13 23:00:00+00:00,2968226.13331745
2024-02-14 00:00:00+00:00,2969392.80871693
2024-02-14 01:00:00+00:00,2969304.02712626
2024-02-14 02:00:00+00:00,2967916.67901943
2024-02-14 03:00:00+00:00,2967794.11455925
2024-02-14 04:00:00+00:00,2967605.42796675
2024-02-14 05:00:00+00:00,2968051.04299091
2024-02-14 06:00:00+00:00,2968352.87147359
2024-02-14 07:00:00+00:00,2968413.65398063
2024-02-14 08:00:00+00:00,2968305.90963232
2024-02-14 09:00:00+00:00,2966579.2174384203
2024-02-14 10:00:00+00:00,2964293.43472121
2024-02-14 11:00:00+00:00,2964255.20070848
2024-02-14 12:00:00+00:00,2964096.53649406
2024-02-14 13:00:00+00:00,2964013.25742864
2024-02-14 14:00:00+00:00,2962672.52295913
2024-02-14 15:00:00+00:00,2963467.05471776
2024-02-14 16:00:00+00:00,2963585.23561521
2024-02-14 17:00:00+00:00,2965770.20846064
2024-02-14 18:00:00+00:00,2967325.1506812
2024-02-14 19:00:00+00:00,2961833.96918287
2024-02-14 20:00:00+00:00,2970860.21281474
2024-02-14 21:00:00+00:00,2976360.50632191
2024-02-14 22:00:00+00:00,2992109.4347457
2024-02-14 23:00:00+00:00,2998926.32530672
2024-02-15 00:00:00+00:00,2997847.52958593
2024-02-15 01:00:00+00:00,2995584.73204679
2024-02-15 02:00:00+00:00,2996553.36801498
2024-02-15 03:00:00+00:00,2996748.33316098
2024-02-15 04:00:00+00:00,2996964.3454141
2024-02-15 05:00:00+00:00,2997171.82569658
2024-02-15 06:00:00+00:00,2999353.4395986903
2024-02-15 07:00:00+00:00,2991796.6737920702
2024-02-15 08:00:00+00:00,2990797.97074613
2024-02-15 09:00:00+00:00,2991589.8298592702
2024-02-15 10:00:00+00:00,2991422.55389992
2024-02-15 11:00:00+00:00,2991063.55770564
2024-02-15 12:00:00+00:00,2990951.05691371
2024-02-15 13:00:00+00:00,2989794.5941120703
2024-02-15 14:00:00+00:00,2987900.6250144
2024-02-15 15:00:00+00:00,2989265.5889929
2024-02-15 16:00:00+00:00,3000275.05291079
2024-02-15 17:00:00+00:00,3000277.59218405
2024-02-15 18:00:00+00:00,3002337.7618293
2024-02-15 19:00:00+00:00,2995837.33114206
2024-02-15 20:00:00+00:00,2997044.47092297
2024-02-15 21:00:00+00:00,2997968.09163769
2024-02-15 22:00:00+00:00,3000849.87272642
2024-02-15 23:00:00+00:00,3002369.16270154
2024-02-16 00:00:00+00:00,3002186.34802793
2024-02-16 01:00:00+00:00,3002342.55066672
2024-02-16 02:00:00+00:00,3001947.10207066
2024-02-16 03:00:00+00:00,3003735.35503749
2024-02-16 04:00:00+00:00,3003861.43491048
2024-02-16 05:00:00+00:00,3003753.60671024
2024-02-16 06:00:00+00:00,3003643.32466825
2024-02-16 07:00:00+00:00,2993701.70228002
2024-02-16 08:00:00+00:00,2993975.84167988
2024-02-16 09:00:00+00:00,2993863.01067059
2024-02-16 10:00:00+00:00,2993898.9302538
2024-02-16 11:00:00+00:00,2994173.2952259
2024-02-16 12:00:00+00:00,2994104.54258459
2024-02-16 13:00:00+00:00,2994344.93356821
2024-02-16 14:00:00+00:00,2991116.98115907
2024-02-16 15:00:00+00:00,2992298.05797273
2024-02-16 16:00:00+00:00,2992290.61064188
2024-02-16 17:00:00+00:00,2990843.4920140603
2024-02-16 18:00:00+00:00,2992383.62221192
2024-02-16 19:00:00+00:00,2989983.63273353
2024-02-16 20:00:00+00:00,2992120.49379413
2024-02-16 21:00:00+00:00,2990344.70523202
2024-02-16 22:00:00+00:00,2992507.58581552
2024-02-16 23:00:00+00:00,2993778.68213679
2024-02-17 00:00:00+00:00,2995067.80501331
2024-02-17 01:00:00+00:00,2998417.25952656
2024-02-17 02:00:00+00:00,3000000.41503741
2024-02-17 03:00:00+00:00,3000049.86482319
2024-02-17 04:00:00+00:00,3000045.58668715
2024-02-17 05:00:00+00:00,3000161.14052262
2024-02-17 06:00:00+00:00,2999853.4675725102
2024-02-17 07:00:00+00:00,2999421.57987473
2024-02-17 08:00:00+00:00,2999760.4093007
2024-02-17 09:00:00+00:00,3000624.2160235
2024-02-17 10:00:00+00:00,3000668.8467841703
2024-02-17 11:00:00+00:00,3000680.42913939
2024-02-17 12:00:00+00:00,3000809.8984415103
2024-02-17 13:00:00+00:00,3000854.00300035
2024-02-17 14:00:00+00:00,3000907.1586221103
2024-02-17 15:00:00+00:00,3001024.2965626903
2024-02-17 16:00:00+00:00,3001074.91022648
2024-02-17 17:00:00+00:00,3001242.31888373
2024-02-17 18:00:00+00:00,3001717.35980649
2024-02-17 19:00:00+00:00,3001729.2369527
2024-02-17 20:00:00+00:00,3001708.59729558
2024-02-17 21:00:00+00:00,3001760.56486642
2024-02-17 22:00:00+00:00,3001938.96724763
2024-02-17 23:00:00+00:00,3001964.68871905
2024-02-18 00:00:00+00:00,3002048.47500542
2024-02-18 01:00:00+00:00,3002445.52082961
2024-02-18 02:00:00+00:00,3002159.1669842
2024-02-18 03:00:00+00:00,3002344.42966653
2024-02-18 04:00:00+00:00,3002270.18443703
2024-02-18 05:00:00+00:00,3002338.49682895
2024-02-18 06:00:00+00:00,3002364.19646378
2024-02-18 07:00:00+00:00,3003421.57225135
2024-02-18 08:00:00+00:00,3003432.48959873
2024-02-18 09:00:00+00:00,3003206.24203051
2024-02-18 10:00:00+00:00,3003286.99671767
2024-02-18 11:00:00+00:00,3002961.84906564
2024-02-18 12:00:00+00:00,3003108.39791505
2024-02-18 13:00:00+00:00,3003109.41803517
2024-02-18 14:00:00+00:00,3003139.22977706
2024-02-18 15:00:00+00:00,3003089.53068893
2024-02-18 16:00:00+00:00,3003135.20874252
2024-02-18 17:00:00+00:00,3003168.41925612
2024-02-18 18:00:00+00:00,3002738.23129951
2024-02-18 19:00:00+00:00,3002798.46398672
2024-02-18 20:00:00+00:00,3002895.71178197
2024-02-18 21:00:00+00:00,3002983.16598076
2024-02-18 22:00:00+00:00,3003076.01097736
2024-02-18 23:00:00+00:00,3003137.76544776
2024-02-19 00:00:00+00:00,3002197.43132471
2024-02-19 01:00:00+00:00,3001994.5464706
2024-02-19 02:00:00+00:00,3001711.1998024
2024-02-19 03:00:00+00:00,3000179.66859696
2024-02-19 04:00:00+00:00,3001616.66624916
2024-02-19 05:00:00+00:00,3002099.26006086
2024-02-19 06:00:00+00:00,3002192.81584904
2024-02-19 07:00:00+00:00,3001946.40141534
2024-02-19 08:00:00+00:00,3002057.56318123
2024-02-19 09:00:00+00:00,3001830.7035805
2024-02-19 10:00:00+00:00,3000503.5173275
2024-02-19 11:00:00+00:00,3000542.92334266
2024-02-19 12:00:00+00:00,3000433.4188194303
2024-02-19 13:00:00+00:00,3000624.39701493
2024-02-19 14:00:00+00:00,2999568.86696256
2024-02-19 15:00:00+00:00,2999611.77339346
2024-02-19 16:00:00+00:00,2996719.87099795
2024-02-19 17:00:00+00:00,2996744.35149958
2024-02-19 18:00:00+00:00,2997209.7073535803
2024-02-19 19:00:00+00:00,2997255.91245563
2024-02-19 20:00:00+00:00,2997413.15946867
2024-02-19 21:00:00+00:00,2997423.88329807
2024-02-19 22:00:00+00:00,3000036.0351040303
2024-02-19 23:00:00+00:00,3000070.79810785
2024-02-20 00:00:00+00:00,3001105.73206564
2024-02-20 01:00:00+00:00,2999375.76919121
2024-02-20 02:00:00+00:00,2999207.92286435
2024-02-20 03:00:00+00:00,2999318.4462362
2024-02-20 04:00:00+00:00,2999447.69404847
2024-02-20 05:00:00+00:00,2999329.37525236
2024-02-20 06:00:00+00:00,3000157.67720028
2024-02-20 07:00:00+00:00,3000195.81591558
2024-02-20 08:00:00+00:00,3000550.14637976
2024-02-20 09:00:00+00:00,3000346.50532435
2024-02-20 10:00:00+00:00,2999113.95030899
2024-02-20 11:00:00+00:00,2995308.2583048
2024-02-20 12:00:00+00:00,2995448.747822
2024-02-20 13:00:00+00:00,2993099.91239338
2024-02-20 14:00:00+00:00,2988747.87163633
2024-02-20 15:00:00+00:00,2997020.0382678
2024-02-20 16:00:00+00:00,2997906.58667619
2024-02-20 17:00:00+00:00,3002034.86405202
2024-02-20 18:00:00+00:00,2993111.38495825
2024-02-20 19:00:00+00:00,2996317.03371975
2024-02-20 20:00:00+00:00,2996134.59918591
2024-02-20 21:00:00+00:00,2996678.7503795
2024-02-20 22:00:00+00:00,2998960.14426171
2024-02-20 23:00:00+00:00,2998902.23359221
2024-02-21 00:00:00+00:00,2998934.83193542
2024-02-21 01:00:00+00:00,3000084.40295138
2024-02-21 02:00:00+00:00,3000466.80411406
2024-02-21 03:00:00+00:00,3000628.97731584
2024-02-21 04:00:00+00:00,3000899.3164265
2024-02-21 05:00:00+00:00,3001809.5053909
2024-02-21 06:00:00+00:00,3001809.5053909
2024-02-21 07:00:00+00:00,3001574.52196764
2024-02-21 08:00:00+00:00,3002805.61935391
2024-02-21 09:00:00+00:00,3002773.14273547
2024-02-21 10:00:00+00:00,3002824.12879384
2024-02-21 11:00:00+00:00,3002573.86210004
2024-02-21 12:00:00+00:00,3002639.51460198
2024-02-21 13:00:00+00:00,3002518.8736639502
2024-02-21 14:00:00+00:00,3002087.94470482
2024-02-21 15:00:00+00:00,3000132.37547297
2024-02-21 16:00:00+00:00,3000351.53774541
2024-02-21 17:00:00+00:00,2996577.39099997
2024-02-21 18:00:00+00:00,2993534.14198999
2024-02-21 19:00:00+00:00,2992595.2079564403
2024-02-21 20:00:00+00:00,2992332.74855554
2024-02-21 21:00:00+00:00,2992036.97697998
2024-02-21 22:00:00+00:00,2994638.08500433
2024-02-21 23:00:00+00:00,2993555.78549415
2024-02-22 00:00:00+00:00,2994536.73235766
2024-02-22 01:00:00+00:00,2994563.33443574
2024-02-22 02:00:00+00:00,2994624.94260829
2024-02-22 03:00:00+00:00,2994876.88104307
2024-02-22 04:00:00+00:00,2994790.78563347
2024-02-22 05:00:00+00:00,2993298.08096292
2024-02-22 06:00:00+00:00,2994077.53427034
2024-02-22 07:00:00+00:00,2993260.33769686
2024-02-22 08:00:00+00:00,2993280.9452312
2024-02-22 09:00:00+00:00,2993260.09885735
2024-02-22 10:00:00+00:00,2993482.4589673
2024-02-22 11:00:00+00:00,2993657.1287935
2024-02-22 12:00:00+00:00,2993751.27060328
2024-02-22 13:00:00+00:00,2993781.06343102
2024-02-22 14:00:00+00:00,2990801.13485067
2024-02-22 15:00:00+00:00,2991430.68975836
2024-02-22 16:00:00+00:00,2995774.74990611
2024-02-22 17:00:00+00:00,2994515.90289028
2024-02-22 18:00:00+00:00,2994410.89315063
2024-02-22 19:00:00+00:00,3000176.65889424
2024-02-22 20:00:00+00:00,3007000.93474356
2024-02-22 21:00:00+00:00,3008633.21497613
2024-02-22 22:00:00+00:00,3006447.26037691
2024-02-22 23:00:00+00:00,3009132.91495099
2024-02-23 00:00:00+00:00,3011740.18094027
2024-02-23 01:00:00+00:00,3011708.00923108
2024-02-23 02:00:00+00:00,3012932.55877124
2024-02-23 03:00:00+00:00,3011788.38191213
2024-02-23 04:00:00+00:00,3011458.647276
2024-02-23 05:00:00+00:00,3011502.60727115
2024-02-23 06:00:00+00:00,3011389.46531992
2024-02-23 07:00:00+00:00,3011389.63223539
2024-02-23 08:00:00+00:00,3011556.2223341702
2024-02-23 09:00:00+00:00,3012349.5359158
2024-02-23 10:00:00+00:00,3011493.2874200903
2024-02-23 11:00:00+00:00,3011483.2829028303
2024-02-23 12:00:00+00:00,3011534.78127888
2024-02-23 13:00:00+00:00,3011314.91276933
2024-02-23 14:00:00+00:00,3008292.6769926
2024-02-23 15:00:00+00:00,3008469.1497938703
2024-02-23 16:00:00+00:00,3006845.44363117
2024-02-23 17:00:00+00:00,3001007.1708179303
2024-02-23 18:00:00+00:00,3001827.86724366
2024-02-23 19:00:00+00:00,3003767.7271634103
2024-02-23 20:00:00+00:00,3002964.92961531
2024-02-23 21:00:00+00:00,3003215.8337325603
2024-02-23 22:00:00+00:00,3001703.62062559
2024-02-23 23:00:00+00:00,3004199.76358154
2024-02-24 00:00:00+00:00,3004222.33722868
2024-02-24 01:00:00+00:00,3006397.7707359903
2024-02-24 02:00:00+00:00,3006372.16701396
2024-02-24 03:00:00+00:00,3006380.53176081
2024-02-24 04:00:00+00:00,3006413.44139969
2024-02-24 05:00:00+00:00,3006394.57685136
2024-02-24 06:00:00+00:00,3006488.66176865
2024-02-24 07:00:00+00:00,3006667.58355376
2024-02-24 08:00:00+00:00,3006666.9614386302
2024-02-24 09:00:00+00:00,3006694.37305979
2024-02-24 10:00:00+00:00,3006639.46374294
2024-02-24 11:00:00+00:00,3006642.78232804
2024-02-24 12:00:00+00:00,3007048.0829001903
2024-02-24 13:00:00+00:00,3007070.72859904
2024-02-24 14:00:00+00:00,3007114.90372809
2024-02-24 15:00:00+00:00,3009021.49384403
2024-02-24 16:00:00+00:00,3009044.9875242403
2024-02-24 17:00:00+00:00,3009067.90620085
2024-02-24 18:00:00+00:00,3010019.9386969
2024-02-24 19:00:00+00:00,3009985.41401532
2024-02-24 20:00:00+00:00,3009099.6166035
2024-02-24 21:00:00+00:00,3009262.47243584
2024-02-24 22:00:00+00:00,3009321.65107702
2024-02-24 23:00:00+00:00,3009319.3018344003
2024-02-25 00:00:00+00:00,3009350.01837928
2024-02-25 01:00:00+00:00,3009354.57169044
2024-02-25 02:00:00+00:00,3009385.45538452
2024-02-25 03:00:00+00:00,3009406.38708747
2024-02-25 04:00:00+00:00,3008326.46409498
2024-02-25 05:00:00+00:00,3008315.79854669
2024-02-25 06:00:00+00:00,3008350.14434802
2024-02-25 07:00:00+00:00,3008368.6961981603
2024-02-25 08:00:00+00:00,3008425.21986145
2024-02-25 09:00:00+00:00,3008341.95313559
2024-02-25 10:00:00+00:00,3008749.63542752
2024-02-25 11:00:00+00:00,3008755.48835764
2024-02-25 12:00:00+00:00,3008786.5039470103
2024-02-25 13:00:00+00:00,3008820.69042229
2024-02-25 14:00:00+00:00,3008880.33294394
2024-02-25 15:00:00+00:00,3008907.76846046
2024-02-25 16:00:00+00:00,3008922.95484486
2024-02-25 17:00:00+00:00,3009042.42595246
2024-02-25 18:00:00+00:00,3009074.02338858
2024-02-25 19:00:00+00:00,3009044.42956979
2024-02-25 20:00:00+00:00,3009148.3050835603
2024-02-25 21:00:00+00:00,3009186.45372917
2024-02-25 22:00:00+00:00,3009353.6446959903
2024-02-25 23:00:00+00:00,3009379.27642765
2024-02-26 00:00:00+00:00,3009403.94177093
2024-02-26 01:00:00+00:00,3009219.54337571
2024-02-26 02:00:00+00:00,3008288.42864805
2024-02-26 03:00:00+00:00,3008903.35999474
2024-02-26 04:00:00+00:00,3008729.83384848
2024-02-26 05:00:00+00:00,3008749.88522884
2024-02-26 06:00:00+00:00,3008547.87153775
2024-02-26 07:00:00+00:00,3008603.8642261
2024-02-26 08:00:00+00:00,3008816.72904514
2024-02-26 09:00:00+00:00,3007308.45566173
2024-02-26 10:00:00+00:00,3007037.8692225902
2024-02-26 11:00:00+00:00,3008083.8774142503
2024-02-26 12:00:00+00:00,3006170.60459554
2024-02-26 13:00:00+00:00,3005179.86643854
2024-02-26 14:00:00+00:00,3004424.57815006
2024-02-26 15:00:00+00:00,3004802.40387234
2024-02-26 16:00:00+00:00,3004856.02618128
2024-02-26 17:00:00+00:00,3000112.13119131
2024-02-26 18:00:00+00:00,3000493.6153404
2024-02-26 19:00:00+00:00,3002397.1075525
2024-02-26 20:00:00+00:00,3002894.80429565
2024-02-26 21:00:00+00:00,3002966.19219165
2024-02-26 22:00:00+00:00,3005719.11629503
2024-02-26 23:00:00+00:00,3011291.79554698
2024-02-27 00:00:00+00:00,3015248.07364661
2024-02-27 01:00:00+00:00,3016401.68550743
2024-02-27 02:00:00+00:00,3015474.08127654
2024-02-27 03:00:00+00:00,3015616.26531102
2024-02-27 04:00:00+00:00,3016020.81423615
2024-02-27 05:00:00+00:00,3015621.39916008
2024-02-27 06:00:00+00:00,3018313.43709166
2024-02-27 07:00:00+00:00,3018310.9896598803
2024-02-27 08:00:00+00:00,3019418.16689625
2024-02-27 09:00:00+00:00,3020363.17065761
2024-02-27 10:00:00+00:00,3020634.55976764
2024-02-27 11:00:00+00:00,3020431.53885484
2024-02-27 12:00:00+00:00,3021397.54409782
2024-02-27 13:00:00+00:00,3020436.30146414
2024-02-27 14:00:00+00:00,3011778.53223232
2024-02-27 15:00:00+00:00,3007121.7520771
2024-02-27 16:00:00+00:00,3006548.0915725
2024-02-27 17:00:00+00:00,3006437.48601283
2024-02-27 18:00:00+00:00,3004669.28457595
2024-02-27 19:00:00+00:00,3006386.1968340003
2024-02-27 20:00:00+00:00,3006346.12990646
2024-02-27 21:00:00+00:00,3006532.52490351
2024-02-27 22:00:00+00:00,3010261.41230111
2024-02-27 23:00:00+00:00,3012333.94015993
2024-02-28 00:00:00+00:00,3018791.39475471
2024-02-28 01:00:00+00:00,3019842.32654774
2024-02-28 02:00:00+00:00,3019672.49701737
2024-02-28 03:00:00+00:00,3019731.09231669
2024-02-28 04:00:00+00:00,3019784.21426584
2024-02-28 05:00:00+00:00,3018669.65076286
2024-02-28 06:00:00+00:00,3018564.85028067
2024-02-28 07:00:00+00:00,3018955.01557049
2024-02-28 08:00:00+00:00,3018922.34482793
2024-02-28 09:00:00+00:00,3019376.09342723
2024-02-28 10:00:00+00:00,3033056.14965914
2024-02-28 11:00:00+00:00,3032956.15046265
2024-02-28 12:00:00+00:00,3033060.56228612
2024-02-28 13:00:00+00:00,3032972.3591606203
2024-02-28 14:00:00+00:00,3032732.83425589
2024-02-28 15:00:00+00:00,3032644.50641738
2024-02-28 16:00:00+00:00,3027781.33333791
2024-02-28 17:00:00+00:00,3031977.08768344
2024-02-28 18:00:00+00:00,3031818.5617687
2024-02-28 19:00:00+00:00,3028548.5065193702
2024-02-28 20:00:00+00:00,3029129.72502442
2024-02-28 21:00:00+00:00,3030114.5540689803
2024-02-28 22:00:00+00:00,3028295.14067769
2024-02-28 23:00:00+00:00,3031555.40785788
2024-02-29 00:00:00+00:00,3032520.7342336
2024-02-29 01:00:00+00:00,3034868.61243074
2024-02-29 02:00:00+00:00,3035061.13211518
2024-02-29 03:00:00+00:00,3033705.89609979
2024-02-29 04:00:00+00:00,3032737.00141662
2024-02-29 05:00:00+00:00,3033146.85970234
2024-02-29 06:00:00+00:00,3031892.33260483
2024-02-29 07:00:00+00:00,3033162.54930116
2024-02-29 08:00:00+00:00,3032932.81271565
2024-02-29 09:00:00+00:00,3031354.32630033
2024-02-29 10:00:00+00:00,3030920.10875083
2024-02-29 11:00:00+00:00,3028118.30514823
2024-02-29 12:00:00+00:00,3027916.12297493
2024-02-29 13:00:00+00:00,3027853.96420389
2024-02-29 14:00:00+00:00,3027583.56676807
2024-02-29 15:00:00+00:00,3024373.6612127703
2024-02-29 16:00:00+00:00,3027240.2372327
2024-02-29 17:00:00+00:00,3031778.48000926
2024-02-29 18:00:00+00:00,3033282.19689371
2024-02-29 19:00:00+00:00,3033203.95352686
2024-02-29 20:00:00+00:00,3031630.68161119
2024-02-29 21:00:00+00:00,3033966.92194505
2024-02-29 22:00:00+00:00,3038110.4452786
2024-02-29 23:00:00+00:00,3038086.25377976
2024-03-01 00:00:00+00:00,3040022.48484017
2024-03-01 01:00:00+00:00,3041214.44782266
2024-03-01 02:00:00+00:00,3038926.20223276
2024-03-01 03:00:00+00:00,3041067.74198589
2024-03-01 04:00:00+00:00,3040677.60068119
2024-03-01 05:00:00+00:00,3041490.30234093
2024-03-01 06:00:00+00:00,3038467.34919235
2024-03-01 07:00:00+00:00,3038359.30104981
2024-03-01 08:00:00+00:00,3038715.18673695
2024-03-01 09:00:00+00:00,3039642.10460171
2024-03-01 10:00:00+00:00,3039905.86939415
2024-03-01 11:00:00+00:00,3039922.1555927303
2024-03-01 12:00:00+00:00,3040269.7282241
2024-03-01 13:00:00+00:00,3040001.51709457
2024-03-01 14:00:00+00:00,3044081.66153127
2024-03-01 15:00:00+00:00,3047763.97745536
2024-03-01 16:00:00+00:00,3047937.7292674
2024-03-01 17:00:00+00:00,3049497.03258579
2024-03-01 18:00:00+00:00,3049427.31287207
2024-03-01 19:00:00+00:00,3037876.19302906
2024-03-01 20:00:00+00:00,3037829.7122020503
2024-03-01 21:00:00+00:00,3039358.74191164
2024-03-01 22:00:00+00:00,3041664.44982412
2024-03-01 23:00:00+00:00,3042029.80662618
2024-03-02 00:00:00+00:00,3042100.14389001
2024-03-02 01:00:00+00:00,3042114.9651978803
2024-03-02 02:00:00+00:00,3041054.8312090603
2024-03-02 03:00:00+00:00,3041262.71245632
2024-03-02 04:00:00+00:00,3041336.6626775
2024-03-02 05:00:00+00:00,3042197.89509049
2024-03-02 06:00:00+00:00,3042193.07221295
2024-03-02 07:00:00+00:00,3042212.7835333003
2024-03-02 08:00:00+00:00,3042228.5346553503
2024-03-02 09:00:00+00:00,3041322.0398498
2024-03-02 10:00:00+00:00,3041454.85022018
2024-03-02 11:00:00+00:00,3040834.23418912
2024-03-02 12:00:00+00:00,3040983.8886169
2024-03-02 13:00:00+00:00,3040945.37263186
2024-03-02 14:00:00+00:00,3041046.79442834
2024-03-02 15:00:00+00:00,3041285.94511039
2024-03-02 16:00:00+00:00,3041919.31506189
2024-03-02 17:00:00+00:00,3043073.59597066
2024-03-02 18:00:00+00:00,3043129.49252694
2024-03-02 19:00:00+00:00,3043157.8191630603
2024-03-02 20:00:00+00:00,3044078.8344075102
2024-03-02 21:00:00+00:00,3044098.07213997
2024-03-02 22:00:00+00:00,3044131.42096519
2024-03-02 23:00:00+00:00,3044507.32403551
2024-03-03 00:00:00+00:00,3044869.27171072
2024-03-03 01:00:00+00:00,3044761.1653270302
2024-03-03 02:00:00+00:00,3044793.20525697
2024-03-03 03:00:00+00:00,3045112.32461115
2024-03-03 04:00:00+00:00,3045977.38815905
2024-03-03 05:00:00+00:00,3045959.80498275
2024-03-03 06:00:00+00:00,3045995.9100809703
2024-03-03 07:00:00+00:00,3046010.64744411
2024-03-03 08:00:00+00:00,3046130.7964172303
2024-03-03 09:00:00+00:00,3046011.71615291
2024-03-03 10:00:00+00:00,3046091.71951598
2024-03-03 11:00:00+00:00,3047600.29700305
2024-03-03 12:00:00+00:00,3047548.87751175
2024-03-03 13:00:00+00:00,3047584.06046065
2024-03-03 14:00:00+00:00,3047659.899349
2024-03-03 15:00:00+00:00,3047695.66085439
2024-03-03 16:00:00+00:00,3047690.42955049
2024-03-03 17:00:00+00:00,3046217.94457947
2024-03-03 18:00:00+00:00,3046287.4966221303
2024-03-03 19:00:00+00:00,3046341.96304494
2024-03-03 20:00:00+00:00,3046325.52309806
2024-03-03 21:00:00+00:00,3046345.66826515
2024-03-03 22:00:00+00:00,3046342.55772424
2024-03-03 23:00:00+00:00,3046364.1359842
2024-03-04 00:00:00+00:00,3046359.00744801
2024-03-04 01:00:00+00:00,3047250.05574168
2024-03-04 02:00:00+00:00,3046939.90756378
2024-03-04 03:00:00+00:00,3047046.50317988
2024-03-04 04:00:00+00:00,3046942.02279888
2024-03-04 05:00:00+00:00,3047164.70483888
2024-03-04 06:00:00+00:00,3046859.13001402
2024-03-04 07:00:00+00:00,3044882.07349481
2024-03-04 08:00:00+00:00,3034729.07475801
2024-03-04 09:00:00+00:00,3033510.2242695303
2024-03-04 10:00:00+00:00,3033805.5301219
2024-03-04 11:00:00+00:00,3033833.8905695803
2024-03-04 12:00:00+00:00,3035732.0011413503
2024-03-04 13:00:00+00:00,3035769.6194195
2024-03-04 14:00:00+00:00,3033306.93867276
2024-03-04 15:00:00+00:00,3028539.57214109
2024-03-04 16:00:00+00:00,3031934.3299964
2024-03-04 17:00:00+00:00,3031783.04357218
2024-03-04 18:00:00+00:00,3030731.84086434
2024-03-04 19:00:00+00:00,3031954.48814659
2024-03-04 20:00:00+00:00,3034845.61522641
2024-03-04 21:00:00+00:00,3037419.628411
2024-03-04 22:00:00+00:00,3037473.23790875
2024-03-04 23:00:00+00:00,3039496.5347605
2024-03-05 00:00:00+00:00,3039363.91824897
2024-03-05 01:00:00+00:00,3040721.9902330902
2024-03-05 02:00:00+00:00,3040806.72618009
2024-03-05 03:00:00+00:00,3040870.67345152
2024-03-05 04:00:00+00:00,3039469.30982151
2024-03-05 05:00:00+00:00,3039543.23511369
2024-03-05 06:00:00+00:00,3038684.28050713
2024-03-05 07:00:00+00:00,3038249.64521516
2024-03-05 08:00:00+00:00,3038198.9180966
2024-03-05 09:00:00+00:00,3037104.37973781
2024-03-05 10:00:00+00:00,3036069.8637332
2024-03-05 11:00:00+00:00,3037402.03343657
2024-03-05 12:00:00+00:00,3038152.69203599
2024-03-05 13:00:00+00:00,3038368.22586422
2024-03-05 14:00:00+00:00,3034595.7470133
2024-03-05 15:00:00+00:00,3042283.40068745
2024-03-05 16:00:00+00:00,3045053.26926874
2024-03-05 17:00:00+00:00,3045053.42850174
2024-03-05 18:00:00+00:00,3042788.966498
2024-03-05 19:00:00+00:00,3040782.02897865
2024-03-05 20:00:00+00:00,3048908.23231319
2024-03-05 21:00:00+00:00,3056704.17105172
2024-03-05 22:00:00+00:00,3067197.25720125
2024-03-05 23:00:00+00:00,3088146.69865661
2024-03-06 00:00:00+00:00,3087339.66442706
2024-03-06 01:00:00+00:00,3085245.52506263
2024-03-06 02:00:00+00:00,3089155.34831965
2024-03-06 03:00:00+00:00,3089174.06627701
2024-03-06 04:00:00+00:00,3088255.04134105
2024-03-06 05:00:00+00:00,3088237.34390297
2024-03-06 06:00:00+00:00,3088342.85359638
2024-03-06 07:00:00+00:00,3088347.1281081103
2024-03-06 08:00:00+00:00,3090645.60325682
2024-03-06 09:00:00+00:00,3089657.4077576
2024-03-06 10:00:00+00:00,3090209.73592078
2024-03-06 11:00:00+00:00,3090929.77426539
2024-03-06 12:00:00+00:00,3090938.70740456
2024-03-06 13:00:00+00:00,3089259.33203193
2024-03-06 14:00:00+00:00,3085867.5782573503
2024-03-06 15:00:00+00:00,3083560.49249541
2024-03-06 16:00:00+00:00,3085739.92430442
2024-03-06 17:00:00+00:00,3078825.4593714
2024-03-06 18:00:00+00:00,3085527.3238939
2024-03-06 19:00:00+00:00,3087438.2232573703
2024-03-06 20:00:00+00:00,3086362.64773684
2024-03-06 21:00:00+00:00,3075545.0937849903
2024-03-06 22:00:00+00:00,3080176.95974301
2024-03-06 23:00:00+00:00,3080918.56090288
2024-03-07 00:00:00+00:00,3079870.69703351
2024-03-07 01:00:00+00:00,3079701.00709328
2024-03-07 02:00:00+00:00,3079754.6243027
2024-03-07 03:00:00+00:00,3079549.73111353
2024-03-07 04:00:00+00:00,3079326.07121179
2024-03-07 05:00:00+00:00,3079433.07736891
2024-03-07 06:00:00+00:00,3078363.2551992
2024-03-07 07:00:00+00:00,3078367.95162615
2024-03-07 08:00:00+00:00,3077626.77941292
2024-03-07 09:00:00+00:00,3078285.78500757
2024-03-07 10:00:00+00:00,3078804.24075835
2024-03-07 11:00:00+00:00,3079065.73652913
2024-03-07 12:00:00+00:00,3079773.84837484
2024-03-07 13:00:00+00:00,3079931.71630197
2024-03-07 14:00:00+00:00,3079166.38213866
2024-03-07 15:00:00+00:00,3081020.45281234
2024-03-07 16:00:00+00:00,3083134.51149858
2024-03-07 17:00:00+00:00,3083478.2323919903
2024-03-07 18:00:00+00:00,3080451.06756278
2024-03-07 19:00:00+00:00,3072552.52612028
2024-03-07 20:00:00+00:00,3074336.37539612
2024-03-07 21:00:00+00:00,3073918.59859571
2024-03-07 22:00:00+00:00,3076179.6582577103
2024-03-07 23:00:00+00:00,3073326.6619060403
2024-03-08 00:00:00+00:00,3073736.0694428
2024-03-08 01:00:00+00:00,3073727.9670574
2024-03-08 02:00:00+00:00,3073763.12641392
2024-03-08 03:00:00+00:00,3072654.1317518
2024-03-08 04:00:00+00:00,3072685.36048026
2024-03-08 05:00:00+00:00,3072674.22873897
2024-03-08 06:00:00+00:00,3073113.97633775
2024-03-08 07:00:00+00:00,3073129.6280359603
2024-03-08 08:00:00+00:00,3073613.51509085
2024-03-08 09:00:00+00:00,3073650.38866793
2024-03-08 10:00:00+00:00,3073502.92515866
2024-03-08 11:00:00+00:00,3073495.74250466
2024-03-08 12:00:00+00:00,3073289.58146918
2024-03-08 13:00:00+00:00,3072218.90617046
2024-03-08 14:00:00+00:00,3071009.24864931
2024-03-08 15:00:00+00:00,3069385.91990571
2024-03-08 16:00:00+00:00,3067748.85004788
2024-03-08 17:00:00+00:00,3064030.3964828
2024-03-08 18:00:00+00:00,3065509.85920228
2024-03-08 19:00:00+00:00,3063611.89061183
2024-03-08 20:00:00+00:00,3062998.19346294
2024-03-08 21:00:00+00:00,3069423.4724637
2024-03-08 22:00:00+00:00,3069324.75194852
2024-03-08 23:00:00+00:00,3074591.58315363
2024-03-09 00:00:00+00:00,3075710.8486745902
2024-03-09 01:00:00+00:00,3075763.20429209
2024-03-09 02:00:00+00:00,3075747.73984945
2024-03-09 03:00:00+00:00,3076682.1008984502
2024-03-09 04:00:00+00:00,3077828.10717666
2024-03-09 05:00:00+00:00,3077862.49904944
2024-03-09 06:00:00+00:00,3077531.35585059
2024-03-09 07:00:00+00:00,3078605.17237789
2024-03-09 08:00:00+00:00,3078677.804831
2024-03-09 09:00:00+00:00,3078462.17288063
2024-03-09 10:00:00+00:00,3078505.17112429
2024-03-09 11:00:00+00:00,3078587.1286942703
2024-03-09 12:00:00+00:00,3078676.63335411
2024-03-09 13:00:00+00:00,3078602.56955498
2024-03-09 14:00:00+00:00,3078663.6837614
2024-03-09 15:00:00+00:00,3076204.42106531
2024-03-09 16:00:00+00:00,3076238.48021719
2024-03-09 17:00:00+00:00,3076876.00082102
2024-03-09 18:00:00+00:00,3076411.09746839
2024-03-09 19:00:00+00:00,3077108.20097294
2024-03-09 20:00:00+00:00,3077112.5131318
2024-03-09 21:00:00+00:00,3077646.1574445
2024-03-09 22:00:00+00:00,3077690.4084369102
2024-03-09 23:00:00+00:00,3077631.09832241
2024-03-10 00:00:00+00:00,3076661.43208813
2024-03-10 01:00:00+00:00,3077340.8006197303
2024-03-10 02:00:00+00:00,3076778.8353018
2024-03-10 03:00:00+00:00,3076398.76816853
2024-03-10 04:00:00+00:00,3076554.35296942
2024-03-10 05:00:00+00:00,3076451.55689354
2024-03-10 06:00:00+00:00,3076089.62490578
2024-03-10 07:00:00+00:00,3076102.16763257
2024-03-10 08:00:00+00:00,3076099.2976173903
2024-03-10 09:00:00+00:00,3074193.8975465302
2024-03-10 10:00:00+00:00,3074297.49754572
2024-03-10 11:00:00+00:00,3074335.91195773
2024-03-10 12:00:00+00:00,3074377.33523299
2024-03-10 13:00:00+00:00,3074762.39261208
2024-03-10 14:00:00+00:00,3075404.46565679
2024-03-10 15:00:00+00:00,3075347.15688336
2024-03-10 16:00:00+00:00,3076394.92080284
2024-03-10 17:00:00+00:00,3076396.4569218103
2024-03-10 18:00:00+00:00,3077081.53476647
2024-03-10 19:00:00+00:00,3077116.20654868
2024-03-10 20:00:00+00:00,3077187.43570246
2024-03-10 21:00:00+00:00,3077300.37778734
2024-03-10 22:00:00+00:00,3076405.68492443
2024-03-10 23:00:00+00:00,3076506.86795734
2024-03-11 00:00:00+00:00,3075444.20033037
2024-03-11 01:00:00+00:00,3074568.77758093
2024-03-11 02:00:00+00:00,3075682.40008596
2024-03-11 03:00:00+00:00,3073664.2305687102
2024-03-11 04:00:00+00:00,3074539.95307052
2024-03-11 05:00:00+00:00,3073443.70677682
2024-03-11 06:00:00+00:00,3073520.71365625
2024-03-11 07:00:00+00:00,3074627.77531555
2024-03-11 08:00:00+00:00,3073204.11350882
2024-03-11 09:00:00+00:00,3072918.74004623
2024-03-11 10:00:00+00:00,3075484.89178938
2024-03-11 11:00:00+00:00,3072766.51445656
2024-03-11 12:00:00+00:00,3073657.9431355
2024-03-11 13:00:00+00:00,3071833.49124944
2024-03-11 14:00:00+00:00,3072699.9602258103
2024-03-11 15:00:00+00:00,3072846.59865586
2024-03-11 16:00:00+00:00,3072200.29547334
2024-03-11 17:00:00+00:00,3073214.51588579
2024-03-11 18:00:00+00:00,3076314.54135327
2024-03-11 19:00:00+00:00,3077399.5069066
2024-03-11 20:00:00+00:00,3073856.1983000003
2024-03-11 21:00:00+00:00,3068257.83551949
2024-03-11 22:00:00+00:00,3071191.93317495
2024-03-11 23:00:00+00:00,3071235.43770552
2024-03-12 00:00:00+00:00,3071279.95148863
2024-03-12 01:00:00+00:00,3071379.32929807
2024-03-12 02:00:00+00:00,3071809.0439963
2024-03-12 03:00:00+00:00,3070545.63282495
2024-03-12 04:00:00+00:00,3070468.20413029
2024-03-12 05:00:00+00:00,3070668.77633602
2024-03-12 06:00:00+00:00,3068849.73369201
2024-03-12 07:00:00+00:00,3068871.74554381
2024-03-12 08:00:00+00:00,3067559.64635412
2024-03-12 09:00:00+00:00,3067235.37555848
2024-03-12 10:00:00+00:00,3067166.04954049
2024-03-12 11:00:00+00:00,3067074.81467111
2024-03-12 12:00:00+00:00,3066744.63972903
2024-03-12 13:00:00+00:00,3061459.14486427
2024-03-12 14:00:00+00:00,3075309.0557569503
2024-03-12 15:00:00+00:00,3075832.16049138
2024-03-12 16:00:00+00:00,3062334.49666375
2024-03-12 17:00:00+00:00,3067069.6560373
2024-03-12 18:00:00+00:00,3063741.67595908
2024-03-12 19:00:00+00:00,3062738.72482246
2024-03-12 20:00:00+00:00,3065526.03161831
2024-03-12 21:00:00+00:00,3057493.05406889
2024-03-12 22:00:00+00:00,3058042.9683439103
2024-03-12 23:00:00+00:00,3059487.14519773
2024-03-13 00:00:00+00:00,3059745.76582003
2024-03-13 01:00:00+00:00,3060815.03203348
2024-03-13 02:00:00+00:00,3060969.44419746
2024-03-13 03:00:00+00:00,3061844.33507602
2024-03-13 04:00:00+00:00,3060821.69569647
2024-03-13 05:00:00+00:00,3060552.31639348
2024-03-13 06:00:00+00:00,3060698.21500727
2024-03-13 07:00:00+00:00,3060739.82353961
2024-03-13 08:00:00+00:00,3058963.500058
2024-03-13 09:00:00+00:00,3059992.0921763303
2024-03-13 10:00:00+00:00,3060398.03364109
2024-03-13 11:00:00+00:00,3062897.21908578
2024-03-13 12:00:00+00:00,3061406.22270285
2024-03-13 13:00:00+00:00,3060959.78085394
2024-03-13 14:00:00+00:00,3053000.9144766303
2024-03-13 15:00:00+00:00,3053528.96039305
2024-03-13 16:00:00+00:00,3053747.7856341302
2024-03-13 17:00:00+00:00,3052701.7048012703
2024-03-13 18:00:00+00:00,3054188.94837982
2024-03-13 19:00:00+00:00,3062448.70055651
2024-03-13 20:00:00+00:00,3065179.51855049
2024-03-13 21:00:00+00:00,3065855.20598317
2024-03-13 22:00:00+00:00,3065932.90560251
2024-03-13 23:00:00+00:00,3067404.84372454
2024-03-14 00:00:00+00:00,3067456.6463160003
2024-03-14 01:00:00+00:00,3067485.45442775
2024-03-14 02:00:00+00:00,3067514.64828717
2024-03-14 03:00:00+00:00,3067386.0808108803
2024-03-14 04:00:00+00:00,3067404.06406351
2024-03-14 05:00:00+00:00,3067050.30272038
2024-03-14 06:00:00+00:00,3068651.8479649
2024-03-14 07:00:00+00:00,3070203.18902964
2024-03-14 08:00:00+00:00,3070189.1817104
2024-03-14 09:00:00+00:00,3070734.43611514
2024-03-14 10:00:00+00:00,3071873.36924897
2024-03-14 11:00:00+00:00,3070437.63468184
2024-03-14 12:00:00+00:00,3070971.98211144
2024-03-14 13:00:00+00:00,3071994.23946708
2024-03-14 14:00:00+00:00,3071151.31121857
2024-03-14 15:00:00+00:00,3062108.60014764
2024-03-14 16:00:00+00:00,3063476.18533803
2024-03-14 17:00:00+00:00,3062172.8859182303
2024-03-14 18:00:00+00:00,3062621.08227136
2024-03-14 19:00:00+00:00,3063864.87180489
2024-03-14 20:00:00+00:00,3063215.94961089
2024-03-14 21:00:00+00:00,3067475.36300758
2024-03-14 22:00:00+00:00,3065516.10008291
2024-03-14 23:00:00+00:00,3065411.17687523
2024-03-15 00:00:00+00:00,3065385.29723936
2024-03-15 01:00:00+00:00,3065455.27306222
2024-03-15 02:00:00+00:00,3065165.6569079203
2024-03-15 03:00:00+00:00,3067766.3053184203
2024-03-15 04:00:00+00:00,3067216.61079503
2024-03-15 05:00:00+00:00,3068883.8357445803
2024-03-15 06:00:00+00:00,3066714.44181228
2024-03-15 07:00:00+00:00,3066758.68666361
2024-03-15 08:00:00+00:00,3065644.42815179
2024-03-15 09:00:00+00:00,3063479.92110974
2024-03-15 10:00:00+00:00,3064254.85944748
2024-03-15 11:00:00+00:00,3064107.57098609
2024-03-15 12:00:00+00:00,3064101.22176753
2024-03-15 13:00:00+00:00,3063542.60913632
2024-03-15 14:00:00+00:00,3069335.4856717
2024-03-15 15:00:00+00:00,3069082.74775186
2024-03-15 16:00:00+00:00,3066383.19656084
2024-03-15 17:00:00+00:00,3066389.21531494
2024-03-15 18:00:00+00:00,3067343.29020476
2024-03-15 19:00:00+00:00,3060060.05561691
2024-03-15 20:00:00+00:00,3062353.86528056
2024-03-15 21:00:00+00:00,3063865.2460613
2024-03-15 22:00:00+00:00,3064072.87470111
2024-03-15 23:00:00+00:00,3064219.13138393
2024-03-16 00:00:00+00:00,3063889.2293604403
2024-03-16 01:00:00+00:00,3064989.26040909
2024-03-16 02:00:00+00:00,3065043.53045709
2024-03-16 03:00:00+00:00,3065086.81100117
2024-03-16 04:00:00+00:00,3065018.09437048
2024-03-16 05:00:00+00:00,3065047.34451592
2024-03-16 06:00:00+00:00,3065057.09052755
2024-03-16 07:00:00+00:00,3063985.10274991
2024-03-16 08:00:00+00:00,3064040.76095667
2024-03-16 09:00:00+00:00,3066950.40463752
2024-03-16 10:00:00+00:00,3067258.1178226
2024-03-16 11:00:00+00:00,3067537.3525418
2024-03-16 12:00:00+00:00,3068530.41863274
2024-03-16 13:00:00+00:00,3068550.78300062
2024-03-16 14:00:00+00:00,3067846.34648861
2024-03-16 15:00:00+00:00,3068616.20163819
2024-03-16 16:00:00+00:00,3068612.0776089
2024-03-16 17:00:00+00:00,3068704.44205228
2024-03-16 18:00:00+00:00,3068283.54903871
2024-03-16 19:00:00+00:00,3069078.60063146
2024-03-16 20:00:00+00:00,3069055.01389945
2024-03-16 21:00:00+00:00,3069291.1909884
2024-03-16 22:00:00+00:00,3069341.75014449
2024-03-16 23:00:00+00:00,3068362.72642627
2024-03-17 00:00:00+00:00,3068565.21793052
2024-03-17 01:00:00+00:00,3068640.71186746
2024-03-17 02:00:00+00:00,3066971.40574768
2024-03-17 03:00:00+00:00,3066987.65210399
2024-03-17 04:00:00+00:00,3067030.6228129
2024-03-17 05:00:00+00:00,3066005.67359092
2024-03-17 06:00:00+00:00,3065680.09118103
2024-03-17 07:00:00+00:00,3065977.45246709
2024-03-17 08:00:00+00:00,3065964.24347762
2024-03-17 09:00:00+00:00,3065734.07643714
2024-03-17 10:00:00+00:00,3065734.09321702
2024-03-17 11:00:00+00:00,3066924.47826373
2024-03-17 12:00:00+00:00,3068855.99817438
2024-03-17 13:00:00+00:00,3070570.2840260803
2024-03-17 14:00:00+00:00,3070667.62045234
2024-03-17 15:00:00+00:00,3070683.49295364
2024-03-17 16:00:00+00:00,3070838.09632211
2024-03-17 17:00:00+00:00,3070885.69172918
2024-03-17 18:00:00+00:00,3070788.86343604
2024-03-17 19:00:00+00:00,3070812.28595819
2024-03-17 20:00:00+00:00,3070857.17749817
2024-03-17 21:00:00+00:00,3071002.55303495
2024-03-17 22:00:00+00:00,3071029.4746297
2024-03-17 23:00:00+00:00,3071130.11201571
2024-03-18 00:00:00+00:00,3072261.89224082
2024-03-18 01:00:00+00:00,3071086.53678608
2024-03-18 02:00:00+00:00,3071229.18861271
2024-03-18 03:00:00+00:00,3069572.09275748
2024-03-18 04:00:00+00:00,3069635.52892684
2024-03-18 05:00:00+00:00,3068682.77618987
2024-03-18 06:00:00+00:00,3068522.89235814
2024-03-18 07:00:00+00:00,3059676.38783201
2024-03-18 08:00:00+00:00,3059616.97578611
2024-03-18 09:00:00+00:00,3059405.06317536
2024-03-18 10:00:00+00:00,3060658.40032968
2024-03-18 11:00:00+00:00,3061624.39812838
2024-03-18 12:00:00+00:00,3062012.4666088
2024-03-18 13:00:00+00:00,3059991.53383272
2024-03-18 14:00:00+00:00,3066135.46367302
2024-03-18 15:00:00+00:00,3067267.2233014503
2024-03-18 16:00:00+00:00,3065899.66082951
2024-03-18 17:00:00+00:00,3062202.0415797
2024-03-18 18:00:00+00:00,3061428.8666315
2024-03-18 19:00:00+00:00,3063910.17951404
2024-03-18 20:00:00+00:00,3063894.50763144
2024-03-18 21:00:00+00:00,3065631.37457748
2024-03-18 22:00:00+00:00,3069393.23496653
2024-03-18 23:00:00+00:00,3073280.4924909403
2024-03-19 00:00:00+00:00,3073391.64096958
2024-03-19 01:00:00+00:00,3073217.82326437
2024-03-19 02:00:00+00:00,3073147.07421292
2024-03-19 03:00:00+00:00,3072862.1920935703
2024-03-19 04:00:00+00:00,3071979.71328188
2024-03-19 05:00:00+00:00,3071860.71773962
2024-03-19 06:00:00+00:00,3071907.73105632
2024-03-19 07:00:00+00:00,3071605.50899414
2024-03-19 08:00:00+00:00,3071691.2085668603
2024-03-19 09:00:00+00:00,3071713.64490082
2024-03-19 10:00:00+00:00,3071337.57012916
2024-03-19 11:00:00+00:00,3071031.08702581
2024-03-19 12:00:00+00:00,3070220.75389354
2024-03-19 13:00:00+00:00,3068235.56826029
2024-03-19 14:00:00+00:00,3067844.95438348
2024-03-19 15:00:00+00:00,3068183.59446368
2024-03-19 16:00:00+00:00,3059757.41022648
2024-03-19 17:00:00+00:00,3060381.43652367
2024-03-19 18:00:00+00:00,3061489.245609
2024-03-19 19:00:00+00:00,3065049.2922651
2024-03-19 20:00:00+00:00,3064212.1497747903
2024-03-19 21:00:00+00:00,3062659.4369003703
2024-03-19 22:00:00+00:00,3062659.1075679
2024-03-19 23:00:00+00:00,3057282.01836474
2024-03-20 00:00:00+00:00,3062487.69647893
2024-03-20 01:00:00+00:00,3063112.33077556
2024-03-20 02:00:00+00:00,3063332.63012601
2024-03-20 03:00:00+00:00,3063356.75967484
2024-03-20 04:00:00+00:00,3062365.88073522
2024-03-20 05:00:00+00:00,3062115.34012617
2024-03-20 06:00:00+00:00,3061789.0042963
2024-03-20 07:00:00+00:00,3061785.36059868
2024-03-20 08:00:00+00:00,3061767.26131976
2024-03-20 09:00:00+00:00,3061173.91080835
2024-03-20 10:00:00+00:00,3061634.5953183
2024-03-20 11:00:00+00:00,3062116.92189637
2024-03-20 12:00:00+00:00,3063271.59130155
2024-03-20 13:00:00+00:00,3061889.86458155
2024-03-20 14:00:00+00:00,3061595.47782998
2024-03-20 15:00:00+00:00,3061932.00020694
2024-03-20 16:00:00+00:00,3062269.23280494
2024-03-20 17:00:00+00:00,3061793.33470392
2024-03-20 18:00:00+00:00,3058884.72954053
2024-03-20 19:00:00+00:00,3060642.80945103
2024-03-20 20:00:00+00:00,3060019.16270943
2024-03-20 21:00:00+00:00,3059928.93683147
2024-03-20 22:00:00+00:00,3058998.8546449603
2024-03-20 23:00:00+00:00,3061289.64182388
2024-03-21 00:00:00+00:00,3059313.06561978
2024-03-21 01:00:00+00:00,3060576.1728571
2024-03-21 02:00:00+00:00,3060660.01944319
2024-03-21 03:00:00+00:00,3060618.60989143
2024-03-21 04:00:00+00:00,3060577.82310643
2024-03-21 05:00:00+00:00,3060361.10017672
2024-03-21 06:00:00+00:00,3060406.19741173
2024-03-21 07:00:00+00:00,3060174.5106341
2024-03-21 08:00:00+00:00,3060453.88076879
2024-03-21 09:00:00+00:00,3060067.88861863
2024-03-21 10:00:00+00:00,3059101.21154084
2024-03-21 11:00:00+00:00,3059729.44327218
2024-03-21 12:00:00+00:00,3060131.1869689003
2024-03-21 13:00:00+00:00,3058435.79139599
2024-03-21 14:00:00+00:00,3058228.17274791
2024-03-21 15:00:00+00:00,3056896.27596746
2024-03-21 16:00:00+00:00,3055201.16007507
2024-03-21 17:00:00+00:00,3053906.57343905
2024-03-21 18:00:00+00:00,3054404.1558181
2024-03-21 19:00:00+00:00,3053394.5272766403
2024-03-21 20:00:00+00:00,3050769.97905954
2024-03-21 21:00:00+00:00,3051352.16853417
2024-03-21 22:00:00+00:00,3055824.58728428
2024-03-21 23:00:00+00:00,3056751.6796600902
2024-03-22 00:00:00+00:00,3054669.8647664
2024-03-22 01:00:00+00:00,3054686.20941915
2024-03-22 02:00:00+00:00,3054680.7160195
2024-03-22 03:00:00+00:00,3054952.44589742
2024-03-22 04:00:00+00:00,3054626.73521929
2024-03-22 05:00:00+00:00,3055624.22495534
2024-03-22 06:00:00+00:00,3055693.14319346
2024-03-22 07:00:00+00:00,3056023.83402197
2024-03-22 08:00:00+00:00,3056022.65241107
2024-03-22 09:00:00+00:00,3057074.2713080603
2024-03-22 10:00:00+00:00,3051988.52888215
2024-03-22 11:00:00+00:00,3057799.52076893
2024-03-22 12:00:00+00:00,3058461.05250332
2024-03-22 13:00:00+00:00,3059565.92708263
2024-03-22 14:00:00+00:00,3056335.88339777
2024-03-22 15:00:00+00:00,3057455.05723676
2024-03-22 16:00:00+00:00,3058450.28677955
2024-03-22 17:00:00+00:00,3057916.17795721
2024-03-22 18:00:00+00:00,3055585.54407151
2024-03-22 19:00:00+00:00,3059175.87171095
2024-03-22 20:00:00+00:00,3060568.55015588
2024-03-22 21:00:00+00:00,3061787.42570862
2024-03-22 22:00:00+00:00,3060841.5682854
2024-03-22 23:00:00+00:00,3060778.40425325
2024-03-23 00:00:00+00:00,3051706.75307031
2024-03-23 01:00:00+00:00,3072969.58072617
2024-03-23 02:00:00+00:00,3076046.79458962
2024-03-23 03:00:00+00:00,3076310.26020859
2024-03-23 04:00:00+00:00,3076215.62467856
2024-03-23 05:00:00+00:00,3075340.45149147
2024-03-23 06:00:00+00:00,3075097.60677324
2024-03-23 07:00:00+00:00,3075108.84894313
2024-03-23 08:00:00+00:00,3074808.65418121
2024-03-23 09:00:00+00:00,3074717.5353253502
2024-03-23 10:00:00+00:00,3075810.31195813
2024-03-23 11:00:00+00:00,3075824.26549511
2024-03-23 12:00:00+00:00,3075957.95830429
2024-03-23 13:00:00+00:00,3077076.18147673
2024-03-23 14:00:00+00:00,3077001.8302012
2024-03-23 15:00:00+00:00,3075192.98195507
2024-03-23 16:00:00+00:00,3075276.8998918203
2024-03-23 17:00:00+00:00,3075344.35713446
2024-03-23 18:00:00+00:00,3075471.67494866
2024-03-23 19:00:00+00:00,3075638.38227392
2024-03-23 20:00:00+00:00,3076091.2021877803
2024-03-23 21:00:00+00:00,3076179.07696397
2024-03-23 22:00:00+00:00,3076258.49621012
2024-03-23 23:00:00+00:00,3076298.05780532
2024-03-24 00:00:00+00:00,3076243.6473702
2024-03-24 01:00:00+00:00,3076275.65720783
2024-03-24 02:00:00+00:00,3076368.49578195
2024-03-24 03:00:00+00:00,3076821.61318866
2024-03-24 04:00:00+00:00,3076938.25989385
2024-03-24 05:00:00+00:00,3076993.3588162703
2024-03-24 06:00:00+00:00,3077233.92703653
2024-03-24 07:00:00+00:00,3077304.85993349
2024-03-24 08:00:00+00:00,3076371.12084272
2024-03-24 09:00:00+00:00,3076170.52449113
2024-03-24 10:00:00+00:00,3076252.0389877
2024-03-24 11:00:00+00:00,3076371.45199973
2024-03-24 12:00:00+00:00,3076354.35851243
2024-03-24 13:00:00+00:00,3065597.14298386
2024-03-24 14:00:00+00:00,3065666.71002518
2024-03-24 15:00:00+00:00,3065744.51535495
2024-03-24 16:00:00+00:00,3065586.07147639
2024-03-24 17:00:00+00:00,3066668.44903891
2024-03-24 18:00:00+00:00,3066649.06572081
2024-03-24 19:00:00+00:00,3066694.20085117
2024-03-24 20:00:00+00:00,3066932.63255607
2024-03-24 21:00:00+00:00,3066972.30235836
2024-03-24 22:00:00+00:00,3067034.16998496
2024-03-24 23:00:00+00:00,3067054.70230589
2024-03-25 00:00:00+00:00,3067263.37544942
2024-03-25 01:00:00+00:00,3067191.11832027
2024-03-25 02:00:00+00:00,3069170.7573721902
2024-03-25 03:00:00+00:00,3069487.77871369
2024-03-25 04:00:00+00:00,3068977.8646767302
2024-03-25 05:00:00+00:00,3070048.40502893
2024-03-25 06:00:00+00:00,3070074.0720976503
2024-03-25 07:00:00+00:00,3070197.88235998
2024-03-25 08:00:00+00:00,3069589.36243835
2024-03-25 09:00:00+00:00,3069298.6175307003
2024-03-25 10:00:00+00:00,3067986.09574373
2024-03-25 11:00:00+00:00,3069435.81469967
2024-03-25 12:00:00+00:00,3067760.0346170003
2024-03-25 13:00:00+00:00,3067760.0346170003
2024-03-25 14:00:00+00:00,3066358.17078875
2024-03-25 15:00:00+00:00,3068522.46556119
2024-03-25 16:00:00+00:00,3068642.2223667703
2024-03-25 17:00:00+00:00,3064429.43921499
2024-03-25 18:00:00+00:00,3064086.87714906
2024-03-25 19:00:00+00:00,3066356.76818932
2024-03-25 20:00:00+00:00,3066913.52545731
2024-03-25 21:00:00+00:00,3066761.33895314
2024-03-25 22:00:00+00:00,3067905.8939755103
2024-03-25 23:00:00+00:00,3066599.34093133
2024-03-26 00:00:00+00:00,3067889.63866698
2024-03-26 01:00:00+00:00,3067868.2137441603
2024-03-26 02:00:00+00:00,3067455.06403061
2024-03-26 03:00:00+00:00,3067430.0728248702
2024-03-26 04:00:00+00:00,3067510.27389289
2024-03-26 05:00:00+00:00,3067414.70459883
2024-03-26 06:00:00+00:00,3067358.8167641
2024-03-26 07:00:00+00:00,3067314.89154458
2024-03-26 08:00:00+00:00,3067336.98587112
2024-03-26 09:00:00+00:00,3067480.12860471
2024-03-26 10:00:00+00:00,3068979.85995035
2024-03-26 11:00:00+00:00,3069218.38823426
2024-03-26 12:00:00+00:00,3069442.5939244903
2024-03-26 13:00:00+00:00,3067972.37909516
2024-03-26 14:00:00+00:00,3069986.51314995
2024-03-26 15:00:00+00:00,3071853.41396729
2024-03-26 16:00:00+00:00,3072319.72766994
2024-03-26 17:00:00+00:00,3070678.3249913203
2024-03-26 18:00:00+00:00,3071854.2180389003
2024-03-26 19:00:00+00:00,3069964.16060552
2024-03-26 20:00:00+00:00,3070156.16015976
2024-03-26 21:00:00+00:00,3062352.2199316
2024-03-26 22:00:00+00:00,3062569.03381665
2024-03-26 23:00:00+00:00,3063851.38308091
2024-03-27 00:00:00+00:00,3063903.68807979
2024-03-27 01:00:00+00:00,3063975.89577027
2024-03-27 02:00:00+00:00,3061669.29168389
2024-03-27 03:00:00+00:00,3061882.36023793
2024-03-27 04:00:00+00:00,3061941.42694708
2024-03-27 05:00:00+00:00,3062211.56307478
2024-03-27 06:00:00+00:00,3056025.10001706
2024-03-27 07:00:00+00:00,3059049.50722959
2024-03-27 08:00:00+00:00,3061733.78854613
2024-03-27 09:00:00+00:00,3061107.18795591
2024-03-27 10:00:00+00:00,3062763.1181474403
2024-03-27 11:00:00+00:00,3062777.48739236
2024-03-27 12:00:00+00:00,3063524.86501013
2024-03-27 13:00:00+00:00,3062180.68611974
2024-03-27 14:00:00+00:00,3061804.19028306
2024-03-27 15:00:00+00:00,3059519.18062821
2024-03-27 16:00:00+00:00,3054186.59995796
2024-03-27 17:00:00+00:00,3054669.96501224
2024-03-27 18:00:00+00:00,3055735.93796155
2024-03-27 19:00:00+00:00,3055629.42909139
2024-03-27 20:00:00+00:00,3056122.11492468
2024-03-27 21:00:00+00:00,3054184.43479539
2024-03-27 22:00:00+00:00,3055967.6862294
2024-03-27 23:00:00+00:00,3055675.7830522503
2024-03-28 00:00:00+00:00,3055121.9958016
2024-03-28 01:00:00+00:00,3056382.58128956
2024-03-28 02:00:00+00:00,3056646.9805776803
2024-03-28 03:00:00+00:00,3056382.85600613
2024-03-28 04:00:00+00:00,3056429.80769291
2024-03-28 05:00:00+00:00,3057655.07820634
2024-03-28 06:00:00+00:00,3057781.88322754
2024-03-28 07:00:00+00:00,3058813.78667572
2024-03-28 08:00:00+00:00,3058936.35635526
2024-03-28 09:00:00+00:00,3058528.32453423
2024-03-28 10:00:00+00:00,3058532.33975178
2024-03-28 11:00:00+00:00,3059567.01369193
2024-03-28 12:00:00+00:00,3059120.92107437
2024-03-28 13:00:00+00:00,3060483.48538539
2024-03-28 14:00:00+00:00,3062402.60306341
2024-03-28 15:00:00+00:00,3062152.8137731203
2024-03-28 16:00:00+00:00,3056461.77429405
2024-03-28 17:00:00+00:00,3058197.95017051
2024-03-28 18:00:00+00:00,3055074.22478365
2024-03-28 19:00:00+00:00,3055734.06376338
2024-03-28 20:00:00+00:00,3058546.1037501
2024-03-28 21:00:00+00:00,3058631.99629909
2024-03-28 22:00:00+00:00,3062322.2849327
2024-03-28 23:00:00+00:00,3063089.29760299
2024-03-29 00:00:00+00:00,3063235.00064973
2024-03-29 01:00:00+00:00,3063292.3094095
2024-03-29 02:00:00+00:00,3062748.58704278
2024-03-29 03:00:00+00:00,3061440.0164376902
2024-03-29 04:00:00+00:00,3061441.11079729
2024-03-29 05:00:00+00:00,3061245.1995299403
2024-03-29 06:00:00+00:00,3061270.56513802
2024-03-29 07:00:00+00:00,3061318.50215281
2024-03-29 08:00:00+00:00,3061036.47373532
2024-03-29 09:00:00+00:00,3060562.87744891
2024-03-29 10:00:00+00:00,3064487.52302478
2024-03-29 11:00:00+00:00,3065524.07828423
2024-03-29 12:00:00+00:00,3066655.4150431
2024-03-29 13:00:00+00:00,3064656.0244799303
2024-03-29 14:00:00+00:00,3064924.0492348103
2024-03-29 15:00:00+00:00,3063065.42812351
2024-03-29 16:00:00+00:00,3059703.92800914
2024-03-29 17:00:00+00:00,3063728.4850915
2024-03-29 18:00:00+00:00,3063766.2436217
2024-03-29 19:00:00+00:00,3063513.34249794
2024-03-29 20:00:00+00:00,3063485.80217044
2024-03-29 21:00:00+00:00,3063194.84756471
2024-03-29 22:00:00+00:00,3066491.07240558
2024-03-29 23:00:00+00:00,3066541.07073249
2024-03-30 00:00:00+00:00,3066551.51666622
2024-03-30 01:00:00+00:00,3066619.00943478
2024-03-30 02:00:00+00:00,3068120.90832219
2024-03-30 03:00:00+00:00,3068210.2790647
2024-03-30 04:00:00+00:00,3068268.47187409
2024-03-30 05:00:00+00:00,3068313.42051362
2024-03-30 06:00:00+00:00,3068374.10270559
2024-03-30 07:00:00+00:00,3069739.46281585
2024-03-30 08:00:00+00:00,3069702.57262879
2024-03-30 09:00:00+00:00,3069534.67117766
2024-03-30 10:00:00+00:00,3069595.88383392
2024-03-30 11:00:00+00:00,3069622.49008182
2024-03-30 12:00:00+00:00,3069524.20333416
2024-03-30 13:00:00+00:00,3067566.53960062
2024-03-30 14:00:00+00:00,3066580.8407699303
2024-03-30 15:00:00+00:00,3066602.88786476
2024-03-30 16:00:00+00:00,3064978.11288924
2024-03-30 17:00:00+00:00,3065038.0761681
2024-03-30 18:00:00+00:00,3065095.62316255
2024-03-30 19:00:00+00:00,3065126.7674951
2024-03-30 20:00:00+00:00,3065125.56162406
2024-03-30 21:00:00+00:00,3065163.04228392
2024-03-30 22:00:00+00:00,3065106.6387899
2024-03-30 23:00:00+00:00,3065047.26326322
2024-03-31 00:00:00+00:00,3065076.50987655
2024-03-31 01:00:00+00:00,3068134.30188544
2024-03-31 02:00:00+00:00,3068162.66423796
2024-03-31 03:00:00+00:00,3068191.82443205
2024-03-31 04:00:00+00:00,3068251.40031395
2024-03-31 05:00:00+00:00,3068159.68042737
2024-03-31 06:00:00+00:00,3068249.43129336
2024-03-31 07:00:00+00:00,3068220.99052835
2024-03-31 08:00:00+00:00,3068182.79368114
2024-03-31 09:00:00+00:00,3067939.20678692
2024-03-31 10:00:00+00:00,3067978.6387143102
2024-03-31 11:00:00+00:00,3068036.9130659
2024-03-31 12:00:00+00:00,3068066.64074291
2024-03-31 13:00:00+00:00,3068075.41216424
2024-03-31 14:00:00+00:00,3067979.6214941503
2024-03-31 15:00:00+00:00,3068050.65819362
2024-03-31 16:00:00+00:00,3068059.22063875
2024-03-31 17:00:00+00:00,3068327.03291826
2024-03-31 18:00:00+00:00,3068338.47125794
2024-03-31 19:00:00+00:00,3068478.06337676
2024-03-31 20:00:00+00:00,3068570.0867373003
2024-03-31 21:00:00+00:00,3068620.43462748
2024-03-31 22:00:00+00:00,3068720.29106509
2024-03-31 23:00:00+00:00,3068694.16382317
2024-04-01 00:00:00+00:00,3068731.86810097
2024-04-01 01:00:00+00:00,3067739.05198225
2024-04-01 02:00:00+00:00,3067503.26750588
2024-04-01 03:00:00+00:00,3067601.91559372
2024-04-01 04:00:00+00:00,3068951.85480686
2024-04-01 05:00:00+00:00,3067620.48008599
2024-04-01 06:00:00+00:00,3068756.29421833
2024-04-01 07:00:00+00:00,3068331.51261318
2024-04-01 08:00:00+00:00,3068592.34497232
2024-04-01 09:00:00+00:00,3067818.24069773
2024-04-01 10:00:00+00:00,3067882.2743044803
2024-04-01 11:00:00+00:00,3068733.8447689
2024-04-01 12:00:00+00:00,3067912.30232394
2024-04-01 13:00:00+00:00,3067767.3894852
2024-04-01 14:00:00+00:00,3060469.8411866003
2024-04-01 15:00:00+00:00,3067069.99795126
2024-04-01 16:00:00+00:00,3067188.012244
2024-04-01 17:00:00+00:00,3068255.83752786
2024-04-01 18:00:00+00:00,3062316.27550138
2024-04-01 19:00:00+00:00,3067911.14785387
2024-04-01 20:00:00+00:00,3071265.34922458
2024-04-01 21:00:00+00:00,3071289.42978499
2024-04-01 22:00:00+00:00,3064541.13821996
2024-04-01 23:00:00+00:00,3072345.78153208
2024-04-02 00:00:00+00:00,3073009.47765356
2024-04-02 01:00:00+00:00,3072530.57321014
2024-04-02 02:00:00+00:00,3072623.6640963
2024-04-02 03:00:00+00:00,3072687.90912818
2024-04-02 04:00:00+00:00,3073916.73243922
2024-04-02 05:00:00+00:00,3073954.07933359
2024-04-02 06:00:00+00:00,3073851.90289676
2024-04-02 07:00:00+00:00,3075073.54173353
2024-04-02 08:00:00+00:00,3073803.63545158
2024-04-02 09:00:00+00:00,3074232.03656967
2024-04-02 10:00:00+00:00,3073869.69521271
2024-04-02 11:00:00+00:00,3073654.78799729
2024-04-02 12:00:00+00:00,3073859.59630075
2024-04-02 13:00:00+00:00,3074198.17426861
2024-04-02 14:00:00+00:00,3074423.1135008
2024-04-02 15:00:00+00:00,3074779.88611227
2024-04-02 16:00:00+00:00,3069314.62296465
2024-04-02 17:00:00+00:00,3073215.3502768
2024-04-02 18:00:00+00:00,3073032.3533649403
2024-04-02 19:00:00+00:00,3072165.11772167
2024-04-02 20:00:00+00:00,3071770.14445551
2024-04-02 21:00:00+00:00,3071587.87324774
2024-04-02 22:00:00+00:00,3073520.61794182
2024-04-02 23:00:00+00:00,3074968.25444051
2024-04-03 00:00:00+00:00,3074988.4728368
2024-04-03 01:00:00+00:00,3074960.86732892
2024-04-03 02:00:00+00:00,3076051.60100137
2024-04-03 03:00:00+00:00,3076546.88512293
2024-04-03 04:00:00+00:00,3076697.5065305
2024-04-03 05:00:00+00:00,3076655.42920158
2024-04-03 06:00:00+00:00,3076608.72464738
2024-04-03 07:00:00+00:00,3079478.27821026
2024-04-03 08:00:00+00:00,3079263.34443142
2024-04-03 09:00:00+00:00,3072881.61899963
2024-04-03 10:00:00+00:00,3075917.73319838
2024-04-03 11:00:00+00:00,3076297.35842604
2024-04-03 12:00:00+00:00,3077573.73400734
2024-04-03 13:00:00+00:00,3076632.19272709
2024-04-03 14:00:00+00:00,3074075.50215437
2024-04-03 15:00:00+00:00,3073785.24336184
2024-04-03 16:00:00+00:00,3073794.38586032
2024-04-03 17:00:00+00:00,3072713.3527195603
2024-04-03 18:00:00+00:00,3072953.46309476
2024-04-03 19:00:00+00:00,3068277.78138577
2024-04-03 20:00:00+00:00,3068925.51678119
2024-04-03 21:00:00+00:00,3069042.41454402
2024-04-03 22:00:00+00:00,3068975.4531514
2024-04-03 23:00:00+00:00,3076897.4044289403
2024-04-04 00:00:00+00:00,3076887.6647778503
2024-04-04 01:00:00+00:00,3078222.87899721
2024-04-04 02:00:00+00:00,3083830.06798664
2024-04-04 03:00:00+00:00,3083816.56853611
2024-04-04 04:00:00+00:00,3085744.03917952
2024-04-04 05:00:00+00:00,3085795.17606611
2024-04-04 06:00:00+00:00,3085818.6145483903
2024-04-04 07:00:00+00:00,3085723.25386976
2024-04-04 08:00:00+00:00,3084983.89300984
2024-04-04 09:00:00+00:00,3083595.62969374
2024-04-04 10:00:00+00:00,3083947.18201289
2024-04-04 11:00:00+00:00,3084353.24193094
2024-04-04 12:00:00+00:00,3082122.30516367
2024-04-04 13:00:00+00:00,3082816.89110398
2024-04-04 14:00:00+00:00,3081311.98628926
2024-04-04 15:00:00+00:00,3083736.58426726
2024-04-04 16:00:00+00:00,3083486.12822029
2024-04-04 17:00:00+00:00,3083798.88038828
2024-04-04 18:00:00+00:00,3091530.71452537
2024-04-04 19:00:00+00:00,3097564.88429962
2024-04-04 20:00:00+00:00,3095354.50282819
2024-04-04 21:00:00+00:00,3096618.79980799
2024-04-04 22:00:00+00:00,3096546.59582264
2024-04-04 23:00:00+00:00,3099213.70370699
2024-04-05 00:00:00+00:00,3099199.14868163
2024-04-05 01:00:00+00:00,3098202.53017098
2024-04-05 02:00:00+00:00,3096479.03308273
2024-04-05 03:00:00+00:00,3096381.33694529
2024-04-05 04:00:00+00:00,3096476.20155537
2024-04-05 05:00:00+00:00,3096562.6456465903
2024-04-05 06:00:00+00:00,3096502.18393797
2024-04-05 07:00:00+00:00,3096326.50381472
2024-04-05 08:00:00+00:00,3096497.97832233
2024-04-05 09:00:00+00:00,3099905.99432276
2024-04-05 10:00:00+00:00,3097308.94483958
2024-04-05 11:00:00+00:00,3097390.93562147
2024-04-05 12:00:00+00:00,3097681.1123380503
2024-04-05 13:00:00+00:00,3097593.0344086
2024-04-05 14:00:00+00:00,3096730.59973042
2024-04-05 15:00:00+00:00,3096340.10148647
2024-04-05 16:00:00+00:00,3096326.25939392
2024-04-05 17:00:00+00:00,3093093.1208888902
2024-04-05 18:00:00+00:00,3093322.24877851
2024-04-05 19:00:00+00:00,3094181.24846611
2024-04-05 20:00:00+00:00,3094216.6187268603
2024-04-05 21:00:00+00:00,3093311.30080301
2024-04-05 22:00:00+00:00,3094526.22300453
2024-04-05 23:00:00+00:00,3095515.3311387
2024-04-06 00:00:00+00:00,3095694.02129154
2024-04-06 01:00:00+00:00,3095721.9222422102
2024-04-06 02:00:00+00:00,3095748.95191098
2024-04-06 03:00:00+00:00,3095745.22744967
2024-04-06 04:00:00+00:00,3095761.82354635
2024-04-06 05:00:00+00:00,3095766.99267858
2024-04-06 06:00:00+00:00,3095810.07504533
2024-04-06 07:00:00+00:00,3095962.0450339
2024-04-06 08:00:00+00:00,3095914.07875139
2024-04-06 09:00:00+00:00,3095663.98562213
2024-04-06 10:00:00+00:00,3095367.8893562
2024-04-06 11:00:00+00:00,3095430.67072073
2024-04-06 12:00:00+00:00,3096219.39542083
2024-04-06 13:00:00+00:00,3096234.98080274
2024-04-06 14:00:00+00:00,3096274.0987749803
2024-04-06 15:00:00+00:00,3096277.5545273703
2024-04-06 16:00:00+00:00,3096333.53641991
2024-04-06 17:00:00+00:00,3096323.30748896
2024-04-06 18:00:00+00:00,3096354.39724688
2024-04-06 19:00:00+00:00,3096391.65976973
2024-04-06 20:00:00+00:00,3096349.52435249
2024-04-06 21:00:00+00:00,3096348.12874861
2024-04-06 22:00:00+00:00,3096356.7412665403
2024-04-06 23:00:00+00:00,3095376.61426813
2024-04-07 00:00:00+00:00,3094427.4079516903
2024-04-07 01:00:00+00:00,3094431.0328401
2024-04-07 02:00:00+00:00,3094490.49776768
2024-04-07 03:00:00+00:00,3094506.9026903003
2024-04-07 04:00:00+00:00,3095537.86901547
2024-04-07 05:00:00+00:00,3095460.85417965
2024-04-07 06:00:00+00:00,3095520.28008404
2024-04-07 07:00:00+00:00,3094483.93450111
2024-04-07 08:00:00+00:00,3094544.4766952
2024-04-07 09:00:00+00:00,3094282.38012471
2024-04-07 10:00:00+00:00,3094345.22415392
2024-04-07 11:00:00+00:00,3094198.24294196
2024-04-07 12:00:00+00:00,3094236.08931071
2024-04-07 13:00:00+00:00,3094266.39119964
2024-04-07 14:00:00+00:00,3094224.23713881
2024-04-07 15:00:00+00:00,3094254.2000251003
2024-04-07 16:00:00+00:00,3094233.32699955
2024-04-07 17:00:00+00:00,3094293.37418024
2024-04-07 18:00:00+00:00,3094604.42221234
2024-04-07 19:00:00+00:00,3094622.84023494
2024-04-07 20:00:00+00:00,3094541.6477831
2024-04-07 21:00:00+00:00,3094593.50902913
2024-04-07 22:00:00+00:00,3094598.0583525
2024-04-07 23:00:00+00:00,3094623.0569050303
2024-04-08 00:00:00+00:00,3094701.05048275
2024-04-08 01:00:00+00:00,3094707.3567378903
2024-04-08 02:00:00+00:00,3094707.00540426
2024-04-08 03:00:00+00:00,3094723.06503925
2024-04-08 04:00:00+00:00,3095143.93990817
2024-04-08 05:00:00+00:00,3095185.35670922
2024-04-08 06:00:00+00:00,3095200.77751676
2024-04-08 07:00:00+00:00,3094996.48316152
2024-04-08 08:00:00+00:00,3095511.64973889
2024-04-08 09:00:00+00:00,3095332.49093477
2024-04-08 10:00:00+00:00,3095617.23745046
2024-04-08 11:00:00+00:00,3096473.54302797
2024-04-08 12:00:00+00:00,3094923.96644717
2024-04-08 13:00:00+00:00,3094482.6110953
2024-04-08 14:00:00+00:00,3095647.19590584
2024-04-08 15:00:00+00:00,3097100.0942829303
2024-04-08 16:00:00+00:00,3098103.5697251502
2024-04-08 17:00:00+00:00,3095361.90683947
2024-04-08 18:00:00+00:00,3090838.89574372
2024-04-08 19:00:00+00:00,3090992.0650870902
2024-04-08 20:00:00+00:00,3091033.2900099102
2024-04-08 21:00:00+00:00,3091068.1880181
2024-04-08 22:00:00+00:00,3093574.93335345
2024-04-08 23:00:00+00:00,3094369.0684888
2024-04-09 00:00:00+00:00,3095242.4923339
2024-04-09 01:00:00+00:00,3097061.76562173
2024-04-09 02:00:00+00:00,3097075.1692675003
2024-04-09 03:00:00+00:00,3097154.20608581
2024-04-09 04:00:00+00:00,3097167.79359525
2024-04-09 05:00:00+00:00,3097196.5522558503
2024-04-09 06:00:00+00:00,3097086.24024865
2024-04-09 07:00:00+00:00,3097196.44125684
2024-04-09 08:00:00+00:00,3097014.08999007
2024-04-09 09:00:00+00:00,3097075.96177261
2024-04-09 10:00:00+00:00,3098323.02869163
2024-04-09 11:00:00+00:00,3098150.9922256903
2024-04-09 12:00:00+00:00,3098044.86459888
2024-04-09 13:00:00+00:00,3097191.17765859
2024-04-09 14:00:00+00:00,3097376.66770336
2024-04-09 15:00:00+00:00,3097184.27946343
2024-04-09 16:00:00+00:00,3095757.04679802
2024-04-09 17:00:00+00:00,3099271.46783833
2024-04-09 18:00:00+00:00,3098302.30020882
2024-04-09 19:00:00+00:00,3097674.67612625
2024-04-09 20:00:00+00:00,3099479.78238841
2024-04-09 21:00:00+00:00,3100217.39084154
2024-04-09 22:00:00+00:00,3100251.28209269
2024-04-09 23:00:00+00:00,3098202.02163103
2024-04-10 00:00:00+00:00,3098108.5647598
2024-04-10 01:00:00+00:00,3098213.5259502
2024-04-10 02:00:00+00:00,3098258.45788877
2024-04-10 03:00:00+00:00,3098456.65627899
2024-04-10 04:00:00+00:00,3098463.93066584
2024-04-10 05:00:00+00:00,3099784.50369278
2024-04-10 06:00:00+00:00,3101574.62414501
2024-04-10 07:00:00+00:00,3101612.59435533
2024-04-10 08:00:00+00:00,3102898.9682025
2024-04-10 09:00:00+00:00,3102593.7742254003
2024-04-10 10:00:00+00:00,3102797.50318855
2024-04-10 11:00:00+00:00,3102824.87356019
2024-04-10 12:00:00+00:00,3103028.21865812
2024-04-10 13:00:00+00:00,3103000.44273771
2024-04-10 14:00:00+00:00,3101584.20323878
2024-04-10 15:00:00+00:00,3101390.9960107
2024-04-10 16:00:00+00:00,3097356.7105131103
2024-04-10 17:00:00+00:00,3099004.57330648
2024-04-10 18:00:00+00:00,3102001.80944906
2024-04-10 19:00:00+00:00,3102367.119511
2024-04-10 20:00:00+00:00,3101281.24117009
2024-04-10 21:00:00+00:00,3102188.30823085
2024-04-10 22:00:00+00:00,3104842.6918313103
2024-04-10 23:00:00+00:00,3105594.85157302
2024-04-11 00:00:00+00:00,3105567.06224671
2024-04-11 01:00:00+00:00,3105490.37826284
2024-04-11 02:00:00+00:00,3105416.0866592103
2024-04-11 03:00:00+00:00,3105429.37258767
2024-04-11 04:00:00+00:00,3104413.31508955
2024-04-11 05:00:00+00:00,3104618.37328751
2024-04-11 06:00:00+00:00,3104533.17890102
2024-04-11 07:00:00+00:00,3102919.4924464
2024-04-11 08:00:00+00:00,3105148.1978733903
2024-04-11 09:00:00+00:00,3106001.45742839
2024-04-11 10:00:00+00:00,3105936.73527095
2024-04-11 11:00:00+00:00,3106373.1705112
2024-04-11 12:00:00+00:00,3106360.82792447
2024-04-11 13:00:00+00:00,3106408.03341496
2024-04-11 14:00:00+00:00,3106679.9954807702
2024-04-11 15:00:00+00:00,3105602.11340931
2024-04-11 16:00:00+00:00,3104091.98619411
2024-04-11 17:00:00+00:00,3103409.77486906
2024-04-11 18:00:00+00:00,3105775.4179995903
2024-04-11 19:00:00+00:00,3107307.61876633
2024-04-11 20:00:00+00:00,3106083.51364514
2024-04-11 21:00:00+00:00,3101336.98260188
2024-04-11 22:00:00+00:00,3106200.2724090503
2024-04-11 23:00:00+00:00,3109146.34926074
2024-04-12 00:00:00+00:00,3108918.0925917
2024-04-12 01:00:00+00:00,3108958.77183072
2024-04-12 02:00:00+00:00,3109002.81654165
2024-04-12 03:00:00+00:00,3108044.63197501
2024-04-12 04:00:00+00:00,3108115.2941534203
2024-04-12 05:00:00+00:00,3108134.25163347
2024-04-12 06:00:00+00:00,3108196.4662145
2024-04-12 07:00:00+00:00,3109357.00027833
2024-04-12 08:00:00+00:00,3109385.07388624
2024-04-12 09:00:00+00:00,3108286.9599696603
2024-04-12 10:00:00+00:00,3108492.14235876
2024-04-12 11:00:00+00:00,3108059.1213973
2024-04-12 12:00:00+00:00,3108048.31867298
2024-04-12 13:00:00+00:00,3109198.69135613
2024-04-12 14:00:00+00:00,3109258.21429541
2024-04-12 15:00:00+00:00,3108608.93209224
2024-04-12 16:00:00+00:00,3109761.29587387
2024-04-12 17:00:00+00:00,3103682.87873143
2024-04-12 18:00:00+00:00,3103408.40865604
2024-04-12 19:00:00+00:00,3102339.07128961
2024-04-12 20:00:00+00:00,3103424.37412439
2024-04-12 21:00:00+00:00,3099238.89183894
2024-04-12 22:00:00+00:00,3104023.78694805
2024-04-12 23:00:00+00:00,3104234.05457814
2024-04-13 00:00:00+00:00,3104095.67590026
2024-04-13 01:00:00+00:00,3105151.49918491
2024-04-13 02:00:00+00:00,3105188.30114181
2024-04-13 03:00:00+00:00,3105251.21749717
2024-04-13 04:00:00+00:00,3103959.17930036
2024-04-13 05:00:00+00:00,3103862.63745083
2024-04-13 06:00:00+00:00,3103809.90589447
2024-04-13 07:00:00+00:00,3103939.38847959
2024-04-13 08:00:00+00:00,3103877.0822218
2024-04-13 09:00:00+00:00,3103669.35648762
2024-04-13 10:00:00+00:00,3103696.13905469
2024-04-13 11:00:00+00:00,3103687.01162293
2024-04-13 12:00:00+00:00,3103511.89939544
2024-04-13 13:00:00+00:00,3103547.4300153
2024-04-13 14:00:00+00:00,3103626.37037161
2024-04-13 15:00:00+00:00,3103688.71269692
2024-04-13 16:00:00+00:00,3103706.54752462
2024-04-13 17:00:00+00:00,3103247.64122517
2024-04-13 18:00:00+00:00,3103400.55667798
2024-04-13 19:00:00+00:00,3103137.93888331
2024-04-13 20:00:00+00:00,3102787.9583685203
2024-04-13 21:00:00+00:00,3104005.03466582
2024-04-13 22:00:00+00:00,3104175.10499229
2024-04-13 23:00:00+00:00,3104252.8262524903
2024-04-14 00:00:00+00:00,3104359.33685495
2024-04-14 01:00:00+00:00,3104237.78632873
2024-04-14 02:00:00+00:00,3104415.27969574
2024-04-14 03:00:00+00:00,3104687.55863368
2024-04-14 04:00:00+00:00,3104730.254987
2024-04-14 05:00:00+00:00,3105008.99930951
2024-04-14 06:00:00+00:00,3105341.73920744
2024-04-14 07:00:00+00:00,3105645.52413384
2024-04-14 08:00:00+00:00,3105758.00711417
2024-04-14 09:00:00+00:00,3106606.8810834503
2024-04-14 10:00:00+00:00,3107733.26580857
2024-04-14 11:00:00+00:00,3107878.14507826
2024-04-14 12:00:00+00:00,3108028.62097106
2024-04-14 13:00:00+00:00,3108000.41864608
2024-04-14 14:00:00+00:00,3103820.89229535
2024-04-14 15:00:00+00:00,3104021.09558217
2024-04-14 16:00:00+00:00,3109381.97287411
2024-04-14 17:00:00+00:00,3109312.70846959
2024-04-14 18:00:00+00:00,3109379.75085164
2024-04-14 19:00:00+00:00,3109322.30334457
2024-04-14 20:00:00+00:00,3109305.9004187
2024-04-14 21:00:00+00:00,3109332.5984220803
2024-04-14 22:00:00+00:00,3109025.80132268
2024-04-14 23:00:00+00:00,3109590.69120359
2024-04-15 00:00:00+00:00,3109884.3550143703
2024-04-15 01:00:00+00:00,3110173.10267199
2024-04-15 02:00:00+00:00,3110204.66726489
2024-04-15 03:00:00+00:00,3110099.8979271
2024-04-15 04:00:00+00:00,3108738.2255351
2024-04-15 05:00:00+00:00,3110799.5555079803
2024-04-15 06:00:00+00:00,3110812.90883788
2024-04-15 07:00:00+00:00,3110863.01188497
2024-04-15 08:00:00+00:00,3111184.92949791
2024-04-15 09:00:00+00:00,3111520.10388552
2024-04-15 10:00:00+00:00,3111758.14629356
2024-04-15 11:00:00+00:00,3111634.08970308
2024-04-15 12:00:00+00:00,3111619.44282114
2024-04-15 13:00:00+00:00,3111579.69251136
2024-04-15 14:00:00+00:00,3114119.2982971
2024-04-15 15:00:00+00:00,3113524.20898398
2024-04-15 16:00:00+00:00,3112084.83356767
2024-04-15 17:00:00+00:00,3112164.85981901
2024-04-15 18:00:00+00:00,3110568.99685336
2024-04-15 19:00:00+00:00,3111421.69956581
2024-04-15 20:00:00+00:00,3108948.8300487
2024-04-15 21:00:00+00:00,3113348.67314975
2024-04-15 22:00:00+00:00,3114623.3206453403
2024-04-15 23:00:00+00:00,3114644.6993813403
2024-04-16 00:00:00+00:00,3115851.28836937
2024-04-16 01:00:00+00:00,3116036.45415083
2024-04-16 02:00:00+00:00,3118010.77491536
2024-04-16 03:00:00+00:00,3116393.94548334
2024-04-16 04:00:00+00:00,3116179.0337135303
2024-04-16 05:00:00+00:00,3107513.34447028
2024-04-16 06:00:00+00:00,3111003.89651421
2024-04-16 07:00:00+00:00,3112502.4997214
2024-04-16 08:00:00+00:00,3112410.7591608
2024-04-16 09:00:00+00:00,3112465.3153116303
2024-04-16 10:00:00+00:00,3113702.23550909
2024-04-16 11:00:00+00:00,3113641.25061674
2024-04-16 12:00:00+00:00,3114771.36757491
2024-04-16 13:00:00+00:00,3115447.83604871
2024-04-16 14:00:00+00:00,3115094.91823592
2024-04-16 15:00:00+00:00,3118904.37687413
2024-04-16 16:00:00+00:00,3119229.33609117
2024-04-16 17:00:00+00:00,3120781.51731293
2024-04-16 18:00:00+00:00,3116720.93062307
2024-04-16 19:00:00+00:00,3117581.38016464
2024-04-16 20:00:00+00:00,3118046.53246431
2024-04-16 21:00:00+00:00,3112359.11150545
2024-04-16 22:00:00+00:00,3112533.84153459
2024-04-16 23:00:00+00:00,3114647.1815319
2024-04-17 00:00:00+00:00,3114699.2468802
2024-04-17 01:00:00+00:00,3112491.16103759
2024-04-17 02:00:00+00:00,3112528.52083777
2024-04-17 03:00:00+00:00,3112518.69324612
2024-04-17 04:00:00+00:00,3112604.33883723
2024-04-17 05:00:00+00:00,3111476.12606119
2024-04-17 06:00:00+00:00,3111500.61033282
2024-04-17 07:00:00+00:00,3111849.58742005
2024-04-17 08:00:00+00:00,3112177.71125888
2024-04-17 09:00:00+00:00,3113066.51970723
2024-04-17 10:00:00+00:00,3113071.04441167
2024-04-17 11:00:00+00:00,3114512.7288271203
2024-04-17 12:00:00+00:00,3114489.89260889
2024-04-17 13:00:00+00:00,3114602.90504274
2024-04-17 14:00:00+00:00,3115427.21982502
2024-04-17 15:00:00+00:00,3120514.5930229803
2024-04-17 16:00:00+00:00,3121381.22789547
2024-04-17 17:00:00+00:00,3121583.03266654
2024-04-17 18:00:00+00:00,3117626.00689263
2024-04-17 19:00:00+00:00,3119512.6459589303
2024-04-17 20:00:00+00:00,3119287.89155519
2024-04-17 21:00:00+00:00,3111325.32030155
2024-04-17 22:00:00+00:00,3111076.76277331
2024-04-17 23:00:00+00:00,3118010.04257099
2024-04-18 00:00:00+00:00,3122110.80376227
2024-04-18 01:00:00+00:00,3122109.85836352
2024-04-18 02:00:00+00:00,3121789.13394365
2024-04-18 03:00:00+00:00,3121749.12982609
2024-04-18 04:00:00+00:00,3121514.62749674
2024-04-18 05:00:00+00:00,3121564.67384567
2024-04-18 06:00:00+00:00,3121000.98357075
2024-04-18 07:00:00+00:00,3120987.52426329
2024-04-18 08:00:00+00:00,3122200.41479724
2024-04-18 09:00:00+00:00,3121998.38626244
2024-04-18 10:00:00+00:00,3123044.04598806
2024-04-18 11:00:00+00:00,3123074.91403247
2024-04-18 12:00:00+00:00,3123167.14465301
2024-04-18 13:00:00+00:00,3122453.57358887
2024-04-18 14:00:00+00:00,3122400.82371004
2024-04-18 15:00:00+00:00,3123106.87020759
2024-04-18 16:00:00+00:00,3117402.65852483
2024-04-18 17:00:00+00:00,3119453.3432731703
2024-04-18 18:00:00+00:00,3119407.64934619
2024-04-18 19:00:00+00:00,3119758.67981484
2024-04-18 20:00:00+00:00,3122956.00226017
2024-04-18 21:00:00+00:00,3123523.25820903
2024-04-18 22:00:00+00:00,3125996.21309168
2024-04-18 23:00:00+00:00,3127045.73759843
2024-04-19 00:00:00+00:00,3126983.10208563
2024-04-19 01:00:00+00:00,3127160.59706757
2024-04-19 02:00:00+00:00,3126523.34399249
2024-04-19 03:00:00+00:00,3126515.47988625
2024-04-19 04:00:00+00:00,3126433.99381612
2024-04-19 05:00:00+00:00,3126373.90117956
2024-04-19 06:00:00+00:00,3126366.53345649
2024-04-19 07:00:00+00:00,3126649.48720605
2024-04-19 08:00:00+00:00,3125796.65864629
2024-04-19 09:00:00+00:00,3126533.33280216
2024-04-19 10:00:00+00:00,3126729.14984704
2024-04-19 11:00:00+00:00,3126773.5913011
2024-04-19 12:00:00+00:00,3125304.64314942
2024-04-19 13:00:00+00:00,3126707.42602796
2024-04-19 14:00:00+00:00,3125647.84921794
2024-04-19 15:00:00+00:00,3117384.22304245
2024-04-19 16:00:00+00:00,3113321.03322798
2024-04-19 17:00:00+00:00,3112889.20851433
2024-04-19 18:00:00+00:00,3113134.75705567
2024-04-19 19:00:00+00:00,3113814.6672214
2024-04-19 20:00:00+00:00,3113368.10847421
2024-04-19 21:00:00+00:00,3113063.04143236
2024-04-19 22:00:00+00:00,3113121.7261473
2024-04-19 23:00:00+00:00,3113188.90752396
2024-04-20 00:00:00+00:00,3113192.41948192
2024-04-20 01:00:00+00:00,3113297.9819265
2024-04-20 02:00:00+00:00,3113436.53132
2024-04-20 03:00:00+00:00,3113489.53272196
2024-04-20 04:00:00+00:00,3113475.07200096
2024-04-20 05:00:00+00:00,3113514.6160324803
2024-04-20 06:00:00+00:00,3113580.93202858
2024-04-20 07:00:00+00:00,3113701.67907137
2024-04-20 08:00:00+00:00,3113788.16132122
2024-04-20 09:00:00+00:00,3112571.85818524
2024-04-20 10:00:00+00:00,3111257.27777903
2024-04-20 11:00:00+00:00,3111428.15033613
2024-04-20 12:00:00+00:00,3111247.4166329103
2024-04-20 13:00:00+00:00,3111295.34378504
2024-04-20 14:00:00+00:00,3111231.29108208
2024-04-20 15:00:00+00:00,3111301.5465320502
2024-04-20 16:00:00+00:00,3111418.300872
2024-04-20 17:00:00+00:00,3111464.03638536
2024-04-20 18:00:00+00:00,3111551.37674438
2024-04-20 19:00:00+00:00,3111495.1822945
2024-04-20 20:00:00+00:00,3111567.10579273
2024-04-20 21:00:00+00:00,3112027.91912545
2024-04-20 22:00:00+00:00,3111348.7580477903
2024-04-20 23:00:00+00:00,3111380.6279816
2024-04-21 00:00:00+00:00,3112426.68532392
2024-04-21 01:00:00+00:00,3112475.63494713
2024-04-21 02:00:00+00:00,3112493.23324093
2024-04-21 03:00:00+00:00,3112478.72011144
2024-04-21 04:00:00+00:00,3112529.65816336
2024-04-21 05:00:00+00:00,3112466.92004909
2024-04-21 06:00:00+00:00,3112504.5970903803
2024-04-21 07:00:00+00:00,3112546.66609164
2024-04-21 08:00:00+00:00,3111583.20072519
2024-04-21 09:00:00+00:00,3111098.5882016
2024-04-21 10:00:00+00:00,3111161.46127499
2024-04-21 11:00:00+00:00,3111380.03457099
2024-04-21 12:00:00+00:00,3111196.9003655203
2024-04-21 13:00:00+00:00,3111825.93690701
2024-04-21 14:00:00+00:00,3111865.38547044
2024-04-21 15:00:00+00:00,3111800.98584123
2024-04-21 16:00:00+00:00,3111859.24841145
2024-04-21 17:00:00+00:00,3111883.43087363
2024-04-21 18:00:00+00:00,3111948.34176344
2024-04-21 19:00:00+00:00,3111971.14074154
2024-04-21 20:00:00+00:00,3111960.72856966
2024-04-21 21:00:00+00:00,3111987.76297948
2024-04-21 22:00:00+00:00,3111999.95502912
2024-04-21 23:00:00+00:00,3112041.9852617
2024-04-22 00:00:00+00:00,3112123.61850303
2024-04-22 01:00:00+00:00,3112104.90667769
2024-04-22 02:00:00+00:00,3111893.8312545503
2024-04-22 03:00:00+00:00,3111761.17808936
2024-04-22 04:00:00+00:00,3111823.46644448
2024-04-22 05:00:00+00:00,3111822.82937458
2024-04-22 06:00:00+00:00,3110860.46464189
2024-04-22 07:00:00+00:00,3110365.37025506
2024-04-22 08:00:00+00:00,3110415.76433096
2024-04-22 09:00:00+00:00,3110364.48322274
2024-04-22 10:00:00+00:00,3110700.66452378
2024-04-22 11:00:00+00:00,3110554.07592256
2024-04-22 12:00:00+00:00,3110413.78923179
2024-04-22 13:00:00+00:00,3110167.4910360803
2024-04-22 14:00:00+00:00,3109727.26363635
2024-04-22 15:00:00+00:00,3111991.72157619
2024-04-22 16:00:00+00:00,3108141.45462907
2024-04-22 17:00:00+00:00,3108117.4531726
2024-04-22 18:00:00+00:00,3107049.85521031
2024-04-22 19:00:00+00:00,3107556.21805884
2024-04-22 20:00:00+00:00,3105321.08519964
2024-04-22 21:00:00+00:00,3105536.11434674
2024-04-22 22:00:00+00:00,3105519.03129457
2024-04-22 23:00:00+00:00,3105083.18109264
2024-04-23 00:00:00+00:00,3105397.6191067803
2024-04-23 01:00:00+00:00,3103645.93034659
2024-04-23 02:00:00+00:00,3103710.48235815
2024-04-23 03:00:00+00:00,3103740.20305183
2024-04-23 04:00:00+00:00,3103822.14408555
2024-04-23 05:00:00+00:00,3103848.54043479
2024-04-23 06:00:00+00:00,3102890.14611775
2024-04-23 07:00:00+00:00,3103257.50112102
2024-04-23 08:00:00+00:00,3102744.70078541
2024-04-23 09:00:00+00:00,3102611.89058252
2024-04-23 10:00:00+00:00,3102701.00920749
2024-04-23 11:00:00+00:00,3102735.42642383
2024-04-23 12:00:00+00:00,3100431.32737212
2024-04-23 13:00:00+00:00,3100456.13142421
2024-04-23 14:00:00+00:00,3100116.22563919
2024-04-23 15:00:00+00:00,3102204.30286618
2024-04-23 16:00:00+00:00,3102981.4846189
2024-04-23 17:00:00+00:00,3104853.56230226
2024-04-23 18:00:00+00:00,3104658.95000141
2024-04-23 19:00:00+00:00,3103899.54120102
2024-04-23 20:00:00+00:00,3103192.17493922
2024-04-23 21:00:00+00:00,3103348.98942444
2024-04-23 22:00:00+00:00,3102423.8223017403
2024-04-23 23:00:00+00:00,3102400.40374564
2024-04-24 00:00:00+00:00,3102396.40093307
2024-04-24 01:00:00+00:00,3102424.16522011
2024-04-24 02:00:00+00:00,3102433.4002174702
2024-04-24 03:00:00+00:00,3102424.57552411
2024-04-24 04:00:00+00:00,3102447.20920912
2024-04-24 05:00:00+00:00,3102460.28496874
2024-04-24 06:00:00+00:00,3102467.52473189
2024-04-24 07:00:00+00:00,3102551.44416316
2024-04-24 08:00:00+00:00,3102346.93127242
2024-04-24 09:00:00+00:00,3102044.22425789
2024-04-24 10:00:00+00:00,3102082.32483779
2024-04-24 11:00:00+00:00,3102202.89837822
2024-04-24 12:00:00+00:00,3102216.60934807
2024-04-24 13:00:00+00:00,3101290.6832572003
2024-04-24 14:00:00+00:00,3102020.8699333603
2024-04-24 15:00:00+00:00,3102978.7323196703
2024-04-24 16:00:00+00:00,3103675.4139484502
2024-04-24 17:00:00+00:00,3103782.61361862
2024-04-24 18:00:00+00:00,3103200.56512562
2024-04-24 19:00:00+00:00,3101767.86531035
2024-04-24 20:00:00+00:00,3101915.07704754
2024-04-24 21:00:00+00:00,3102726.22339016
2024-04-24 22:00:00+00:00,3101658.46993097
2024-04-24 23:00:00+00:00,3101694.09061284
2024-04-25 00:00:00+00:00,3101701.52032884
2024-04-25 01:00:00+00:00,3101780.36843749
2024-04-25 02:00:00+00:00,3102463.45025766
2024-04-25 03:00:00+00:00,3102481.27469983
2024-04-25 04:00:00+00:00,3102525.90371233
2024-04-25 05:00:00+00:00,3102571.06264899
2024-04-25 06:00:00+00:00,3102629.11433126
2024-04-25 07:00:00+00:00,3101497.44342877
2024-04-25 08:00:00+00:00,3099418.10113652
2024-04-25 09:00:00+00:00,3099237.0645275502
2024-04-25 10:00:00+00:00,3100784.04434545
2024-04-25 11:00:00+00:00,3100385.63470075
2024-04-25 12:00:00+00:00,3100394.37726515
2024-04-25 13:00:00+00:00,3101405.16129144
2024-04-25 14:00:00+00:00,3102211.31977292
2024-04-25 15:00:00+00:00,3103099.016797
2024-04-25 16:00:00+00:00,3105233.54154408
2024-04-25 17:00:00+00:00,3105474.24110528
2024-04-25 18:00:00+00:00,3105080.19379892
2024-04-25 19:00:00+00:00,3105043.31092509
2024-04-25 20:00:00+00:00,3104765.72550627
2024-04-25 21:00:00+00:00,3104711.12544108
2024-04-25 22:00:00+00:00,3104794.50026639
2024-04-25 23:00:00+00:00,3104794.50026639
2024-04-26 00:00:00+00:00,3104829.59636935
2024-04-26 01:00:00+00:00,3104916.4051406803
2024-04-26 02:00:00+00:00,3104240.28952901
2024-04-26 03:00:00+00:00,3104291.4347466603
2024-04-26 04:00:00+00:00,3104318.05053295
2024-04-26 05:00:00+00:00,3104556.8164370703
2024-04-26 06:00:00+00:00,3104544.99967682
2024-04-26 07:00:00+00:00,3105576.62156428
2024-04-26 08:00:00+00:00,3105448.47993575
2024-04-26 09:00:00+00:00,3104559.4759213
2024-04-26 10:00:00+00:00,3106128.70890378
2024-04-26 11:00:00+00:00,3105574.65627685
2024-04-26 12:00:00+00:00,3105711.10305634
2024-04-26 13:00:00+00:00,3105605.34676173
2024-04-26 14:00:00+00:00,3104694.60044433
2024-04-26 15:00:00+00:00,3104853.46248864
2024-04-26 16:00:00+00:00,3104839.05539473
2024-04-26 17:00:00+00:00,3106468.1698315903
2024-04-26 18:00:00+00:00,3105612.12357588
2024-04-26 19:00:00+00:00,3105693.19951442
2024-04-26 20:00:00+00:00,3105618.7927641403
2024-04-26 21:00:00+00:00,3105580.93547134
2024-04-26 22:00:00+00:00,3105580.96362188
2024-04-26 23:00:00+00:00,3105598.51083185
2024-04-27 00:00:00+00:00,3104596.85723665
2024-04-27 01:00:00+00:00,3104467.76551918
2024-04-27 02:00:00+00:00,3104471.81600748
2024-04-27 03:00:00+00:00,3105789.0759596
2024-04-27 04:00:00+00:00,3105756.14900791
2024-04-27 05:00:00+00:00,3105655.75858154
2024-04-27 06:00:00+00:00,3105722.02095075
2024-04-27 07:00:00+00:00,3105650.59677704
2024-04-27 08:00:00+00:00,3105697.76671086
2024-04-27 09:00:00+00:00,3105537.05297676
2024-04-27 10:00:00+00:00,3105492.80328654
2024-04-27 11:00:00+00:00,3105522.20257714
2024-04-27 12:00:00+00:00,3105497.11598848
2024-04-27 13:00:00+00:00,3105434.66603556
2024-04-27 14:00:00+00:00,3117030.01615423
2024-04-27 15:00:00+00:00,3115547.05163036
2024-04-27 16:00:00+00:00,3115554.31188197
2024-04-27 17:00:00+00:00,3115541.89540725
2024-04-27 18:00:00+00:00,3115521.3995026
2024-04-27 19:00:00+00:00,3115532.35760836
2024-04-27 20:00:00+00:00,3115607.33620666
2024-04-27 21:00:00+00:00,3115305.54595702
2024-04-27 22:00:00+00:00,3115313.02830583
2024-04-27 23:00:00+00:00,3115295.7071149102
2024-04-28 00:00:00+00:00,3115321.5729170702
2024-04-28 01:00:00+00:00,3115231.20642883
2024-04-28 02:00:00+00:00,3115231.14053663
2024-04-28 03:00:00+00:00,3115235.84220282
2024-04-28 04:00:00+00:00,3114824.07617046
2024-04-28 05:00:00+00:00,3114612.92894087
2024-04-28 06:00:00+00:00,3112797.70802105
2024-04-28 07:00:00+00:00,3112830.06526994
2024-04-28 08:00:00+00:00,3112858.63280851
2024-04-28 09:00:00+00:00,3112620.16710242
2024-04-28 10:00:00+00:00,3112643.59039838
2024-04-28 11:00:00+00:00,3112634.90618734
2024-04-28 12:00:00+00:00,3112665.32285013
2024-04-28 13:00:00+00:00,3112683.82876571
2024-04-28 14:00:00+00:00,3112561.62294911
2024-04-28 15:00:00+00:00,3112308.31279705
2024-04-28 16:00:00+00:00,3111922.14388143
2024-04-28 17:00:00+00:00,3110738.16963105
2024-04-28 18:00:00+00:00,3110771.41627911
2024-04-28 19:00:00+00:00,3110794.495654
2024-04-28 20:00:00+00:00,3110797.46975397
2024-04-28 21:00:00+00:00,3110801.8466629903
2024-04-28 22:00:00+00:00,3110815.78817093
2024-04-28 23:00:00+00:00,3110841.89048645
2024-04-29 00:00:00+00:00,3110773.67120508
2024-04-29 01:00:00+00:00,3110806.40343328
2024-04-29 02:00:00+00:00,3110417.13488887
2024-04-29 03:00:00+00:00,3110774.2863053703
2024-04-29 04:00:00+00:00,3110791.97217388
2024-04-29 05:00:00+00:00,3110838.58098276
2024-04-29 06:00:00+00:00,3112515.17810647
2024-04-29 07:00:00+00:00,3111491.42458307
2024-04-29 08:00:00+00:00,3110921.6350809103
2024-04-29 09:00:00+00:00,3110526.93226949
2024-04-29 10:00:00+00:00,3110587.57539692
2024-04-29 11:00:00+00:00,3111853.87429872
2024-04-29 12:00:00+00:00,3112043.5779124
2024-04-29 13:00:00+00:00,3112007.0381334
2024-04-29 14:00:00+00:00,3112092.70288868
2024-04-29 15:00:00+00:00,3111006.71238813
2024-04-29 16:00:00+00:00,3110878.2692993
2024-04-29 17:00:00+00:00,3110802.11659484
2024-04-29 18:00:00+00:00,3110013.77016947
2024-04-29 19:00:00+00:00,3110083.85496431
2024-04-29 20:00:00+00:00,3110039.31968084
2024-04-29 21:00:00+00:00,3109664.07685677
2024-04-29 22:00:00+00:00,3109666.6297335
2024-04-29 23:00:00+00:00,3109507.13966635
2024-04-30 00:00:00+00:00,3109513.8422001502
2024-04-30 01:00:00+00:00,3109736.51651374
2024-04-30 02:00:00+00:00,3109787.56118912
2024-04-30 03:00:00+00:00,3109860.83317385
2024-04-30 04:00:00+00:00,3110428.7186703
2024-04-30 05:00:00+00:00,3109932.25480123
2024-04-30 06:00:00+00:00,3109964.8354505
2024-04-30 07:00:00+00:00,3109979.71520213
2024-04-30 08:00:00+00:00,3110108.94195877
2024-04-30 09:00:00+00:00,3110141.47097277
2024-04-30 10:00:00+00:00,3109473.2442391003
2024-04-30 11:00:00+00:00,3109251.3010298703
2024-04-30 12:00:00+00:00,3109199.25843146
2024-04-30 13:00:00+00:00,3108236.06999153
2024-04-30 14:00:00+00:00,3107977.40167122
2024-04-30 15:00:00+00:00,3108650.25300465
2024-04-30 16:00:00+00:00,3107980.84574298
2024-04-30 17:00:00+00:00,3108353.09613757
2024-04-30 18:00:00+00:00,3108148.85776514
2024-04-30 19:00:00+00:00,3109170.63242934
2024-04-30 20:00:00+00:00,3109033.33424519
2024-04-30 21:00:00+00:00,3108798.36037135
2024-04-30 22:00:00+00:00,3108963.11634482
2024-04-30 23:00:00+00:00,3111513.41074912
2024-05-01 00:00:00+00:00,3111649.04918685
2024-05-01 01:00:00+00:00,3111768.06838655
2024-05-01 02:00:00+00:00,3111717.80934751
2024-05-01 03:00:00+00:00,3111739.03233581
2024-05-01 04:00:00+00:00,3112724.5076031103
2024-05-01 05:00:00+00:00,3111696.23353218
2024-05-01 06:00:00+00:00,3111712.84905466
2024-05-01 07:00:00+00:00,3111775.9686880303
2024-05-01 08:00:00+00:00,3112352.44712461
2024-05-01 09:00:00+00:00,3111813.70704214
2024-05-01 10:00:00+00:00,3111984.4334526
2024-05-01 11:00:00+00:00,3111949.46847257
2024-05-01 12:00:00+00:00,3111821.21274259
2024-05-01 13:00:00+00:00,3110917.97053502
2024-05-01 14:00:00+00:00,3109666.66906107
2024-05-01 15:00:00+00:00,3109668.49253221
2024-05-01 16:00:00+00:00,3109377.45583488
2024-05-01 17:00:00+00:00,3108983.07809307
2024-05-01 18:00:00+00:00,3108633.45716738
2024-05-01 19:00:00+00:00,3108757.1832478
2024-05-01 20:00:00+00:00,3108660.95632721
2024-05-01 21:00:00+00:00,3108017.12758246
2024-05-01 22:00:00+00:00,3108113.85283246
2024-05-01 23:00:00+00:00,3109202.05168644
2024-05-02 00:00:00+00:00,3109076.18726834
2024-05-02 01:00:00+00:00,3107885.66207183
2024-05-02 02:00:00+00:00,3109374.01224666
2024-05-02 03:00:00+00:00,3108252.92562492
2024-05-02 04:00:00+00:00,3108270.49938907
2024-05-02 05:00:00+00:00,3108291.2338975
2024-05-02 06:00:00+00:00,3108436.17737127
2024-05-02 07:00:00+00:00,3108352.04220226
2024-05-02 08:00:00+00:00,3108520.58214845
2024-05-02 09:00:00+00:00,3108937.91199736
2024-05-02 10:00:00+00:00,3108797.06432524
2024-05-02 11:00:00+00:00,3109834.2938925503
2024-05-02 12:00:00+00:00,3110756.41415508
2024-05-02 13:00:00+00:00,3110711.86567592
2024-05-02 14:00:00+00:00,3110260.1164484
2024-05-02 15:00:00+00:00,3108853.96134537
2024-05-02 16:00:00+00:00,3108162.17523422
2024-05-02 17:00:00+00:00,3107520.61635315
2024-05-02 18:00:00+00:00,3108025.65089336
2024-05-02 19:00:00+00:00,3110171.40093609
2024-05-02 20:00:00+00:00,3109366.96327618
2024-05-02 21:00:00+00:00,3109495.01648771
2024-05-02 22:00:00+00:00,3110754.61920147
2024-05-02 23:00:00+00:00,3110799.26341699
2024-05-03 00:00:00+00:00,3110767.77818159
2024-05-03 01:00:00+00:00,3110649.77702222
2024-05-03 02:00:00+00:00,3110701.0132791502
2024-05-03 03:00:00+00:00,3110620.9258623
2024-05-03 04:00:00+00:00,3110654.95701801
2024-05-03 05:00:00+00:00,3110612.63490752
2024-05-03 06:00:00+00:00,3109861.75049643
2024-05-03 07:00:00+00:00,3109362.22806539
2024-05-03 08:00:00+00:00,3109750.0171116
2024-05-03 09:00:00+00:00,3109397.25407909
2024-05-03 10:00:00+00:00,3109335.4221476
2024-05-03 11:00:00+00:00,3109469.54781823
2024-05-03 12:00:00+00:00,3109245.85932882
2024-05-03 13:00:00+00:00,3109114.56228856
2024-05-03 14:00:00+00:00,3109006.36658821
2024-05-03 15:00:00+00:00,3108888.54551428
2024-05-03 16:00:00+00:00,3108897.81013658
2024-05-03 17:00:00+00:00,3108365.90096932
2024-05-03 18:00:00+00:00,3108094.55399619
2024-05-03 19:00:00+00:00,3108568.19912802
2024-05-03 20:00:00+00:00,3106104.6739518302
2024-05-03 21:00:00+00:00,3106103.74357279
2024-05-03 22:00:00+00:00,3106247.0437850603
2024-05-03 23:00:00+00:00,3106289.92702965
2024-05-04 00:00:00+00:00,3106139.30725533
2024-05-04 01:00:00+00:00,3106186.82416534
2024-05-04 02:00:00+00:00,3106241.0287386803
2024-05-04 03:00:00+00:00,3106098.9880145
2024-05-04 04:00:00+00:00,3106076.39753162
2024-05-04 05:00:00+00:00,3106056.36464681
2024-05-04 06:00:00+00:00,3107075.26553854
2024-05-04 07:00:00+00:00,3107055.67517415
2024-05-04 08:00:00+00:00,3107103.76945938
2024-05-04 09:00:00+00:00,3106950.27400248
2024-05-04 10:00:00+00:00,3106861.18603974
2024-05-04 11:00:00+00:00,3106748.06742203
2024-05-04 12:00:00+00:00,3106783.71932986
2024-05-04 13:00:00+00:00,3106788.2134594
2024-05-04 14:00:00+00:00,3106073.48987424
2024-05-04 15:00:00+00:00,3106216.49384833
2024-05-04 16:00:00+00:00,3106272.4014353403
2024-05-04 17:00:00+00:00,3106287.09510455
2024-05-04 18:00:00+00:00,3106300.37749735
2024-05-04 19:00:00+00:00,3107890.76056932
2024-05-04 20:00:00+00:00,3107867.38494536
2024-05-04 21:00:00+00:00,3107863.29348604
2024-05-04 22:00:00+00:00,3107889.56269544
2024-05-04 23:00:00+00:00,3107897.42415342
2024-05-05 00:00:00+00:00,3107932.53598052
2024-05-05 01:00:00+00:00,3108045.23570099
2024-05-05 02:00:00+00:00,3108093.86914221
2024-05-05 03:00:00+00:00,3107976.39357259
2024-05-05 04:00:00+00:00,3108019.76280763
2024-05-05 05:00:00+00:00,3107957.47266334
2024-05-05 06:00:00+00:00,3107959.73278974
2024-05-05 07:00:00+00:00,3107960.21906933
2024-05-05 08:00:00+00:00,3107876.1520179003
2024-05-05 09:00:00+00:00,3107876.1520179003
2024-05-05 10:00:00+00:00,3107758.5826901603
2024-05-05 11:00:00+00:00,3107785.08346646
2024-05-05 12:00:00+00:00,3107719.73808931
2024-05-05 13:00:00+00:00,3107725.18533746
2024-05-05 14:00:00+00:00,3107693.46026969
2024-05-05 15:00:00+00:00,3107695.66619559
2024-05-05 16:00:00+00:00,3107722.4269001
2024-05-05 17:00:00+00:00,3107697.2711350103
2024-05-05 18:00:00+00:00,3107744.97704165
2024-05-05 19:00:00+00:00,3107765.14727158
2024-05-05 20:00:00+00:00,3107805.50976662
2024-05-05 21:00:00+00:00,3106961.82524201
2024-05-05 22:00:00+00:00,3106955.09850787
2024-05-05 23:00:00+00:00,3107012.21703453
2024-05-06 00:00:00+00:00,3107035.4207986
2024-05-06 01:00:00+00:00,3107037.72425086
2024-05-06 02:00:00+00:00,3107071.95068514
2024-05-06 03:00:00+00:00,3107379.331466
2024-05-06 04:00:00+00:00,3107383.13243468
2024-05-06 05:00:00+00:00,3107318.74408196
2024-05-06 06:00:00+00:00,3107218.41916693
2024-05-06 07:00:00+00:00,3107012.16369755
2024-05-06 08:00:00+00:00,3106526.62965402
2024-05-06 09:00:00+00:00,3106517.17169961
2024-05-06 10:00:00+00:00,3107526.84216276
2024-05-06 11:00:00+00:00,3108168.1081510102
2024-05-06 12:00:00+00:00,3108703.5933083403
2024-05-06 13:00:00+00:00,3108555.92196371
2024-05-06 14:00:00+00:00,3108605.7396178
2024-05-06 15:00:00+00:00,3109156.8856064
2024-05-06 16:00:00+00:00,3110319.77318584
2024-05-06 17:00:00+00:00,3110916.3599172803
2024-05-06 18:00:00+00:00,3111394.17348339
2024-05-06 19:00:00+00:00,3111220.08335619
2024-05-06 20:00:00+00:00,3111203.01522985
2024-05-06 21:00:00+00:00,3110961.59499832
2024-05-06 22:00:00+00:00,3110968.66312042
2024-05-06 23:00:00+00:00,3111116.47634566
2024-05-07 00:00:00+00:00,3111123.19111391
2024-05-07 01:00:00+00:00,3111032.59557958
2024-05-07 02:00:00+00:00,3111016.78011294
2024-05-07 03:00:00+00:00,3110994.84289607
2024-05-07 04:00:00+00:00,3111023.54898512
2024-05-07 05:00:00+00:00,3111021.15500729
2024-05-07 06:00:00+00:00,3111065.83806076
2024-05-07 07:00:00+00:00,3111023.63024945
2024-05-07 08:00:00+00:00,3110930.37105584
2024-05-07 09:00:00+00:00,3109781.1267253403
2024-05-07 10:00:00+00:00,3110645.51680402
2024-05-07 11:00:00+00:00,3110665.259618
2024-05-07 12:00:00+00:00,3111487.52650641
2024-05-07 13:00:00+00:00,3111649.8868511003
2024-05-07 14:00:00+00:00,3111689.51161321
2024-05-07 15:00:00+00:00,3111677.13538765
2024-05-07 16:00:00+00:00,3111951.87631129
2024-05-07 17:00:00+00:00,3111954.38855317
2024-05-07 18:00:00+00:00,3111925.01164395
2024-05-07 19:00:00+00:00,3111813.59374037
2024-05-07 20:00:00+00:00,3111826.21340519
2024-05-07 21:00:00+00:00,3111853.8255071
2024-05-07 22:00:00+00:00,3111868.57367103
2024-05-07 23:00:00+00:00,3112065.68048608
2024-05-08 00:00:00+00:00,3112062.77234541
2024-05-08 01:00:00+00:00,3112098.8140246
2024-05-08 02:00:00+00:00,3112069.68439431
2024-05-08 03:00:00+00:00,3111844.68713734
2024-05-08 04:00:00+00:00,3111843.06272353
2024-05-08 05:00:00+00:00,3111726.5224432102
2024-05-08 06:00:00+00:00,3111631.89572036
2024-05-08 07:00:00+00:00,3121593.98344904
2024-05-08 08:00:00+00:00,3121732.4677895103
2024-05-08 09:00:00+00:00,3121717.5431249603
2024-05-08 10:00:00+00:00,3122317.44613165
2024-05-08 11:00:00+00:00,3121176.0945617403
2024-05-08 12:00:00+00:00,3125274.6351293703
2024-05-08 13:00:00+00:00,3124257.9806961003
2024-05-08 14:00:00+00:00,3124272.96683545
2024-05-08 15:00:00+00:00,3135294.96357981
2024-05-08 16:00:00+00:00,3135306.5358364303
2024-05-08 17:00:00+00:00,3135246.68875386
2024-05-08 18:00:00+00:00,3135337.89310924
2024-05-08 19:00:00+00:00,3135318.70137703
2024-05-08 20:00:00+00:00,3135255.50215062
2024-05-08 21:00:00+00:00,3135289.96628894
2024-05-08 22:00:00+00:00,3135290.63256313
2024-05-08 23:00:00+00:00,3135309.09448278
2024-05-09 00:00:00+00:00,3135289.40587739
2024-05-09 01:00:00+00:00,3135274.71673752
2024-05-09 02:00:00+00:00,3135280.56694917
2024-05-09 03:00:00+00:00,3135296.82373058
2024-05-09 04:00:00+00:00,3135267.251007
2024-05-09 05:00:00+00:00,3135256.27954729
2024-05-09 06:00:00+00:00,3135255.32142043
2024-05-09 07:00:00+00:00,3135227.19039699
2024-05-09 08:00:00+00:00,3135395.66526148
2024-05-09 09:00:00+00:00,3134546.45531341
2024-05-09 10:00:00+00:00,3134544.79375681
2024-05-09 11:00:00+00:00,3135631.32853643
2024-05-09 12:00:00+00:00,3135592.06036389
2024-05-09 13:00:00+00:00,3135498.90361395
2024-05-09 14:00:00+00:00,3135923.49096489
2024-05-09 15:00:00+00:00,3135670.70681975
2024-05-09 16:00:00+00:00,3135581.10153354
2024-05-09 17:00:00+00:00,3134488.29158377
2024-05-09 18:00:00+00:00,3134475.16333854
2024-05-09 19:00:00+00:00,3134500.70390335
2024-05-09 20:00:00+00:00,3133373.74537433
2024-05-09 21:00:00+00:00,3134329.9340430303
2024-05-09 22:00:00+00:00,3135332.19961841
2024-05-09 23:00:00+00:00,3135460.39177145
2024-05-10 00:00:00+00:00,3135528.0426546
2024-05-10 01:00:00+00:00,3135516.86074828
2024-05-10 02:00:00+00:00,3135490.39618154
2024-05-10 03:00:00+00:00,3136564.49895305
2024-05-10 04:00:00+00:00,3136572.18168694
2024-05-10 05:00:00+00:00,3136518.22043538
2024-05-10 06:00:00+00:00,3136485.91010747
2024-05-10 07:00:00+00:00,3136481.25073301
2024-05-10 08:00:00+00:00,3136727.50529019
2024-05-10 09:00:00+00:00,3136563.24271864
2024-05-10 10:00:00+00:00,3137654.45253056
2024-05-10 11:00:00+00:00,3137666.47573916
2024-05-10 12:00:00+00:00,3136435.03950479
2024-05-10 13:00:00+00:00,3136465.04723171
2024-05-10 14:00:00+00:00,3136723.59511777
2024-05-10 15:00:00+00:00,3136140.83349066
2024-05-10 16:00:00+00:00,3136185.76657745
2024-05-10 17:00:00+00:00,3136211.0100745102
2024-05-10 18:00:00+00:00,3136233.08419852
2024-05-10 19:00:00+00:00,3135209.23352426
2024-05-10 20:00:00+00:00,3135274.47140748
2024-05-10 21:00:00+00:00,3135336.91489321
2024-05-10 22:00:00+00:00,3135386.25003835
2024-05-10 23:00:00+00:00,3133217.29191423
2024-05-11 00:00:00+00:00,3133200.70097851
2024-05-11 01:00:00+00:00,3133198.49918806
2024-05-11 02:00:00+00:00,3133190.61158738
2024-05-11 03:00:00+00:00,3133161.31038521
2024-05-11 04:00:00+00:00,3131768.31154716
2024-05-11 05:00:00+00:00,3131755.01656665
2024-05-11 06:00:00+00:00,3131776.06525296
2024-05-11 07:00:00+00:00,3131786.3888682
2024-05-11 08:00:00+00:00,3131833.32955829
2024-05-11 09:00:00+00:00,3131713.4133376502
2024-05-11 10:00:00+00:00,3131700.1297803503
2024-05-11 11:00:00+00:00,3132380.33535085
2024-05-11 12:00:00+00:00,3132342.90584555
2024-05-11 13:00:00+00:00,3132347.61096613
2024-05-11 14:00:00+00:00,3132346.02603546
2024-05-11 15:00:00+00:00,3133285.35351452
2024-05-11 16:00:00+00:00,3133305.0771970903
2024-05-11 17:00:00+00:00,3133352.76976443
2024-05-11 18:00:00+00:00,3133363.11248602
2024-05-11 19:00:00+00:00,3133362.54559588
2024-05-11 20:00:00+00:00,3133401.52287943
2024-05-11 21:00:00+00:00,3133420.67819063
2024-05-11 22:00:00+00:00,3133330.44833062
2024-05-11 23:00:00+00:00,3133342.60508163
2024-05-12 00:00:00+00:00,3133374.32758282
2024-05-12 01:00:00+00:00,3133385.2565861302
2024-05-12 02:00:00+00:00,3133421.84241223
2024-05-12 03:00:00+00:00,3133376.09422524
2024-05-12 04:00:00+00:00,3133396.8054273003
2024-05-12 05:00:00+00:00,3133287.01330118
2024-05-12 06:00:00+00:00,3133287.83148471
2024-05-12 07:00:00+00:00,3133292.7615448
2024-05-12 08:00:00+00:00,3133286.56712928
2024-05-12 09:00:00+00:00,3133171.91558327
2024-05-12 10:00:00+00:00,3133167.2888147
2024-05-12 11:00:00+00:00,3133184.25929046
2024-05-12 12:00:00+00:00,3133186.84906176
2024-05-12 13:00:00+00:00,3132380.0672040703
2024-05-12 14:00:00+00:00,3132380.0672040703
2024-05-12 15:00:00+00:00,3131953.74002389
2024-05-12 16:00:00+00:00,3131913.95426069
2024-05-12 17:00:00+00:00,3131872.05939731
2024-05-12 18:00:00+00:00,3132835.17775166
2024-05-12 19:00:00+00:00,3133803.6848827703
2024-05-12 20:00:00+00:00,3133761.11089056
2024-05-12 21:00:00+00:00,3133814.6573057403
2024-05-12 22:00:00+00:00,3133780.57168007
2024-05-12 23:00:00+00:00,3132785.8161076102
2024-05-13 00:00:00+00:00,3132702.25991351
2024-05-13 01:00:00+00:00,3133728.65496298
2024-05-13 02:00:00+00:00,3132824.78066392
2024-05-13 03:00:00+00:00,3132710.79367973
2024-05-13 04:00:00+00:00,3132680.22280196
2024-05-13 05:00:00+00:00,3131790.72528435
2024-05-13 06:00:00+00:00,3131722.66034661
2024-05-13 07:00:00+00:00,3131104.36339859
2024-05-13 08:00:00+00:00,3131018.42680047
2024-05-13 09:00:00+00:00,3130900.30175316
2024-05-13 10:00:00+00:00,3131971.04997584
2024-05-13 11:00:00+00:00,3131974.70867724
2024-05-13 12:00:00+00:00,3130967.16824352
2024-05-13 13:00:00+00:00,3131032.23675915
2024-05-13 14:00:00+00:00,3131051.76996417
2024-05-13 15:00:00+00:00,3129974.82262879
2024-05-13 16:00:00+00:00,3128900.49258506
2024-05-13 17:00:00+00:00,3129026.97620623
2024-05-13 18:00:00+00:00,3130295.98418219
2024-05-13 19:00:00+00:00,3130261.94596377
2024-05-13 20:00:00+00:00,3130270.86766195
2024-05-13 21:00:00+00:00,3130166.54749746
2024-05-13 22:00:00+00:00,3130232.40093911
2024-05-13 23:00:00+00:00,3130110.43067977
2024-05-14 00:00:00+00:00,3130140.31101968
2024-05-14 01:00:00+00:00,3130153.82051537
2024-05-14 02:00:00+00:00,3130395.85599714
2024-05-14 03:00:00+00:00,3130629.93934356
2024-05-14 04:00:00+00:00,3130522.58920479
2024-05-14 05:00:00+00:00,3130600.4976601503
2024-05-14 06:00:00+00:00,3130592.59317901
2024-05-14 07:00:00+00:00,3130640.10421779
2024-05-14 08:00:00+00:00,3130698.30428886
2024-05-14 09:00:00+00:00,3131616.08310799
2024-05-14 10:00:00+00:00,3131432.23628817
2024-05-14 11:00:00+00:00,3131473.51112665
2024-05-14 12:00:00+00:00,3131675.72214515
2024-05-14 13:00:00+00:00,3131449.21141198
2024-05-14 14:00:00+00:00,3130599.29113347
2024-05-14 15:00:00+00:00,3131606.34899308
2024-05-14 16:00:00+00:00,3132110.31394333
2024-05-14 17:00:00+00:00,3134718.61459236
2024-05-14 18:00:00+00:00,3134844.86780694
2024-05-14 19:00:00+00:00,3133893.93700124
2024-05-14 20:00:00+00:00,3133904.08273819
2024-05-14 21:00:00+00:00,3133928.91942409
2024-05-14 22:00:00+00:00,3133956.78229446
2024-05-14 23:00:00+00:00,3133971.2343919
2024-05-15 00:00:00+00:00,3133968.9661438703
2024-05-15 01:00:00+00:00,3135086.44126767
2024-05-15 02:00:00+00:00,3135110.87498743
2024-05-15 03:00:00+00:00,3135119.69377583
2024-05-15 04:00:00+00:00,3134312.58195042
2024-05-15 05:00:00+00:00,3134266.53609657
2024-05-15 06:00:00+00:00,3133318.25768143
2024-05-15 07:00:00+00:00,3133036.16104599
2024-05-15 08:00:00+00:00,3133135.03803667
2024-05-15 09:00:00+00:00,3133056.24286681
2024-05-15 10:00:00+00:00,3132862.9204535503
2024-05-15 11:00:00+00:00,3133052.9278524
2024-05-15 12:00:00+00:00,3133674.92526799
2024-05-15 13:00:00+00:00,3133422.04202962
2024-05-15 14:00:00+00:00,3132801.01499815
2024-05-15 15:00:00+00:00,3132880.60909046
2024-05-15 16:00:00+00:00,3133060.93928785
2024-05-15 17:00:00+00:00,3135219.34457892
2024-05-15 18:00:00+00:00,3135683.70662986
2024-05-15 19:00:00+00:00,3136867.11637577
2024-05-15 20:00:00+00:00,3136957.36156058
2024-05-15 21:00:00+00:00,3138927.6338137803
2024-05-15 22:00:00+00:00,3139037.26942883
2024-05-15 23:00:00+00:00,3139895.12907745
2024-05-16 00:00:00+00:00,3139759.91794585
2024-05-16 01:00:00+00:00,3139928.07434702
2024-05-16 02:00:00+00:00,3140871.51875146
2024-05-16 03:00:00+00:00,3141137.1595559902
2024-05-16 04:00:00+00:00,3141338.4014816
2024-05-16 05:00:00+00:00,3140864.5055257003
2024-05-16 06:00:00+00:00,3141354.2748127603
2024-05-16 07:00:00+00:00,3142230.08312961
2024-05-16 08:00:00+00:00,3140797.39034272
2024-05-16 09:00:00+00:00,3141059.84498292
2024-05-16 10:00:00+00:00,3141148.11609173
2024-05-16 11:00:00+00:00,3141179.44768537
2024-05-16 12:00:00+00:00,3141621.72689688
2024-05-16 13:00:00+00:00,3141732.09233387
2024-05-16 14:00:00+00:00,3139077.61831527
2024-05-16 15:00:00+00:00,3140173.84655638
2024-05-16 16:00:00+00:00,3139862.9818556
2024-05-16 17:00:00+00:00,3139931.28774909
2024-05-16 18:00:00+00:00,3140290.43142037
2024-05-16 19:00:00+00:00,3141606.86251523
2024-05-16 20:00:00+00:00,3141626.39528603
2024-05-16 21:00:00+00:00,3138438.15311926
2024-05-16 22:00:00+00:00,3138509.6680301703
2024-05-16 23:00:00+00:00,3138488.3001698903
2024-05-17 00:00:00+00:00,3138504.49345577
2024-05-17 01:00:00+00:00,3138881.29361794
2024-05-17 02:00:00+00:00,3138894.59916312
2024-05-17 03:00:00+00:00,3140046.59040017
2024-05-17 04:00:00+00:00,3140086.09958679
2024-05-17 05:00:00+00:00,3140041.12909839
2024-05-17 06:00:00+00:00,3139863.8771213703
2024-05-17 07:00:00+00:00,3138850.15132923
2024-05-17 08:00:00+00:00,3138805.21684151
2024-05-17 09:00:00+00:00,3138629.62054935
2024-05-17 10:00:00+00:00,3138746.8879262903
2024-05-17 11:00:00+00:00,3138767.88692873
2024-05-17 12:00:00+00:00,3138785.25954665
2024-05-17 13:00:00+00:00,3138015.44097313
2024-05-17 14:00:00+00:00,3139051.31416586
2024-05-17 15:00:00+00:00,3140285.08850335
2024-05-17 16:00:00+00:00,3139552.24498126
2024-05-17 17:00:00+00:00,3138315.7228741
2024-05-17 18:00:00+00:00,3138701.67962901
2024-05-17 19:00:00+00:00,3139256.9402764
2024-05-17 20:00:00+00:00,3139411.51438323
2024-05-17 21:00:00+00:00,3138542.45437583
2024-05-17 22:00:00+00:00,3134782.2353279
2024-05-17 23:00:00+00:00,3138819.9160900502
2024-05-18 00:00:00+00:00,3138776.25263652
2024-05-18 01:00:00+00:00,3138468.14156695
2024-05-18 02:00:00+00:00,3138441.01867523
2024-05-18 03:00:00+00:00,3138483.03400051
2024-05-18 04:00:00+00:00,3138508.71057927
2024-05-18 05:00:00+00:00,3138554.04333184
2024-05-18 06:00:00+00:00,3138523.7008691803
2024-05-18 07:00:00+00:00,3138529.23676455
2024-05-18 08:00:00+00:00,3138514.8051481103
2024-05-18 09:00:00+00:00,3138292.39156419
2024-05-18 10:00:00+00:00,3138337.86679061
2024-05-18 11:00:00+00:00,3139005.18413854
2024-05-18 12:00:00+00:00,3126222.49317789
2024-05-18 13:00:00+00:00,3126290.98415052
2024-05-18 14:00:00+00:00,3126580.55858966
2024-05-18 15:00:00+00:00,3126586.62212513
2024-05-18 16:00:00+00:00,3126614.94493942
2024-05-18 17:00:00+00:00,3126668.44620891
2024-05-18 18:00:00+00:00,3126699.49251658
2024-05-18 19:00:00+00:00,3126708.21119022
2024-05-18 20:00:00+00:00,3126699.14589406
2024-05-18 21:00:00+00:00,3126702.28556873
2024-05-18 22:00:00+00:00,3126717.87754126
2024-05-18 23:00:00+00:00,3126505.73603104
2024-05-19 00:00:00+00:00,3126508.87619616
2024-05-19 01:00:00+00:00,3126532.7201122902
2024-05-19 02:00:00+00:00,3126443.4514688803
2024-05-19 03:00:00+00:00,3126935.18612207
2024-05-19 04:00:00+00:00,3126951.82935308
2024-05-19 05:00:00+00:00,3126976.61578565
2024-05-19 06:00:00+00:00,3127093.5937033
2024-05-19 07:00:00+00:00,3127057.01580807
2024-05-19 08:00:00+00:00,3127098.61022375
2024-05-19 09:00:00+00:00,3126943.92832491
2024-05-19 10:00:00+00:00,3126945.68499039
2024-05-19 11:00:00+00:00,3126897.1247129003
2024-05-19 12:00:00+00:00,3126924.11060693
2024-05-19 13:00:00+00:00,3126934.27192769
2024-05-19 14:00:00+00:00,3126963.62853874
2024-05-19 15:00:00+00:00,3126951.12660017
2024-05-19 16:00:00+00:00,3127509.02485536
2024-05-19 17:00:00+00:00,3127520.5402688403
2024-05-19 18:00:00+00:00,3127535.94099198
2024-05-19 19:00:00+00:00,3127502.48396956
2024-05-19 20:00:00+00:00,3127509.1725728903
2024-05-19 21:00:00+00:00,3127534.27711474
2024-05-19 22:00:00+00:00,3127525.58798262
2024-05-19 23:00:00+00:00,3127531.73812394
2024-05-20 00:00:00+00:00,3127549.81839496
2024-05-20 01:00:00+00:00,3127554.13735598
2024-05-20 02:00:00+00:00,3127634.09105519
2024-05-20 03:00:00+00:00,3127594.7161184503
2024-05-20 04:00:00+00:00,3127624.30322442
2024-05-20 05:00:00+00:00,3127441.71349822
2024-05-20 06:00:00+00:00,3127487.84571064
2024-05-20 07:00:00+00:00,3127561.02086643
2024-05-20 08:00:00+00:00,3127724.16479948
2024-05-20 09:00:00+00:00,3128935.89286283
2024-05-20 10:00:00+00:00,3128014.04455471
2024-05-20 11:00:00+00:00,3127946.88342008
2024-05-20 12:00:00+00:00,3127961.40769199
2024-05-20 13:00:00+00:00,3126943.14935905
2024-05-20 14:00:00+00:00,3126347.56239802
2024-05-20 15:00:00+00:00,3126307.99985888
2024-05-20 16:00:00+00:00,3125792.90123794
2024-05-20 17:00:00+00:00,3125912.31041368
2024-05-20 18:00:00+00:00,3125835.44009151
2024-05-20 19:00:00+00:00,3125934.15147884
2024-05-20 20:00:00+00:00,3128037.3446924
2024-05-20 21:00:00+00:00,3128092.15550596
2024-05-20 22:00:00+00:00,3128298.74618983
2024-05-20 23:00:00+00:00,3130242.29203674
2024-05-21 00:00:00+00:00,3131489.9130395
2024-05-21 01:00:00+00:00,3129747.9368511
2024-05-21 02:00:00+00:00,3129757.92670175
2024-05-21 03:00:00+00:00,3129703.16241856
2024-05-21 04:00:00+00:00,3129766.59658251
2024-05-21 05:00:00+00:00,3129651.0701919
2024-05-21 06:00:00+00:00,3130674.21826924
2024-05-21 07:00:00+00:00,3130915.98827617
2024-05-21 08:00:00+00:00,3131038.54169867
2024-05-21 09:00:00+00:00,3130432.18241724
2024-05-21 10:00:00+00:00,3130729.84493475
2024-05-21 11:00:00+00:00,3129921.2812247
2024-05-21 12:00:00+00:00,3129727.97677224
2024-05-21 13:00:00+00:00,3129739.85285497
2024-05-21 14:00:00+00:00,3128727.38568555
2024-05-21 15:00:00+00:00,3128816.72364578
2024-05-21 16:00:00+00:00,3132130.68305897
2024-05-21 17:00:00+00:00,3131092.21733401
2024-05-21 18:00:00+00:00,3130940.04182402
2024-05-21 19:00:00+00:00,3132055.0045352
2024-05-21 20:00:00+00:00,3132103.57999676
2024-05-21 21:00:00+00:00,3131102.39637603
2024-05-21 22:00:00+00:00,3131128.10607707
2024-05-21 23:00:00+00:00,3131223.72179118
2024-05-22 00:00:00+00:00,3130171.12687769
2024-05-22 01:00:00+00:00,3130188.27181696
2024-05-22 02:00:00+00:00,3130600.83856758
2024-05-22 03:00:00+00:00,3130752.6775613
2024-05-22 04:00:00+00:00,3130784.80107857
2024-05-22 05:00:00+00:00,3130657.65771715
2024-05-22 06:00:00+00:00,3130857.66496843
2024-05-22 07:00:00+00:00,3129764.3456029003
2024-05-22 08:00:00+00:00,3129747.8143155
2024-05-22 09:00:00+00:00,3129758.70595617
2024-05-22 10:00:00+00:00,3129855.86703117
2024-05-22 11:00:00+00:00,3129807.34678224
2024-05-22 12:00:00+00:00,3129596.29338734
2024-05-22 13:00:00+00:00,3129519.31237259
2024-05-22 14:00:00+00:00,3128881.7474820702
2024-05-22 15:00:00+00:00,3128680.1809216803
2024-05-22 16:00:00+00:00,3128159.34670131
2024-05-22 17:00:00+00:00,3128617.91755833
2024-05-22 18:00:00+00:00,3128569.4211194
2024-05-22 19:00:00+00:00,3126635.41519422
2024-05-22 20:00:00+00:00,3126633.3050056403
2024-05-22 21:00:00+00:00,3126988.35006643
2024-05-22 22:00:00+00:00,3127083.3136521103
2024-05-22 23:00:00+00:00,3127090.68917051
2024-05-23 00:00:00+00:00,3127090.98488225
2024-05-23 01:00:00+00:00,3126004.22438405
2024-05-23 02:00:00+00:00,3126039.48879947
2024-05-23 03:00:00+00:00,3126102.84517886
2024-05-23 04:00:00+00:00,3126058.60416864
2024-05-23 05:00:00+00:00,3126028.36483703
2024-05-23 06:00:00+00:00,3126048.8709431603
2024-05-23 07:00:00+00:00,3125974.74166602
2024-05-23 08:00:00+00:00,3126001.3657146
2024-05-23 09:00:00+00:00,3126964.29838543
2024-05-23 10:00:00+00:00,3126950.61931849
2024-05-23 11:00:00+00:00,3127604.02768531
2024-05-23 12:00:00+00:00,3126701.77008915
2024-05-23 13:00:00+00:00,3126551.86703724
2024-05-23 14:00:00+00:00,3126028.97235094
2024-05-23 15:00:00+00:00,3127139.50447851
2024-05-23 16:00:00+00:00,3132127.99370189
2024-05-23 17:00:00+00:00,3131194.12579671
2024-05-23 18:00:00+00:00,3137034.07130519
2024-05-23 19:00:00+00:00,3138522.3339218
2024-05-23 20:00:00+00:00,3138931.33604729
2024-05-23 21:00:00+00:00,3138190.12299226
2024-05-23 22:00:00+00:00,3138375.86041251
2024-05-23 23:00:00+00:00,3138229.02518777
2024-05-24 00:00:00+00:00,3138247.19333607
2024-05-24 01:00:00+00:00,3138239.25394757
2024-05-24 02:00:00+00:00,3138206.68819407
2024-05-24 03:00:00+00:00,3138254.75383704
2024-05-24 04:00:00+00:00,3138207.5409474
2024-05-24 05:00:00+00:00,3138198.89847248
2024-05-24 06:00:00+00:00,3138170.02172304
2024-05-24 07:00:00+00:00,3138254.58884346
2024-05-24 08:00:00+00:00,3139294.7675078
2024-05-24 09:00:00+00:00,3139237.15638445
2024-05-24 10:00:00+00:00,3139119.42901017
2024-05-24 11:00:00+00:00,3139055.86615042
2024-05-24 12:00:00+00:00,3138905.04737132
2024-05-24 13:00:00+00:00,3137574.1035469
2024-05-24 14:00:00+00:00,3137555.60937299
2024-05-24 15:00:00+00:00,3133847.94547652
2024-05-24 16:00:00+00:00,3134106.40408218
2024-05-24 17:00:00+00:00,3134065.8732919903
2024-05-24 18:00:00+00:00,3144375.04071444
2024-05-24 19:00:00+00:00,3144783.94433859
2024-05-24 20:00:00+00:00,3145091.4182954403
2024-05-24 21:00:00+00:00,3146105.58526302
2024-05-24 22:00:00+00:00,3146198.89299172
2024-05-24 23:00:00+00:00,3146242.54150629
2024-05-25 00:00:00+00:00,3146336.80062596
2024-05-25 01:00:00+00:00,3147355.6153735803
2024-05-25 02:00:00+00:00,3147263.9549360103
2024-05-25 03:00:00+00:00,3147282.72012418
2024-05-25 04:00:00+00:00,3147340.84031073
2024-05-25 05:00:00+00:00,3147339.34377167
2024-05-25 06:00:00+00:00,3147371.66239889
2024-05-25 07:00:00+00:00,3147372.9367497303
2024-05-25 08:00:00+00:00,3147408.20842857
2024-05-25 09:00:00+00:00,3147286.79603762
2024-05-25 10:00:00+00:00,3147264.1942478702
2024-05-25 11:00:00+00:00,3147285.2095631403
2024-05-25 12:00:00+00:00,3147286.57511522
2024-05-25 13:00:00+00:00,3147295.56783365
2024-05-25 14:00:00+00:00,3147305.02027534
2024-05-25 15:00:00+00:00,3147326.1610685
2024-05-25 16:00:00+00:00,3147293.59449649
2024-05-25 17:00:00+00:00,3147259.0199689902
2024-05-25 18:00:00+00:00,3147267.24651118
2024-05-25 19:00:00+00:00,3147304.24082048
2024-05-25 20:00:00+00:00,3147311.68498219
2024-05-25 21:00:00+00:00,3147313.58019742
2024-05-25 22:00:00+00:00,3147287.99313547
2024-05-25 23:00:00+00:00,3147327.24152881
2024-05-26 00:00:00+00:00,3147332.4298791
2024-05-26 01:00:00+00:00,3147356.38650205
2024-05-26 02:00:00+00:00,3147375.62336118
2024-05-26 03:00:00+00:00,3147322.2409815
2024-05-26 04:00:00+00:00,3147296.59733309
2024-05-26 05:00:00+00:00,3147315.22318553
2024-05-26 06:00:00+00:00,3147315.06616286
2024-05-26 07:00:00+00:00,3147340.44228639
2024-05-26 08:00:00+00:00,3147351.31474342
2024-05-26 09:00:00+00:00,3147227.46816122
2024-05-26 10:00:00+00:00,3147245.76143081
2024-05-26 11:00:00+00:00,3148290.3309193603
2024-05-26 12:00:00+00:00,3148307.54456906
2024-05-26 13:00:00+00:00,3148314.38979477
2024-05-26 14:00:00+00:00,3148317.92949295
2024-05-26 15:00:00+00:00,3148328.09427844
2024-05-26 16:00:00+00:00,3148344.67424071
2024-05-26 17:00:00+00:00,3148359.82894017
2024-05-26 18:00:00+00:00,3148380.15098473
2024-05-26 19:00:00+00:00,3147538.31813744
2024-05-26 20:00:00+00:00,3144299.6616474
2024-05-26 21:00:00+00:00,3144322.77994135
2024-05-26 22:00:00+00:00,3144493.09401023
2024-05-26 23:00:00+00:00,3144520.7490464603
2024-05-27 00:00:00+00:00,3144551.89605818
2024-05-27 01:00:00+00:00,3144578.48463277
2024-05-27 02:00:00+00:00,3144590.41351374
2024-05-27 03:00:00+00:00,3143433.81777387
2024-05-27 04:00:00+00:00,3143426.3744744603
2024-05-27 05:00:00+00:00,3143520.9986901
2024-05-27 06:00:00+00:00,3143917.77663024
2024-05-27 07:00:00+00:00,3142959.1970733
2024-05-27 08:00:00+00:00,3142960.46956536
2024-05-27 09:00:00+00:00,3142852.32642343
2024-05-27 10:00:00+00:00,3142985.74567569
2024-05-27 11:00:00+00:00,3142929.3730504
2024-05-27 12:00:00+00:00,3142891.55550399
2024-05-27 13:00:00+00:00,3142815.14390459
2024-05-27 14:00:00+00:00,3141484.29148565
2024-05-27 15:00:00+00:00,3142434.78573088
2024-05-27 16:00:00+00:00,3141480.73556593
2024-05-27 17:00:00+00:00,3141523.24446347
2024-05-27 18:00:00+00:00,3141515.28110165
2024-05-27 19:00:00+00:00,3141605.51154078
2024-05-27 20:00:00+00:00,3141590.55986602
2024-05-27 21:00:00+00:00,3141575.1553747
2024-05-27 22:00:00+00:00,3141619.98742581
2024-05-27 23:00:00+00:00,3141664.2042967
2024-05-28 00:00:00+00:00,3141571.44879012
2024-05-28 01:00:00+00:00,3141564.17522754
2024-05-28 02:00:00+00:00,3141509.7797912
2024-05-28 03:00:00+00:00,3141346.82931231
2024-05-28 04:00:00+00:00,3141300.95698363
2024-05-28 05:00:00+00:00,3141280.35326698
2024-05-28 06:00:00+00:00,3141364.3790555
2024-05-28 07:00:00+00:00,3141327.28663868
2024-05-28 08:00:00+00:00,3141506.7634679
2024-05-28 09:00:00+00:00,3142434.33363607
2024-05-28 10:00:00+00:00,3142794.9332207902
2024-05-28 11:00:00+00:00,3142815.80540232
2024-05-28 12:00:00+00:00,3142490.83433131
2024-05-28 13:00:00+00:00,3140918.38530584
2024-05-28 14:00:00+00:00,3139392.7973703803
2024-05-28 15:00:00+00:00,3139571.51517523
2024-05-28 16:00:00+00:00,3138626.22983854
2024-05-28 17:00:00+00:00,3138805.08056538
2024-05-28 18:00:00+00:00,3138919.64793728
2024-05-28 19:00:00+00:00,3138913.50278041
2024-05-28 20:00:00+00:00,3137675.79600418
2024-05-28 21:00:00+00:00,3137744.52932726
2024-05-28 22:00:00+00:00,3137500.72540978
2024-05-28 23:00:00+00:00,3137106.84676108
2024-05-29 00:00:00+00:00,3136936.7311604703
2024-05-29 01:00:00+00:00,3136750.98975332
2024-05-29 02:00:00+00:00,3136779.59157356
2024-05-29 03:00:00+00:00,3136781.08713446
2024-05-29 04:00:00+00:00,3136763.19607409
2024-05-29 05:00:00+00:00,3136775.63329289
2024-05-29 06:00:00+00:00,3136815.33808378
2024-05-29 07:00:00+00:00,3136758.2360889902
2024-05-29 08:00:00+00:00,3136778.54999193
2024-05-29 09:00:00+00:00,3136630.37028464
2024-05-29 10:00:00+00:00,3137078.50128364
2024-05-29 11:00:00+00:00,3137108.67279555
2024-05-29 12:00:00+00:00,3137077.74517869
2024-05-29 13:00:00+00:00,3137112.0621397
2024-05-29 14:00:00+00:00,3138192.7806716003
2024-05-29 15:00:00+00:00,3138274.44936767
2024-05-29 16:00:00+00:00,3138422.33208784
2024-05-29 17:00:00+00:00,3138557.28162967
2024-05-29 18:00:00+00:00,3138756.49909221
2024-05-29 19:00:00+00:00,3138808.36735689
2024-05-29 20:00:00+00:00,3138868.7743773903
2024-05-29 21:00:00+00:00,3138927.32403214
2024-05-29 22:00:00+00:00,3139007.03820721
2024-05-29 23:00:00+00:00,3139005.58196616
2024-05-30 00:00:00+00:00,3140492.93054802
2024-05-30 01:00:00+00:00,3140528.2234113
2024-05-30 02:00:00+00:00,3139522.18552448
2024-05-30 03:00:00+00:00,3139520.56509797
2024-05-30 04:00:00+00:00,3139577.24352464
2024-05-30 05:00:00+00:00,3139572.11377537
2024-05-30 06:00:00+00:00,3140621.48938193
2024-05-30 07:00:00+00:00,3140615.24619885
2024-05-30 08:00:00+00:00,3140554.8431372503
2024-05-30 09:00:00+00:00,3140568.05965354
2024-05-30 10:00:00+00:00,3141804.89011836
2024-05-30 11:00:00+00:00,3141277.06530795
2024-05-30 12:00:00+00:00,3141282.73218927
2024-05-30 13:00:00+00:00,3141120.16995285
2024-05-30 14:00:00+00:00,3141725.6596807903
2024-05-30 15:00:00+00:00,3141730.97750683
2024-05-30 16:00:00+00:00,3141648.07597196
2024-05-30 17:00:00+00:00,3140481.41456635
2024-05-30 18:00:00+00:00,3140909.10164114
2024-05-30 19:00:00+00:00,3141061.39308789
2024-05-30 20:00:00+00:00,3141321.16150004
2024-05-30 21:00:00+00:00,3140548.47398291
2024-05-30 22:00:00+00:00,3141169.76673463
2024-05-30 23:00:00+00:00,3141176.36995216
2024-05-31 00:00:00+00:00,3141198.3305148003
2024-05-31 01:00:00+00:00,3140520.54745342
2024-05-31 02:00:00+00:00,3140485.31250715
2024-05-31 03:00:00+00:00,3140569.63963167
2024-05-31 04:00:00+00:00,3135722.52163779
2024-05-31 05:00:00+00:00,3136179.92792953
2024-05-31 06:00:00+00:00,3136329.06843526
2024-05-31 07:00:00+00:00,3136611.4146188
2024-05-31 08:00:00+00:00,3136952.60810411
2024-05-31 09:00:00+00:00,3137154.10880824
2024-05-31 10:00:00+00:00,3137186.55715228
2024-05-31 11:00:00+00:00,3137186.41736794
2024-05-31 12:00:00+00:00,3135883.76108448
2024-05-31 13:00:00+00:00,3133500.74859235
2024-05-31 14:00:00+00:00,3133160.38586509
2024-05-31 15:00:00+00:00,3134386.7993585
2024-05-31 16:00:00+00:00,3134457.76736856
2024-05-31 17:00:00+00:00,3132496.39113386
2024-05-31 18:00:00+00:00,3132820.07550444
2024-05-31 19:00:00+00:00,3132046.87561583
2024-05-31 20:00:00+00:00,3131964.72510514
2024-05-31 21:00:00+00:00,3132211.90336802
2024-05-31 22:00:00+00:00,3131103.94294379
2024-05-31 23:00:00+00:00,3131293.96783584
2024-06-01 00:00:00+00:00,3131308.30265752
2024-06-01 01:00:00+00:00,3131326.47757006
2024-06-01 02:00:00+00:00,3131399.79096939
2024-06-01 03:00:00+00:00,3131364.01647484
2024-06-01 04:00:00+00:00,3131397.37326852
2024-06-01 05:00:00+00:00,3131602.38223756
2024-06-01 06:00:00+00:00,3131605.65726405
2024-06-01 07:00:00+00:00,3131645.09464829
2024-06-01 08:00:00+00:00,3131521.87566589
2024-06-01 09:00:00+00:00,3131389.47966685
2024-06-01 10:00:00+00:00,3131747.34718295
2024-06-01 11:00:00+00:00,3131766.58796997
2024-06-01 12:00:00+00:00,3131214.49936901
2024-06-01 13:00:00+00:00,3131590.27782161
2024-06-01 14:00:00+00:00,3131597.65477683
2024-06-01 15:00:00+00:00,3131720.02609376
2024-06-01 16:00:00+00:00,3131334.94976251
2024-06-01 17:00:00+00:00,3131337.5140616503
2024-06-01 18:00:00+00:00,3131347.94362689
2024-06-01 19:00:00+00:00,3131563.08143034
2024-06-01 20:00:00+00:00,3131457.51102561
2024-06-01 21:00:00+00:00,3131478.29362872
2024-06-01 22:00:00+00:00,3129330.70992241
2024-06-01 23:00:00+00:00,3129332.07659611
2024-06-02 00:00:00+00:00,3129343.43186537
2024-06-02 01:00:00+00:00,3129647.83813254
2024-06-02 02:00:00+00:00,3129657.74384853
2024-06-02 03:00:00+00:00,3129641.07019427
2024-06-02 04:00:00+00:00,3129600.42205439
2024-06-02 05:00:00+00:00,3129477.95376806
2024-06-02 06:00:00+00:00,3129492.36171785
2024-06-02 07:00:00+00:00,3129516.61161385
2024-06-02 08:00:00+00:00,3129516.63945904
2024-06-02 09:00:00+00:00,3129423.76590887
2024-06-02 10:00:00+00:00,3129460.04034989
2024-06-02 11:00:00+00:00,3129225.49961272
2024-06-02 12:00:00+00:00,3130852.92446823
2024-06-02 13:00:00+00:00,3130835.36714606
2024-06-02 14:00:00+00:00,3130874.67992728
2024-06-02 15:00:00+00:00,3130832.31746087
2024-06-02 16:00:00+00:00,3130848.59526281
2024-06-02 17:00:00+00:00,3130852.24036191
2024-06-02 18:00:00+00:00,3130892.00216639
2024-06-02 19:00:00+00:00,3130909.7324319
2024-06-02 20:00:00+00:00,3130916.74993019
2024-06-02 21:00:00+00:00,3130934.88087653
2024-06-02 22:00:00+00:00,3130920.17038628
2024-06-02 23:00:00+00:00,3130936.24198022
2024-06-03 00:00:00+00:00,3130955.2663861
2024-06-03 01:00:00+00:00,3130981.2740133
2024-06-03 02:00:00+00:00,3130897.83376774
2024-06-03 03:00:00+00:00,3130864.30472467
2024-06-03 04:00:00+00:00,3130941.51184582
2024-06-03 05:00:00+00:00,3129875.05362204
2024-06-03 06:00:00+00:00,3129893.72651929
2024-06-03 07:00:00+00:00,3129924.94102176
2024-06-03 08:00:00+00:00,3129962.49809904
2024-06-03 09:00:00+00:00,3129960.47699744
2024-06-03 10:00:00+00:00,3129945.90799277
2024-06-03 11:00:00+00:00,3128792.37191925
2024-06-03 12:00:00+00:00,3129078.19479856
2024-06-03 13:00:00+00:00,3129367.67402412
2024-06-03 14:00:00+00:00,3132083.65915398
2024-06-03 15:00:00+00:00,3130156.97088728
2024-06-03 16:00:00+00:00,3132035.33543869
2024-06-03 17:00:00+00:00,3132475.24658716
2024-06-03 18:00:00+00:00,3132472.19786111
2024-06-03 19:00:00+00:00,3130512.29559309
2024-06-03 20:00:00+00:00,3132659.91415702
2024-06-03 21:00:00+00:00,3133769.5459271
2024-06-03 22:00:00+00:00,3133768.16012862
2024-06-03 23:00:00+00:00,3134085.17236012
2024-06-04 00:00:00+00:00,3134109.97107359
2024-06-04 01:00:00+00:00,3135013.00741848
2024-06-04 02:00:00+00:00,3135111.1897773
2024-06-04 03:00:00+00:00,3136297.32055225
2024-06-04 04:00:00+00:00,3136134.8804058
2024-06-04 05:00:00+00:00,3136215.4406149
2024-06-04 06:00:00+00:00,3136251.7435232103
2024-06-04 07:00:00+00:00,3136221.7261975203
2024-06-04 08:00:00+00:00,3136633.86793554
2024-06-04 09:00:00+00:00,3136481.0184594803
2024-06-04 10:00:00+00:00,3136607.0550904702
2024-06-04 11:00:00+00:00,3136742.11064906
2024-06-04 12:00:00+00:00,3137606.20984011
2024-06-04 13:00:00+00:00,3137634.6079211603
2024-06-04 14:00:00+00:00,3138478.28927005
2024-06-04 15:00:00+00:00,3138709.6044216203
2024-06-04 16:00:00+00:00,3138576.68467345
2024-06-04 17:00:00+00:00,3136138.30455429
2024-06-04 18:00:00+00:00,3137486.4421654
2024-06-04 19:00:00+00:00,3139223.29422811
2024-06-04 20:00:00+00:00,3139442.93567229
2024-06-04 21:00:00+00:00,3138056.80548211
2024-06-04 22:00:00+00:00,3138043.46937554
2024-06-04 23:00:00+00:00,3138073.54847641
2024-06-05 00:00:00+00:00,3138407.96406365
2024-06-05 01:00:00+00:00,3138414.89129282
2024-06-05 02:00:00+00:00,3138480.43586592
2024-06-05 03:00:00+00:00,3138560.28448266
2024-06-05 04:00:00+00:00,3138519.8716694
2024-06-05 05:00:00+00:00,3138410.67050055
2024-06-05 06:00:00+00:00,3139072.44896403
2024-06-05 07:00:00+00:00,3138992.93121696
2024-06-05 08:00:00+00:00,3139223.6920504603
2024-06-05 09:00:00+00:00,3138130.08668075
2024-06-05 10:00:00+00:00,3137163.3710261
2024-06-05 11:00:00+00:00,3137189.15816642
2024-06-05 12:00:00+00:00,3137769.79021595
2024-06-05 13:00:00+00:00,3136846.13483084
2024-06-05 14:00:00+00:00,3133155.44127572
2024-06-05 15:00:00+00:00,3133147.95420276
2024-06-05 16:00:00+00:00,3133225.30223514
2024-06-05 17:00:00+00:00,3134787.63519513
2024-06-05 18:00:00+00:00,3134644.09948146
2024-06-05 19:00:00+00:00,3134830.80633866
2024-06-05 20:00:00+00:00,3136151.71530666
2024-06-05 21:00:00+00:00,3135730.82237216
2024-06-05 22:00:00+00:00,3134657.7368106903
2024-06-05 23:00:00+00:00,3134692.78900121
2024-06-06 00:00:00+00:00,3134664.3161478
2024-06-06 01:00:00+00:00,3134624.50529129
2024-06-06 02:00:00+00:00,3134664.15116645
2024-06-06 03:00:00+00:00,3134658.6080652
2024-06-06 04:00:00+00:00,3134854.20329125
2024-06-06 05:00:00+00:00,3134794.69665325
2024-06-06 06:00:00+00:00,3134801.03561965
2024-06-06 07:00:00+00:00,3133479.9386588302
2024-06-06 08:00:00+00:00,3133515.05944158
2024-06-06 09:00:00+00:00,3133108.18866386
2024-06-06 10:00:00+00:00,3133488.88541854
2024-06-06 11:00:00+00:00,3133552.1635637
2024-06-06 12:00:00+00:00,3133797.29434141
2024-06-06 13:00:00+00:00,3132819.62108092
2024-06-06 14:00:00+00:00,3131730.77195817
2024-06-06 15:00:00+00:00,3132088.96644479
2024-06-06 16:00:00+00:00,3132078.17766176
2024-06-06 17:00:00+00:00,3132411.5815938
2024-06-06 18:00:00+00:00,3132369.15111136
2024-06-06 19:00:00+00:00,3134180.0249260003
2024-06-06 20:00:00+00:00,3134387.50372387
2024-06-06 21:00:00+00:00,3134214.4633598803
2024-06-06 22:00:00+00:00,3134282.63421386
2024-06-06 23:00:00+00:00,3134325.3391073
2024-06-07 00:00:00+00:00,3134291.13126621
2024-06-07 01:00:00+00:00,3134378.27740368
2024-06-07 02:00:00+00:00,3134409.88848959
2024-06-07 03:00:00+00:00,3134403.4991842
2024-06-07 04:00:00+00:00,3134613.89348618
2024-06-07 05:00:00+00:00,3134628.79836256
2024-06-07 06:00:00+00:00,3134448.04436511
2024-06-07 07:00:00+00:00,3134528.50737607
2024-06-07 08:00:00+00:00,3134353.42975949
2024-06-07 09:00:00+00:00,3134376.80137152
2024-06-07 10:00:00+00:00,3134317.49252265
2024-06-07 11:00:00+00:00,3134317.1013538903
2024-06-07 12:00:00+00:00,3134394.12480635
2024-06-07 13:00:00+00:00,3134901.61142585
2024-06-07 14:00:00+00:00,3134990.48687652
2024-06-07 15:00:00+00:00,3135144.7151001003
2024-06-07 16:00:00+00:00,3135297.76736275
2024-06-07 17:00:00+00:00,3127276.25880848
2024-06-07 18:00:00+00:00,3127001.56089278
2024-06-07 19:00:00+00:00,3127114.90460329
2024-06-07 20:00:00+00:00,3127764.5535461903
2024-06-07 21:00:00+00:00,3127741.50214604
2024-06-07 22:00:00+00:00,3127911.05674977
2024-06-07 23:00:00+00:00,3127979.25678023
2024-06-08 00:00:00+00:00,3127870.48010313
2024-06-08 01:00:00+00:00,3127817.7720693
2024-06-08 02:00:00+00:00,3127995.369367
2024-06-08 03:00:00+00:00,3128056.90809056
2024-06-08 04:00:00+00:00,3128107.76779928
2024-06-08 05:00:00+00:00,3128150.48384494
2024-06-08 06:00:00+00:00,3128181.04332777
2024-06-08 07:00:00+00:00,3128198.83806812
2024-06-08 08:00:00+00:00,3128153.45433799
2024-06-08 09:00:00+00:00,3127951.9801280103
2024-06-08 10:00:00+00:00,3127849.25670214
2024-06-08 11:00:00+00:00,3127917.55717387
2024-06-08 12:00:00+00:00,3127902.68100808
2024-06-08 13:00:00+00:00,3127865.08476136
2024-06-08 14:00:00+00:00,3128049.21140915
2024-06-08 15:00:00+00:00,3128124.56664073
2024-06-08 16:00:00+00:00,3127916.99105547
2024-06-08 17:00:00+00:00,3127976.41530118
2024-06-08 18:00:00+00:00,3128026.93291348
2024-06-08 19:00:00+00:00,3128033.91290063
2024-06-08 20:00:00+00:00,3128027.74161389
2024-06-08 21:00:00+00:00,3128127.28122749
2024-06-08 22:00:00+00:00,3128175.99337121
2024-06-08 23:00:00+00:00,3128204.00675592
2024-06-09 00:00:00+00:00,3128244.82012245
2024-06-09 01:00:00+00:00,3128287.66613652
2024-06-09 02:00:00+00:00,3128260.39737224
2024-06-09 03:00:00+00:00,3128284.59087532
2024-06-09 04:00:00+00:00,3128303.5931112003
2024-06-09 05:00:00+00:00,3128303.5931112003
2024-06-09 06:00:00+00:00,3128263.67626293
2024-06-09 07:00:00+00:00,3128323.26190982
2024-06-09 08:00:00+00:00,3128364.4845125
2024-06-09 09:00:00+00:00,3128354.99596508
2024-06-09 10:00:00+00:00,3128367.17958214
2024-06-09 11:00:00+00:00,3128374.69974379
2024-06-09 12:00:00+00:00,3128326.75267896
2024-06-09 13:00:00+00:00,3128344.38942061
2024-06-09 14:00:00+00:00,3128320.8415041403
2024-06-09 15:00:00+00:00,3128320.5556211
2024-06-09 16:00:00+00:00,3128351.17475964
2024-06-09 17:00:00+00:00,3128353.05389114
2024-06-09 18:00:00+00:00,3128359.66205932
2024-06-09 19:00:00+00:00,3128369.4498513
2024-06-09 20:00:00+00:00,3128395.60822939
2024-06-09 21:00:00+00:00,3128510.77837547
2024-06-09 22:00:00+00:00,3128463.59325553
2024-06-09 23:00:00+00:00,3128465.21845608
2024-06-10 00:00:00+00:00,3128288.4771074
2024-06-10 01:00:00+00:00,3128271.43870391
2024-06-10 02:00:00+00:00,3128175.1903060703
2024-06-10 03:00:00+00:00,3128209.49679274
2024-06-10 04:00:00+00:00,3128297.94335662
2024-06-10 05:00:00+00:00,3128275.0967430603
2024-06-10 06:00:00+00:00,3127404.95705631
2024-06-10 07:00:00+00:00,3127952.6228053803
2024-06-10 08:00:00+00:00,3127977.5910598403
2024-06-10 09:00:00+00:00,3129040.53176871
2024-06-10 10:00:00+00:00,3129088.9114208203
2024-06-10 11:00:00+00:00,3127847.87983086
2024-06-10 12:00:00+00:00,3127822.41635172
2024-06-10 13:00:00+00:00,3127956.15291252
2024-06-10 14:00:00+00:00,3127985.6418816303
2024-06-10 15:00:00+00:00,3127599.5920252
2024-06-10 16:00:00+00:00,3126063.45838591
2024-06-10 17:00:00+00:00,3126947.4439773
2024-06-10 18:00:00+00:00,3126948.47676552
2024-06-10 19:00:00+00:00,3126868.73717441
2024-06-10 20:00:00+00:00,3127030.12187387
2024-06-10 21:00:00+00:00,3127006.9414193803
2024-06-10 22:00:00+00:00,3125997.20388756
2024-06-10 23:00:00+00:00,3125846.6230973
2024-06-11 00:00:00+00:00,3125959.8150340603
2024-06-11 01:00:00+00:00,3125862.90148886
2024-06-11 02:00:00+00:00,3126135.85157335
2024-06-11 03:00:00+00:00,3125515.96850589
2024-06-11 04:00:00+00:00,3125311.8760555503
2024-06-11 05:00:00+00:00,3125676.80582003
2024-06-11 06:00:00+00:00,3125727.05034119
2024-06-11 07:00:00+00:00,3124507.05278075
2024-06-11 08:00:00+00:00,3125261.46757554
2024-06-11 09:00:00+00:00,3125530.1555758
2024-06-11 10:00:00+00:00,3125226.75394654
2024-06-11 11:00:00+00:00,3126061.38861624
2024-06-11 12:00:00+00:00,3124436.6097732503
2024-06-11 13:00:00+00:00,3124784.97385657
2024-06-11 14:00:00+00:00,3124301.04299598
2024-06-11 15:00:00+00:00,3125062.66569481
2024-06-11 16:00:00+00:00,3124909.56241489
2024-06-11 17:00:00+00:00,3124553.17949722
2024-06-11 18:00:00+00:00,3122469.83182815
2024-06-11 19:00:00+00:00,3122612.88129732
2024-06-11 20:00:00+00:00,3122599.037982
2024-06-11 21:00:00+00:00,3122967.1421751003
2024-06-11 22:00:00+00:00,3122785.85212577
2024-06-11 23:00:00+00:00,3122686.99389829
2024-06-12 00:00:00+00:00,3122705.08296711
2024-06-12 01:00:00+00:00,3122729.73306574
2024-06-12 02:00:00+00:00,3122806.25083818
2024-06-12 03:00:00+00:00,3121293.55341902
2024-06-12 04:00:00+00:00,3121258.4650982902
2024-06-12 05:00:00+00:00,3121296.78173175
2024-06-12 06:00:00+00:00,3121344.94699587
2024-06-12 07:00:00+00:00,3121452.02992635
2024-06-12 08:00:00+00:00,3120385.25531992
2024-06-12 09:00:00+00:00,3119852.15828287
2024-06-12 10:00:00+00:00,3119887.45178089
2024-06-12 11:00:00+00:00,3119934.34358841
2024-06-12 12:00:00+00:00,3119683.94530479
2024-06-12 13:00:00+00:00,3118731.86420582
2024-06-12 14:00:00+00:00,3118384.89608188
2024-06-12 15:00:00+00:00,3117537.70152918
2024-06-12 16:00:00+00:00,3117153.87249784
2024-06-12 17:00:00+00:00,3117171.15830997
2024-06-12 18:00:00+00:00,3116938.78355873
2024-06-12 19:00:00+00:00,3116679.7431524103
2024-06-12 20:00:00+00:00,3116442.00771048
2024-06-12 21:00:00+00:00,3116368.80251447
2024-06-12 22:00:00+00:00,3116096.12871101
2024-06-12 23:00:00+00:00,3116071.05268358
2024-06-13 00:00:00+00:00,3116071.77315729
2024-06-13 01:00:00+00:00,3116131.20924454
2024-06-13 02:00:00+00:00,3116164.9872303302
2024-06-13 03:00:00+00:00,3115438.35210375
2024-06-13 04:00:00+00:00,3115451.81813928
2024-06-13 05:00:00+00:00,3115483.9844479603
2024-06-13 06:00:00+00:00,3116671.86833835
2024-06-13 07:00:00+00:00,3116545.05118299
2024-06-13 08:00:00+00:00,3116468.53209968
2024-06-13 09:00:00+00:00,3116442.57664844
2024-06-13 10:00:00+00:00,3117614.63506548
2024-06-13 11:00:00+00:00,3116709.34847964
2024-06-13 12:00:00+00:00,3117192.40106175
2024-06-13 13:00:00+00:00,3117127.78055195
2024-06-13 14:00:00+00:00,3117349.44459423
2024-06-13 15:00:00+00:00,3119783.49792035
2024-06-13 16:00:00+00:00,3118229.48846345
2024-06-13 17:00:00+00:00,3117863.78071014
2024-06-13 18:00:00+00:00,3117918.4204034
2024-06-13 19:00:00+00:00,3118025.27361473
2024-06-13 20:00:00+00:00,3118089.14476091
2024-06-13 21:00:00+00:00,3118089.14476091
2024-06-13 22:00:00+00:00,3118111.39141949
2024-06-13 23:00:00+00:00,3118008.5534539702
2024-06-14 00:00:00+00:00,3117971.84311009
2024-06-14 01:00:00+00:00,3117954.27669201
2024-06-14 02:00:00+00:00,3118010.34020284
2024-06-14 03:00:00+00:00,3115927.19864653
2024-06-14 04:00:00+00:00,3115886.26316461
2024-06-14 05:00:00+00:00,3116051.6675141603
2024-06-14 06:00:00+00:00,3116050.80728742
2024-06-14 07:00:00+00:00,3114534.6702929903
2024-06-14 08:00:00+00:00,3114555.01485467
2024-06-14 09:00:00+00:00,3114933.80313044
2024-06-14 10:00:00+00:00,3114951.62481819
2024-06-14 11:00:00+00:00,3116179.93356859
2024-06-14 12:00:00+00:00,3116175.72840273
2024-06-14 13:00:00+00:00,3116268.21126436
2024-06-14 14:00:00+00:00,3115161.67547049
2024-06-14 15:00:00+00:00,3113568.34762289
2024-06-14 16:00:00+00:00,3113613.66129186
2024-06-14 17:00:00+00:00,3113694.5795620503
2024-06-14 18:00:00+00:00,3113805.80439499
2024-06-14 19:00:00+00:00,3112358.09463651
2024-06-14 20:00:00+00:00,3112576.6945374003
2024-06-14 21:00:00+00:00,3111569.11675965
2024-06-14 22:00:00+00:00,3111665.71372755
2024-06-14 23:00:00+00:00,3111665.17962516
2024-06-15 00:00:00+00:00,3111679.2732247
2024-06-15 01:00:00+00:00,3111599.26751103
2024-06-15 02:00:00+00:00,3111606.04130166
2024-06-15 03:00:00+00:00,3111342.51015152
2024-06-15 04:00:00+00:00,3111269.95392923
2024-06-15 05:00:00+00:00,3111264.64413455
2024-06-15 06:00:00+00:00,3111291.39828938
2024-06-15 07:00:00+00:00,3111260.0975513803
2024-06-15 08:00:00+00:00,3111290.26915623
2024-06-15 09:00:00+00:00,3111270.07610923
2024-06-15 10:00:00+00:00,3111265.74617914
2024-06-15 11:00:00+00:00,3111274.2724098
2024-06-15 12:00:00+00:00,3111287.89570291
2024-06-15 13:00:00+00:00,3111285.75412627
2024-06-15 14:00:00+00:00,3111285.75412627
2024-06-15 15:00:00+00:00,3111173.244458
2024-06-15 16:00:00+00:00,3111151.02653862
2024-06-15 17:00:00+00:00,3111165.87233529
2024-06-15 18:00:00+00:00,3111194.9162279
2024-06-15 19:00:00+00:00,3110167.48514726
2024-06-15 20:00:00+00:00,3110161.34794543
2024-06-15 21:00:00+00:00,3110141.5620576
2024-06-15 22:00:00+00:00,3110141.0128092603
2024-06-15 23:00:00+00:00,3109961.3939367
2024-06-16 00:00:00+00:00,3109992.33673647
2024-06-16 01:00:00+00:00,3109991.50612573
2024-06-16 02:00:00+00:00,3109966.85019718
2024-06-16 03:00:00+00:00,3109975.42601306
2024-06-16 04:00:00+00:00,3109969.3226895
2024-06-16 05:00:00+00:00,3109996.9430756
2024-06-16 06:00:00+00:00,3109997.30751535
2024-06-16 07:00:00+00:00,3110000.95210526
2024-06-16 08:00:00+00:00,3109994.87685937
2024-06-16 09:00:00+00:00,3110001.30168427
2024-06-16 10:00:00+00:00,3109613.49828787
2024-06-16 11:00:00+00:00,3109578.29678036
2024-06-16 12:00:00+00:00,3109570.03904843
2024-06-16 13:00:00+00:00,3109617.41014525
2024-06-16 14:00:00+00:00,3109572.08810957
2024-06-16 15:00:00+00:00,3109619.14878135
2024-06-16 16:00:00+00:00,3109611.3403017
2024-06-16 17:00:00+00:00,3109467.106527
2024-06-16 18:00:00+00:00,3109420.87942719
2024-06-16 19:00:00+00:00,3109385.73958518
2024-06-16 20:00:00+00:00,3109391.4691072702
2024-06-16 21:00:00+00:00,3109396.27655746
2024-06-16 22:00:00+00:00,3109325.88863427
2024-06-16 23:00:00+00:00,3109299.5506175
2024-06-17 00:00:00+00:00,3109366.76303687
2024-06-17 01:00:00+00:00,3109289.32953631
2024-06-17 02:00:00+00:00,3109304.34366896
2024-06-17 03:00:00+00:00,3109324.04228025
2024-06-17 04:00:00+00:00,3109411.46416418
2024-06-17 05:00:00+00:00,3109451.59894903
2024-06-17 06:00:00+00:00,3109492.27090812
2024-06-17 07:00:00+00:00,3109545.45511247
2024-06-17 08:00:00+00:00,3109555.04889812
2024-06-17 09:00:00+00:00,3110780.0457869
2024-06-17 10:00:00+00:00,3110884.44957516
2024-06-17 11:00:00+00:00,3111084.0926899803
2024-06-17 12:00:00+00:00,3110763.06259437
2024-06-17 13:00:00+00:00,3110732.70776213
2024-06-17 14:00:00+00:00,3119567.07073022
2024-06-17 15:00:00+00:00,3119352.17055296
2024-06-17 16:00:00+00:00,3119336.21268125
2024-06-17 17:00:00+00:00,3119140.04207872
2024-06-17 18:00:00+00:00,3119087.38662516
2024-06-17 19:00:00+00:00,3120270.4263760103
2024-06-17 20:00:00+00:00,3119725.16009378
2024-06-17 21:00:00+00:00,3119382.4336927
2024-06-17 22:00:00+00:00,3119819.72375175
2024-06-17 23:00:00+00:00,3119737.25232626
2024-06-18 00:00:00+00:00,3118072.39862889
2024-06-18 01:00:00+00:00,3118306.75878872
2024-06-18 02:00:00+00:00,3118376.97001338
2024-06-18 03:00:00+00:00,3118383.45791305
2024-06-18 04:00:00+00:00,3118065.01259213
2024-06-18 05:00:00+00:00,3118388.13290664
2024-06-18 06:00:00+00:00,3118535.68508626
2024-06-18 07:00:00+00:00,3118478.36238748
2024-06-18 08:00:00+00:00,3119572.27510995
2024-06-18 09:00:00+00:00,3119898.92584591
2024-06-18 10:00:00+00:00,3119969.52517563
2024-06-18 11:00:00+00:00,3119805.09578325
2024-06-18 12:00:00+00:00,3120081.88020933
2024-06-18 13:00:00+00:00,3121371.94502326
2024-06-18 14:00:00+00:00,3121425.49676225
2024-06-18 15:00:00+00:00,3123781.52165476
2024-06-18 16:00:00+00:00,3124428.39862863
2024-06-18 17:00:00+00:00,3124879.10285773
2024-06-18 18:00:00+00:00,3125245.44371943
2024-06-18 19:00:00+00:00,3124078.5875108303
2024-06-18 20:00:00+00:00,3122662.53828946
2024-06-18 21:00:00+00:00,3122536.59644981
2024-06-18 22:00:00+00:00,3122528.4866531403
2024-06-18 23:00:00+00:00,3122626.7289059
2024-06-19 00:00:00+00:00,3122568.25165358
2024-06-19 01:00:00+00:00,3122605.01996728
2024-06-19 02:00:00+00:00,3122651.54975255
2024-06-19 03:00:00+00:00,3123042.14727367
2024-06-19 04:00:00+00:00,3123059.10779662
2024-06-19 05:00:00+00:00,3123092.45552922
2024-06-19 06:00:00+00:00,3123072.8695014203
2024-06-19 07:00:00+00:00,3122792.05943662
2024-06-19 08:00:00+00:00,3122965.24534314
2024-06-19 09:00:00+00:00,3123019.32169881
2024-06-19 10:00:00+00:00,3122975.41141116
2024-06-19 11:00:00+00:00,3122744.80961831
2024-06-19 12:00:00+00:00,3122776.07476714
2024-06-19 13:00:00+00:00,3122659.45826938
2024-06-19 14:00:00+00:00,3122605.72091653
2024-06-19 15:00:00+00:00,3122867.5940973302
2024-06-19 16:00:00+00:00,3123295.09316579
2024-06-19 17:00:00+00:00,3123472.744959
2024-06-19 18:00:00+00:00,3123497.35252704
2024-06-19 19:00:00+00:00,3120419.27926945
2024-06-19 20:00:00+00:00,3119898.1862027403
2024-06-19 21:00:00+00:00,3119826.58164804
2024-06-19 22:00:00+00:00,3119823.71164714
2024-06-19 23:00:00+00:00,3119855.02905579
2024-06-20 00:00:00+00:00,3119884.09087036
2024-06-20 01:00:00+00:00,3119813.70883345
2024-06-20 02:00:00+00:00,3119808.24855297
2024-06-20 03:00:00+00:00,3119848.58775358
2024-06-20 04:00:00+00:00,3119877.61092507
2024-06-20 05:00:00+00:00,3119873.96666094
2024-06-20 06:00:00+00:00,3119876.08593286
2024-06-20 07:00:00+00:00,3121616.07443507
2024-06-20 08:00:00+00:00,3120555.07662905
2024-06-20 09:00:00+00:00,3120543.5820597103
2024-06-20 10:00:00+00:00,3120700.48550909
2024-06-20 11:00:00+00:00,3121567.53072757
2024-06-20 12:00:00+00:00,3120105.78080204
2024-06-20 13:00:00+00:00,3122757.7630816903
2024-06-20 14:00:00+00:00,3121765.20190424
2024-06-20 15:00:00+00:00,3123417.63797905
2024-06-20 16:00:00+00:00,3122389.20728003
2024-06-20 17:00:00+00:00,3126678.63352325
2024-06-20 18:00:00+00:00,3129703.68779493
2024-06-20 19:00:00+00:00,3130798.09601071
2024-06-20 20:00:00+00:00,3130866.67871919
2024-06-20 21:00:00+00:00,3130618.58917994
2024-06-20 22:00:00+00:00,3130679.2239497
2024-06-20 23:00:00+00:00,3131667.5766334003
2024-06-21 00:00:00+00:00,3131750.37676324
2024-06-21 01:00:00+00:00,3131759.55358006
2024-06-21 02:00:00+00:00,3131795.24105797
2024-06-21 03:00:00+00:00,3131800.67219795
2024-06-21 04:00:00+00:00,3131892.9846492102
2024-06-21 05:00:00+00:00,3131877.35704795
2024-06-21 06:00:00+00:00,3131586.80612264
2024-06-21 07:00:00+00:00,3130457.05638791
2024-06-21 08:00:00+00:00,3130458.38968521
2024-06-21 09:00:00+00:00,3131523.72739725
2024-06-21 10:00:00+00:00,3131497.5757254
2024-06-21 11:00:00+00:00,3131599.4781402103
2024-06-21 12:00:00+00:00,3130892.16759251
2024-06-21 13:00:00+00:00,3130844.43517767
2024-06-21 14:00:00+00:00,3130762.04909159
2024-06-21 15:00:00+00:00,3131872.70995549
2024-06-21 16:00:00+00:00,3128931.85431576
2024-06-21 17:00:00+00:00,3128430.7708347803
2024-06-21 18:00:00+00:00,3127357.500219
2024-06-21 19:00:00+00:00,3127365.19977881
2024-06-21 20:00:00+00:00,3127226.3259485
2024-06-21 21:00:00+00:00,3127381.706143
2024-06-21 22:00:00+00:00,3129079.2513792003
2024-06-21 23:00:00+00:00,3128802.98277181
2024-06-22 00:00:00+00:00,3128801.47750679
2024-06-22 01:00:00+00:00,3128837.94018067
2024-06-22 02:00:00+00:00,3128847.45787326
2024-06-22 03:00:00+00:00,3128867.31034553
2024-06-22 04:00:00+00:00,3127858.1145948
2024-06-22 05:00:00+00:00,3123341.85074446
2024-06-22 06:00:00+00:00,3121998.24907632
2024-06-22 07:00:00+00:00,3122022.42879814
2024-06-22 08:00:00+00:00,3122350.2224873
2024-06-22 09:00:00+00:00,3122233.01475129
2024-06-22 10:00:00+00:00,3122237.3692144603
2024-06-22 11:00:00+00:00,3122501.93961088
2024-06-22 12:00:00+00:00,3122516.61488972
2024-06-22 13:00:00+00:00,3122532.76817003
2024-06-22 14:00:00+00:00,3122450.19028929
2024-06-22 15:00:00+00:00,3122897.75225716
2024-06-22 16:00:00+00:00,3122979.1761053503
2024-06-22 17:00:00+00:00,3122959.7559167203
2024-06-22 18:00:00+00:00,3122944.32381063
2024-06-22 19:00:00+00:00,3122833.00490597
2024-06-22 20:00:00+00:00,3122858.6266611
2024-06-22 21:00:00+00:00,3122872.53471732
2024-06-22 22:00:00+00:00,3122882.09990685
2024-06-22 23:00:00+00:00,3122892.67117271
2024-06-23 00:00:00+00:00,3122885.8224873203
2024-06-23 01:00:00+00:00,3122888.32708239
2024-06-23 02:00:00+00:00,3122895.69631666
2024-06-23 03:00:00+00:00,3122910.448496
2024-06-23 04:00:00+00:00,3122944.79104598
2024-06-23 05:00:00+00:00,3122921.60905847
2024-06-23 06:00:00+00:00,3122919.72616603
2024-06-23 07:00:00+00:00,3122937.90472069
2024-06-23 08:00:00+00:00,3122931.63253676
2024-06-23 09:00:00+00:00,3122970.10500846
2024-06-23 10:00:00+00:00,3122973.76192359
2024-06-23 11:00:00+00:00,3122977.41014431
2024-06-23 12:00:00+00:00,3122959.88789084
2024-06-23 13:00:00+00:00,3122810.2977496
2024-06-23 14:00:00+00:00,3122816.33034071
2024-06-23 15:00:00+00:00,3122821.39915006
2024-06-23 16:00:00+00:00,3122819.51338872
2024-06-23 17:00:00+00:00,3122802.32121201
2024-06-23 18:00:00+00:00,3122802.02500094
2024-06-23 19:00:00+00:00,3122842.26976782
2024-06-23 20:00:00+00:00,3122860.32039926
2024-06-23 21:00:00+00:00,3122949.4439821
2024-06-23 22:00:00+00:00,3122976.08226525
2024-06-23 23:00:00+00:00,3123033.52958778
2024-06-24 00:00:00+00:00,3123161.1273051403
2024-06-24 01:00:00+00:00,3123216.23304464
2024-06-24 02:00:00+00:00,3123240.40646571
2024-06-24 03:00:00+00:00,3123202.98624669
2024-06-24 04:00:00+00:00,3123167.0637041
2024-06-24 05:00:00+00:00,3123192.5166236903
2024-06-24 06:00:00+00:00,3123196.88392156
2024-06-24 07:00:00+00:00,3123110.49920555
2024-06-24 08:00:00+00:00,3123118.3567289403
2024-06-24 09:00:00+00:00,3123378.7940137703
2024-06-24 10:00:00+00:00,3123483.6872804603
2024-06-24 11:00:00+00:00,3122328.55542426
2024-06-24 12:00:00+00:00,3121640.9289342
2024-06-24 13:00:00+00:00,3124313.58004876
2024-06-24 14:00:00+00:00,3123311.78170839
2024-06-24 15:00:00+00:00,3124712.63228842
2024-06-24 16:00:00+00:00,3122294.6459452
2024-06-24 17:00:00+00:00,3122223.78760887
2024-06-24 18:00:00+00:00,3121837.69445505
2024-06-24 19:00:00+00:00,3122675.8083218
2024-06-24 20:00:00+00:00,3121634.18709141
2024-06-24 21:00:00+00:00,3120779.20037017
2024-06-24 22:00:00+00:00,3120699.73220553
2024-06-24 23:00:00+00:00,3120768.59543824
2024-06-25 00:00:00+00:00,3120787.59550492
2024-06-25 01:00:00+00:00,3120656.2752806903
2024-06-25 02:00:00+00:00,3120874.16376325
2024-06-25 03:00:00+00:00,3120951.53034564
2024-06-25 04:00:00+00:00,3118972.90059445
2024-06-25 05:00:00+00:00,3118098.12799531
2024-06-25 06:00:00+00:00,3118448.9919843
2024-06-25 07:00:00+00:00,3118839.60394092
2024-06-25 08:00:00+00:00,3118839.60394092
2024-06-25 09:00:00+00:00,3120473.36393905
2024-06-25 10:00:00+00:00,3119166.27584267
2024-06-25 11:00:00+00:00,3123750.14655132
2024-06-25 12:00:00+00:00,3123283.3910568203
2024-06-25 13:00:00+00:00,3124244.53057937
2024-06-25 14:00:00+00:00,3123957.77487824
2024-06-25 15:00:00+00:00,3123799.98788045
2024-06-25 16:00:00+00:00,3121872.67443147
2024-06-25 17:00:00+00:00,3120929.31494253
2024-06-25 18:00:00+00:00,3119453.79361816
2024-06-25 19:00:00+00:00,3116804.50489568
2024-06-25 20:00:00+00:00,3117347.23902262
2024-06-25 21:00:00+00:00,3116513.56949331
2024-06-25 22:00:00+00:00,3115436.64959916
2024-06-25 23:00:00+00:00,3114672.02643815
2024-06-26 00:00:00+00:00,3113630.51247657
2024-06-26 01:00:00+00:00,3113629.60318388
2024-06-26 02:00:00+00:00,3112874.53505407
2024-06-26 03:00:00+00:00,3111780.38998097
2024-06-26 04:00:00+00:00,3111803.97632981
2024-06-26 05:00:00+00:00,3112920.59739622
2024-06-26 06:00:00+00:00,3112369.80422736
2024-06-26 07:00:00+00:00,3112957.3927026503
2024-06-26 08:00:00+00:00,3113013.79028111
2024-06-26 09:00:00+00:00,3115998.54136144
2024-06-26 10:00:00+00:00,3114925.55463438
2024-06-26 11:00:00+00:00,3114939.45622823
2024-06-26 12:00:00+00:00,3114932.16876069
2024-06-26 13:00:00+00:00,3115332.59265016
2024-06-26 14:00:00+00:00,3116223.25666733
2024-06-26 15:00:00+00:00,3116167.22336447
2024-06-26 16:00:00+00:00,3114498.64894614
2024-06-26 17:00:00+00:00,3114533.79575693
2024-06-26 18:00:00+00:00,3114509.38472357
2024-06-26 19:00:00+00:00,3114482.04344287
2024-06-26 20:00:00+00:00,3114201.21154284
2024-06-26 21:00:00+00:00,3114851.01127896
2024-06-26 22:00:00+00:00,3115533.14546799
2024-06-26 23:00:00+00:00,3115549.75885899
2024-06-27 00:00:00+00:00,3116372.50000659
2024-06-27 01:00:00+00:00,3116375.89316463
2024-06-27 02:00:00+00:00,3116399.2584086503
2024-06-27 03:00:00+00:00,3116259.71773319
2024-06-27 04:00:00+00:00,3116294.67906765
2024-06-27 05:00:00+00:00,3116375.38504804
2024-06-27 06:00:00+00:00,3111752.98728386
2024-06-27 07:00:00+00:00,3111378.91175939
2024-06-27 08:00:00+00:00,3111378.91175939
2024-06-27 09:00:00+00:00,3115219.90518485
2024-06-27 10:00:00+00:00,3111876.99769049
2024-06-27 11:00:00+00:00,3112451.11998697
2024-06-27 12:00:00+00:00,3112432.63662918
2024-06-27 13:00:00+00:00,3112510.17977659
2024-06-27 14:00:00+00:00,3112629.11635867
2024-06-27 15:00:00+00:00,3112933.9814781803
2024-06-27 16:00:00+00:00,3112042.9219899
2024-06-27 17:00:00+00:00,3102353.17786712
2024-06-27 18:00:00+00:00,3102193.72097892
2024-06-27 19:00:00+00:00,3102129.5765838902
2024-06-27 20:00:00+00:00,3102355.41338326
2024-06-27 21:00:00+00:00,3098947.50846935
2024-06-27 22:00:00+00:00,3098938.5100221
2024-06-27 23:00:00+00:00,3097893.18529945
2024-06-28 00:00:00+00:00,3097894.56766207
2024-06-28 01:00:00+00:00,3097979.84305109
2024-06-28 02:00:00+00:00,3097874.9711294803
2024-06-28 03:00:00+00:00,3097827.99475112
2024-06-28 04:00:00+00:00,3097731.1656567203
2024-06-28 05:00:00+00:00,3097941.56428765
2024-06-28 06:00:00+00:00,3096722.73770319
2024-06-28 07:00:00+00:00,3096722.97725328
2024-06-28 08:00:00+00:00,3095302.57758267
2024-06-28 09:00:00+00:00,3095585.73092103
2024-06-28 10:00:00+00:00,3096029.27865376
2024-06-28 11:00:00+00:00,3094944.78700665
2024-06-28 12:00:00+00:00,3094944.78700665
2024-06-28 13:00:00+00:00,3095938.49696592
2024-06-28 14:00:00+00:00,3097587.27722003
2024-06-28 15:00:00+00:00,3098572.30102048
2024-06-28 16:00:00+00:00,3098851.04620264
2024-06-28 17:00:00+00:00,3099925.1257658303
2024-06-28 18:00:00+00:00,3097886.94977494
2024-06-28 19:00:00+00:00,3096802.95853955
2024-06-28 20:00:00+00:00,3098085.86796995
2024-06-28 21:00:00+00:00,3094596.44303853
2024-06-28 22:00:00+00:00,3094643.86288194
2024-06-28 23:00:00+00:00,3094645.0117328
2024-06-29 00:00:00+00:00,3094608.13881789
2024-06-29 01:00:00+00:00,3093585.84256589
2024-06-29 02:00:00+00:00,3093410.86925101
2024-06-29 03:00:00+00:00,3093435.54069522
2024-06-29 04:00:00+00:00,3093431.03332967
2024-06-29 05:00:00+00:00,3093419.32550922
2024-06-29 06:00:00+00:00,3093195.10912297
2024-06-29 07:00:00+00:00,3093221.57190477
2024-06-29 08:00:00+00:00,3093248.89065362
2024-06-29 09:00:00+00:00,3093235.03422493
2024-06-29 10:00:00+00:00,3093225.34459999
2024-06-29 11:00:00+00:00,3093224.4622216
2024-06-29 12:00:00+00:00,3093156.43361812
2024-06-29 13:00:00+00:00,3093140.60252138
2024-06-29 14:00:00+00:00,3093100.71507454
2024-06-29 15:00:00+00:00,3093093.1803623103
2024-06-29 16:00:00+00:00,3093061.73767515
2024-06-29 17:00:00+00:00,3094232.18802118
2024-06-29 18:00:00+00:00,3094212.1947911503
2024-06-29 19:00:00+00:00,3094223.6213608403
2024-06-29 20:00:00+00:00,3094196.20818116
2024-06-29 21:00:00+00:00,3094211.0295817
2024-06-29 22:00:00+00:00,3094224.47641575
2024-06-29 23:00:00+00:00,3094225.45939447
2024-06-30 00:00:00+00:00,3093252.55908448
2024-06-30 01:00:00+00:00,3093259.78622826
2024-06-30 02:00:00+00:00,3093238.80789942
2024-06-30 03:00:00+00:00,3093262.8580131102
2024-06-30 04:00:00+00:00,3093293.8533462803
2024-06-30 05:00:00+00:00,3093266.6135998
2024-06-30 06:00:00+00:00,3093269.55856228
2024-06-30 07:00:00+00:00,3093268.53122976
2024-06-30 08:00:00+00:00,3093256.32321051
2024-06-30 09:00:00+00:00,3093217.95422159
2024-06-30 10:00:00+00:00,3093226.21921193
2024-06-30 11:00:00+00:00,3093221.53611748
2024-06-30 12:00:00+00:00,3093231.78710507
2024-06-30 13:00:00+00:00,3093230.02256585
2024-06-30 14:00:00+00:00,3093241.92714367
2024-06-30 15:00:00+00:00,3093257.50968221
2024-06-30 16:00:00+00:00,3093265.97426709
2024-06-30 17:00:00+00:00,3093242.43334181
2024-06-30 18:00:00+00:00,3093660.4818966
2024-06-30 19:00:00+00:00,3093660.66794091
2024-06-30 20:00:00+00:00,3093660.66794091
2024-06-30 21:00:00+00:00,3093935.96577701
2024-06-30 22:00:00+00:00,3093943.11101102
2024-06-30 23:00:00+00:00,3094163.03092523
2024-07-01 00:00:00+00:00,3093719.1049706503
2024-07-01 01:00:00+00:00,3093711.90297627
2024-07-01 02:00:00+00:00,3093632.8187728003
2024-07-01 03:00:00+00:00,3093843.60929448
2024-07-01 04:00:00+00:00,3093844.84059087
2024-07-01 05:00:00+00:00,3093940.23190703
2024-07-01 06:00:00+00:00,3094111.77175904
2024-07-01 07:00:00+00:00,3094111.48060985
2024-07-01 08:00:00+00:00,3095803.73769109
2024-07-01 09:00:00+00:00,3095935.96809618
2024-07-01 10:00:00+00:00,3093879.48009662
2024-07-01 11:00:00+00:00,3093809.16154358
2024-07-01 12:00:00+00:00,3094323.59088093
2024-07-01 13:00:00+00:00,3094091.31517507
2024-07-01 14:00:00+00:00,3094090.98833604
2024-07-01 15:00:00+00:00,3094657.34585727
2024-07-01 16:00:00+00:00,3093052.26803938
2024-07-01 17:00:00+00:00,3092292.81136738
2024-07-01 18:00:00+00:00,3093700.12866776
2024-07-01 19:00:00+00:00,3093741.9440623103
2024-07-01 20:00:00+00:00,3093146.79947564
2024-07-01 21:00:00+00:00,3093655.50892053
2024-07-01 22:00:00+00:00,3093905.43080599
2024-07-01 23:00:00+00:00,3093932.8083885303
2024-07-02 00:00:00+00:00,3093950.03942549
2024-07-02 01:00:00+00:00,3093953.56133323
2024-07-02 02:00:00+00:00,3092858.3215915603
2024-07-02 03:00:00+00:00,3092868.78365661
2024-07-02 04:00:00+00:00,3092111.93799736
2024-07-02 05:00:00+00:00,3093076.12533567
2024-07-02 06:00:00+00:00,3094138.50410667
2024-07-02 07:00:00+00:00,3094363.04227587
2024-07-02 08:00:00+00:00,3094239.1426857603
2024-07-02 09:00:00+00:00,3094687.84090222
2024-07-02 10:00:00+00:00,3095203.2074453
2024-07-02 11:00:00+00:00,3095505.26338592
2024-07-02 12:00:00+00:00,3095794.50085063
2024-07-02 13:00:00+00:00,3095363.63969775
2024-07-02 14:00:00+00:00,3094784.8472705
2024-07-02 15:00:00+00:00,3094480.83516682
2024-07-02 16:00:00+00:00,3095121.94491889
2024-07-02 17:00:00+00:00,3095017.62796563
2024-07-02 18:00:00+00:00,3095033.0886422503
2024-07-02 19:00:00+00:00,3094827.78334902
2024-07-02 20:00:00+00:00,3095301.42283963
2024-07-02 21:00:00+00:00,3095238.34014109
2024-07-02 22:00:00+00:00,3095120.31399086
2024-07-02 23:00:00+00:00,3095092.26383847
2024-07-03 00:00:00+00:00,3095105.3332270603
2024-07-03 01:00:00+00:00,3095114.72079574
2024-07-03 02:00:00+00:00,3094878.85812531
2024-07-03 03:00:00+00:00,3094879.57140631
2024-07-03 04:00:00+00:00,3094658.07843269
2024-07-03 05:00:00+00:00,3094673.77284076
2024-07-03 06:00:00+00:00,3094645.55454062
2024-07-03 07:00:00+00:00,3095019.81164233
2024-07-03 08:00:00+00:00,3093185.38145585
2024-07-03 09:00:00+00:00,3092969.96871567
2024-07-03 10:00:00+00:00,3092685.16115377
2024-07-03 11:00:00+00:00,3091679.57343999
2024-07-03 12:00:00+00:00,3091656.4853095
2024-07-03 13:00:00+00:00,3092750.02393717
2024-07-03 14:00:00+00:00,3092731.74282948
2024-07-03 15:00:00+00:00,3093171.33389554
2024-07-03 16:00:00+00:00,3094255.490331
2024-07-03 17:00:00+00:00,3093095.14150357
2024-07-03 18:00:00+00:00,3091703.6941674
2024-07-03 19:00:00+00:00,3090593.10043598
2024-07-03 20:00:00+00:00,3091241.33838314
2024-07-03 21:00:00+00:00,3091378.62474464
2024-07-03 22:00:00+00:00,3091471.0031167
2024-07-03 23:00:00+00:00,3091652.17233425
2024-07-04 00:00:00+00:00,3091692.6023334702
2024-07-04 01:00:00+00:00,3091765.77161355
2024-07-04 02:00:00+00:00,3091740.70263793
2024-07-04 03:00:00+00:00,3091802.50971773
2024-07-04 04:00:00+00:00,3091809.0853082603
2024-07-04 05:00:00+00:00,3091492.67446535
2024-07-04 06:00:00+00:00,3091644.10502741
2024-07-04 07:00:00+00:00,3089586.79596471
2024-07-04 08:00:00+00:00,3091739.88917909
2024-07-04 09:00:00+00:00,3093417.71683022
2024-07-04 10:00:00+00:00,3093399.50563332
2024-07-04 11:00:00+00:00,3092340.77222629
2024-07-04 12:00:00+00:00,3092924.17483034
2024-07-04 13:00:00+00:00,3094090.55781691
2024-07-04 14:00:00+00:00,3094127.02999091
2024-07-04 15:00:00+00:00,3093539.20037269
2024-07-04 16:00:00+00:00,3093155.51434081
2024-07-04 17:00:00+00:00,3093206.63258333
2024-07-04 18:00:00+00:00,3093147.5381486
2024-07-04 19:00:00+00:00,3093176.78792177
2024-07-04 20:00:00+00:00,3093213.36911623
2024-07-04 21:00:00+00:00,3093167.95340046
2024-07-04 22:00:00+00:00,3092503.72443048
2024-07-04 23:00:00+00:00,3092506.37936622
2024-07-05 00:00:00+00:00,3092521.8419839703
2024-07-05 01:00:00+00:00,3092342.1974364403
2024-07-05 02:00:00+00:00,3092327.09956343
2024-07-05 03:00:00+00:00,3093095.44057881
2024-07-05 04:00:00+00:00,3094398.78319282
2024-07-05 05:00:00+00:00,3093060.20729734
2024-07-05 06:00:00+00:00,3095494.70197998
2024-07-05 07:00:00+00:00,3095685.00895157
2024-07-05 08:00:00+00:00,3096042.7156266
2024-07-05 09:00:00+00:00,3096435.7725268
2024-07-05 10:00:00+00:00,3094661.17479394
2024-07-05 11:00:00+00:00,3094468.0620583
2024-07-05 12:00:00+00:00,3095028.17233049
2024-07-05 13:00:00+00:00,3094986.78235334
2024-07-05 14:00:00+00:00,3095568.22119134
2024-07-05 15:00:00+00:00,3093156.53147368
2024-07-05 16:00:00+00:00,3076704.75302892
2024-07-05 17:00:00+00:00,3076850.36110179
2024-07-05 18:00:00+00:00,3076792.95720995
2024-07-05 19:00:00+00:00,3078211.3907120503
2024-07-05 20:00:00+00:00,3078189.28307314
2024-07-05 21:00:00+00:00,3077520.80418015
2024-07-05 22:00:00+00:00,3076327.44095606
2024-07-05 23:00:00+00:00,3077497.88286766
2024-07-06 00:00:00+00:00,3077515.36359876
2024-07-06 01:00:00+00:00,3077438.5254743
2024-07-06 02:00:00+00:00,3077436.67460185
2024-07-06 03:00:00+00:00,3077600.01554049
2024-07-06 04:00:00+00:00,3077627.36023228
2024-07-06 05:00:00+00:00,3077708.88270013
2024-07-06 06:00:00+00:00,3077605.21842131
2024-07-06 07:00:00+00:00,3077733.87042556
2024-07-06 08:00:00+00:00,3077733.43957813
2024-07-06 09:00:00+00:00,3077785.66322868
2024-07-06 10:00:00+00:00,3077769.18584571
2024-07-06 11:00:00+00:00,3077799.2302718
2024-07-06 12:00:00+00:00,3077407.82334472
2024-07-06 13:00:00+00:00,3077408.56789571
2024-07-06 14:00:00+00:00,3077791.188413
2024-07-06 15:00:00+00:00,3077786.4052104102
2024-07-06 16:00:00+00:00,3077768.53067083
2024-07-06 17:00:00+00:00,3077938.25743391
2024-07-06 18:00:00+00:00,3077967.25839923
2024-07-06 19:00:00+00:00,3077007.7098776
2024-07-06 20:00:00+00:00,3076985.27477234
2024-07-06 21:00:00+00:00,3076981.9176467
2024-07-06 22:00:00+00:00,3076984.35546623
2024-07-06 23:00:00+00:00,3077020.786937
2024-07-07 00:00:00+00:00,3076971.17303316
2024-07-07 01:00:00+00:00,3076986.40071041
2024-07-07 02:00:00+00:00,3076971.3182507902
2024-07-07 03:00:00+00:00,3077090.07252529
2024-07-07 04:00:00+00:00,3076800.2773896
2024-07-07 05:00:00+00:00,3076923.93043964
2024-07-07 06:00:00+00:00,3076941.1389430203
2024-07-07 07:00:00+00:00,3077012.2905753
2024-07-07 08:00:00+00:00,3077033.95236532
2024-07-07 09:00:00+00:00,3077052.07874661
2024-07-07 10:00:00+00:00,3076932.26697212
2024-07-07 11:00:00+00:00,3076947.01819485
2024-07-07 12:00:00+00:00,3077056.66817608
2024-07-07 13:00:00+00:00,3076973.48691847
2024-07-07 14:00:00+00:00,3077040.75754599
2024-07-07 15:00:00+00:00,3077028.5818847
2024-07-07 16:00:00+00:00,3077042.26256214
2024-07-07 17:00:00+00:00,3077813.72752725
2024-07-07 18:00:00+00:00,3077820.13040995
2024-07-07 19:00:00+00:00,3077708.88117105
2024-07-07 20:00:00+00:00,3077521.26056178
2024-07-07 21:00:00+00:00,3077644.887613
2024-07-07 22:00:00+00:00,3077636.7379717003
2024-07-07 23:00:00+00:00,3077480.36528366
2024-07-08 00:00:00+00:00,3077238.3934127
2024-07-08 01:00:00+00:00,3077318.89083578
2024-07-08 02:00:00+00:00,3078336.62839999
2024-07-08 03:00:00+00:00,3078278.77546197
2024-07-08 04:00:00+00:00,3078355.9375135
2024-07-08 05:00:00+00:00,3078200.80899562
2024-07-08 06:00:00+00:00,3078423.75778616
2024-07-08 07:00:00+00:00,3078422.6077691
2024-07-08 08:00:00+00:00,3075417.5400282303
2024-07-08 09:00:00+00:00,3075876.5443099
2024-07-08 10:00:00+00:00,3076622.40474157
2024-07-08 11:00:00+00:00,3079450.87883562
2024-07-08 12:00:00+00:00,3077979.60154833
2024-07-08 13:00:00+00:00,3077728.70202784
2024-07-08 14:00:00+00:00,3082423.58041496
2024-07-08 15:00:00+00:00,3082268.8122510803
2024-07-08 16:00:00+00:00,3082064.7875081203
2024-07-08 17:00:00+00:00,3082250.50951244
2024-07-08 18:00:00+00:00,3079040.4943531603
2024-07-08 19:00:00+00:00,3077868.9956217
2024-07-08 20:00:00+00:00,3077802.3944317503
2024-07-08 21:00:00+00:00,3077795.98862599
2024-07-08 22:00:00+00:00,3077778.68005601
2024-07-08 23:00:00+00:00,3077778.10120814
2024-07-09 00:00:00+00:00,3076621.603375
2024-07-09 01:00:00+00:00,3076642.57775995
2024-07-09 02:00:00+00:00,3076615.95866026
2024-07-09 03:00:00+00:00,3076612.95243976
2024-07-09 04:00:00+00:00,3076634.9588591
2024-07-09 05:00:00+00:00,3076862.54732695
2024-07-09 06:00:00+00:00,3076747.53977658
2024-07-09 07:00:00+00:00,3079369.25265298
2024-07-09 08:00:00+00:00,3077681.75592903
2024-07-09 09:00:00+00:00,3080139.70348418
2024-07-09 10:00:00+00:00,3079754.8989633
2024-07-09 11:00:00+00:00,3076782.26631362
2024-07-09 12:00:00+00:00,3077390.63333106
2024-07-09 13:00:00+00:00,3077572.35768905
2024-07-09 14:00:00+00:00,3076594.6642326
2024-07-09 15:00:00+00:00,3064662.24444463
2024-07-09 16:00:00+00:00,3064637.60426697
2024-07-09 17:00:00+00:00,3063894.003532
2024-07-09 18:00:00+00:00,3062975.60081232
2024-07-09 19:00:00+00:00,3062791.79083735
2024-07-09 20:00:00+00:00,3065211.4100221302
2024-07-09 21:00:00+00:00,3060518.75808478
2024-07-09 22:00:00+00:00,3060502.86253933
2024-07-09 23:00:00+00:00,3061689.85800282
2024-07-10 00:00:00+00:00,3061379.49119429
2024-07-10 01:00:00+00:00,3061330.97120569
2024-07-10 02:00:00+00:00,3061325.14994147
2024-07-10 03:00:00+00:00,3060871.16637926
2024-07-10 04:00:00+00:00,3059749.56830928
2024-07-10 05:00:00+00:00,3059900.80671744
2024-07-10 06:00:00+00:00,3059905.47395116
2024-07-10 07:00:00+00:00,3059904.07333482
2024-07-10 08:00:00+00:00,3059929.61808216
2024-07-10 09:00:00+00:00,3064556.62914247
2024-07-10 10:00:00+00:00,3068004.2948804703
2024-07-10 11:00:00+00:00,3064912.50023824
2024-07-10 12:00:00+00:00,3064953.24983528
2024-07-10 13:00:00+00:00,3065094.67586301
2024-07-10 14:00:00+00:00,3065159.24074707
2024-07-10 15:00:00+00:00,3066085.9507265203
2024-07-10 16:00:00+00:00,3066362.04324748
2024-07-10 17:00:00+00:00,3066151.68364105
2024-07-10 18:00:00+00:00,3064572.06767372
2024-07-10 19:00:00+00:00,3064624.35117158
2024-07-10 20:00:00+00:00,3063735.35474995
2024-07-10 21:00:00+00:00,3063666.1622476103
2024-07-10 22:00:00+00:00,3063717.32700344
2024-07-10 23:00:00+00:00,3063717.84542986
2024-07-11 00:00:00+00:00,3063689.66126362
2024-07-11 01:00:00+00:00,3063683.42033206
2024-07-11 02:00:00+00:00,3063801.12046496
2024-07-11 03:00:00+00:00,3063771.4507795703
2024-07-11 04:00:00+00:00,3063735.56308208
2024-07-11 05:00:00+00:00,3063746.96434863
2024-07-11 06:00:00+00:00,3063924.02990788
2024-07-11 07:00:00+00:00,3064223.90435241
2024-07-11 08:00:00+00:00,3065940.69750017
2024-07-11 09:00:00+00:00,3064190.11104422
2024-07-11 10:00:00+00:00,3063178.93967517
2024-07-11 11:00:00+00:00,3065758.83184451
2024-07-11 12:00:00+00:00,3075013.6355937
2024-07-11 13:00:00+00:00,3075673.42829236
2024-07-11 14:00:00+00:00,3075150.4436112
2024-07-11 15:00:00+00:00,3074378.11904071
2024-07-11 16:00:00+00:00,3073155.9230949
2024-07-11 17:00:00+00:00,3072843.01857369
2024-07-11 18:00:00+00:00,3073067.93084036
2024-07-11 19:00:00+00:00,3073190.40926814
2024-07-11 20:00:00+00:00,3073171.51520368
2024-07-11 21:00:00+00:00,3074155.75793871
2024-07-11 22:00:00+00:00,3074002.48206477
2024-07-11 23:00:00+00:00,3074454.11123999
2024-07-12 00:00:00+00:00,3074469.73034698
2024-07-12 01:00:00+00:00,3074522.50531355
2024-07-12 02:00:00+00:00,3074541.97816211
2024-07-12 03:00:00+00:00,3074326.57325419
2024-07-12 04:00:00+00:00,3074328.93997003
2024-07-12 05:00:00+00:00,3074339.0280372603
2024-07-12 06:00:00+00:00,3074367.73650016
2024-07-12 07:00:00+00:00,3071129.7317265603
2024-07-12 08:00:00+00:00,3071591.6583073502
2024-07-12 09:00:00+00:00,3071538.41842108
2024-07-12 10:00:00+00:00,3072068.25001997
2024-07-12 11:00:00+00:00,3070639.049085
2024-07-12 12:00:00+00:00,3071504.78330441
2024-07-12 13:00:00+00:00,3070149.62307386
2024-07-12 14:00:00+00:00,3070063.4128669603
2024-07-12 15:00:00+00:00,3069978.13139645
2024-07-12 16:00:00+00:00,3069449.92156692
2024-07-12 17:00:00+00:00,3069781.12941682
2024-07-12 18:00:00+00:00,3067371.02499052
2024-07-12 19:00:00+00:00,3067703.1690171203
2024-07-12 20:00:00+00:00,3066733.22048218
2024-07-12 21:00:00+00:00,3066971.45797382
2024-07-12 22:00:00+00:00,3067989.8448418
2024-07-12 23:00:00+00:00,3068075.95442866
2024-07-13 00:00:00+00:00,3068074.48801588
2024-07-13 01:00:00+00:00,3068076.33514434
2024-07-13 02:00:00+00:00,3068084.99743704
2024-07-13 03:00:00+00:00,3068057.51070393
2024-07-13 04:00:00+00:00,3068061.03138413
2024-07-13 05:00:00+00:00,3068086.40303654
2024-07-13 06:00:00+00:00,3067871.7767766803
2024-07-13 07:00:00+00:00,3067786.0283899
2024-07-13 08:00:00+00:00,3068116.44723285
2024-07-13 09:00:00+00:00,3069382.03708496
2024-07-13 10:00:00+00:00,3069370.02023615
2024-07-13 11:00:00+00:00,3069271.4361717203
2024-07-13 12:00:00+00:00,3069199.5400878103
2024-07-13 13:00:00+00:00,3069174.23379918
2024-07-13 14:00:00+00:00,3069109.43545735
2024-07-13 15:00:00+00:00,3068694.09861908
2024-07-13 16:00:00+00:00,3068966.24741767
2024-07-13 17:00:00+00:00,3068961.45825431
2024-07-13 18:00:00+00:00,3068956.10586205
2024-07-13 19:00:00+00:00,3068967.91976772
2024-07-13 20:00:00+00:00,3068946.20727365
2024-07-13 21:00:00+00:00,3068923.45702701
2024-07-13 22:00:00+00:00,3068924.26051384
2024-07-13 23:00:00+00:00,3068936.76020147
2024-07-14 00:00:00+00:00,3068939.01925535
2024-07-14 01:00:00+00:00,3068923.2375317803
2024-07-14 02:00:00+00:00,3068922.49280338
2024-07-14 03:00:00+00:00,3068871.20350785
2024-07-14 04:00:00+00:00,3068884.15802389
2024-07-14 05:00:00+00:00,3068885.4262829
2024-07-14 06:00:00+00:00,3068856.98143594
2024-07-14 07:00:00+00:00,3068831.79121927
2024-07-14 08:00:00+00:00,3068711.19375655
2024-07-14 09:00:00+00:00,3068637.50673169
2024-07-14 10:00:00+00:00,3068737.16320984
2024-07-14 11:00:00+00:00,3068772.70272352
2024-07-14 12:00:00+00:00,3069731.88164593
2024-07-14 13:00:00+00:00,3069686.08636927
2024-07-14 14:00:00+00:00,3069698.21392386
2024-07-14 15:00:00+00:00,3068652.25224491
2024-07-14 16:00:00+00:00,3068620.69185015
2024-07-14 17:00:00+00:00,3068632.90356968
2024-07-14 18:00:00+00:00,3068637.59464178
2024-07-14 19:00:00+00:00,3068659.71766066
2024-07-14 20:00:00+00:00,3067651.71480864
2024-07-14 21:00:00+00:00,3067643.57875023
2024-07-14 22:00:00+00:00,3067665.60007749
2024-07-14 23:00:00+00:00,3067678.51284663
2024-07-15 00:00:00+00:00,3067673.67957381
2024-07-15 01:00:00+00:00,3066687.07959776
2024-07-15 02:00:00+00:00,3067191.22748023
2024-07-15 03:00:00+00:00,3067145.20547027
2024-07-15 04:00:00+00:00,3066135.54845613
2024-07-15 05:00:00+00:00,3066230.0913815103
2024-07-15 06:00:00+00:00,3066215.37200009
2024-07-15 07:00:00+00:00,3064744.46462336
2024-07-15 08:00:00+00:00,3065398.46405055
2024-07-15 09:00:00+00:00,3066164.40805212
2024-07-15 10:00:00+00:00,3066539.87970849
2024-07-15 11:00:00+00:00,3065716.2905134102
2024-07-15 12:00:00+00:00,3065827.9452131502
2024-07-15 13:00:00+00:00,3065522.249052
2024-07-15 14:00:00+00:00,3064937.87614119
2024-07-15 15:00:00+00:00,3064739.47278407
2024-07-15 16:00:00+00:00,3063399.47681916
2024-07-15 17:00:00+00:00,3063046.86264676
2024-07-15 18:00:00+00:00,3062994.40805307
2024-07-15 19:00:00+00:00,3063467.52058664
2024-07-15 20:00:00+00:00,3060727.57680544
2024-07-15 21:00:00+00:00,3060954.64366093
2024-07-15 22:00:00+00:00,3061003.56468143
2024-07-15 23:00:00+00:00,3059813.84687737
2024-07-16 00:00:00+00:00,3059779.56976117
2024-07-16 01:00:00+00:00,3059729.6235463303
2024-07-16 02:00:00+00:00,3060646.64357509
2024-07-16 03:00:00+00:00,3060477.72740052
2024-07-16 04:00:00+00:00,3060388.67544241
2024-07-16 05:00:00+00:00,3060632.1579479403
2024-07-16 06:00:00+00:00,3060777.02593638
2024-07-16 07:00:00+00:00,3060840.25484961
2024-07-16 08:00:00+00:00,3062181.51662147
2024-07-16 09:00:00+00:00,3062520.39935114
2024-07-16 10:00:00+00:00,3062513.49342532
2024-07-16 11:00:00+00:00,3062519.13026394
2024-07-16 12:00:00+00:00,3062753.9948417502
2024-07-16 13:00:00+00:00,3062360.36124232
2024-07-16 14:00:00+00:00,3062580.41509128
2024-07-16 15:00:00+00:00,3062488.20106385
2024-07-16 16:00:00+00:00,3061263.25191244
2024-07-16 17:00:00+00:00,3061079.08475251
2024-07-16 18:00:00+00:00,3061640.55297128
2024-07-16 19:00:00+00:00,3061771.17411902
2024-07-16 20:00:00+00:00,3061210.1388842
2024-07-16 21:00:00+00:00,3063464.99912102
2024-07-16 22:00:00+00:00,3062162.51783466
2024-07-16 23:00:00+00:00,3062146.37866634
2024-07-17 00:00:00+00:00,3061803.13775107
2024-07-17 01:00:00+00:00,3061698.0328573203
2024-07-17 02:00:00+00:00,3061741.85177975
2024-07-17 03:00:00+00:00,3061774.94559298
2024-07-17 04:00:00+00:00,3061931.15235561
2024-07-17 05:00:00+00:00,3061912.79067566
2024-07-17 06:00:00+00:00,3062296.8662669
2024-07-17 07:00:00+00:00,3062596.66832269
2024-07-17 08:00:00+00:00,3061306.46376011
2024-07-17 09:00:00+00:00,3061319.36487231
2024-07-17 10:00:00+00:00,3062020.45378027
2024-07-17 11:00:00+00:00,3061706.62424309
2024-07-17 12:00:00+00:00,3062240.12868228
2024-07-17 13:00:00+00:00,3060841.25093579
2024-07-17 14:00:00+00:00,3059656.79958813
2024-07-17 15:00:00+00:00,3058969.90487559
2024-07-17 16:00:00+00:00,3058542.59882257
2024-07-17 17:00:00+00:00,3058779.10913832
2024-07-17 18:00:00+00:00,3061247.61102356
2024-07-17 19:00:00+00:00,3058231.52931043
2024-07-17 20:00:00+00:00,3059326.89605933
2024-07-17 21:00:00+00:00,3059421.49222572
2024-07-17 22:00:00+00:00,3059344.32962963
2024-07-17 23:00:00+00:00,3058271.11643402
2024-07-18 00:00:00+00:00,3058296.4824555703
2024-07-18 01:00:00+00:00,3058531.4795588
2024-07-18 02:00:00+00:00,3058564.7471629
2024-07-18 03:00:00+00:00,3058551.81309775
2024-07-18 04:00:00+00:00,3058234.99443102
2024-07-18 05:00:00+00:00,3058175.42289149
2024-07-18 06:00:00+00:00,3058194.41920516
2024-07-18 07:00:00+00:00,3058195.7732988303
2024-07-18 08:00:00+00:00,3058237.1548948903
2024-07-18 09:00:00+00:00,3058322.86310676
2024-07-18 10:00:00+00:00,3059291.4884583303
2024-07-18 11:00:00+00:00,3059774.93159631
2024-07-18 12:00:00+00:00,3060681.77056331
2024-07-18 13:00:00+00:00,3060499.84472482
2024-07-18 14:00:00+00:00,3061840.64702023
2024-07-18 15:00:00+00:00,3060870.67031341
2024-07-18 16:00:00+00:00,3060510.76913168
2024-07-18 17:00:00+00:00,3058278.46232119
2024-07-18 18:00:00+00:00,3058263.55057675
2024-07-18 19:00:00+00:00,3058289.386101
2024-07-18 20:00:00+00:00,3056780.22929404
2024-07-18 21:00:00+00:00,3056500.31371023
2024-07-18 22:00:00+00:00,3056553.07538875
2024-07-18 23:00:00+00:00,3056518.85010476
2024-07-19 00:00:00+00:00,3056514.2708428903
2024-07-19 01:00:00+00:00,3056515.85451451
2024-07-19 02:00:00+00:00,3057521.9275135603
2024-07-19 03:00:00+00:00,3056529.56256346
2024-07-19 04:00:00+00:00,3056544.77362266
2024-07-19 05:00:00+00:00,3057146.71589235
2024-07-19 06:00:00+00:00,3055730.38283466
2024-07-19 07:00:00+00:00,3056803.56497375
2024-07-19 08:00:00+00:00,3056810.61478348
2024-07-19 09:00:00+00:00,3056754.0862134
2024-07-19 10:00:00+00:00,3056652.38059552
2024-07-19 11:00:00+00:00,3056748.70363756
2024-07-19 12:00:00+00:00,3056786.26496026
2024-07-19 13:00:00+00:00,3058015.0399513203
2024-07-19 14:00:00+00:00,3057926.1132693803
2024-07-19 15:00:00+00:00,3057654.81781063
2024-07-19 16:00:00+00:00,3056356.84066054
2024-07-19 17:00:00+00:00,3056463.56499789
2024-07-19 18:00:00+00:00,3056413.7825297
2024-07-19 19:00:00+00:00,3056350.71945196
2024-07-19 20:00:00+00:00,3056179.85510234
2024-07-19 21:00:00+00:00,3058565.1328158
2024-07-19 22:00:00+00:00,3060252.04677493
2024-07-19 23:00:00+00:00,3060263.71562443
2024-07-20 00:00:00+00:00,3060014.63133475
2024-07-20 01:00:00+00:00,3060005.6698635
2024-07-20 02:00:00+00:00,3060287.29764929
2024-07-20 03:00:00+00:00,3060279.6469822503
2024-07-20 04:00:00+00:00,3060212.81268404
2024-07-20 05:00:00+00:00,3060202.19922194
2024-07-20 06:00:00+00:00,3060212.92921406
2024-07-20 07:00:00+00:00,3060202.76179256
2024-07-20 08:00:00+00:00,3060244.8826897503
2024-07-20 09:00:00+00:00,3060235.60956936
2024-07-20 10:00:00+00:00,3060236.8775275103
2024-07-20 11:00:00+00:00,3060231.25826238
2024-07-20 12:00:00+00:00,3060194.86621553
2024-07-20 13:00:00+00:00,3060220.97535532
2024-07-20 14:00:00+00:00,3060173.0576980403
2024-07-20 15:00:00+00:00,3060166.16210956
2024-07-20 16:00:00+00:00,3059539.37666428
2024-07-20 17:00:00+00:00,3059528.70655823
2024-07-20 18:00:00+00:00,3059544.45137774
2024-07-20 19:00:00+00:00,3060394.01304892
2024-07-20 20:00:00+00:00,3060385.33941543
2024-07-20 21:00:00+00:00,3060382.76286988
2024-07-20 22:00:00+00:00,3060530.54774227
2024-07-20 23:00:00+00:00,3060535.53229056
2024-07-21 00:00:00+00:00,3060546.80805413
2024-07-21 01:00:00+00:00,3060552.18535974
2024-07-21 02:00:00+00:00,3060597.11079302
2024-07-21 03:00:00+00:00,3060514.18051961
2024-07-21 04:00:00+00:00,3060521.16791658
2024-07-21 05:00:00+00:00,3060506.62140189
2024-07-21 06:00:00+00:00,3060506.51295543
2024-07-21 07:00:00+00:00,3060526.82517253
2024-07-21 08:00:00+00:00,3060534.26507005
2024-07-21 09:00:00+00:00,3060545.09463453
2024-07-21 10:00:00+00:00,3060549.5292371702
2024-07-21 11:00:00+00:00,3060553.77011533
2024-07-21 12:00:00+00:00,3060543.8145222003
2024-07-21 13:00:00+00:00,3060605.3834762
2024-07-21 14:00:00+00:00,3060611.25350483
2024-07-21 15:00:00+00:00,3061671.56536139
2024-07-21 16:00:00+00:00,3061710.7990964
2024-07-21 17:00:00+00:00,3061709.55787413
2024-07-21 18:00:00+00:00,3061624.05443178
2024-07-21 19:00:00+00:00,3061639.92179421
2024-07-21 20:00:00+00:00,3061654.03231377
2024-07-21 21:00:00+00:00,3061665.55009532
2024-07-21 22:00:00+00:00,3061653.93368156
2024-07-21 23:00:00+00:00,3061648.91055578
2024-07-22 00:00:00+00:00,3061662.75920102
2024-07-22 01:00:00+00:00,3060463.2101184702
2024-07-22 02:00:00+00:00,3060433.27996649
2024-07-22 03:00:00+00:00,3060210.41704628
2024-07-22 04:00:00+00:00,3060287.11663837
2024-07-22 05:00:00+00:00,3059548.55301575
2024-07-22 06:00:00+00:00,3060176.73853634
2024-07-22 07:00:00+00:00,3060097.33791618
2024-07-22 08:00:00+00:00,3058609.61502269
2024-07-22 09:00:00+00:00,3057617.12048707
2024-07-22 10:00:00+00:00,3056338.70211528
2024-07-22 11:00:00+00:00,3056316.48053807
2024-07-22 12:00:00+00:00,3056320.52821663
2024-07-22 13:00:00+00:00,3056236.93558024
2024-07-22 14:00:00+00:00,3054383.67423737
2024-07-22 15:00:00+00:00,3055632.8398238
2024-07-22 16:00:00+00:00,3056472.2662546
2024-07-22 17:00:00+00:00,3056411.91582106
2024-07-22 18:00:00+00:00,3055562.17843047
2024-07-22 19:00:00+00:00,3055849.25582202
2024-07-22 20:00:00+00:00,3055152.43601817
2024-07-22 21:00:00+00:00,3055166.28824626
2024-07-22 22:00:00+00:00,3054790.51561487
2024-07-22 23:00:00+00:00,3054755.1574986503
2024-07-23 00:00:00+00:00,3054717.62848417
2024-07-23 01:00:00+00:00,3054343.16023057
2024-07-23 02:00:00+00:00,3053485.8080498
2024-07-23 03:00:00+00:00,3052932.08836656
2024-07-23 04:00:00+00:00,3051802.34776978
2024-07-23 05:00:00+00:00,3051909.79867331
2024-07-23 06:00:00+00:00,3051849.925568
2024-07-23 07:00:00+00:00,3051964.48804113
2024-07-23 08:00:00+00:00,3053658.07681211
2024-07-23 09:00:00+00:00,3053664.32984235
2024-07-23 10:00:00+00:00,3053609.68949158
2024-07-23 11:00:00+00:00,3054642.5829961803
2024-07-23 12:00:00+00:00,3055770.34058811
2024-07-23 13:00:00+00:00,3055836.82465011
2024-07-23 14:00:00+00:00,3056006.69194082
2024-07-23 15:00:00+00:00,3057033.36721652
2024-07-23 16:00:00+00:00,3057875.31839675
2024-07-23 17:00:00+00:00,3057037.12172295
2024-07-23 18:00:00+00:00,3055234.33833576
2024-07-23 19:00:00+00:00,3055178.01571927
2024-07-23 20:00:00+00:00,3054499.51175743
2024-07-23 21:00:00+00:00,3055595.6804191503
2024-07-23 22:00:00+00:00,3040866.07453777
2024-07-23 23:00:00+00:00,3040183.02759589
2024-07-24 00:00:00+00:00,3040249.03371913
2024-07-24 01:00:00+00:00,3040248.6317021702
2024-07-24 02:00:00+00:00,3039830.49023856
2024-07-24 03:00:00+00:00,3039690.1383703803
2024-07-24 04:00:00+00:00,3039253.55921627
2024-07-24 05:00:00+00:00,3039173.72430795
2024-07-24 06:00:00+00:00,3039416.70206387
2024-07-24 07:00:00+00:00,3040713.80309097
2024-07-24 08:00:00+00:00,3040841.02346745
2024-07-24 09:00:00+00:00,3040853.35849158
2024-07-24 10:00:00+00:00,3040805.1708447803
2024-07-24 11:00:00+00:00,3040871.0281262603
2024-07-24 12:00:00+00:00,3040803.0703272303
2024-07-24 13:00:00+00:00,3040240.64732613
2024-07-24 14:00:00+00:00,3040315.89617428
2024-07-24 15:00:00+00:00,3040308.8703365503
2024-07-24 16:00:00+00:00,3040284.65249481
2024-07-24 17:00:00+00:00,3040264.03492891
2024-07-24 18:00:00+00:00,3040639.70151337
2024-07-24 19:00:00+00:00,3041948.13494066
2024-07-24 20:00:00+00:00,3042056.28655228
2024-07-24 21:00:00+00:00,3042016.63616648
2024-07-24 22:00:00+00:00,3042103.77754999
2024-07-24 23:00:00+00:00,3042245.33397038
2024-07-25 00:00:00+00:00,3042190.15389755
2024-07-25 01:00:00+00:00,3042099.10846951
2024-07-25 02:00:00+00:00,3041122.14771923
2024-07-25 03:00:00+00:00,3039772.62203656
2024-07-25 04:00:00+00:00,3038777.38586939
2024-07-25 05:00:00+00:00,3036351.0888105
2024-07-25 06:00:00+00:00,3035979.14826365
2024-07-25 07:00:00+00:00,3035686.81347633
2024-07-25 08:00:00+00:00,3035825.39916132
2024-07-25 09:00:00+00:00,3035649.2203076603
2024-07-25 10:00:00+00:00,3035668.9452898
2024-07-25 11:00:00+00:00,3034416.23467388
2024-07-25 12:00:00+00:00,3034608.06292491
2024-07-25 13:00:00+00:00,3034610.0747723
2024-07-25 14:00:00+00:00,3034540.06551646
2024-07-25 15:00:00+00:00,3033139.4553482
2024-07-25 16:00:00+00:00,3031973.46944572
2024-07-25 17:00:00+00:00,3032085.1823016303
2024-07-25 18:00:00+00:00,3031969.45342236
2024-07-25 19:00:00+00:00,3031262.69467822
2024-07-25 20:00:00+00:00,3031504.58179938
2024-07-25 21:00:00+00:00,3031488.11313623
2024-07-25 22:00:00+00:00,3031031.70617273
2024-07-25 23:00:00+00:00,3032623.62986139
2024-07-26 00:00:00+00:00,3033774.69858624
2024-07-26 01:00:00+00:00,3033714.3325559
2024-07-26 02:00:00+00:00,3033731.54900166
2024-07-26 03:00:00+00:00,3033590.95450724
2024-07-26 04:00:00+00:00,3034036.59765075
2024-07-26 05:00:00+00:00,3033789.9717452303
2024-07-26 06:00:00+00:00,3033755.19796963
2024-07-26 07:00:00+00:00,3033709.93605406
2024-07-26 08:00:00+00:00,3032371.92593217
2024-07-26 09:00:00+00:00,3034259.69819343
2024-07-26 10:00:00+00:00,3034231.23796622
2024-07-26 11:00:00+00:00,3034122.25799932
2024-07-26 12:00:00+00:00,3034447.46391162
2024-07-26 13:00:00+00:00,3033610.89596846
2024-07-26 14:00:00+00:00,3033456.76755732
2024-07-26 15:00:00+00:00,3033242.8633752
2024-07-26 16:00:00+00:00,3032278.33629134
2024-07-26 17:00:00+00:00,3033283.6426704703
2024-07-26 18:00:00+00:00,3033624.80690369
2024-07-26 19:00:00+00:00,3032169.73051326
2024-07-26 20:00:00+00:00,3032124.35849435
2024-07-26 21:00:00+00:00,3030356.49857833
2024-07-26 22:00:00+00:00,3031046.93602456
2024-07-26 23:00:00+00:00,3031064.38276653
2024-07-27 00:00:00+00:00,3027371.04234725
2024-07-27 01:00:00+00:00,3027374.2621477502
2024-07-27 02:00:00+00:00,3027369.95167724
2024-07-27 03:00:00+00:00,3026380.45790765
2024-07-27 04:00:00+00:00,3026387.22069028
2024-07-27 05:00:00+00:00,3026419.95605052
2024-07-27 06:00:00+00:00,3027446.91674863
2024-07-27 07:00:00+00:00,3027537.55278126
2024-07-27 08:00:00+00:00,3027381.52630252
2024-07-27 09:00:00+00:00,3027508.51395445
2024-07-27 10:00:00+00:00,3027489.49856229
2024-07-27 11:00:00+00:00,3027596.70072276
2024-07-27 12:00:00+00:00,3027520.8379130303
2024-07-27 13:00:00+00:00,3027533.44950588
2024-07-27 14:00:00+00:00,3028006.09604593
2024-07-27 15:00:00+00:00,3028014.42908541
2024-07-27 16:00:00+00:00,3029044.94261291
2024-07-27 17:00:00+00:00,3028080.25775518
2024-07-27 18:00:00+00:00,3028085.34814038
2024-07-27 19:00:00+00:00,3028017.09786535
2024-07-27 20:00:00+00:00,3029081.81933369
2024-07-27 21:00:00+00:00,3029055.84287866
2024-07-27 22:00:00+00:00,3029026.1695361
2024-07-27 23:00:00+00:00,3029188.90784026
2024-07-28 00:00:00+00:00,3029258.21036196
2024-07-28 01:00:00+00:00,3029308.43293456
2024-07-28 02:00:00+00:00,3029305.03291523
2024-07-28 03:00:00+00:00,3029308.52801509
2024-07-28 04:00:00+00:00,3029337.85775023
2024-07-28 05:00:00+00:00,3028180.15313052
2024-07-28 06:00:00+00:00,3028236.48523279
2024-07-28 07:00:00+00:00,3028395.72589545
2024-07-28 08:00:00+00:00,3028413.10008149
2024-07-28 09:00:00+00:00,3028401.39403913
2024-07-28 10:00:00+00:00,3028413.26516975
2024-07-28 11:00:00+00:00,3027311.77294764
2024-07-28 12:00:00+00:00,3027388.89196459
2024-07-28 13:00:00+00:00,3027389.86673533
2024-07-28 14:00:00+00:00,3027369.1947099
2024-07-28 15:00:00+00:00,3027451.22338023
2024-07-28 16:00:00+00:00,3027460.6031831503
2024-07-28 17:00:00+00:00,3027468.88435241
2024-07-28 18:00:00+00:00,3027470.72243575
2024-07-28 19:00:00+00:00,3027473.18141614
2024-07-28 20:00:00+00:00,3026465.31761474
2024-07-28 21:00:00+00:00,3026468.2023229003
2024-07-28 22:00:00+00:00,3026436.92519204
2024-07-28 23:00:00+00:00,3026429.92599606
2024-07-29 00:00:00+00:00,3026447.66794706
2024-07-29 01:00:00+00:00,3026446.80900254
2024-07-29 02:00:00+00:00,3026442.26744941
2024-07-29 03:00:00+00:00,3026679.97409831
2024-07-29 04:00:00+00:00,3026702.34240707
2024-07-29 05:00:00+00:00,3026853.99711322
2024-07-29 06:00:00+00:00,3026837.89696652
2024-07-29 07:00:00+00:00,3027884.24394903
2024-07-29 08:00:00+00:00,3027895.7628901303
2024-07-29 09:00:00+00:00,3028296.35805048
2024-07-29 10:00:00+00:00,3029277.88049218
2024-07-29 11:00:00+00:00,3029476.19123431
2024-07-29 12:00:00+00:00,3028441.91801263
2024-07-29 13:00:00+00:00,3028450.6898946
2024-07-29 14:00:00+00:00,3029030.48643836
2024-07-29 15:00:00+00:00,3031345.06080352
2024-07-29 16:00:00+00:00,3032576.13937151
2024-07-29 17:00:00+00:00,3031509.761251
2024-07-29 18:00:00+00:00,3036164.6975437603
2024-07-29 19:00:00+00:00,3035240.10466894
2024-07-29 20:00:00+00:00,3036850.0315631903
2024-07-29 21:00:00+00:00,3036081.1596691
2024-07-29 22:00:00+00:00,3036154.60779292
2024-07-29 23:00:00+00:00,3036053.99787285
2024-07-30 00:00:00+00:00,3035272.23666258
2024-07-30 01:00:00+00:00,3035095.72111452
2024-07-30 02:00:00+00:00,3035153.49258799
2024-07-30 03:00:00+00:00,3035214.76001337
2024-07-30 04:00:00+00:00,3035245.7857652702
2024-07-30 05:00:00+00:00,3036766.224603
2024-07-30 06:00:00+00:00,3038884.33878662
2024-07-30 07:00:00+00:00,3038930.32635547
2024-07-30 08:00:00+00:00,3038514.87518691
2024-07-30 09:00:00+00:00,3039522.45102421
2024-07-30 10:00:00+00:00,3039346.70768684
2024-07-30 11:00:00+00:00,3039581.92600193
2024-07-30 12:00:00+00:00,3039576.81912743
2024-07-30 13:00:00+00:00,3039594.53415109
2024-07-30 14:00:00+00:00,3039776.63675168
2024-07-30 15:00:00+00:00,3039677.65803099
2024-07-30 16:00:00+00:00,3037597.09802821
2024-07-30 17:00:00+00:00,3036341.21936666
2024-07-30 18:00:00+00:00,3036237.18264922
2024-07-30 19:00:00+00:00,3042673.18979494
2024-07-30 20:00:00+00:00,3043754.92254744
2024-07-30 21:00:00+00:00,3043533.42872662
2024-07-30 22:00:00+00:00,3043581.08423103
2024-07-30 23:00:00+00:00,3038650.4922396
2024-07-31 00:00:00+00:00,3038581.71278827
2024-07-31 01:00:00+00:00,3037500.23478446
2024-07-31 02:00:00+00:00,3037469.22107327
2024-07-31 03:00:00+00:00,3037148.62434251
2024-07-31 04:00:00+00:00,3037203.6325208303
2024-07-31 05:00:00+00:00,3038550.2862264
2024-07-31 06:00:00+00:00,3040979.72848089
2024-07-31 07:00:00+00:00,3040976.65731291
2024-07-31 08:00:00+00:00,3041091.98218527
2024-07-31 09:00:00+00:00,3041114.07444301
2024-07-31 10:00:00+00:00,3041080.45778192
2024-07-31 11:00:00+00:00,3040629.59372568
2024-07-31 12:00:00+00:00,3040556.60732738
2024-07-31 13:00:00+00:00,3040388.91723741
2024-07-31 14:00:00+00:00,3040313.33860195
2024-07-31 15:00:00+00:00,3039278.29633167
2024-07-31 16:00:00+00:00,3040551.64083057
2024-07-31 17:00:00+00:00,3040601.71162214
2024-07-31 18:00:00+00:00,3040328.61384365
2024-07-31 19:00:00+00:00,3040419.65549043
2024-07-31 20:00:00+00:00,3049920.10808188
2024-07-31 21:00:00+00:00,3052441.21501281
2024-07-31 22:00:00+00:00,3053461.08309645
2024-07-31 23:00:00+00:00,3053480.40481625
2024-08-01 00:00:00+00:00,3052962.59480888
2024-08-01 01:00:00+00:00,3053020.35322796
2024-08-01 02:00:00+00:00,3053124.6958496203
2024-08-01 03:00:00+00:00,3053228.71671045
2024-08-01 04:00:00+00:00,3053344.56723919
2024-08-01 05:00:00+00:00,3054636.89068162
2024-08-01 06:00:00+00:00,3054318.7825171603
2024-08-01 07:00:00+00:00,3054029.8498629
2024-08-01 08:00:00+00:00,3054277.66029307
2024-08-01 09:00:00+00:00,3054309.20859344
2024-08-01 10:00:00+00:00,3054313.56572732
2024-08-01 11:00:00+00:00,3049043.69477216
2024-08-01 12:00:00+00:00,3049059.35468498
2024-08-01 13:00:00+00:00,3049106.02362006
2024-08-01 14:00:00+00:00,3049004.61554974
2024-08-01 15:00:00+00:00,3049111.74677974
2024-08-01 16:00:00+00:00,3049241.63942596
2024-08-01 17:00:00+00:00,3046430.40684888
2024-08-01 18:00:00+00:00,3046343.72191823
2024-08-01 19:00:00+00:00,3046145.4264608203
2024-08-01 20:00:00+00:00,3050097.01815675
2024-08-01 21:00:00+00:00,3050097.01815675
2024-08-01 22:00:00+00:00,3049105.91466561
2024-08-01 23:00:00+00:00,3049084.12825014
2024-08-02 00:00:00+00:00,3049111.40439715
2024-08-02 01:00:00+00:00,3049163.78161329
2024-08-02 02:00:00+00:00,3050322.03965928
2024-08-02 03:00:00+00:00,3050311.30351903
2024-08-02 04:00:00+00:00,3050382.92104764
2024-08-02 05:00:00+00:00,3051585.25353538
2024-08-02 06:00:00+00:00,3051495.68908315
2024-08-02 07:00:00+00:00,3052437.60968981
2024-08-02 08:00:00+00:00,3052688.27713383
2024-08-02 09:00:00+00:00,3053317.36202712
2024-08-02 10:00:00+00:00,3053327.93328063
2024-08-02 11:00:00+00:00,3050801.5643941
2024-08-02 12:00:00+00:00,3064433.64467808
2024-08-02 13:00:00+00:00,3073638.18009041
2024-08-02 14:00:00+00:00,3072455.35875039
2024-08-02 15:00:00+00:00,3067779.59114146
2024-08-02 16:00:00+00:00,3067059.71937326
2024-08-02 17:00:00+00:00,3066959.62067904
2024-08-02 18:00:00+00:00,3067830.04295278
2024-08-02 19:00:00+00:00,3066570.31790208
2024-08-02 20:00:00+00:00,3066582.3473508903
2024-08-02 21:00:00+00:00,3066695.57617044
2024-08-02 22:00:00+00:00,3067267.4818158
2024-08-02 23:00:00+00:00,3067272.88945996
2024-08-03 00:00:00+00:00,3067344.88413346
2024-08-03 01:00:00+00:00,3067368.74827563
2024-08-03 02:00:00+00:00,3067147.65535957
2024-08-03 03:00:00+00:00,3067131.61776829
2024-08-03 04:00:00+00:00,3067161.46491885
2024-08-03 05:00:00+00:00,3067501.90595284
2024-08-03 06:00:00+00:00,3068765.1408758
2024-08-03 07:00:00+00:00,3068826.136707
2024-08-03 08:00:00+00:00,3068854.97116049
2024-08-03 09:00:00+00:00,3068884.20154545
2024-08-03 10:00:00+00:00,3068889.79247684
2024-08-03 11:00:00+00:00,3068900.22517202
2024-08-03 12:00:00+00:00,3068665.87004835
2024-08-03 13:00:00+00:00,3068676.51021305
2024-08-03 14:00:00+00:00,3068685.51250494
2024-08-03 15:00:00+00:00,3068747.37899566
2024-08-03 16:00:00+00:00,3068857.1932546003
2024-08-03 17:00:00+00:00,3068715.17306977
2024-08-03 18:00:00+00:00,3068908.96733524
2024-08-03 19:00:00+00:00,3069006.06774457
2024-08-03 20:00:00+00:00,3069072.84977615
2024-08-03 21:00:00+00:00,3068955.8564142203
2024-08-03 22:00:00+00:00,3069033.08428346
2024-08-03 23:00:00+00:00,3069025.97850566
2024-08-04 00:00:00+00:00,3069253.39700169
2024-08-04 01:00:00+00:00,3069401.85748676
2024-08-04 02:00:00+00:00,3069479.12528015
2024-08-04 03:00:00+00:00,3069476.87298461
2024-08-04 04:00:00+00:00,3069510.3278914
2024-08-04 05:00:00+00:00,3069584.1168602
2024-08-04 06:00:00+00:00,3069749.09596009
2024-08-04 07:00:00+00:00,3069793.42505376
2024-08-04 08:00:00+00:00,3070898.52294096
2024-08-04 09:00:00+00:00,3071114.4744217102
2024-08-04 10:00:00+00:00,3071238.3224807503
2024-08-04 11:00:00+00:00,3071267.57106875
2024-08-04 12:00:00+00:00,3071349.52179711
2024-08-04 13:00:00+00:00,3071697.85179542
2024-08-04 14:00:00+00:00,3071788.02302878
2024-08-04 15:00:00+00:00,3071990.68502914
2024-08-04 16:00:00+00:00,3072082.20745562
2024-08-04 17:00:00+00:00,3072086.91796747
2024-08-04 18:00:00+00:00,3072192.40550357
2024-08-04 19:00:00+00:00,3071193.87770045
2024-08-04 20:00:00+00:00,3070240.87880209
2024-08-04 21:00:00+00:00,3070173.95788442
2024-08-04 22:00:00+00:00,3070324.22263625
2024-08-04 23:00:00+00:00,3070288.83861124
2024-08-05 00:00:00+00:00,3070306.87350656
2024-08-05 01:00:00+00:00,3068273.57933733
2024-08-05 02:00:00+00:00,3066504.3642042503
2024-08-05 03:00:00+00:00,3065795.17708688
2024-08-05 04:00:00+00:00,3066011.01406647
2024-08-05 05:00:00+00:00,3065286.20543143
2024-08-05 06:00:00+00:00,3065343.09089785
2024-08-05 07:00:00+00:00,3064455.90571366
2024-08-05 08:00:00+00:00,3064760.5580381
2024-08-05 09:00:00+00:00,3064557.94825128
2024-08-05 10:00:00+00:00,3064528.24372931
2024-08-05 11:00:00+00:00,3064283.85116032
2024-08-05 12:00:00+00:00,3064851.15755501
2024-08-05 13:00:00+00:00,3064181.15628675
2024-08-05 14:00:00+00:00,3063938.46378066
2024-08-05 15:00:00+00:00,3066292.31702987
2024-08-05 16:00:00+00:00,3064108.89945397
2024-08-05 17:00:00+00:00,3065032.80145007
2024-08-05 18:00:00+00:00,3064115.40711803
2024-08-05 19:00:00+00:00,3064509.60104663
2024-08-05 20:00:00+00:00,3063940.42338608
2024-08-05 21:00:00+00:00,3064405.99117791
2024-08-05 22:00:00+00:00,3064503.2948492803
2024-08-05 23:00:00+00:00,3064543.65065907
2024-08-06 00:00:00+00:00,3064182.47398277
2024-08-06 01:00:00+00:00,3063607.82687586
2024-08-06 02:00:00+00:00,3063649.37937947
2024-08-06 03:00:00+00:00,3063617.70148704
2024-08-06 04:00:00+00:00,3063717.36859293
2024-08-06 05:00:00+00:00,3065410.62198243
2024-08-06 06:00:00+00:00,3065421.8755721003
2024-08-06 07:00:00+00:00,3064967.02444716
2024-08-06 08:00:00+00:00,3063237.35180958
2024-08-06 09:00:00+00:00,3063458.25607006
2024-08-06 10:00:00+00:00,3062060.3988176403
2024-08-06 11:00:00+00:00,3062031.3197665
2024-08-06 12:00:00+00:00,3061480.66267528
2024-08-06 13:00:00+00:00,3061678.48111844
2024-08-06 14:00:00+00:00,3062176.6252361
2024-08-06 15:00:00+00:00,3060977.11206033
2024-08-06 16:00:00+00:00,3061111.10218134
2024-08-06 17:00:00+00:00,3061140.12520248
2024-08-06 18:00:00+00:00,3061207.60797345
2024-08-06 19:00:00+00:00,3061231.6008766
2024-08-06 20:00:00+00:00,3061361.8922147
2024-08-06 21:00:00+00:00,3061689.40464146
2024-08-06 22:00:00+00:00,3061670.72371106
2024-08-06 23:00:00+00:00,3061673.09271145
2024-08-07 00:00:00+00:00,3061712.73683307
2024-08-07 01:00:00+00:00,3061703.7425628603
2024-08-07 02:00:00+00:00,3063538.05533862
2024-08-07 03:00:00+00:00,3063562.7361851702
2024-08-07 04:00:00+00:00,3062903.29535979
2024-08-07 05:00:00+00:00,3063003.0437999503
2024-08-07 06:00:00+00:00,3063038.93275713
2024-08-07 07:00:00+00:00,3063379.2067787503
2024-08-07 08:00:00+00:00,3063424.8903802503
2024-08-07 09:00:00+00:00,3064413.50522186
2024-08-07 10:00:00+00:00,3064773.85166074
2024-08-07 11:00:00+00:00,3064218.37852625
2024-08-07 12:00:00+00:00,3064291.08980242
2024-08-07 13:00:00+00:00,3064252.03024489
2024-08-07 14:00:00+00:00,3063648.13948127
2024-08-07 15:00:00+00:00,3065562.80688552
2024-08-07 16:00:00+00:00,3062605.28137711
2024-08-07 17:00:00+00:00,3061476.5169209
2024-08-07 18:00:00+00:00,3061485.96897925
2024-08-07 19:00:00+00:00,3061539.10506824
2024-08-07 20:00:00+00:00,3060579.39089631
2024-08-07 21:00:00+00:00,3059994.61607155
2024-08-07 22:00:00+00:00,3061875.25919096
2024-08-07 23:00:00+00:00,3061906.6525321603
2024-08-08 00:00:00+00:00,3060595.21282945
2024-08-08 01:00:00+00:00,3060668.71624239
2024-08-08 02:00:00+00:00,3060790.31124337
2024-08-08 03:00:00+00:00,3060693.2810161803
2024-08-08 04:00:00+00:00,3059536.13280818
2024-08-08 05:00:00+00:00,3059537.50827815
2024-08-08 06:00:00+00:00,3059535.86848953
2024-08-08 07:00:00+00:00,3059673.9240698
2024-08-08 08:00:00+00:00,3059581.21349079
2024-08-08 09:00:00+00:00,3060803.23893856
2024-08-08 10:00:00+00:00,3060846.12177508
2024-08-08 11:00:00+00:00,3061166.78602019
2024-08-08 12:00:00+00:00,3061407.42667555
2024-08-08 13:00:00+00:00,3061834.35437974
2024-08-08 14:00:00+00:00,3061835.95551057
2024-08-08 15:00:00+00:00,3062126.43105784
2024-08-08 16:00:00+00:00,3063414.46440931
2024-08-08 17:00:00+00:00,3064545.39429875
2024-08-08 18:00:00+00:00,3066825.54576654
2024-08-08 19:00:00+00:00,3066882.09669422
2024-08-08 20:00:00+00:00,3068966.1662633303
2024-08-08 21:00:00+00:00,3068976.36139841
2024-08-08 22:00:00+00:00,3068917.7934653303
2024-08-08 23:00:00+00:00,3069008.88533572
2024-08-09 00:00:00+00:00,3069048.43164832
2024-08-09 01:00:00+00:00,3069437.05369332
2024-08-09 02:00:00+00:00,3069238.38373441
2024-08-09 03:00:00+00:00,3068536.77480425
2024-08-09 04:00:00+00:00,3068556.32043052
2024-08-09 05:00:00+00:00,3069986.63607042
2024-08-09 06:00:00+00:00,3069924.11599141
2024-08-09 07:00:00+00:00,3069972.50672848
2024-08-09 08:00:00+00:00,3071326.55624546
2024-08-09 09:00:00+00:00,3071585.24298349
2024-08-09 10:00:00+00:00,3069999.12905716
2024-08-09 11:00:00+00:00,3070032.86500736
2024-08-09 12:00:00+00:00,3069005.92759932
2024-08-09 13:00:00+00:00,3068934.4310795
2024-08-09 14:00:00+00:00,3068871.87156164
2024-08-09 15:00:00+00:00,3070887.02235629
2024-08-09 16:00:00+00:00,3071071.16606818
2024-08-09 17:00:00+00:00,3071218.4963123
2024-08-09 18:00:00+00:00,3070911.64591449
2024-08-09 19:00:00+00:00,3070502.58970879
2024-08-09 20:00:00+00:00,3070035.58783866
2024-08-09 21:00:00+00:00,3070182.15786233
2024-08-09 22:00:00+00:00,3069178.91397293
2024-08-09 23:00:00+00:00,3070275.9928869703
2024-08-10 00:00:00+00:00,3070254.35593526
2024-08-10 01:00:00+00:00,3070360.15487436
2024-08-10 02:00:00+00:00,3070435.57809308
2024-08-10 03:00:00+00:00,3070413.6081246203
2024-08-10 04:00:00+00:00,3070548.33241247
2024-08-10 05:00:00+00:00,3070571.44894448
2024-08-10 06:00:00+00:00,3070582.00931883
2024-08-10 07:00:00+00:00,3069610.49138948
2024-08-10 08:00:00+00:00,3069614.5023403103
2024-08-10 09:00:00+00:00,3069640.389223
2024-08-10 10:00:00+00:00,3069640.389223
2024-08-10 11:00:00+00:00,3069732.62021438
2024-08-10 12:00:00+00:00,3069502.22146892
2024-08-10 13:00:00+00:00,3069517.26911218
2024-08-10 14:00:00+00:00,3069490.99431669
2024-08-10 15:00:00+00:00,3067887.30428842
2024-08-10 16:00:00+00:00,3067893.86908229
2024-08-10 17:00:00+00:00,3067820.40515764
2024-08-10 18:00:00+00:00,3067785.72721993
2024-08-10 19:00:00+00:00,3067800.25297166
2024-08-10 20:00:00+00:00,3067785.2237507
2024-08-10 21:00:00+00:00,3067822.45031615
2024-08-10 22:00:00+00:00,3067828.03336396
2024-08-10 23:00:00+00:00,3067835.37969181
2024-08-11 00:00:00+00:00,3068904.07591914
2024-08-11 01:00:00+00:00,3069002.37331559
2024-08-11 02:00:00+00:00,3069008.39614355
2024-08-11 03:00:00+00:00,3069048.01057712
2024-08-11 04:00:00+00:00,3069445.94655269
2024-08-11 05:00:00+00:00,3069459.8558014203
2024-08-11 06:00:00+00:00,3069447.1546135
2024-08-11 07:00:00+00:00,3069443.92471319
2024-08-11 08:00:00+00:00,3068972.43935616
2024-08-11 09:00:00+00:00,3068997.19361834
2024-08-11 10:00:00+00:00,3069473.77574303
2024-08-11 11:00:00+00:00,3069468.88240745
2024-08-11 12:00:00+00:00,3069491.28342601
2024-08-11 13:00:00+00:00,3069483.15970062
2024-08-11 14:00:00+00:00,3069488.02627864
2024-08-11 15:00:00+00:00,3069453.29890873
2024-08-11 16:00:00+00:00,3069460.85715431
2024-08-11 17:00:00+00:00,3069498.68395836
2024-08-11 18:00:00+00:00,3069527.12913804
2024-08-11 19:00:00+00:00,3069524.37368723
2024-08-11 20:00:00+00:00,3063960.92401773
2024-08-11 21:00:00+00:00,3063953.84059047
2024-08-11 22:00:00+00:00,3063928.82958336
2024-08-11 23:00:00+00:00,3063926.32547838
2024-08-12 00:00:00+00:00,3063908.68243261
2024-08-12 01:00:00+00:00,3063999.97858749
2024-08-12 02:00:00+00:00,3063971.3859042902
2024-08-12 03:00:00+00:00,3063943.91773426
2024-08-12 04:00:00+00:00,3063686.83187089
2024-08-12 05:00:00+00:00,3063702.75404107
2024-08-12 06:00:00+00:00,3063749.0903240303
2024-08-12 07:00:00+00:00,3063668.49498897
2024-08-12 08:00:00+00:00,3063262.61504796
2024-08-12 09:00:00+00:00,3063284.07347043
2024-08-12 10:00:00+00:00,3063346.6765862
2024-08-12 11:00:00+00:00,3062850.33447064
2024-08-12 12:00:00+00:00,3062530.565464
2024-08-12 13:00:00+00:00,3060965.87398872
2024-08-12 14:00:00+00:00,3059158.39940357
2024-08-12 15:00:00+00:00,3058414.61821849
2024-08-12 16:00:00+00:00,3056821.29385258
2024-08-12 17:00:00+00:00,3056456.48760019
2024-08-12 18:00:00+00:00,3058291.0205806103
2024-08-12 19:00:00+00:00,3058754.31258371
2024-08-12 20:00:00+00:00,3058790.44846209
2024-08-12 21:00:00+00:00,3057804.14569658
2024-08-12 22:00:00+00:00,3058157.32746841
2024-08-12 23:00:00+00:00,3058194.76227062
2024-08-13 00:00:00+00:00,3058242.34621639
2024-08-13 01:00:00+00:00,3057328.57118062
2024-08-13 02:00:00+00:00,3057350.24585179
2024-08-13 03:00:00+00:00,3057387.4179800902
2024-08-13 04:00:00+00:00,3057379.99159731
2024-08-13 05:00:00+00:00,3057391.33238192
2024-08-13 06:00:00+00:00,3056248.16799296
2024-08-13 07:00:00+00:00,3056223.57561864
2024-08-13 08:00:00+00:00,3056064.2898527603
2024-08-13 09:00:00+00:00,3056117.87823062
2024-08-13 10:00:00+00:00,3056132.22265558
2024-08-13 11:00:00+00:00,3056022.5727609303
2024-08-13 12:00:00+00:00,3054705.3627217403
2024-08-13 13:00:00+00:00,3054879.75655877
2024-08-13 14:00:00+00:00,3055488.53839892
2024-08-13 15:00:00+00:00,3055733.64621801
2024-08-13 16:00:00+00:00,3056434.15225763
2024-08-13 17:00:00+00:00,3061982.99431628
2024-08-13 18:00:00+00:00,3062321.6608839203
2024-08-13 19:00:00+00:00,3061308.31497428
2024-08-13 20:00:00+00:00,3061259.44222205
2024-08-13 21:00:00+00:00,3060946.24636744
2024-08-13 22:00:00+00:00,3060987.96888533
2024-08-13 23:00:00+00:00,3060995.98096598
2024-08-14 00:00:00+00:00,3060949.76432746
2024-08-14 01:00:00+00:00,3060954.65989441
2024-08-14 02:00:00+00:00,3061538.5066024303
2024-08-14 03:00:00+00:00,3061480.78350992
2024-08-14 04:00:00+00:00,3061578.16095282
2024-08-14 05:00:00+00:00,3061597.83675529
2024-08-14 06:00:00+00:00,3061672.91038884
2024-08-14 07:00:00+00:00,3062095.09732902
2024-08-14 08:00:00+00:00,3062115.8125334
2024-08-14 09:00:00+00:00,3062128.94180878
2024-08-14 10:00:00+00:00,3062095.53339718
2024-08-14 11:00:00+00:00,3064148.73659865
2024-08-14 12:00:00+00:00,3064184.40547288
2024-08-14 13:00:00+00:00,3062580.47147862
2024-08-14 14:00:00+00:00,3061415.62473134
2024-08-14 15:00:00+00:00,3061656.96106159
2024-08-14 16:00:00+00:00,3061827.72199569
2024-08-14 17:00:00+00:00,3061799.95347658
2024-08-14 18:00:00+00:00,3062421.36568041
2024-08-14 19:00:00+00:00,3062610.9188435
2024-08-14 20:00:00+00:00,3062367.59494905
2024-08-14 21:00:00+00:00,3062245.51636869
2024-08-14 22:00:00+00:00,3062245.55427933
2024-08-14 23:00:00+00:00,3062594.3428733703
2024-08-15 00:00:00+00:00,3062612.90280334
2024-08-15 01:00:00+00:00,3062643.93437181
2024-08-15 02:00:00+00:00,3062868.56509569
2024-08-15 03:00:00+00:00,3062849.79245902
2024-08-15 04:00:00+00:00,3062727.27327178
2024-08-15 05:00:00+00:00,3062800.95361985
2024-08-15 06:00:00+00:00,3062739.48026097
2024-08-15 07:00:00+00:00,3062713.52208424
2024-08-15 08:00:00+00:00,3063048.82481246
2024-08-15 09:00:00+00:00,3064175.27246856
2024-08-15 10:00:00+00:00,3064259.16614724
2024-08-15 11:00:00+00:00,3064324.89623324
2024-08-15 12:00:00+00:00,3064369.8663535803
2024-08-15 13:00:00+00:00,3064144.0106857303
2024-08-15 14:00:00+00:00,3064228.37281621
2024-08-15 15:00:00+00:00,3063309.21615588
2024-08-15 16:00:00+00:00,3067314.40632935
2024-08-15 17:00:00+00:00,3067280.01720954
2024-08-15 18:00:00+00:00,3067296.68483654
2024-08-15 19:00:00+00:00,3067019.57267113
2024-08-15 20:00:00+00:00,3070350.41380255
2024-08-15 21:00:00+00:00,3069115.12886163
2024-08-15 22:00:00+00:00,3069228.92407536
2024-08-15 23:00:00+00:00,3069238.81897841
2024-08-16 00:00:00+00:00,3069226.19401355
2024-08-16 01:00:00+00:00,3069330.23733227
2024-08-16 02:00:00+00:00,3069439.53461975
2024-08-16 03:00:00+00:00,3069488.4601599
2024-08-16 04:00:00+00:00,3070405.18144786
2024-08-16 05:00:00+00:00,3070457.63377666
2024-08-16 06:00:00+00:00,3070469.53161427
2024-08-16 07:00:00+00:00,3070492.83129274
2024-08-16 08:00:00+00:00,3070298.02584224
2024-08-16 09:00:00+00:00,3070776.21662301
2024-08-16 10:00:00+00:00,3070831.52715996
2024-08-16 11:00:00+00:00,3070841.78376865
2024-08-16 12:00:00+00:00,3070812.70362951
2024-08-16 13:00:00+00:00,3071186.84679928
2024-08-16 14:00:00+00:00,3073001.13244171
2024-08-16 15:00:00+00:00,3073028.9337076102
2024-08-16 16:00:00+00:00,3072222.78164349
2024-08-16 17:00:00+00:00,3072210.0897356803
2024-08-16 18:00:00+00:00,3072262.01260202
2024-08-16 19:00:00+00:00,3072244.23439059
2024-08-16 20:00:00+00:00,3072271.94567612
2024-08-16 21:00:00+00:00,3073546.4710150403
2024-08-16 22:00:00+00:00,3073611.41513605
2024-08-16 23:00:00+00:00,3075218.78591982
2024-08-17 00:00:00+00:00,3075237.3999428903
2024-08-17 01:00:00+00:00,3076135.40633816
2024-08-17 02:00:00+00:00,3076137.38936646
2024-08-17 03:00:00+00:00,3076144.6854824
2024-08-17 04:00:00+00:00,3076163.03652282
2024-08-17 05:00:00+00:00,3076178.62801896
2024-08-17 06:00:00+00:00,3076203.1332368
2024-08-17 07:00:00+00:00,3076251.13272515
2024-08-17 08:00:00+00:00,3076244.49747228
2024-08-17 09:00:00+00:00,3076243.70448789
2024-08-17 10:00:00+00:00,3076252.15074113
2024-08-17 11:00:00+00:00,3076265.04780359
2024-08-17 12:00:00+00:00,3076260.81983275
2024-08-17 13:00:00+00:00,3076252.98337376
2024-08-17 14:00:00+00:00,3076303.54113107
2024-08-17 15:00:00+00:00,3076785.0589903803
2024-08-17 16:00:00+00:00,3076781.08981032
2024-08-17 17:00:00+00:00,3076783.20330814
2024-08-17 18:00:00+00:00,3076823.53386522
2024-08-17 19:00:00+00:00,3076852.4760725102
2024-08-17 20:00:00+00:00,3076854.81470982
2024-08-17 21:00:00+00:00,3076850.20757586
2024-08-17 22:00:00+00:00,3076866.4566964
2024-08-17 23:00:00+00:00,3076864.1486077
2024-08-18 00:00:00+00:00,3076872.31605758
2024-08-18 01:00:00+00:00,3076877.55310303
2024-08-18 02:00:00+00:00,3076880.45542266
2024-08-18 03:00:00+00:00,3076831.24268772
2024-08-18 04:00:00+00:00,3076825.32917843
2024-08-18 05:00:00+00:00,3076835.3026059703
2024-08-18 06:00:00+00:00,3075857.89629985
2024-08-18 07:00:00+00:00,3076840.26468906
2024-08-18 08:00:00+00:00,3076827.95281837
2024-08-18 09:00:00+00:00,3076862.76406437
2024-08-18 10:00:00+00:00,3076819.77526701
2024-08-18 11:00:00+00:00,3076709.21803269
2024-08-18 12:00:00+00:00,3076709.21803269
2024-08-18 13:00:00+00:00,3076681.01968773
2024-08-18 14:00:00+00:00,3076708.8891459
2024-08-18 15:00:00+00:00,3076626.55308642
2024-08-18 16:00:00+00:00,3076642.89974541
2024-08-18 17:00:00+00:00,3076669.12437002
2024-08-18 18:00:00+00:00,3075663.6311963103
2024-08-18 19:00:00+00:00,3075673.75438094
2024-08-18 20:00:00+00:00,3075667.0964974803
2024-08-18 21:00:00+00:00,3075665.4997949
2024-08-18 22:00:00+00:00,3075639.89133566
2024-08-18 23:00:00+00:00,3075616.34638444
2024-08-19 00:00:00+00:00,3075617.7345393403
2024-08-19 01:00:00+00:00,3076436.0743109803
2024-08-19 02:00:00+00:00,3076497.78976716
2024-08-19 03:00:00+00:00,3077524.93767357
2024-08-19 04:00:00+00:00,3076568.697261
2024-08-19 05:00:00+00:00,3073932.70014113
2024-08-19 06:00:00+00:00,3074011.41242238
2024-08-19 07:00:00+00:00,3074136.11784345
2024-08-19 08:00:00+00:00,3072078.58204871
2024-08-19 09:00:00+00:00,3072196.88980685
2024-08-19 10:00:00+00:00,3072296.10359577
2024-08-19 11:00:00+00:00,3072836.48187079
2024-08-19 12:00:00+00:00,3073529.5532437903
2024-08-19 13:00:00+00:00,3071471.02087677
2024-08-19 14:00:00+00:00,3072005.53096758
2024-08-19 15:00:00+00:00,3072043.02140075
2024-08-19 16:00:00+00:00,3072493.84315594
2024-08-19 17:00:00+00:00,3072734.4569259
2024-08-19 18:00:00+00:00,3072627.17647583
2024-08-19 19:00:00+00:00,3072792.48820789
2024-08-19 20:00:00+00:00,3072256.3131213803
2024-08-19 21:00:00+00:00,3072280.71774627
2024-08-19 22:00:00+00:00,3071353.45339304
2024-08-19 23:00:00+00:00,3070217.6268382003
2024-08-20 00:00:00+00:00,3068886.79240558
2024-08-20 01:00:00+00:00,3067321.66994016
2024-08-20 02:00:00+00:00,3068410.22956465
2024-08-20 03:00:00+00:00,3067181.36772237
2024-08-20 04:00:00+00:00,3067194.82138098
2024-08-20 05:00:00+00:00,3067180.97653376
2024-08-20 06:00:00+00:00,3067480.12102284
2024-08-20 07:00:00+00:00,3067350.71375635
2024-08-20 08:00:00+00:00,3068806.6196849803
2024-08-20 09:00:00+00:00,3067956.2704423103
2024-08-20 10:00:00+00:00,3067968.83171822
2024-08-20 11:00:00+00:00,3068135.83141685
2024-08-20 12:00:00+00:00,3067978.95617931
2024-08-20 13:00:00+00:00,3068097.41747336
2024-08-20 14:00:00+00:00,3069618.7897271
2024-08-20 15:00:00+00:00,3068132.83397997
2024-08-20 16:00:00+00:00,3068471.88260237
2024-08-20 17:00:00+00:00,3069777.44219618
2024-08-20 18:00:00+00:00,3069818.62559833
2024-08-20 19:00:00+00:00,3069850.38640877
2024-08-20 20:00:00+00:00,3069852.63393332
2024-08-20 21:00:00+00:00,3070326.5233765203
2024-08-20 22:00:00+00:00,3068807.65586248
2024-08-20 23:00:00+00:00,3068858.6916743
2024-08-21 00:00:00+00:00,3068851.9465311
2024-08-21 01:00:00+00:00,3068862.8092552302
2024-08-21 02:00:00+00:00,3068856.13048373
2024-08-21 03:00:00+00:00,3068835.64540866
2024-08-21 04:00:00+00:00,3069265.74342294
2024-08-21 05:00:00+00:00,3069264.61073957
2024-08-21 06:00:00+00:00,3069309.22496131
2024-08-21 07:00:00+00:00,3069256.87801241
2024-08-21 08:00:00+00:00,3069290.45537903
2024-08-21 09:00:00+00:00,3069327.25002024
2024-08-21 10:00:00+00:00,3069408.60555333
2024-08-21 11:00:00+00:00,3069557.7173865
2024-08-21 12:00:00+00:00,3070761.791995
2024-08-21 13:00:00+00:00,3069974.97049926
2024-08-21 14:00:00+00:00,3070191.6074383203
2024-08-21 15:00:00+00:00,3069954.28058372
2024-08-21 16:00:00+00:00,3072668.93096077
2024-08-21 17:00:00+00:00,3073155.14845236
2024-08-21 18:00:00+00:00,3073172.39566408
2024-08-21 19:00:00+00:00,3071651.0462542903
2024-08-21 20:00:00+00:00,3072360.43239249
2024-08-21 21:00:00+00:00,3068705.00330461
2024-08-21 22:00:00+00:00,3069749.42078156
2024-08-21 23:00:00+00:00,3069713.18735164
2024-08-22 00:00:00+00:00,3069758.0935549303
2024-08-22 01:00:00+00:00,3069832.54820663
2024-08-22 02:00:00+00:00,3069800.48958011
2024-08-22 03:00:00+00:00,3068459.99900633
2024-08-22 04:00:00+00:00,3069486.48450114
2024-08-22 05:00:00+00:00,3069495.13273695
2024-08-22 06:00:00+00:00,3069572.74325347
2024-08-22 07:00:00+00:00,3069425.92985609
2024-08-22 08:00:00+00:00,3068774.55903687
2024-08-22 09:00:00+00:00,3068725.52960873
2024-08-22 10:00:00+00:00,3069714.20507649
2024-08-22 11:00:00+00:00,3069596.92316963
2024-08-22 12:00:00+00:00,3069998.0324963
2024-08-22 13:00:00+00:00,3069437.66625965
2024-08-22 14:00:00+00:00,3069016.37385163
2024-08-22 15:00:00+00:00,3068861.54218577
2024-08-22 16:00:00+00:00,3070333.47211385
2024-08-22 17:00:00+00:00,3069142.32437762
2024-08-22 18:00:00+00:00,3070069.61622927
2024-08-22 19:00:00+00:00,3070284.81153819
2024-08-22 20:00:00+00:00,3070476.57056616
2024-08-22 21:00:00+00:00,3067209.04061303
2024-08-22 22:00:00+00:00,3067238.9605189
2024-08-22 23:00:00+00:00,3067246.22331187
2024-08-23 00:00:00+00:00,3067241.65160189
2024-08-23 01:00:00+00:00,3067341.36178875
2024-08-23 02:00:00+00:00,3067316.08957528
2024-08-23 03:00:00+00:00,3067534.56793757
2024-08-23 04:00:00+00:00,3067597.8920063903
2024-08-23 05:00:00+00:00,3067871.68795137
2024-08-23 06:00:00+00:00,3067909.0115570403
2024-08-23 07:00:00+00:00,3067404.02057461
2024-08-23 08:00:00+00:00,3067455.7225141902
2024-08-23 09:00:00+00:00,3067390.38451833
2024-08-23 10:00:00+00:00,3066966.05203416
2024-08-23 11:00:00+00:00,3066966.0800377
2024-08-23 12:00:00+00:00,3067053.97556338
2024-08-23 13:00:00+00:00,3066253.27585415
2024-08-23 14:00:00+00:00,3066319.02351651
2024-08-23 15:00:00+00:00,3065977.79356554
2024-08-23 16:00:00+00:00,3067020.35121478
2024-08-23 17:00:00+00:00,3067319.64761499
2024-08-23 18:00:00+00:00,3067470.9503760203
2024-08-23 19:00:00+00:00,3069589.95156088
2024-08-23 20:00:00+00:00,3069812.4450329803
2024-08-23 21:00:00+00:00,3072200.00210157
2024-08-23 22:00:00+00:00,3072352.00020655
2024-08-23 23:00:00+00:00,3073796.14015692
2024-08-24 00:00:00+00:00,3073025.87367872
2024-08-24 01:00:00+00:00,3072984.28185835
2024-08-24 02:00:00+00:00,3072982.69957875
2024-08-24 03:00:00+00:00,3073034.2818558
2024-08-24 04:00:00+00:00,3073139.82261335
2024-08-24 05:00:00+00:00,3073135.1510742903
2024-08-24 06:00:00+00:00,3073074.51774198
2024-08-24 07:00:00+00:00,3073138.36647749
2024-08-24 08:00:00+00:00,3073167.62996396
2024-08-24 09:00:00+00:00,3073223.69151208
2024-08-24 10:00:00+00:00,3073619.60480956
2024-08-24 11:00:00+00:00,3073640.97842394
2024-08-24 12:00:00+00:00,3073630.74972079
2024-08-24 13:00:00+00:00,3073761.1614380903
2024-08-24 14:00:00+00:00,3069416.9845445
2024-08-24 15:00:00+00:00,3069783.99220544
2024-08-24 16:00:00+00:00,3069779.46820379
2024-08-24 17:00:00+00:00,3069825.54652408
2024-08-24 18:00:00+00:00,3069857.2687635203
2024-08-24 19:00:00+00:00,3069826.65656286
2024-08-24 20:00:00+00:00,3070467.40532535
2024-08-24 21:00:00+00:00,3070448.21136101
2024-08-24 22:00:00+00:00,3070448.7707996
2024-08-24 23:00:00+00:00,3070536.72482851
2024-08-25 00:00:00+00:00,3070521.4574656403
2024-08-25 01:00:00+00:00,3070480.6722990503
2024-08-25 02:00:00+00:00,3071476.8654787303
2024-08-25 03:00:00+00:00,3071522.59035969
2024-08-25 04:00:00+00:00,3071502.95226176
2024-08-25 05:00:00+00:00,3071514.41349535
2024-08-25 06:00:00+00:00,3071536.97194156
2024-08-25 07:00:00+00:00,3071540.7926842
2024-08-25 08:00:00+00:00,3071540.23797789
2024-08-25 09:00:00+00:00,3070465.94806698
2024-08-25 10:00:00+00:00,3070477.23420469
2024-08-25 11:00:00+00:00,3070469.88748468
2024-08-25 12:00:00+00:00,3070539.73167369
2024-08-25 13:00:00+00:00,3070522.49544853
2024-08-25 14:00:00+00:00,3070487.65708906
2024-08-25 15:00:00+00:00,3071842.23789267
2024-08-25 16:00:00+00:00,3071826.82369212
2024-08-25 17:00:00+00:00,3071826.61985338
2024-08-25 18:00:00+00:00,3071777.0581983
2024-08-25 19:00:00+00:00,3071764.21074473
2024-08-25 20:00:00+00:00,3071779.8992746
2024-08-25 21:00:00+00:00,3071780.85206731
2024-08-25 22:00:00+00:00,3071787.40202017
2024-08-25 23:00:00+00:00,3071772.63042159
2024-08-26 00:00:00+00:00,3071719.30694969
2024-08-26 01:00:00+00:00,3072412.9896708
2024-08-26 02:00:00+00:00,3070993.8281587902
2024-08-26 03:00:00+00:00,3070608.35883095
2024-08-26 04:00:00+00:00,3070670.59924399
2024-08-26 05:00:00+00:00,3070835.4969295203
2024-08-26 06:00:00+00:00,3070805.78647572
2024-08-26 07:00:00+00:00,3070822.90272221
2024-08-26 08:00:00+00:00,3070320.70619607
2024-08-26 09:00:00+00:00,3070884.86743835
2024-08-26 10:00:00+00:00,3070871.9356966
2024-08-26 11:00:00+00:00,3070800.93967209
2024-08-26 12:00:00+00:00,3070960.32807672
2024-08-26 13:00:00+00:00,3069438.48740107
2024-08-26 14:00:00+00:00,3069876.1646510703
2024-08-26 15:00:00+00:00,3069058.57265407
2024-08-26 16:00:00+00:00,3067901.40892245
2024-08-26 17:00:00+00:00,3067633.72624981
2024-08-26 18:00:00+00:00,3066852.2907423503
2024-08-26 19:00:00+00:00,3066837.205112
2024-08-26 20:00:00+00:00,3066944.3225810803
2024-08-26 21:00:00+00:00,3066961.23167917
2024-08-26 22:00:00+00:00,3068232.83024289
2024-08-26 23:00:00+00:00,3069653.19959277
2024-08-27 00:00:00+00:00,3068854.56007781
2024-08-27 01:00:00+00:00,3068862.63007272
2024-08-27 02:00:00+00:00,3068856.8242152003
2024-08-27 03:00:00+00:00,3068874.14981714
2024-08-27 04:00:00+00:00,3069052.010327
2024-08-27 05:00:00+00:00,3069382.88353809
2024-08-27 06:00:00+00:00,3068219.00208999
2024-08-27 07:00:00+00:00,3068024.22962501
2024-08-27 08:00:00+00:00,3067993.97155213
2024-08-27 09:00:00+00:00,3067100.49251185
2024-08-27 10:00:00+00:00,3067208.67637631
2024-08-27 11:00:00+00:00,3068233.98905966
2024-08-27 12:00:00+00:00,3068255.668672
2024-08-27 13:00:00+00:00,3068365.1831343
2024-08-27 14:00:00+00:00,3070255.1407043203
2024-08-27 15:00:00+00:00,3069118.07094174
2024-08-27 16:00:00+00:00,3070346.18501797
2024-08-27 17:00:00+00:00,3068307.6927818903
2024-08-27 18:00:00+00:00,3068329.2235313
2024-08-27 19:00:00+00:00,3068596.90103427
2024-08-27 20:00:00+00:00,3069087.08316222
2024-08-27 21:00:00+00:00,3066842.03079206
2024-08-27 22:00:00+00:00,3066719.72301805
2024-08-27 23:00:00+00:00,3066652.23141289
2024-08-28 00:00:00+00:00,3067791.14116997
2024-08-28 01:00:00+00:00,3068184.7313569
2024-08-28 02:00:00+00:00,3068317.34417378
2024-08-28 03:00:00+00:00,3068331.33133568
2024-08-28 04:00:00+00:00,3068436.35318954
2024-08-28 05:00:00+00:00,3068288.88427373
2024-08-28 06:00:00+00:00,3068749.12612557
2024-08-28 07:00:00+00:00,3069214.6024961
2024-08-28 08:00:00+00:00,3069367.3691314
2024-08-28 09:00:00+00:00,3068264.17488705
2024-08-28 10:00:00+00:00,3077408.28264461
2024-08-28 11:00:00+00:00,3077485.8972339
2024-08-28 12:00:00+00:00,3086006.57392757
2024-08-28 13:00:00+00:00,3086451.49590805
2024-08-28 14:00:00+00:00,3087049.8330697003
2024-08-28 15:00:00+00:00,3087186.29436315
2024-08-28 16:00:00+00:00,3085758.94793271
2024-08-28 17:00:00+00:00,3085542.6994719203
2024-08-28 18:00:00+00:00,3086849.68960423
2024-08-28 19:00:00+00:00,3085773.21816674
2024-08-28 20:00:00+00:00,3084167.19973897
2024-08-28 21:00:00+00:00,3085510.09182845
2024-08-28 22:00:00+00:00,3085519.2251318702
2024-08-28 23:00:00+00:00,3084505.33047501
2024-08-29 00:00:00+00:00,3084717.4735033503
2024-08-29 01:00:00+00:00,3084464.00082785
2024-08-29 02:00:00+00:00,3084510.42302899
2024-08-29 03:00:00+00:00,3084359.07776449
2024-08-29 04:00:00+00:00,3084334.06523206
2024-08-29 05:00:00+00:00,3084156.72488195
2024-08-29 06:00:00+00:00,3084103.3060299302
2024-08-29 07:00:00+00:00,3084132.06061052
2024-08-29 08:00:00+00:00,3083999.7969515203
2024-08-29 09:00:00+00:00,3082022.1223062
2024-08-29 10:00:00+00:00,3081799.79759498
2024-08-29 11:00:00+00:00,3081828.45855716
2024-08-29 12:00:00+00:00,3081969.60465019
2024-08-29 13:00:00+00:00,3081985.90673178
2024-08-29 14:00:00+00:00,3081914.2174262903
2024-08-29 15:00:00+00:00,3082022.05315627
2024-08-29 16:00:00+00:00,3082650.41911005
2024-08-29 17:00:00+00:00,3083950.09027454
2024-08-29 18:00:00+00:00,3083210.29498295
2024-08-29 19:00:00+00:00,3083046.29200669
2024-08-29 20:00:00+00:00,3085540.04161272
2024-08-29 21:00:00+00:00,3084142.43319113
2024-08-29 22:00:00+00:00,3083534.23374247
2024-08-29 23:00:00+00:00,3083556.99572346
2024-08-30 00:00:00+00:00,3084583.22428572
2024-08-30 01:00:00+00:00,3084443.65559024
2024-08-30 02:00:00+00:00,3084648.30056599
2024-08-30 03:00:00+00:00,3084654.80351804
2024-08-30 04:00:00+00:00,3084862.25262573
2024-08-30 05:00:00+00:00,3084773.7839303003
2024-08-30 06:00:00+00:00,3085114.89370974
2024-08-30 07:00:00+00:00,3085188.45518009
2024-08-30 08:00:00+00:00,3085265.13813882
2024-08-30 09:00:00+00:00,3084352.13806074
2024-08-30 10:00:00+00:00,3085379.12689634
2024-08-30 11:00:00+00:00,3084944.71393408
2024-08-30 12:00:00+00:00,3085166.6418722603
2024-08-30 13:00:00+00:00,3083864.73689006
2024-08-30 14:00:00+00:00,3084594.44352613
2024-08-30 15:00:00+00:00,3083741.29255857
2024-08-30 16:00:00+00:00,3083786.737927
2024-08-30 17:00:00+00:00,3083884.98937923
2024-08-30 18:00:00+00:00,3084339.53629217
2024-08-30 19:00:00+00:00,3084512.1042267
2024-08-30 20:00:00+00:00,3084546.4089284
2024-08-30 21:00:00+00:00,3084481.07076552
2024-08-30 22:00:00+00:00,3086117.87256167
2024-08-30 23:00:00+00:00,3084817.15270265
2024-08-31 00:00:00+00:00,3085035.01514407
2024-08-31 01:00:00+00:00,3084547.2938068
2024-08-31 02:00:00+00:00,3084138.46816527
2024-08-31 03:00:00+00:00,3083943.42136409
2024-08-31 04:00:00+00:00,3083865.40200318
2024-08-31 05:00:00+00:00,3083852.05993221
2024-08-31 06:00:00+00:00,3083836.65759318
2024-08-31 07:00:00+00:00,3083829.67565081
2024-08-31 08:00:00+00:00,3083841.62902581
2024-08-31 09:00:00+00:00,3082794.69641515
2024-08-31 10:00:00+00:00,3082767.74251808
2024-08-31 11:00:00+00:00,3082766.81992548
2024-08-31 12:00:00+00:00,3082757.36239895
2024-08-31 13:00:00+00:00,3082367.78962132
2024-08-31 14:00:00+00:00,3082833.87929324
2024-08-31 15:00:00+00:00,3082836.2439873302
2024-08-31 16:00:00+00:00,3083222.72871851
2024-08-31 17:00:00+00:00,3083212.18992356
2024-08-31 18:00:00+00:00,3083798.4114385103
2024-08-31 19:00:00+00:00,3084782.79570179
2024-08-31 20:00:00+00:00,3084808.87937053
2024-08-31 21:00:00+00:00,3084828.82998537
2024-08-31 22:00:00+00:00,3084762.85216229
2024-08-31 23:00:00+00:00,3084767.31883399
2024-09-01 00:00:00+00:00,3084788.9165472
2024-09-01 01:00:00+00:00,3084802.02992044
2024-09-01 02:00:00+00:00,3084728.8087223102
2024-09-01 03:00:00+00:00,3084728.01860054
2024-09-01 04:00:00+00:00,3084736.85384206
2024-09-01 05:00:00+00:00,3084772.34326663
2024-09-01 06:00:00+00:00,3084821.2683583302
2024-09-01 07:00:00+00:00,3084845.56239568
2024-09-01 08:00:00+00:00,3084839.7927323203
2024-09-01 09:00:00+00:00,3083746.31691223
2024-09-01 10:00:00+00:00,3083754.88894065
2024-09-01 11:00:00+00:00,3083778.82494011
2024-09-01 12:00:00+00:00,3083776.39634101
2024-09-01 13:00:00+00:00,3073600.61385456
2024-09-01 14:00:00+00:00,3073352.95405229
2024-09-01 15:00:00+00:00,3073406.61425125
2024-09-01 16:00:00+00:00,3073455.53268877
2024-09-01 17:00:00+00:00,3074391.8281787
2024-09-01 18:00:00+00:00,3074417.69376245
2024-09-01 19:00:00+00:00,3074363.37608287
2024-09-01 20:00:00+00:00,3074374.17879629
2024-09-01 21:00:00+00:00,3074352.86897546
2024-09-01 22:00:00+00:00,3074342.86266607
2024-09-01 23:00:00+00:00,3074415.75585452
2024-09-02 00:00:00+00:00,3074432.5624292903
2024-09-02 01:00:00+00:00,3074429.89494489
2024-09-02 02:00:00+00:00,3074414.26112274
2024-09-02 03:00:00+00:00,3072506.48772538
2024-09-02 04:00:00+00:00,3072600.00192153
2024-09-02 05:00:00+00:00,3072617.5130349603
2024-09-02 06:00:00+00:00,3072339.69473133
2024-09-02 07:00:00+00:00,3072368.90234758
2024-09-02 08:00:00+00:00,3072396.21999055
2024-09-02 09:00:00+00:00,3069571.69292599
2024-09-02 10:00:00+00:00,3069247.44772413
2024-09-02 11:00:00+00:00,3069276.85608904
2024-09-02 12:00:00+00:00,3069373.6020303
2024-09-02 13:00:00+00:00,3069183.0882812203
2024-09-02 14:00:00+00:00,3068974.9653047603
2024-09-02 15:00:00+00:00,3069661.16937285
2024-09-02 16:00:00+00:00,3069775.8921069102
2024-09-02 17:00:00+00:00,3069770.15499955
2024-09-02 18:00:00+00:00,3069753.3364689
2024-09-02 19:00:00+00:00,3069750.5591300903
2024-09-02 20:00:00+00:00,3069723.5733290203
2024-09-02 21:00:00+00:00,3069679.1353312
2024-09-02 22:00:00+00:00,3069679.2311906
2024-09-02 23:00:00+00:00,3069670.34624144
2024-09-03 00:00:00+00:00,3069704.02348033
2024-09-03 01:00:00+00:00,3069731.36266485
2024-09-03 02:00:00+00:00,3069761.14637128
2024-09-03 03:00:00+00:00,3070242.69502847
2024-09-03 04:00:00+00:00,3070275.0785168903
2024-09-03 05:00:00+00:00,3070327.08277558
2024-09-03 06:00:00+00:00,3070337.26124627
2024-09-03 07:00:00+00:00,3070439.73011083
2024-09-03 08:00:00+00:00,3070207.90078519
2024-09-03 09:00:00+00:00,3070047.22461681
2024-09-03 10:00:00+00:00,3070086.23553889
2024-09-03 11:00:00+00:00,3071022.79227978
2024-09-03 12:00:00+00:00,3071054.68052282
2024-09-03 13:00:00+00:00,3074857.30030808
2024-09-03 14:00:00+00:00,3075970.65120494
2024-09-03 15:00:00+00:00,3075165.91701287
2024-09-03 16:00:00+00:00,3075897.1323306803
2024-09-03 17:00:00+00:00,3076315.76591684
2024-09-03 18:00:00+00:00,3076101.48695244
2024-09-03 19:00:00+00:00,3076050.71688118
2024-09-03 20:00:00+00:00,3074565.24649462
2024-09-03 21:00:00+00:00,3074574.97385932
2024-09-03 22:00:00+00:00,3074594.2868183
2024-09-03 23:00:00+00:00,3074072.2212097
2024-09-04 00:00:00+00:00,3074102.24577413
2024-09-04 01:00:00+00:00,3074040.1219979
2024-09-04 02:00:00+00:00,3074050.5027615
2024-09-04 03:00:00+00:00,3072722.12644089
2024-09-04 04:00:00+00:00,3072783.0605510003
2024-09-04 05:00:00+00:00,3072777.00569187
2024-09-04 06:00:00+00:00,3073777.29779951
2024-09-04 07:00:00+00:00,3072790.8447876303
2024-09-04 08:00:00+00:00,3071997.87869294
2024-09-04 09:00:00+00:00,3072088.31782443
2024-09-04 10:00:00+00:00,3072182.13116325
2024-09-04 11:00:00+00:00,3072496.6283799303
2024-09-04 12:00:00+00:00,3072349.51827812
2024-09-04 13:00:00+00:00,3072371.0679582
2024-09-04 14:00:00+00:00,3072682.34955493
2024-09-04 15:00:00+00:00,3074531.63423058
2024-09-04 16:00:00+00:00,3074578.9784184
2024-09-04 17:00:00+00:00,3075735.0028790203
2024-09-04 18:00:00+00:00,3078770.02092579
2024-09-04 19:00:00+00:00,3078610.10142207
2024-09-04 20:00:00+00:00,3078381.7967026
2024-09-04 21:00:00+00:00,3077632.59059928
2024-09-04 22:00:00+00:00,3077656.2697627
2024-09-04 23:00:00+00:00,3077672.79875712
2024-09-05 00:00:00+00:00,3077816.75084431
2024-09-05 01:00:00+00:00,3077826.47163406
2024-09-05 02:00:00+00:00,3077825.44012459
2024-09-05 03:00:00+00:00,3077762.1050886502
2024-09-05 04:00:00+00:00,3077739.37199904
2024-09-05 05:00:00+00:00,3077780.24353564
2024-09-05 06:00:00+00:00,3077881.43377368
2024-09-05 07:00:00+00:00,3077890.9063613
2024-09-05 08:00:00+00:00,3077944.3077205
2024-09-05 09:00:00+00:00,3075657.18167499
2024-09-05 10:00:00+00:00,3075726.22474037
2024-09-05 11:00:00+00:00,3074669.3241676902
2024-09-05 12:00:00+00:00,3074704.94300905
2024-09-05 13:00:00+00:00,3075913.99957808
2024-09-05 14:00:00+00:00,3075329.34216769
2024-09-05 15:00:00+00:00,3075720.25026798
2024-09-05 16:00:00+00:00,3075615.00726555
2024-09-05 17:00:00+00:00,3076868.5385385
2024-09-05 18:00:00+00:00,3075400.66368318
2024-09-05 19:00:00+00:00,3075297.91886773
2024-09-05 20:00:00+00:00,3075355.90823388
2024-09-05 21:00:00+00:00,3075380.1691496503
2024-09-05 22:00:00+00:00,3075331.22822439
2024-09-05 23:00:00+00:00,3075373.25895682
2024-09-06 00:00:00+00:00,3075479.64438977
2024-09-06 01:00:00+00:00,3075526.37032132
2024-09-06 02:00:00+00:00,3075564.05454719
2024-09-06 03:00:00+00:00,3075846.91287498
2024-09-06 04:00:00+00:00,3075889.38790794
2024-09-06 05:00:00+00:00,3074903.04674744
2024-09-06 06:00:00+00:00,3075830.45850609
2024-09-06 07:00:00+00:00,3075614.65119125
2024-09-06 08:00:00+00:00,3076003.6891022
2024-09-06 09:00:00+00:00,3075998.0357427
2024-09-06 10:00:00+00:00,3074909.62992374
2024-09-06 11:00:00+00:00,3074831.01700171
2024-09-06 12:00:00+00:00,3073830.5136610903
2024-09-06 13:00:00+00:00,3072322.53906316
2024-09-06 14:00:00+00:00,3073912.4192781
2024-09-06 15:00:00+00:00,3074970.89018672
2024-09-06 16:00:00+00:00,3074954.11739595
2024-09-06 17:00:00+00:00,3073797.9596094103
2024-09-06 18:00:00+00:00,3074941.21526701
2024-09-06 19:00:00+00:00,3075953.31020438
2024-09-06 20:00:00+00:00,3076851.3765832502
2024-09-06 21:00:00+00:00,3079361.35763468
2024-09-06 22:00:00+00:00,3080410.51560304
2024-09-06 23:00:00+00:00,3080402.68624534
2024-09-07 00:00:00+00:00,3080426.02151619
2024-09-07 01:00:00+00:00,3080439.83834984
2024-09-07 02:00:00+00:00,3080468.42774053
2024-09-07 03:00:00+00:00,3079449.3659395003
2024-09-07 04:00:00+00:00,3079579.70598307
2024-09-07 05:00:00+00:00,3079596.1091590403
2024-09-07 06:00:00+00:00,3079613.80660892
2024-09-07 07:00:00+00:00,3078647.51464639
2024-09-07 08:00:00+00:00,3078789.54219863
2024-09-07 09:00:00+00:00,3077725.7919234303
2024-09-07 10:00:00+00:00,3077695.49900915
2024-09-07 11:00:00+00:00,3077771.15796846
2024-09-07 12:00:00+00:00,3077717.74290646
2024-09-07 13:00:00+00:00,3078712.2694237
2024-09-07 14:00:00+00:00,3078726.76657887
2024-09-07 15:00:00+00:00,3079736.7675993303
2024-09-07 16:00:00+00:00,3079796.36530867
2024-09-07 17:00:00+00:00,3079879.5334318
2024-09-07 18:00:00+00:00,3079941.09875179
2024-09-07 19:00:00+00:00,3079957.36744011
2024-09-07 20:00:00+00:00,3079973.57861102
2024-09-07 21:00:00+00:00,3080049.87325851
2024-09-07 22:00:00+00:00,3080070.6299371403
2024-09-07 23:00:00+00:00,3080109.75595159
2024-09-08 00:00:00+00:00,3080133.9926167103
2024-09-08 01:00:00+00:00,3080165.07133457
2024-09-08 02:00:00+00:00,3080153.49658685
2024-09-08 03:00:00+00:00,3080147.54922227
2024-09-08 04:00:00+00:00,3080122.70932099
2024-09-08 05:00:00+00:00,3080151.60644039
2024-09-08 06:00:00+00:00,3080211.5716326
2024-09-08 07:00:00+00:00,3080218.82003818
2024-09-08 08:00:00+00:00,3080273.00137298
2024-09-08 09:00:00+00:00,3079196.03694101
2024-09-08 10:00:00+00:00,3079210.90196382
2024-09-08 11:00:00+00:00,3079221.09618466
2024-09-08 12:00:00+00:00,3080243.25280484
2024-09-08 13:00:00+00:00,3080266.92274547
2024-09-08 14:00:00+00:00,3080251.757127
2024-09-08 15:00:00+00:00,3079271.08943851
2024-09-08 16:00:00+00:00,3079296.19303078
2024-09-08 17:00:00+00:00,3079309.57272308
2024-09-08 18:00:00+00:00,3079282.79746104
2024-09-08 19:00:00+00:00,3079304.66790396
2024-09-08 20:00:00+00:00,3079344.17003175
2024-09-08 21:00:00+00:00,3079351.42947681
2024-09-08 22:00:00+00:00,3079415.2220687
2024-09-08 23:00:00+00:00,3079457.72641638
2024-09-09 00:00:00+00:00,3079654.87018642
2024-09-09 01:00:00+00:00,3079475.55806158
2024-09-09 02:00:00+00:00,3080549.0654197503
2024-09-09 03:00:00+00:00,3081650.47447913
2024-09-09 04:00:00+00:00,3081689.3946757303
2024-09-09 05:00:00+00:00,3081734.91494697
2024-09-09 06:00:00+00:00,3081815.91193014
2024-09-09 07:00:00+00:00,3081757.90166051
2024-09-09 08:00:00+00:00,3082157.45266042
2024-09-09 09:00:00+00:00,3082927.47192934
2024-09-09 10:00:00+00:00,3085274.45413434
2024-09-09 11:00:00+00:00,3084432.46097648
2024-09-09 12:00:00+00:00,3084400.8032941
2024-09-09 13:00:00+00:00,3084677.51863958
2024-09-09 14:00:00+00:00,3069797.41817495
2024-09-09 15:00:00+00:00,3071464.1869679303
2024-09-09 16:00:00+00:00,3071325.2078437
2024-09-09 17:00:00+00:00,3071332.71770688
2024-09-09 18:00:00+00:00,3071274.60960575
2024-09-09 19:00:00+00:00,3071361.23533741
2024-09-09 20:00:00+00:00,3071472.75716567
2024-09-09 21:00:00+00:00,3071472.75716567
2024-09-09 22:00:00+00:00,3070319.8612517403
2024-09-09 23:00:00+00:00,3070344.1672576102
2024-09-10 00:00:00+00:00,3070390.2640713
2024-09-10 01:00:00+00:00,3071867.3899359503
2024-09-10 02:00:00+00:00,3071920.4899704503
2024-09-10 03:00:00+00:00,3071301.43368015
2024-09-10 04:00:00+00:00,3071259.10968595
2024-09-10 05:00:00+00:00,3071132.23269583
2024-09-10 06:00:00+00:00,3071161.30359298
2024-09-10 07:00:00+00:00,3072829.58454726
2024-09-10 08:00:00+00:00,3072803.30931342
2024-09-10 09:00:00+00:00,3072464.6343688
2024-09-10 10:00:00+00:00,3070935.76499427
2024-09-10 11:00:00+00:00,3071042.6427968
2024-09-10 12:00:00+00:00,3070999.53827723
2024-09-10 13:00:00+00:00,3071871.0492009902
2024-09-10 14:00:00+00:00,3069199.31488138
2024-09-10 15:00:00+00:00,3067997.71730955
2024-09-10 16:00:00+00:00,3067815.72610724
2024-09-10 17:00:00+00:00,3067808.58718948
2024-09-10 18:00:00+00:00,3070893.37648274
2024-09-10 19:00:00+00:00,3070861.11431861
2024-09-10 20:00:00+00:00,3070933.86469527
2024-09-10 21:00:00+00:00,3070933.86469527
2024-09-10 22:00:00+00:00,3066514.10308124
2024-09-10 23:00:00+00:00,3066557.1445627
2024-09-11 00:00:00+00:00,3066562.85890419
2024-09-11 01:00:00+00:00,3066373.5337032
2024-09-11 02:00:00+00:00,3066404.67117051
2024-09-11 03:00:00+00:00,3066364.83529328
2024-09-11 04:00:00+00:00,3067153.6416264
2024-09-11 05:00:00+00:00,3067195.87943151
2024-09-11 06:00:00+00:00,3067175.9639858003
2024-09-11 07:00:00+00:00,3067173.25688201
2024-09-11 08:00:00+00:00,3066228.27619472
2024-09-11 09:00:00+00:00,3065547.10518953
2024-09-11 10:00:00+00:00,3065224.56809985
2024-09-11 11:00:00+00:00,3065267.0867887503
2024-09-11 12:00:00+00:00,3065380.10873119
2024-09-11 13:00:00+00:00,3066744.74550156
2024-09-11 14:00:00+00:00,3068043.33930507
2024-09-11 15:00:00+00:00,3068189.83885281
2024-09-11 16:00:00+00:00,3068159.26822013
2024-09-11 17:00:00+00:00,3069377.54278882
2024-09-11 18:00:00+00:00,3069450.3057145
2024-09-11 19:00:00+00:00,3070585.07885416
2024-09-11 20:00:00+00:00,3069531.41917152
2024-09-11 21:00:00+00:00,3071530.92032693
2024-09-11 22:00:00+00:00,3071522.1951563
2024-09-11 23:00:00+00:00,3072575.9903384103
2024-09-12 00:00:00+00:00,3072667.97659002
2024-09-12 01:00:00+00:00,3072671.35398447
2024-09-12 02:00:00+00:00,3072715.21013146
2024-09-12 03:00:00+00:00,3071992.0609346502
2024-09-12 04:00:00+00:00,3072099.21300546
2024-09-12 05:00:00+00:00,3072139.90127723
2024-09-12 06:00:00+00:00,3071926.37461461
2024-09-12 07:00:00+00:00,3071918.7638279903
2024-09-12 08:00:00+00:00,3071964.23952509
2024-09-12 09:00:00+00:00,3071749.25245648
2024-09-12 10:00:00+00:00,3071811.19509049
2024-09-12 11:00:00+00:00,3071960.88964181
2024-09-12 12:00:00+00:00,3071960.9008275103
2024-09-12 13:00:00+00:00,3071984.97348217
2024-09-12 14:00:00+00:00,3070947.48122107
2024-09-12 15:00:00+00:00,3070848.74448028
2024-09-12 16:00:00+00:00,3070739.96328509
2024-09-12 17:00:00+00:00,3069623.0180688403
2024-09-12 18:00:00+00:00,3070331.5515117003
2024-09-12 19:00:00+00:00,3070764.0235909503
2024-09-12 20:00:00+00:00,3069346.39177901
2024-09-12 21:00:00+00:00,3069686.64235536
2024-09-12 22:00:00+00:00,3071566.150672
2024-09-12 23:00:00+00:00,3071325.8269596
2024-09-13 00:00:00+00:00,3069302.31131861
2024-09-13 01:00:00+00:00,3069354.6966158203
2024-09-13 02:00:00+00:00,3069381.8273624
2024-09-13 03:00:00+00:00,3069500.24855254
2024-09-13 04:00:00+00:00,3070494.49542411
2024-09-13 05:00:00+00:00,3070541.3677248103
2024-09-13 06:00:00+00:00,3070615.80982638
2024-09-13 07:00:00+00:00,3068384.6924649603
2024-09-13 08:00:00+00:00,3068618.9689652403
2024-09-13 09:00:00+00:00,3068470.0899792
2024-09-13 10:00:00+00:00,3069962.06184243
2024-09-13 11:00:00+00:00,3069979.88158391
2024-09-13 12:00:00+00:00,3070092.6002020403
2024-09-13 13:00:00+00:00,3070066.87694655
2024-09-13 14:00:00+00:00,3072317.1769883
2024-09-13 15:00:00+00:00,3072508.26782019
2024-09-13 16:00:00+00:00,3075289.9669096903
2024-09-13 17:00:00+00:00,3073063.0266199303
2024-09-13 18:00:00+00:00,3074414.65918013
2024-09-13 19:00:00+00:00,3074622.3679976
2024-09-13 20:00:00+00:00,3073161.05073345
2024-09-13 21:00:00+00:00,3073149.08277491
2024-09-13 22:00:00+00:00,3074642.8961213003
2024-09-13 23:00:00+00:00,3075152.72362814
2024-09-14 00:00:00+00:00,3075830.31715227
2024-09-14 01:00:00+00:00,3075863.9652713803
2024-09-14 02:00:00+00:00,3076457.73897372
2024-09-14 03:00:00+00:00,3077052.7004827303
2024-09-14 04:00:00+00:00,3077048.02128371
2024-09-14 05:00:00+00:00,3077087.70984015
2024-09-14 06:00:00+00:00,3077126.9452644303
2024-09-14 07:00:00+00:00,3078164.69717132
2024-09-14 08:00:00+00:00,3078195.92332908
2024-09-14 09:00:00+00:00,3078094.891322
2024-09-14 10:00:00+00:00,3078123.59337366
2024-09-14 11:00:00+00:00,3078117.3674534103
2024-09-14 12:00:00+00:00,3078115.83530815
2024-09-14 13:00:00+00:00,3078108.17674179
2024-09-14 14:00:00+00:00,3078080.68998746
2024-09-14 15:00:00+00:00,3078104.38611698
2024-09-14 16:00:00+00:00,3078097.8514616103
2024-09-14 17:00:00+00:00,3078052.07132036
2024-09-14 18:00:00+00:00,3078188.87696137
2024-09-14 19:00:00+00:00,3078197.46476308
2024-09-14 20:00:00+00:00,3078108.71400524
2024-09-14 21:00:00+00:00,3078110.2011257
2024-09-14 22:00:00+00:00,3078170.8056869903
2024-09-14 23:00:00+00:00,3078306.03623552
2024-09-15 00:00:00+00:00,3078304.37091703
2024-09-15 01:00:00+00:00,3078168.29658497
2024-09-15 02:00:00+00:00,3078157.4911489203
2024-09-15 03:00:00+00:00,3078146.58687486
2024-09-15 04:00:00+00:00,3078201.97414093
2024-09-15 05:00:00+00:00,3078196.96761664
2024-09-15 06:00:00+00:00,3078196.89438144
2024-09-15 07:00:00+00:00,3078168.18806728
2024-09-15 08:00:00+00:00,3078212.55798598
2024-09-15 09:00:00+00:00,3078093.09664633
2024-09-15 10:00:00+00:00,3078100.0159600102
2024-09-15 11:00:00+00:00,3078107.40841501
2024-09-15 12:00:00+00:00,3078121.47929319
2024-09-15 13:00:00+00:00,3078120.50123347
2024-09-15 14:00:00+00:00,3078109.39470128
2024-09-15 15:00:00+00:00,3078071.33162967
2024-09-15 16:00:00+00:00,3078014.5083865803
2024-09-15 17:00:00+00:00,3078006.82043118
2024-09-15 18:00:00+00:00,3078019.98724146
2024-09-15 19:00:00+00:00,3077983.2708803
2024-09-15 20:00:00+00:00,3077599.8646179303
2024-09-15 21:00:00+00:00,3077731.17069999
2024-09-15 22:00:00+00:00,3077736.01144213
2024-09-15 23:00:00+00:00,3077739.26302872
2024-09-16 00:00:00+00:00,3077725.68457705
2024-09-16 01:00:00+00:00,3077736.7166901203
2024-09-16 02:00:00+00:00,3077752.24932128
2024-09-16 03:00:00+00:00,3077718.14695746
2024-09-16 04:00:00+00:00,3077722.09427751
2024-09-16 05:00:00+00:00,3077689.46804967
2024-09-16 06:00:00+00:00,3077708.52791452
2024-09-16 07:00:00+00:00,3077619.67877544
2024-09-16 08:00:00+00:00,3077615.7296932703
2024-09-16 09:00:00+00:00,3076280.09377805
2024-09-16 10:00:00+00:00,3076948.37371452
2024-09-16 11:00:00+00:00,3077684.91837464
2024-09-16 12:00:00+00:00,3078247.8850318203
2024-09-16 13:00:00+00:00,3076877.58278536
2024-09-16 14:00:00+00:00,3077298.52491473
2024-09-16 15:00:00+00:00,3075929.7889554203
2024-09-16 16:00:00+00:00,3075335.4833564
2024-09-16 17:00:00+00:00,3075321.03311211
2024-09-16 18:00:00+00:00,3076475.54371205
2024-09-16 19:00:00+00:00,3077581.44874585
2024-09-16 20:00:00+00:00,3077660.14132981
2024-09-16 21:00:00+00:00,3077714.32117778
2024-09-16 22:00:00+00:00,3077707.51663255
2024-09-16 23:00:00+00:00,3077593.35892893
2024-09-17 00:00:00+00:00,3077686.70001076
2024-09-17 01:00:00+00:00,3077623.7881758
2024-09-17 02:00:00+00:00,3077648.06541336
2024-09-17 03:00:00+00:00,3077777.10472258
2024-09-17 04:00:00+00:00,3077781.24299137
2024-09-17 05:00:00+00:00,3077783.26286734
2024-09-17 06:00:00+00:00,3077539.67570996
2024-09-17 07:00:00+00:00,3077581.2009648
2024-09-17 08:00:00+00:00,3077448.2613501
2024-09-17 09:00:00+00:00,3077126.62967495
2024-09-17 10:00:00+00:00,3076801.1859731902
2024-09-17 11:00:00+00:00,3076699.3692059
2024-09-17 12:00:00+00:00,3076974.24290551
2024-09-17 13:00:00+00:00,3077056.76370384
2024-09-17 14:00:00+00:00,3077106.81380676
2024-09-17 15:00:00+00:00,3077064.87121567
2024-09-17 16:00:00+00:00,3077236.90164965
2024-09-17 17:00:00+00:00,3077861.1726577003
2024-09-17 18:00:00+00:00,3077835.11938478
2024-09-17 19:00:00+00:00,3078454.76783661
2024-09-17 20:00:00+00:00,3079371.93327922
2024-09-17 21:00:00+00:00,3078409.0395894703
2024-09-17 22:00:00+00:00,3078427.22044791
2024-09-17 23:00:00+00:00,3078478.47038718
2024-09-18 00:00:00+00:00,3078506.60071422
2024-09-18 01:00:00+00:00,3075122.53249923
2024-09-18 02:00:00+00:00,3075154.30369853
2024-09-18 03:00:00+00:00,3075062.7736054
2024-09-18 04:00:00+00:00,3075035.75512005
2024-09-18 05:00:00+00:00,3075189.1244355
2024-09-18 06:00:00+00:00,3075187.27387672
2024-09-18 07:00:00+00:00,3075206.96858675
2024-09-18 08:00:00+00:00,3075218.42925935
2024-09-18 09:00:00+00:00,3075666.73635175
2024-09-18 10:00:00+00:00,3075887.6582326503
2024-09-18 11:00:00+00:00,3076098.59848412
2024-09-18 12:00:00+00:00,3075900.59060786
2024-09-18 13:00:00+00:00,3076103.25453094
2024-09-18 14:00:00+00:00,3076595.61824266
2024-09-18 15:00:00+00:00,3076339.00111994
2024-09-18 16:00:00+00:00,3076051.93317972
2024-09-18 17:00:00+00:00,3075685.66925936
2024-09-18 18:00:00+00:00,3075819.71911357
2024-09-18 19:00:00+00:00,3076481.88722771
2024-09-18 20:00:00+00:00,3076573.47769756
2024-09-18 21:00:00+00:00,3076844.97602707
2024-09-18 22:00:00+00:00,3075573.12788078
2024-09-18 23:00:00+00:00,3075608.03467574
2024-09-19 00:00:00+00:00,3075604.43889203
2024-09-19 01:00:00+00:00,3074480.6441664603
2024-09-19 02:00:00+00:00,3074469.2806141
2024-09-19 03:00:00+00:00,3074585.54177909
2024-09-19 04:00:00+00:00,3074964.13942039
2024-09-19 05:00:00+00:00,3075159.44975857
2024-09-19 06:00:00+00:00,3075187.13842215
2024-09-19 07:00:00+00:00,3075393.69695569
2024-09-19 08:00:00+00:00,3076563.02049932
2024-09-19 09:00:00+00:00,3075680.29908706
2024-09-19 10:00:00+00:00,3074655.18816775
2024-09-19 11:00:00+00:00,3070347.03816306
2024-09-19 12:00:00+00:00,3070736.62290855
2024-09-19 13:00:00+00:00,3071163.93780474
2024-09-19 14:00:00+00:00,3071414.7366061
2024-09-19 15:00:00+00:00,3071451.86468442
2024-09-19 16:00:00+00:00,3073182.37958965
2024-09-19 17:00:00+00:00,3072965.14492648
2024-09-19 18:00:00+00:00,3072979.55691663
2024-09-19 19:00:00+00:00,3072407.60982372
2024-09-19 20:00:00+00:00,3074681.30539355
2024-09-19 21:00:00+00:00,3074589.58125287
2024-09-19 22:00:00+00:00,3076323.43926365
2024-09-19 23:00:00+00:00,3076747.61262707
2024-09-20 00:00:00+00:00,3076691.9664679
2024-09-20 01:00:00+00:00,3076471.8015794
2024-09-20 02:00:00+00:00,3076441.16903911
2024-09-20 03:00:00+00:00,3076171.58488543
2024-09-20 04:00:00+00:00,3076190.21372107
2024-09-20 05:00:00+00:00,3076156.87553141
2024-09-20 06:00:00+00:00,3076067.62700473
2024-09-20 07:00:00+00:00,3076152.14335494
2024-09-20 08:00:00+00:00,3076202.47328646
2024-09-20 09:00:00+00:00,3072133.98602641
2024-09-20 10:00:00+00:00,3075571.94836882
2024-09-20 11:00:00+00:00,3075580.1754911
2024-09-20 12:00:00+00:00,3075734.11699984
2024-09-20 13:00:00+00:00,3074723.05972938
2024-09-20 14:00:00+00:00,3076080.0572275203
2024-09-20 15:00:00+00:00,3068299.00711859
2024-09-20 16:00:00+00:00,3068358.4283357
2024-09-20 17:00:00+00:00,3068571.1884985203
2024-09-20 18:00:00+00:00,3058259.8393315203
2024-09-20 19:00:00+00:00,3058319.1037663
2024-09-20 20:00:00+00:00,3061199.53339094
2024-09-20 21:00:00+00:00,3057886.59681381
2024-09-20 22:00:00+00:00,3056760.90899363
2024-09-20 23:00:00+00:00,3056811.09029658
2024-09-21 00:00:00+00:00,3056814.17685852
2024-09-21 01:00:00+00:00,3056823.99488492
2024-09-21 02:00:00+00:00,3056835.96119826
2024-09-21 03:00:00+00:00,3056866.97032102
2024-09-21 04:00:00+00:00,3056810.84529086
2024-09-21 05:00:00+00:00,3056829.80629695
2024-09-21 06:00:00+00:00,3056827.91589075
2024-09-21 07:00:00+00:00,3055526.6818162003
2024-09-21 08:00:00+00:00,3057478.56801229
2024-09-21 09:00:00+00:00,3057407.80996532
2024-09-21 10:00:00+00:00,3057388.22430677
2024-09-21 11:00:00+00:00,3057455.83143345
2024-09-21 12:00:00+00:00,3057469.17483425
2024-09-21 13:00:00+00:00,3055681.9983561
2024-09-21 14:00:00+00:00,3055721.94886431
2024-09-21 15:00:00+00:00,3055533.5475973203
2024-09-21 16:00:00+00:00,3055540.56854233
2024-09-21 17:00:00+00:00,3055657.9160795403
2024-09-21 18:00:00+00:00,3055651.07234158
2024-09-21 19:00:00+00:00,3055695.12195076
2024-09-21 20:00:00+00:00,3055696.00167933
2024-09-21 21:00:00+00:00,3055720.3933941303
2024-09-21 22:00:00+00:00,3055718.3886757703
2024-09-21 23:00:00+00:00,3055731.45185461
2024-09-22 00:00:00+00:00,3055733.365889
2024-09-22 01:00:00+00:00,3055720.51928807
2024-09-22 02:00:00+00:00,3055710.84843356
2024-09-22 03:00:00+00:00,3055739.84761069
2024-09-22 04:00:00+00:00,3055773.39800511
2024-09-22 05:00:00+00:00,3055775.76602697
2024-09-22 06:00:00+00:00,3055723.02566035
2024-09-22 07:00:00+00:00,3055806.69483171
2024-09-22 08:00:00+00:00,3055781.4179149
2024-09-22 09:00:00+00:00,3055641.42808983
2024-09-22 10:00:00+00:00,3055686.67163286
2024-09-22 11:00:00+00:00,3055664.08149053
2024-09-22 12:00:00+00:00,3055662.16225151
2024-09-22 13:00:00+00:00,3055702.65947081
2024-09-22 14:00:00+00:00,3055700.15421897
2024-09-22 15:00:00+00:00,3055669.09662664
2024-09-22 16:00:00+00:00,3055597.7184112
2024-09-22 17:00:00+00:00,3055599.83472494
2024-09-22 18:00:00+00:00,3055615.31767601
2024-09-22 19:00:00+00:00,3055644.13151393
2024-09-22 20:00:00+00:00,3055641.60122712
2024-09-22 21:00:00+00:00,3055657.07869564
2024-09-22 22:00:00+00:00,3055643.18818891
2024-09-22 23:00:00+00:00,3055625.76232598
2024-09-23 00:00:00+00:00,3055497.37914554
2024-09-23 01:00:00+00:00,3055508.41055305
2024-09-23 02:00:00+00:00,3055482.4932088503
2024-09-23 03:00:00+00:00,3055408.59969742
2024-09-23 04:00:00+00:00,3055407.72898386
2024-09-23 05:00:00+00:00,3055577.37355253
2024-09-23 06:00:00+00:00,3055681.9017185
2024-09-23 07:00:00+00:00,3055663.87360217
2024-09-23 08:00:00+00:00,3055679.0104941
2024-09-23 09:00:00+00:00,3055428.38347491
2024-09-23 10:00:00+00:00,3055434.40288632
2024-09-23 11:00:00+00:00,3055582.89750696
2024-09-23 12:00:00+00:00,3055850.00549196
2024-09-23 13:00:00+00:00,3055196.13844701
2024-09-23 14:00:00+00:00,3053386.6501517
2024-09-23 15:00:00+00:00,3053498.01659976
2024-09-23 16:00:00+00:00,3053570.53521097
2024-09-23 17:00:00+00:00,3053711.9763984
2024-09-23 18:00:00+00:00,3053843.37373142
2024-09-23 19:00:00+00:00,3053793.44363445
2024-09-23 20:00:00+00:00,3054063.79811732
2024-09-23 21:00:00+00:00,3053371.48178657
2024-09-23 22:00:00+00:00,3057621.43674986
2024-09-23 23:00:00+00:00,3063936.84384566
2024-09-24 00:00:00+00:00,3057937.03143214
2024-09-24 01:00:00+00:00,3058098.78015888
2024-09-24 02:00:00+00:00,3058130.50932949
2024-09-24 03:00:00+00:00,3061410.80121674
2024-09-24 04:00:00+00:00,3061454.01696311
2024-09-24 05:00:00+00:00,3061799.3737254
2024-09-24 06:00:00+00:00,3061545.46112051
2024-09-24 07:00:00+00:00,3061634.61964786
2024-09-24 08:00:00+00:00,3061711.94318585
2024-09-24 09:00:00+00:00,3061483.05912016
2024-09-24 10:00:00+00:00,3062199.97739142
2024-09-24 11:00:00+00:00,3062423.43319963
2024-09-24 12:00:00+00:00,3061324.1697851
2024-09-24 13:00:00+00:00,3061121.82858788
2024-09-24 14:00:00+00:00,3062367.06611198
2024-09-24 15:00:00+00:00,3062216.79554197
2024-09-24 16:00:00+00:00,3070052.7637550803
2024-09-24 17:00:00+00:00,3062515.74251728
2024-09-24 18:00:00+00:00,3062684.86117437
2024-09-24 19:00:00+00:00,3060850.73943874
2024-09-24 20:00:00+00:00,3060664.00666777
2024-09-24 21:00:00+00:00,3060580.39343656
2024-09-24 22:00:00+00:00,3060589.6548607303
2024-09-24 23:00:00+00:00,3060602.59175487
2024-09-25 00:00:00+00:00,3060619.14740779
2024-09-25 01:00:00+00:00,3060693.76632347
2024-09-25 02:00:00+00:00,3057423.66528263
2024-09-25 03:00:00+00:00,3055366.81502087
2024-09-25 04:00:00+00:00,3044117.47062461
2024-09-25 05:00:00+00:00,3042570.94946388
2024-09-25 06:00:00+00:00,3042464.80694272
2024-09-25 07:00:00+00:00,3044370.01976858
2024-09-25 08:00:00+00:00,3044271.31918899
2024-09-25 09:00:00+00:00,3044136.50958836
2024-09-25 10:00:00+00:00,3044158.9843611
2024-09-25 11:00:00+00:00,3044339.28497676
2024-09-25 12:00:00+00:00,3044334.42103509
2024-09-25 13:00:00+00:00,3044641.64763867
2024-09-25 14:00:00+00:00,3045335.2828742303
2024-09-25 15:00:00+00:00,3045040.75277006
2024-09-25 16:00:00+00:00,3044901.82914973
2024-09-25 17:00:00+00:00,3044822.02824384
2024-09-25 18:00:00+00:00,3045117.30604085
2024-09-25 19:00:00+00:00,3044950.7160137
2024-09-25 20:00:00+00:00,3044091.12307083
2024-09-25 21:00:00+00:00,3044036.52260646
2024-09-25 22:00:00+00:00,3044069.7514218
2024-09-25 23:00:00+00:00,3044064.16305626
2024-09-26 00:00:00+00:00,3043059.70522137
2024-09-26 01:00:00+00:00,3043077.13441911
2024-09-26 02:00:00+00:00,3043178.83338447
2024-09-26 03:00:00+00:00,3043031.07938746
2024-09-26 04:00:00+00:00,3042896.74793952
2024-09-26 05:00:00+00:00,3042908.70513478
2024-09-26 06:00:00+00:00,3042845.66885544
2024-09-26 07:00:00+00:00,3042856.83665564
2024-09-26 08:00:00+00:00,3043454.18975937
2024-09-26 09:00:00+00:00,3043665.73839541
2024-09-26 10:00:00+00:00,3043926.94982099
2024-09-26 11:00:00+00:00,3044093.95413939
2024-09-26 12:00:00+00:00,3042937.9576519
2024-09-26 13:00:00+00:00,3041153.47116576
2024-09-26 14:00:00+00:00,3041144.14399858
2024-09-26 15:00:00+00:00,3041859.40982254
2024-09-26 16:00:00+00:00,3042802.56283956
2024-09-26 17:00:00+00:00,3042692.44185961
2024-09-26 18:00:00+00:00,3042224.25213433
2024-09-26 19:00:00+00:00,3042449.14781612
2024-09-26 20:00:00+00:00,3041243.52541288
2024-09-26 21:00:00+00:00,3042127.88213449
2024-09-26 22:00:00+00:00,3042889.3773031
2024-09-26 23:00:00+00:00,3041475.47089084
2024-09-27 00:00:00+00:00,3041470.58784562
2024-09-27 01:00:00+00:00,3041506.48611218
2024-09-27 02:00:00+00:00,3041462.2953382
2024-09-27 03:00:00+00:00,3041711.27662743
2024-09-27 04:00:00+00:00,3041872.54767178
2024-09-27 05:00:00+00:00,3044870.4527818803
2024-09-27 06:00:00+00:00,3046043.3641140503
2024-09-27 07:00:00+00:00,3046059.97046658
2024-09-27 08:00:00+00:00,3047526.53318851
2024-09-27 09:00:00+00:00,3048114.92728096
2024-09-27 10:00:00+00:00,3047615.53325139
2024-09-27 11:00:00+00:00,3047028.45308102
2024-09-27 12:00:00+00:00,3048505.59500148
2024-09-27 13:00:00+00:00,3046784.03570913
2024-09-27 14:00:00+00:00,3047741.4285209
2024-09-27 15:00:00+00:00,3048263.43485725
2024-09-27 16:00:00+00:00,3048260.85500395
2024-09-27 17:00:00+00:00,3047805.38141084
2024-09-27 18:00:00+00:00,3049817.72891672
2024-09-27 19:00:00+00:00,3049319.37444278
2024-09-27 20:00:00+00:00,3049157.9076572303
2024-09-27 21:00:00+00:00,3060527.75305459
2024-09-27 22:00:00+00:00,3061379.03021555
2024-09-27 23:00:00+00:00,3062156.4486977803
2024-09-28 00:00:00+00:00,3062172.49142806
2024-09-28 01:00:00+00:00,3062194.34241431
2024-09-28 02:00:00+00:00,3062213.91126318
2024-09-28 03:00:00+00:00,3062195.63562002
2024-09-28 04:00:00+00:00,3062237.33234601
2024-09-28 05:00:00+00:00,3062247.11191242
2024-09-28 06:00:00+00:00,3062226.97617399
2024-09-28 07:00:00+00:00,3062295.41944856
2024-09-28 08:00:00+00:00,3062316.21455397
2024-09-28 09:00:00+00:00,3061308.04298921
2024-09-28 10:00:00+00:00,3061316.2105868
2024-09-28 11:00:00+00:00,3061528.6376453
2024-09-28 12:00:00+00:00,3061530.58142275
2024-09-28 13:00:00+00:00,3062538.2205112902
2024-09-28 14:00:00+00:00,3062679.05304701
2024-09-28 15:00:00+00:00,3062684.76412715
2024-09-28 16:00:00+00:00,3062672.98734608
2024-09-28 17:00:00+00:00,3062682.12177091
2024-09-28 18:00:00+00:00,3062699.4607202
2024-09-28 19:00:00+00:00,3062679.62959529
2024-09-28 20:00:00+00:00,3062678.09077458
2024-09-28 21:00:00+00:00,3062686.61367214
2024-09-28 22:00:00+00:00,3062689.62244089
2024-09-28 23:00:00+00:00,3062678.47492187
2024-09-29 00:00:00+00:00,3062740.32835121
2024-09-29 01:00:00+00:00,3062726.9385878
2024-09-29 02:00:00+00:00,3062702.53352594
2024-09-29 03:00:00+00:00,3061013.8676981702
2024-09-29 04:00:00+00:00,3061045.12549664
2024-09-29 05:00:00+00:00,3061035.22322466
2024-09-29 06:00:00+00:00,3061027.16923541
2024-09-29 07:00:00+00:00,3061036.91065411
2024-09-29 08:00:00+00:00,3060984.60208221
2024-09-29 09:00:00+00:00,3059910.16169048
2024-09-29 10:00:00+00:00,3060037.01425305
2024-09-29 11:00:00+00:00,3060055.48219738
2024-09-29 12:00:00+00:00,3060088.51893974
2024-09-29 13:00:00+00:00,3060098.10383119
2024-09-29 14:00:00+00:00,3060063.8303355
2024-09-29 15:00:00+00:00,3060055.75150772
2024-09-29 16:00:00+00:00,3060079.6492593703
2024-09-29 17:00:00+00:00,3060104.0275979103
2024-09-29 18:00:00+00:00,3060082.51521608
2024-09-29 19:00:00+00:00,3060080.61995771
2024-09-29 20:00:00+00:00,3059980.5728602703
2024-09-29 21:00:00+00:00,3059943.54874729
2024-09-29 22:00:00+00:00,3061020.27382269
2024-09-29 23:00:00+00:00,3060967.58897024
2024-09-30 00:00:00+00:00,3060966.33221039
2024-09-30 01:00:00+00:00,3061075.63070988
2024-09-30 02:00:00+00:00,3057707.3500893903
2024-09-30 03:00:00+00:00,3056849.72087211
2024-09-30 04:00:00+00:00,3056868.30741737
2024-09-30 05:00:00+00:00,3056752.9299576
2024-09-30 06:00:00+00:00,3056992.47037307
2024-09-30 07:00:00+00:00,3056848.2701687003
2024-09-30 08:00:00+00:00,3056924.21993158
2024-09-30 09:00:00+00:00,3051270.67453197
2024-09-30 10:00:00+00:00,3051243.97143918
2024-09-30 11:00:00+00:00,3051582.24450518
2024-09-30 12:00:00+00:00,3049234.08104206
2024-09-30 13:00:00+00:00,3049361.01858655
2024-09-30 14:00:00+00:00,3049133.7899717
2024-09-30 15:00:00+00:00,3047538.84271696
2024-09-30 16:00:00+00:00,3046786.95211242
2024-09-30 17:00:00+00:00,3047700.0344847
2024-09-30 18:00:00+00:00,3047552.72279046
2024-09-30 19:00:00+00:00,3046193.0644476702
2024-09-30 20:00:00+00:00,3045229.39046514
2024-09-30 21:00:00+00:00,3045838.11634108
2024-09-30 22:00:00+00:00,3045850.91856847
2024-09-30 23:00:00+00:00,3045958.17625125
2024-10-01 00:00:00+00:00,3046055.13382898
2024-10-01 01:00:00+00:00,3045976.66287039
2024-10-01 02:00:00+00:00,3046010.33177443
2024-10-01 03:00:00+00:00,3045905.82780343
2024-10-01 04:00:00+00:00,3045904.17556405
2024-10-01 05:00:00+00:00,3045929.40385581
2024-10-01 06:00:00+00:00,3045816.2385622603
2024-10-01 07:00:00+00:00,3047989.92294501
2024-10-01 08:00:00+00:00,3048074.65389831
2024-10-01 09:00:00+00:00,3048323.19593038
2024-10-01 10:00:00+00:00,3046856.51683592
2024-10-01 11:00:00+00:00,3046884.93983387
2024-10-01 12:00:00+00:00,3046862.02363527
2024-10-01 13:00:00+00:00,3047301.74188143
2024-10-01 14:00:00+00:00,3046935.26602924
2024-10-01 15:00:00+00:00,3047065.1517961
2024-10-01 16:00:00+00:00,3046628.56447305
2024-10-01 17:00:00+00:00,3047754.45895237
2024-10-01 18:00:00+00:00,3045699.91248856
2024-10-01 19:00:00+00:00,3044864.15880736
2024-10-01 20:00:00+00:00,3045269.6708243103
2024-10-01 21:00:00+00:00,3045507.10642349
2024-10-01 22:00:00+00:00,3045483.42327036
2024-10-01 23:00:00+00:00,3045486.7557836003
2024-10-02 00:00:00+00:00,3044426.16506286
2024-10-02 01:00:00+00:00,3043538.19312507
2024-10-02 02:00:00+00:00,3043559.37273752
2024-10-02 03:00:00+00:00,3043568.90966852
2024-10-02 04:00:00+00:00,3043514.99714839
2024-10-02 05:00:00+00:00,3043545.63310092
2024-10-02 06:00:00+00:00,3043174.62013992
2024-10-02 07:00:00+00:00,3045143.65315291
2024-10-02 08:00:00+00:00,3045096.68358627
2024-10-02 09:00:00+00:00,3043088.6127529102
2024-10-02 10:00:00+00:00,3053323.4658993003
2024-10-02 11:00:00+00:00,3053316.10507863
2024-10-02 12:00:00+00:00,3055995.321672
2024-10-02 13:00:00+00:00,3055964.08046853
2024-10-02 14:00:00+00:00,3058079.87733904
2024-10-02 15:00:00+00:00,3055202.81856234
2024-10-02 16:00:00+00:00,3055695.45141574
2024-10-02 17:00:00+00:00,3056713.77064807
2024-10-02 18:00:00+00:00,3055402.73836784
2024-10-02 19:00:00+00:00,3055323.01580335
2024-10-02 20:00:00+00:00,3053819.08625742
2024-10-02 21:00:00+00:00,3056587.87497965
2024-10-02 22:00:00+00:00,3056659.1051626
2024-10-02 23:00:00+00:00,3056702.64031112
2024-10-03 00:00:00+00:00,3056739.63364562
2024-10-03 01:00:00+00:00,3055908.19481785
2024-10-03 02:00:00+00:00,3056126.87012416
2024-10-03 03:00:00+00:00,3056046.65750953
2024-10-03 04:00:00+00:00,3056054.62169675
2024-10-03 05:00:00+00:00,3056095.38314478
2024-10-03 06:00:00+00:00,3056253.5427885302
2024-10-03 07:00:00+00:00,3056292.51301941
2024-10-03 08:00:00+00:00,3057423.4753313903
2024-10-03 09:00:00+00:00,3058717.9578594803
2024-10-03 10:00:00+00:00,3059761.33120653
2024-10-03 11:00:00+00:00,3059913.61053335
2024-10-03 12:00:00+00:00,3059939.67821622
2024-10-03 13:00:00+00:00,3057411.28746236
2024-10-03 14:00:00+00:00,3057355.70581428
2024-10-03 15:00:00+00:00,3056764.07717372
2024-10-03 16:00:00+00:00,3056774.02050346
2024-10-03 17:00:00+00:00,3056107.86086308
2024-10-03 18:00:00+00:00,3056105.17494778
2024-10-03 19:00:00+00:00,3057033.07376583
2024-10-03 20:00:00+00:00,3058128.50157384
2024-10-03 21:00:00+00:00,3056544.22670848
2024-10-03 22:00:00+00:00,3056557.15650402
2024-10-03 23:00:00+00:00,3056451.4007575503
2024-10-04 00:00:00+00:00,3057477.56279639
2024-10-04 01:00:00+00:00,3057495.08593621
2024-10-04 02:00:00+00:00,3056490.26037505
2024-10-04 03:00:00+00:00,3057475.11995087
2024-10-04 04:00:00+00:00,3057512.25903723
2024-10-04 05:00:00+00:00,3056229.0925099403
2024-10-04 06:00:00+00:00,3056387.3870467
2024-10-04 07:00:00+00:00,3055335.93507575
2024-10-04 08:00:00+00:00,3056351.51725176
2024-10-04 09:00:00+00:00,3055628.41146165
2024-10-04 10:00:00+00:00,3055222.31466238
2024-10-04 11:00:00+00:00,3055535.35508409
2024-10-04 12:00:00+00:00,3055944.29151069
2024-10-04 13:00:00+00:00,3055193.2394318
2024-10-04 14:00:00+00:00,3055635.07788852
2024-10-04 15:00:00+00:00,3055393.50641688
2024-10-04 16:00:00+00:00,3054362.79116725
2024-10-04 17:00:00+00:00,3056177.0680578803
2024-10-04 18:00:00+00:00,3056445.76835817
2024-10-04 19:00:00+00:00,3056240.82681301
2024-10-04 20:00:00+00:00,3057240.6112060403
2024-10-04 21:00:00+00:00,3057899.50027949
2024-10-04 22:00:00+00:00,3057757.99676836
2024-10-04 23:00:00+00:00,3056457.1270332
2024-10-05 00:00:00+00:00,3057568.63733913
2024-10-05 01:00:00+00:00,3058723.48508052
2024-10-05 02:00:00+00:00,3058780.27854622
2024-10-05 03:00:00+00:00,3058793.7990901503
2024-10-05 04:00:00+00:00,3059102.39874186
2024-10-05 05:00:00+00:00,3059201.0129714003
2024-10-05 06:00:00+00:00,3059220.1450085803
2024-10-05 07:00:00+00:00,3059403.45283352
2024-10-05 08:00:00+00:00,3059454.77555865
2024-10-05 09:00:00+00:00,3058443.32698755
2024-10-05 10:00:00+00:00,3058529.78892811
2024-10-05 11:00:00+00:00,3058555.38549123
2024-10-05 12:00:00+00:00,3058585.06722291
2024-10-05 13:00:00+00:00,3058587.16677104
2024-10-05 14:00:00+00:00,3058584.35436324
2024-10-05 15:00:00+00:00,3058584.7520597503
2024-10-05 16:00:00+00:00,3058599.5934104403
2024-10-05 17:00:00+00:00,3058674.11842828
2024-10-05 18:00:00+00:00,3058666.13046559
2024-10-05 19:00:00+00:00,3059674.89980544
2024-10-05 20:00:00+00:00,3059779.2776070503
2024-10-05 21:00:00+00:00,3059770.67398667
2024-10-05 22:00:00+00:00,3059818.14613639
2024-10-05 23:00:00+00:00,3059818.93095145
2024-10-06 00:00:00+00:00,3059854.4810513603
2024-10-06 01:00:00+00:00,3059873.20156333
2024-10-06 02:00:00+00:00,3059835.48853363
2024-10-06 03:00:00+00:00,3059866.0848465
2024-10-06 04:00:00+00:00,3059841.95723456
2024-10-06 05:00:00+00:00,3059853.70405909
2024-10-06 06:00:00+00:00,3059869.60912813
2024-10-06 07:00:00+00:00,3059861.68261705
2024-10-06 08:00:00+00:00,3059873.39042827
2024-10-06 09:00:00+00:00,3058793.6531075803
2024-10-06 10:00:00+00:00,3058954.02793257
2024-10-06 11:00:00+00:00,3058973.27029709
2024-10-06 12:00:00+00:00,3058973.63120889
2024-10-06 13:00:00+00:00,3058923.32934535
2024-10-06 14:00:00+00:00,3058871.32460941
2024-10-06 15:00:00+00:00,3060797.31790238
2024-10-06 16:00:00+00:00,3060777.56364959
2024-10-06 17:00:00+00:00,3060784.46130719
2024-10-06 18:00:00+00:00,3060639.75226726
2024-10-06 19:00:00+00:00,3060650.28603781
2024-10-06 20:00:00+00:00,3060644.4804926
2024-10-06 21:00:00+00:00,3060671.14844624
2024-10-06 22:00:00+00:00,3059679.71208119
2024-10-06 23:00:00+00:00,3057694.05840652
2024-10-07 00:00:00+00:00,3056663.3614054
2024-10-07 01:00:00+00:00,3055769.02127377
2024-10-07 02:00:00+00:00,3053386.24389053
2024-10-07 03:00:00+00:00,3050581.09473947
2024-10-07 04:00:00+00:00,3050765.44913893
2024-10-07 05:00:00+00:00,3052446.05559641
2024-10-07 06:00:00+00:00,3052749.85132019
2024-10-07 07:00:00+00:00,3053112.68493564
2024-10-07 08:00:00+00:00,3053091.41730279
2024-10-07 09:00:00+00:00,3053472.8545041103
2024-10-07 10:00:00+00:00,3054031.9474465903
2024-10-07 11:00:00+00:00,3053898.92682235
2024-10-07 12:00:00+00:00,3053200.66271079
2024-10-07 13:00:00+00:00,3052693.54028141
2024-10-07 14:00:00+00:00,3051950.59521139
2024-10-07 15:00:00+00:00,3054966.05676858
2024-10-07 16:00:00+00:00,3053461.38741885
2024-10-07 17:00:00+00:00,3053535.35225324
2024-10-07 18:00:00+00:00,3052865.0486569502
2024-10-07 19:00:00+00:00,3053306.78293842
2024-10-07 20:00:00+00:00,3053711.4149779
2024-10-07 21:00:00+00:00,3049818.12743699
2024-10-07 22:00:00+00:00,3041902.61162126
2024-10-07 23:00:00+00:00,3042581.02925324
2024-10-08 00:00:00+00:00,3039589.03874011
2024-10-08 01:00:00+00:00,3032678.92872957
2024-10-08 02:00:00+00:00,3024660.94609963
2024-10-08 03:00:00+00:00,3015196.58295589
2024-10-08 04:00:00+00:00,3015191.46457021
2024-10-08 05:00:00+00:00,3015194.7442198303
2024-10-08 06:00:00+00:00,3014191.51435289
2024-10-08 07:00:00+00:00,3015526.4413395203
2024-10-08 08:00:00+00:00,3014914.00817677
2024-10-08 09:00:00+00:00,3013488.41566665
2024-10-08 10:00:00+00:00,3011734.49614787
2024-10-08 11:00:00+00:00,3013015.36451943
2024-10-08 12:00:00+00:00,3013207.14535587
2024-10-08 13:00:00+00:00,3012969.30123219
2024-10-08 14:00:00+00:00,3012764.78572223
2024-10-08 15:00:00+00:00,3012556.5779521503
2024-10-08 16:00:00+00:00,3011661.59558193
2024-10-08 17:00:00+00:00,3020347.58473024
2024-10-08 18:00:00+00:00,3004762.0477033
2024-10-08 19:00:00+00:00,3001959.31804205
2024-10-08 20:00:00+00:00,3000697.40122843
2024-10-08 21:00:00+00:00,2987710.41879584
2024-10-08 22:00:00+00:00,2984674.6960747303
2024-10-08 23:00:00+00:00,2982720.7211952303
2024-10-09 00:00:00+00:00,2976679.06189132
2024-10-09 01:00:00+00:00,2970702.10069546
2024-10-09 02:00:00+00:00,2966480.16001985
2024-10-09 03:00:00+00:00,2964538.9097845
2024-10-09 04:00:00+00:00,2964367.40124582
2024-10-09 05:00:00+00:00,2964658.0735691
2024-10-09 06:00:00+00:00,2964800.4347076803
2024-10-09 07:00:00+00:00,2964637.30712136
2024-10-09 08:00:00+00:00,2964624.89939853
2024-10-09 09:00:00+00:00,2963239.39946537
2024-10-09 10:00:00+00:00,2964179.66189285
2024-10-09 11:00:00+00:00,2966983.79832926
2024-10-09 12:00:00+00:00,2966798.56227778
2024-10-09 13:00:00+00:00,2966336.8697955
2024-10-09 14:00:00+00:00,2967048.0896818303
2024-10-09 15:00:00+00:00,2967239.75212388
2024-10-09 16:00:00+00:00,2966287.65304307
2024-10-09 17:00:00+00:00,2964876.6539853
2024-10-09 18:00:00+00:00,2964562.46790847
2024-10-09 19:00:00+00:00,2963236.06817111
2024-10-09 20:00:00+00:00,2959994.81009709
2024-10-09 21:00:00+00:00,2960003.22679971
2024-10-09 22:00:00+00:00,2960027.98911836
2024-10-09 23:00:00+00:00,2960045.07273404
2024-10-10 00:00:00+00:00,2959765.84104317
2024-10-10 01:00:00+00:00,2959773.94627542
2024-10-10 02:00:00+00:00,2959810.19658592
2024-10-10 03:00:00+00:00,2955863.46713684
2024-10-10 04:00:00+00:00,2952897.84819625
2024-10-10 05:00:00+00:00,2951855.76614605
2024-10-10 06:00:00+00:00,2951975.08941298
2024-10-10 07:00:00+00:00,2952930.11453868
2024-10-10 08:00:00+00:00,2952329.95180203
2024-10-10 09:00:00+00:00,2952244.45510815
2024-10-10 10:00:00+00:00,2951755.51258985
2024-10-10 11:00:00+00:00,2951747.94867508
2024-10-10 12:00:00+00:00,2951693.88634471
2024-10-10 13:00:00+00:00,2951687.82954068
2024-10-10 14:00:00+00:00,2949963.50338925
2024-10-10 15:00:00+00:00,2951645.87570168
2024-10-10 16:00:00+00:00,2950405.31850763
2024-10-10 17:00:00+00:00,2952055.29709255
2024-10-10 18:00:00+00:00,2953516.38325315
2024-10-10 19:00:00+00:00,2957178.70001654
2024-10-10 20:00:00+00:00,2953604.98978826
2024-10-10 21:00:00+00:00,2953325.67875181
2024-10-10 22:00:00+00:00,2953510.58667347
2024-10-10 23:00:00+00:00,2953499.04473599
2024-10-11 00:00:00+00:00,2948171.64642619
2024-10-11 01:00:00+00:00,2945903.58912633
2024-10-11 02:00:00+00:00,2942921.83399647
2024-10-11 03:00:00+00:00,2930576.14492054
2024-10-11 04:00:00+00:00,2926201.99412993
2024-10-11 05:00:00+00:00,2925048.30166282
2024-10-11 06:00:00+00:00,2925221.83007612
2024-10-11 07:00:00+00:00,2924750.26556133
2024-10-11 08:00:00+00:00,2924649.99381623
2024-10-11 09:00:00+00:00,2923453.30302951
2024-10-11 10:00:00+00:00,2923985.68312998
2024-10-11 11:00:00+00:00,2923980.98029269
2024-10-11 12:00:00+00:00,2926011.8940251903
2024-10-11 13:00:00+00:00,2925990.0247727702
2024-10-11 14:00:00+00:00,2926795.46363864
2024-10-11 15:00:00+00:00,2926149.6449211403
2024-10-11 16:00:00+00:00,2926762.05133836
2024-10-11 17:00:00+00:00,2925509.79440184
2024-10-11 18:00:00+00:00,2923916.2355132
2024-10-11 19:00:00+00:00,2921723.45532692
2024-10-11 20:00:00+00:00,2915733.29223785
2024-10-11 21:00:00+00:00,2908679.57667021
2024-10-11 22:00:00+00:00,2902215.32782675
2024-10-11 23:00:00+00:00,2897371.99118989
2024-10-12 00:00:00+00:00,2889712.35031284
2024-10-12 01:00:00+00:00,2887293.99595572
2024-10-12 02:00:00+00:00,2887397.15675596
2024-10-12 03:00:00+00:00,2887441.22228658
2024-10-12 04:00:00+00:00,2887409.36827953
2024-10-12 05:00:00+00:00,2887430.2788046
2024-10-12 06:00:00+00:00,2887326.07558467
2024-10-12 07:00:00+00:00,2887325.51698342
2024-10-12 08:00:00+00:00,2887310.74604369
2024-10-12 09:00:00+00:00,2887315.7503940603
2024-10-12 10:00:00+00:00,2886200.2688472
2024-10-12 11:00:00+00:00,2886206.46514768
2024-10-12 12:00:00+00:00,2887204.58542989
2024-10-12 13:00:00+00:00,2887284.9381619003
2024-10-12 14:00:00+00:00,2887285.21308961
2024-10-12 15:00:00+00:00,2887063.29100876
2024-10-12 16:00:00+00:00,2887256.5310821203
2024-10-12 17:00:00+00:00,2887289.78241935
2024-10-12 18:00:00+00:00,2887306.49322078
2024-10-12 19:00:00+00:00,2887280.87533713
2024-10-12 20:00:00+00:00,2887254.4296278
2024-10-12 21:00:00+00:00,2887268.93182014
2024-10-12 22:00:00+00:00,2887280.91557302
2024-10-12 23:00:00+00:00,2887288.58643043
2024-10-13 00:00:00+00:00,2887294.900162
2024-10-13 01:00:00+00:00,2887336.55323084
2024-10-13 02:00:00+00:00,2887368.23293151
2024-10-13 03:00:00+00:00,2887378.06405466
2024-10-13 04:00:00+00:00,2887345.28195306
2024-10-13 05:00:00+00:00,2887366.15559387
2024-10-13 06:00:00+00:00,2887374.0677437
2024-10-13 07:00:00+00:00,2887372.5275833
2024-10-13 08:00:00+00:00,2887419.76907738
2024-10-13 09:00:00+00:00,2886334.30303442
2024-10-13 10:00:00+00:00,2886350.0726749
2024-10-13 11:00:00+00:00,2886413.39249415
2024-10-13 12:00:00+00:00,2886413.75852879
2024-10-13 13:00:00+00:00,2887246.27111687
2024-10-13 14:00:00+00:00,2887304.93081338
2024-10-13 15:00:00+00:00,2887293.08394456
2024-10-13 16:00:00+00:00,2887289.94734448
2024-10-13 17:00:00+00:00,2887298.76267474
2024-10-13 18:00:00+00:00,2887319.43527402
2024-10-13 19:00:00+00:00,2887341.6030333103
2024-10-13 20:00:00+00:00,2887352.41710306
2024-10-13 21:00:00+00:00,2887331.1866954
2024-10-13 22:00:00+00:00,2887334.61296901
2024-10-13 23:00:00+00:00,2887400.75230732
2024-10-14 00:00:00+00:00,2888971.23614751
2024-10-14 01:00:00+00:00,2888966.25529556
2024-10-14 02:00:00+00:00,2889038.13834082
2024-10-14 03:00:00+00:00,2889076.7255241303
2024-10-14 04:00:00+00:00,2888971.91687831
2024-10-14 05:00:00+00:00,2889500.09164375
2024-10-14 06:00:00+00:00,2890095.76364581
2024-10-14 07:00:00+00:00,2890358.0090873903
2024-10-14 08:00:00+00:00,2890414.10317048
2024-10-14 09:00:00+00:00,2890582.29144983
2024-10-14 10:00:00+00:00,2890549.25946183
2024-10-14 11:00:00+00:00,2886544.63318184
2024-10-14 12:00:00+00:00,2881632.60293968
2024-10-14 13:00:00+00:00,2881702.74037087
2024-10-14 14:00:00+00:00,2880376.19237027
2024-10-14 15:00:00+00:00,2881390.90581641
2024-10-14 16:00:00+00:00,2881802.71777591
2024-10-14 17:00:00+00:00,2881704.4947619
2024-10-14 18:00:00+00:00,2881366.08643157
2024-10-14 19:00:00+00:00,2881851.22567159
2024-10-14 20:00:00+00:00,2881710.79373087
2024-10-14 21:00:00+00:00,2880357.66785395
2024-10-14 22:00:00+00:00,2879528.98904118
2024-10-14 23:00:00+00:00,2879676.79062601
2024-10-15 00:00:00+00:00,2879263.73998635
2024-10-15 01:00:00+00:00,2879368.66017514
2024-10-15 02:00:00+00:00,2879410.38850281
2024-10-15 03:00:00+00:00,2879489.14318552
2024-10-15 04:00:00+00:00,2877985.913764
2024-10-15 05:00:00+00:00,2878139.03259915
2024-10-15 06:00:00+00:00,2878321.21995835
2024-10-15 07:00:00+00:00,2879852.19581024
2024-10-15 08:00:00+00:00,2879676.56093235
2024-10-15 09:00:00+00:00,2880657.83683362
2024-10-15 10:00:00+00:00,2881079.63140081
2024-10-15 11:00:00+00:00,2881595.68295004
2024-10-15 12:00:00+00:00,2880381.25120639
2024-10-15 13:00:00+00:00,2880649.7490474503
2024-10-15 14:00:00+00:00,2881049.84660867
2024-10-15 15:00:00+00:00,2880472.66898666
2024-10-15 16:00:00+00:00,2880704.5285898503
2024-10-15 17:00:00+00:00,2880014.01885837
2024-10-15 18:00:00+00:00,2879925.293206
2024-10-15 19:00:00+00:00,2878114.65587422
2024-10-15 20:00:00+00:00,2877963.95745562
2024-10-15 21:00:00+00:00,2880733.28128022
2024-10-15 22:00:00+00:00,2879828.24524854
2024-10-15 23:00:00+00:00,2882737.41932992
2024-10-16 00:00:00+00:00,2883288.45433618
2024-10-16 01:00:00+00:00,2884252.59133609
2024-10-16 02:00:00+00:00,2884073.8906667503
2024-10-16 03:00:00+00:00,2882390.53233657
2024-10-16 04:00:00+00:00,2882643.80741007
2024-10-16 05:00:00+00:00,2882386.2746333103
2024-10-16 06:00:00+00:00,2882353.5040662
2024-10-16 07:00:00+00:00,2883246.68082216
2024-10-16 08:00:00+00:00,2883547.89585746
2024-10-16 09:00:00+00:00,2882516.48865614
2024-10-16 10:00:00+00:00,2882957.41781104
2024-10-16 11:00:00+00:00,2884272.56985137
2024-10-16 12:00:00+00:00,2883251.39540956
2024-10-16 13:00:00+00:00,2883586.55315817
2024-10-16 14:00:00+00:00,2885164.96595904
2024-10-16 15:00:00+00:00,2886136.44853312
2024-10-16 16:00:00+00:00,2885493.39682176
2024-10-16 17:00:00+00:00,2885600.0565862902
2024-10-16 18:00:00+00:00,2885926.60312418
2024-10-16 19:00:00+00:00,2885812.7003444303
2024-10-16 20:00:00+00:00,2884079.77819166
2024-10-16 21:00:00+00:00,2883571.21613685
2024-10-16 22:00:00+00:00,2884037.0433942
2024-10-16 23:00:00+00:00,2884069.66901903
2024-10-17 00:00:00+00:00,2884108.30387147
2024-10-17 01:00:00+00:00,2883782.29241686
2024-10-17 02:00:00+00:00,2883883.7764844103
2024-10-17 03:00:00+00:00,2883927.45956397
2024-10-17 04:00:00+00:00,2884114.15564646
2024-10-17 05:00:00+00:00,2884037.98096506
2024-10-17 06:00:00+00:00,2884284.0798182
2024-10-17 07:00:00+00:00,2884872.65358037
2024-10-17 08:00:00+00:00,2888990.67236914
2024-10-17 09:00:00+00:00,2887877.99389414
2024-10-17 10:00:00+00:00,2887934.71229715
2024-10-17 11:00:00+00:00,2889494.00491061
2024-10-17 12:00:00+00:00,2889440.23659972
2024-10-17 13:00:00+00:00,2889619.31122589
2024-10-17 14:00:00+00:00,2890445.62562427
2024-10-17 15:00:00+00:00,2893813.05925033
2024-10-17 16:00:00+00:00,2893491.05133551
2024-10-17 17:00:00+00:00,2892866.2944857
2024-10-17 18:00:00+00:00,2894014.41864148
2024-10-17 19:00:00+00:00,2894178.45361946
2024-10-17 20:00:00+00:00,2892828.4777975
2024-10-17 21:00:00+00:00,2892476.55371635
2024-10-17 22:00:00+00:00,2891609.00029497
2024-10-17 23:00:00+00:00,2891499.67247446
2024-10-18 00:00:00+00:00,2891506.36686972
2024-10-18 01:00:00+00:00,2891521.15139542
2024-10-18 02:00:00+00:00,2891508.15257239
2024-10-18 03:00:00+00:00,2891723.0467101
2024-10-18 04:00:00+00:00,2891744.05053416
2024-10-18 05:00:00+00:00,2891753.35287954
2024-10-18 06:00:00+00:00,2892716.7415252
2024-10-18 07:00:00+00:00,2893240.60130481
2024-10-18 08:00:00+00:00,2893550.8970786203
2024-10-18 09:00:00+00:00,2889494.36912022
2024-10-18 10:00:00+00:00,2889576.21412899
2024-10-18 11:00:00+00:00,2886888.26421137
2024-10-18 12:00:00+00:00,2886611.7835372
2024-10-18 13:00:00+00:00,2887841.80158018
2024-10-18 14:00:00+00:00,2888544.59381149
2024-10-18 15:00:00+00:00,2888066.04649863
2024-10-18 16:00:00+00:00,2888431.99974136
2024-10-18 17:00:00+00:00,2888379.1324956003
2024-10-18 18:00:00+00:00,2888954.33894289
2024-10-18 19:00:00+00:00,2889902.52105706
2024-10-18 20:00:00+00:00,2889261.71416388
2024-10-18 21:00:00+00:00,2889366.14069351
2024-10-18 22:00:00+00:00,2889408.4225205
2024-10-18 23:00:00+00:00,2889608.78390908
2024-10-19 00:00:00+00:00,2889751.34417415
2024-10-19 01:00:00+00:00,2889949.87097996
2024-10-19 02:00:00+00:00,2890098.35622362
2024-10-19 03:00:00+00:00,2890136.21705983
2024-10-19 04:00:00+00:00,2890196.5964889
2024-10-19 05:00:00+00:00,2890216.11539518
2024-10-19 06:00:00+00:00,2890088.66471975
2024-10-19 07:00:00+00:00,2890092.95565661
2024-10-19 08:00:00+00:00,2890095.13811284
2024-10-19 09:00:00+00:00,2888967.26245767
2024-10-19 10:00:00+00:00,2888970.09228937
2024-10-19 11:00:00+00:00,2889017.759662
2024-10-19 12:00:00+00:00,2889052.7297293
2024-10-19 13:00:00+00:00,2889099.12975091
2024-10-19 14:00:00+00:00,2890607.5861509503
2024-10-19 15:00:00+00:00,2891606.78056303
2024-10-19 16:00:00+00:00,2892607.4512429503
2024-10-19 17:00:00+00:00,2895277.77319919
2024-10-19 18:00:00+00:00,2895287.0194459
2024-10-19 19:00:00+00:00,2895278.2446235903
2024-10-19 20:00:00+00:00,2895258.27270475
2024-10-19 21:00:00+00:00,2895233.3767569303
2024-10-19 22:00:00+00:00,2895269.0968046
2024-10-19 23:00:00+00:00,2895279.06237858
2024-10-20 00:00:00+00:00,2894284.60619023
2024-10-20 01:00:00+00:00,2894308.1831389302
2024-10-20 02:00:00+00:00,2894315.41697011
2024-10-20 03:00:00+00:00,2894323.79649507
2024-10-20 04:00:00+00:00,2894310.21802972
2024-10-20 05:00:00+00:00,2894323.67846878
2024-10-20 06:00:00+00:00,2894316.77598413
2024-10-20 07:00:00+00:00,2894303.37903897
2024-10-20 08:00:00+00:00,2894329.55099325
2024-10-20 09:00:00+00:00,2893233.37976335
2024-10-20 10:00:00+00:00,2893521.72878956
2024-10-20 11:00:00+00:00,2893527.5060170703
2024-10-20 12:00:00+00:00,2894526.6110483003
2024-10-20 13:00:00+00:00,2894542.16062382
2024-10-20 14:00:00+00:00,2895474.23178392
2024-10-20 15:00:00+00:00,2895458.54450777
2024-10-20 16:00:00+00:00,2895981.19290278
2024-10-20 17:00:00+00:00,2896379.10982716
2024-10-20 18:00:00+00:00,2896911.28243096
2024-10-20 19:00:00+00:00,2896962.73931952
2024-10-20 20:00:00+00:00,2896952.74870517
2024-10-20 21:00:00+00:00,2896957.94943539
2024-10-20 22:00:00+00:00,2896995.35909574
2024-10-20 23:00:00+00:00,2896812.20090034
2024-10-21 00:00:00+00:00,2896865.93120348
2024-10-21 01:00:00+00:00,2897016.78451273
2024-10-21 02:00:00+00:00,2897074.31078134
2024-10-21 03:00:00+00:00,2897110.80024416
2024-10-21 04:00:00+00:00,2897158.8923661
2024-10-21 05:00:00+00:00,2895603.6576431203
2024-10-21 06:00:00+00:00,2895643.93232553
2024-10-21 07:00:00+00:00,2896101.9360105903
2024-10-21 08:00:00+00:00,2895003.51314601
2024-10-21 09:00:00+00:00,2894225.79208207
2024-10-21 10:00:00+00:00,2891013.75317644
2024-10-21 11:00:00+00:00,2890989.86009988
2024-10-21 12:00:00+00:00,2891573.88059184
2024-10-21 13:00:00+00:00,2891589.81769021
2024-10-21 14:00:00+00:00,2891964.97915067
2024-10-21 15:00:00+00:00,2891794.60094547
2024-10-21 16:00:00+00:00,2891472.84196778
2024-10-21 17:00:00+00:00,2891254.47334749
2024-10-21 18:00:00+00:00,2890129.4209296303
2024-10-21 19:00:00+00:00,2890061.26310232
2024-10-21 20:00:00+00:00,2889776.63028163
2024-10-21 21:00:00+00:00,2891299.77632012
2024-10-21 22:00:00+00:00,2890501.97996099
2024-10-21 23:00:00+00:00,2890717.80992783
2024-10-22 00:00:00+00:00,2891829.67757895
2024-10-22 01:00:00+00:00,2891220.76526512
2024-10-22 02:00:00+00:00,2891452.0035884
2024-10-22 03:00:00+00:00,2890174.27677056
2024-10-22 04:00:00+00:00,2890209.03919678
2024-10-22 05:00:00+00:00,2891010.6163092
2024-10-22 06:00:00+00:00,2890964.24991532
2024-10-22 07:00:00+00:00,2889958.55778732
2024-10-22 08:00:00+00:00,2890279.5515307
2024-10-22 09:00:00+00:00,2889530.91079583
2024-10-22 10:00:00+00:00,2891160.19248371
2024-10-22 11:00:00+00:00,2889366.13688596
2024-10-22 12:00:00+00:00,2889366.13688596
2024-10-22 13:00:00+00:00,2887688.81972516
2024-10-22 14:00:00+00:00,2885881.55976965
2024-10-22 15:00:00+00:00,2885646.86605361
2024-10-22 16:00:00+00:00,2885370.26038541
2024-10-22 17:00:00+00:00,2883106.33490359
2024-10-22 18:00:00+00:00,2883145.59030261
2024-10-22 19:00:00+00:00,2884088.98532468
2024-10-22 20:00:00+00:00,2884004.19283901
2024-10-22 21:00:00+00:00,2884440.11788758
2024-10-22 22:00:00+00:00,2883489.82810586
2024-10-22 23:00:00+00:00,2883524.13490387
2024-10-23 00:00:00+00:00,2883555.15117513
2024-10-23 01:00:00+00:00,2883550.64331515
2024-10-23 02:00:00+00:00,2883516.27669798
2024-10-23 03:00:00+00:00,2883531.05818316
2024-10-23 04:00:00+00:00,2883568.72635404
2024-10-23 05:00:00+00:00,2884522.65185257
2024-10-23 06:00:00+00:00,2886094.74332004
2024-10-23 07:00:00+00:00,2886097.1059811
2024-10-23 08:00:00+00:00,2884363.21773445
2024-10-23 09:00:00+00:00,2881660.72355652
2024-10-23 10:00:00+00:00,2882747.01405243
2024-10-23 11:00:00+00:00,2881272.62143765
2024-10-23 12:00:00+00:00,2881289.4755314
2024-10-23 13:00:00+00:00,2881191.35241926
2024-10-23 14:00:00+00:00,2881412.2223157203
2024-10-23 15:00:00+00:00,2883208.81034655
2024-10-23 16:00:00+00:00,2882766.08511118
2024-10-23 17:00:00+00:00,2882782.60306701
2024-10-23 18:00:00+00:00,2883374.10597773
2024-10-23 19:00:00+00:00,2883298.75059364
2024-10-23 20:00:00+00:00,2883539.26270202
2024-10-23 21:00:00+00:00,2886076.36193998
2024-10-23 22:00:00+00:00,2886048.85391945
2024-10-23 23:00:00+00:00,2886112.03330652
2024-10-24 00:00:00+00:00,2886144.83134911
2024-10-24 01:00:00+00:00,2886077.94141376
2024-10-24 02:00:00+00:00,2886172.51466105
2024-10-24 03:00:00+00:00,2886204.2675838103
2024-10-24 04:00:00+00:00,2887186.27546506
2024-10-24 05:00:00+00:00,2887192.41666734
2024-10-24 06:00:00+00:00,2885899.33002735
2024-10-24 07:00:00+00:00,2885996.46779345
2024-10-24 08:00:00+00:00,2884205.1662593
2024-10-24 09:00:00+00:00,2881016.48937478
2024-10-24 10:00:00+00:00,2881849.4421569803
2024-10-24 11:00:00+00:00,2880849.79135151
2024-10-24 12:00:00+00:00,2880800.6276435
2024-10-24 13:00:00+00:00,2880201.54171713
2024-10-24 14:00:00+00:00,2879436.43154632
2024-10-24 15:00:00+00:00,2879987.2541517
2024-10-24 16:00:00+00:00,2879999.29913896
2024-10-24 17:00:00+00:00,2869626.80278438
2024-10-24 18:00:00+00:00,2869322.16971532
2024-10-24 19:00:00+00:00,2870310.09705095
2024-10-24 20:00:00+00:00,2870250.17106952
2024-10-24 21:00:00+00:00,2870333.42007154
2024-10-24 22:00:00+00:00,2870111.54527705
2024-10-24 23:00:00+00:00,2870147.74060724
2024-10-25 00:00:00+00:00,2870426.26829478
2024-10-25 01:00:00+00:00,2870581.2900488903
2024-10-25 02:00:00+00:00,2870605.46395288
2024-10-25 03:00:00+00:00,2871370.32985106
2024-10-25 04:00:00+00:00,2871623.53113898
2024-10-25 05:00:00+00:00,2871649.83475343
2024-10-25 06:00:00+00:00,2872262.99801285
2024-10-25 07:00:00+00:00,2885375.98673332
2024-10-25 08:00:00+00:00,2883406.89096356
2024-10-25 09:00:00+00:00,2882916.10779407
2024-10-25 10:00:00+00:00,2882825.12371767
2024-10-25 11:00:00+00:00,2882742.04602843
2024-10-25 12:00:00+00:00,2882661.87310539
2024-10-25 13:00:00+00:00,2882683.9648485403
2024-10-25 14:00:00+00:00,2885414.32990251
2024-10-25 15:00:00+00:00,2885799.63208204
2024-10-25 16:00:00+00:00,2884219.73034692
2024-10-25 17:00:00+00:00,2883936.75785977
2024-10-25 18:00:00+00:00,2883848.39042566
2024-10-25 19:00:00+00:00,2884344.48411299
2024-10-25 20:00:00+00:00,2884242.98144568
2024-10-25 21:00:00+00:00,2894889.10892762
2024-10-25 22:00:00+00:00,2895877.67976337
2024-10-25 23:00:00+00:00,2898415.45033659
2024-10-26 00:00:00+00:00,2898465.61795635
2024-10-26 01:00:00+00:00,2898520.8015170703
2024-10-26 02:00:00+00:00,2898440.42378883
2024-10-26 03:00:00+00:00,2898444.43166089
2024-10-26 04:00:00+00:00,2898481.95502853
2024-10-26 05:00:00+00:00,2898510.43489259
2024-10-26 06:00:00+00:00,2897333.4325605403
2024-10-26 07:00:00+00:00,2898334.21258502
2024-10-26 08:00:00+00:00,2898372.26231199
2024-10-26 09:00:00+00:00,2897169.29918762
2024-10-26 10:00:00+00:00,2897234.7901341
2024-10-26 11:00:00+00:00,2897199.0387442303
2024-10-26 12:00:00+00:00,2897101.2100225003
2024-10-26 13:00:00+00:00,2897140.53121133
2024-10-26 14:00:00+00:00,2897149.5011801003
2024-10-26 15:00:00+00:00,2897123.53785124
2024-10-26 16:00:00+00:00,2897141.69916029
2024-10-26 17:00:00+00:00,2898146.7948653703
2024-10-26 18:00:00+00:00,2898154.65123808
2024-10-26 19:00:00+00:00,2898176.63426435
2024-10-26 20:00:00+00:00,2898591.87204216
2024-10-26 21:00:00+00:00,2897874.4415241
2024-10-26 22:00:00+00:00,2896925.33583516
2024-10-26 23:00:00+00:00,2896378.22781465
2024-10-27 00:00:00+00:00,2896424.75822706
2024-10-27 01:00:00+00:00,2896451.18625182
2024-10-27 02:00:00+00:00,2896468.25023366
2024-10-27 03:00:00+00:00,2896500.48082775
2024-10-27 04:00:00+00:00,2896516.3797386503
2024-10-27 05:00:00+00:00,2896580.4866242902
2024-10-27 06:00:00+00:00,2896738.76087083
2024-10-27 07:00:00+00:00,2897043.5502739
2024-10-27 08:00:00+00:00,2897068.46729351
2024-10-27 09:00:00+00:00,2896009.21630905
2024-10-27 10:00:00+00:00,2895987.46554799
2024-10-27 11:00:00+00:00,2894975.17888172
2024-10-27 12:00:00+00:00,2894970.67624397
2024-10-27 13:00:00+00:00,2894952.06912935
2024-10-27 14:00:00+00:00,2895083.03493086
2024-10-27 15:00:00+00:00,2895073.61974981
2024-10-27 16:00:00+00:00,2895704.74688088
2024-10-27 17:00:00+00:00,2895884.02639044
2024-10-27 18:00:00+00:00,2895952.5466405503
2024-10-27 19:00:00+00:00,2895951.62120161
2024-10-27 20:00:00+00:00,2895948.58660561
2024-10-27 21:00:00+00:00,2895967.62089583
2024-10-27 22:00:00+00:00,2895943.42298607
2024-10-27 23:00:00+00:00,2895931.3618498603
2024-10-28 00:00:00+00:00,2895916.51774049
2024-10-28 01:00:00+00:00,2895398.0779158203
2024-10-28 02:00:00+00:00,2896400.04527666
2024-10-28 03:00:00+00:00,2896689.19067995
2024-10-28 04:00:00+00:00,2896827.179884
2024-10-28 05:00:00+00:00,2896798.18509492
2024-10-28 06:00:00+00:00,2896638.48218394
2024-10-28 07:00:00+00:00,2895698.89609461
2024-10-28 08:00:00+00:00,2896540.1396731
2024-10-28 09:00:00+00:00,2895532.18654931
2024-10-28 10:00:00+00:00,2891271.21924067
2024-10-28 11:00:00+00:00,2889815.58569409
2024-10-28 12:00:00+00:00,2889660.6688995003
2024-10-28 13:00:00+00:00,2889660.6688995003
2024-10-28 14:00:00+00:00,2880025.30318797
2024-10-28 15:00:00+00:00,2880078.35515816
2024-10-28 16:00:00+00:00,2879318.19140494
2024-10-28 17:00:00+00:00,2878423.67244559
2024-10-28 18:00:00+00:00,2878506.34973375
2024-10-28 19:00:00+00:00,2878362.10879131
2024-10-28 20:00:00+00:00,2878922.18624851
2024-10-28 21:00:00+00:00,2880662.98618789
2024-10-28 22:00:00+00:00,2881155.1638169303
2024-10-28 23:00:00+00:00,2881740.4287174
2024-10-29 00:00:00+00:00,2882335.25979425
2024-10-29 01:00:00+00:00,2882350.41041737
2024-10-29 02:00:00+00:00,2882305.86014331
2024-10-29 03:00:00+00:00,2883290.80035748
2024-10-29 04:00:00+00:00,2884470.83112098
2024-10-29 05:00:00+00:00,2884489.05875585
2024-10-29 06:00:00+00:00,2884706.47416093
2024-10-29 07:00:00+00:00,2884679.1512802
2024-10-29 08:00:00+00:00,2884757.84891357
2024-10-29 09:00:00+00:00,2884215.87291172
2024-10-29 10:00:00+00:00,2884759.72719008
2024-10-29 11:00:00+00:00,2884715.02389486
2024-10-29 12:00:00+00:00,2884707.82515993
2024-10-29 13:00:00+00:00,2887838.78589453
2024-10-29 14:00:00+00:00,2884364.48549996
2024-10-29 15:00:00+00:00,2884830.06092861
2024-10-29 16:00:00+00:00,2886705.42536599
2024-10-29 17:00:00+00:00,2885753.21490036
2024-10-29 18:00:00+00:00,2885733.4882187103
2024-10-29 19:00:00+00:00,2887078.80684257
2024-10-29 20:00:00+00:00,2886628.7702658903
2024-10-29 21:00:00+00:00,2886191.59856764
2024-10-29 22:00:00+00:00,2885688.2853700803
2024-10-29 23:00:00+00:00,2887858.13709225
2024-10-30 00:00:00+00:00,2887995.91708761
2024-10-30 01:00:00+00:00,2887572.47472435
2024-10-30 02:00:00+00:00,2887851.12338661
2024-10-30 03:00:00+00:00,2889218.29050338
2024-10-30 04:00:00+00:00,2889875.09908722
2024-10-30 05:00:00+00:00,2890089.90266456
2024-10-30 06:00:00+00:00,2890093.16450726
2024-10-30 07:00:00+00:00,2890260.2497739103
2024-10-30 08:00:00+00:00,2891409.9845145
2024-10-30 09:00:00+00:00,2890467.85529749
2024-10-30 10:00:00+00:00,2889918.57937771
2024-10-30 11:00:00+00:00,2887272.48332202
2024-10-30 12:00:00+00:00,2887245.13536702
2024-10-30 13:00:00+00:00,2887756.91762888
2024-10-30 14:00:00+00:00,2887673.8268536
2024-10-30 15:00:00+00:00,2884613.08260262
2024-10-30 16:00:00+00:00,2884569.08122787
2024-10-30 17:00:00+00:00,2883546.41256303
2024-10-30 18:00:00+00:00,2883610.1606985503
2024-10-30 19:00:00+00:00,2882551.1376788
2024-10-30 20:00:00+00:00,2882428.27689589
2024-10-30 21:00:00+00:00,2881002.05426484
2024-10-30 22:00:00+00:00,2881097.6006954103
2024-10-30 23:00:00+00:00,2881076.3488041502
2024-10-31 00:00:00+00:00,2882594.92823683
2024-10-31 01:00:00+00:00,2882642.98778792
2024-10-31 02:00:00+00:00,2882714.52067712
2024-10-31 03:00:00+00:00,2882714.14558366
2024-10-31 04:00:00+00:00,2882791.2715842
2024-10-31 05:00:00+00:00,2881510.86980362
2024-10-31 06:00:00+00:00,2881661.9774695
2024-10-31 07:00:00+00:00,2881705.04293538
2024-10-31 08:00:00+00:00,2881554.34118157
2024-10-31 09:00:00+00:00,2879550.42787952
2024-10-31 10:00:00+00:00,2879506.42792927
2024-10-31 11:00:00+00:00,2878568.33844116
2024-10-31 12:00:00+00:00,2879851.55849057
2024-10-31 13:00:00+00:00,2879956.94787387
2024-10-31 14:00:00+00:00,2873745.48261083
2024-10-31 15:00:00+00:00,2872741.25626099
2024-10-31 16:00:00+00:00,2874189.28868835
2024-10-31 17:00:00+00:00,2874468.32082962
2024-10-31 18:00:00+00:00,2874665.8606165
2024-10-31 19:00:00+00:00,2874383.65082128
2024-10-31 20:00:00+00:00,2874854.57181635
2024-10-31 21:00:00+00:00,2872699.5715017603
2024-10-31 22:00:00+00:00,2872799.04225869
2024-10-31 23:00:00+00:00,2873015.47148259
2024-11-01 00:00:00+00:00,2873495.2442087103
2024-11-01 01:00:00+00:00,2872325.74646486
2024-11-01 02:00:00+00:00,2872008.33928972
2024-11-01 03:00:00+00:00,2870566.09456786
2024-11-01 04:00:00+00:00,2870462.06785275
2024-11-01 05:00:00+00:00,2869222.1760471403
2024-11-01 06:00:00+00:00,2869598.13052289
2024-11-01 07:00:00+00:00,2869663.74010185
2024-11-01 08:00:00+00:00,2868912.85651716
2024-11-01 09:00:00+00:00,2868140.0591609
2024-11-01 10:00:00+00:00,2867230.34437803
2024-11-01 11:00:00+00:00,2866274.02772719
2024-11-01 12:00:00+00:00,2866548.40617995
2024-11-01 13:00:00+00:00,2866562.13429313
2024-11-01 14:00:00+00:00,2865426.79979378
2024-11-01 15:00:00+00:00,2865365.75215265
2024-11-01 16:00:00+00:00,2865737.46634751
2024-11-01 17:00:00+00:00,2865661.2585875
2024-11-01 18:00:00+00:00,2867209.92456588
2024-11-01 19:00:00+00:00,2867116.16024225
2024-11-01 20:00:00+00:00,2867395.60700903
2024-11-01 21:00:00+00:00,2868385.95541018
2024-11-01 22:00:00+00:00,2868502.63254662
2024-11-01 23:00:00+00:00,2869397.5816018903
2024-11-02 00:00:00+00:00,2869434.10953942
2024-11-02 01:00:00+00:00,2869478.89758991
2024-11-02 02:00:00+00:00,2869501.11076167
2024-11-02 03:00:00+00:00,2869536.98882403
2024-11-02 04:00:00+00:00,2869879.19091477
2024-11-02 05:00:00+00:00,2869929.39416894
2024-11-02 06:00:00+00:00,2869967.23117189
2024-11-02 07:00:00+00:00,2869985.0414501
2024-11-02 08:00:00+00:00,2869977.5829538302
2024-11-02 09:00:00+00:00,2868943.07403871
2024-11-02 10:00:00+00:00,2868989.96512852
2024-11-02 11:00:00+00:00,2869000.7541136
2024-11-02 12:00:00+00:00,2868509.92388176
2024-11-02 13:00:00+00:00,2869100.88706039
2024-11-02 14:00:00+00:00,2869107.9953663
2024-11-02 15:00:00+00:00,2868944.13180837
2024-11-02 16:00:00+00:00,2868718.66130109
2024-11-02 17:00:00+00:00,2868700.34993368
2024-11-02 18:00:00+00:00,2868687.6250608
2024-11-02 19:00:00+00:00,2868696.85951931
2024-11-02 20:00:00+00:00,2868557.9516600003
2024-11-02 21:00:00+00:00,2869536.66853999
2024-11-02 22:00:00+00:00,2869545.19654389
2024-11-02 23:00:00+00:00,2868389.97757658
2024-11-03 00:00:00+00:00,2868927.88056741
2024-11-03 01:00:00+00:00,2868939.44851716
2024-11-03 02:00:00+00:00,2868982.33930514
2024-11-03 03:00:00+00:00,2868848.65039144
2024-11-03 04:00:00+00:00,2868840.68512256
2024-11-03 05:00:00+00:00,2868822.64135258
2024-11-03 06:00:00+00:00,2868829.90231619
2024-11-03 07:00:00+00:00,2868862.41991332
2024-11-03 08:00:00+00:00,2869003.54902175
2024-11-03 09:00:00+00:00,2867781.60336303
2024-11-03 10:00:00+00:00,2869420.78366732
2024-11-03 11:00:00+00:00,2869521.50744882
2024-11-03 12:00:00+00:00,2869349.30444723
2024-11-03 13:00:00+00:00,2869373.41703168
2024-11-03 14:00:00+00:00,2869389.00355162
2024-11-03 15:00:00+00:00,2869758.78294408
2024-11-03 16:00:00+00:00,2870024.51282201
2024-11-03 17:00:00+00:00,2870073.9950499902
2024-11-03 18:00:00+00:00,2870051.78043867
2024-11-03 19:00:00+00:00,2869972.78278456
2024-11-03 20:00:00+00:00,2869973.5245437003
2024-11-03 21:00:00+00:00,2869988.7690208
2024-11-03 22:00:00+00:00,2869985.19913818
2024-11-03 23:00:00+00:00,2871028.19328264
2024-11-04 00:00:00+00:00,2871009.66786026
2024-11-04 01:00:00+00:00,2871036.48248318
2024-11-04 02:00:00+00:00,2870894.4988982
2024-11-04 03:00:00+00:00,2871233.35360961
2024-11-04 04:00:00+00:00,2871131.73969542
2024-11-04 05:00:00+00:00,2871108.24007094
2024-11-04 06:00:00+00:00,2869802.67927733
2024-11-04 07:00:00+00:00,2869992.26951673
2024-11-04 08:00:00+00:00,2869766.43807647
2024-11-04 09:00:00+00:00,2868918.5430569
2024-11-04 10:00:00+00:00,2867333.73640075
2024-11-04 11:00:00+00:00,2867173.27821602
2024-11-04 12:00:00+00:00,2866883.04501529
2024-11-04 13:00:00+00:00,2866850.61225978
2024-11-04 14:00:00+00:00,2866894.43721093
2024-11-04 15:00:00+00:00,2864425.99568502
2024-11-04 16:00:00+00:00,2863372.31457014
2024-11-04 17:00:00+00:00,2863422.69069579
2024-11-04 18:00:00+00:00,2863313.62023304
2024-11-04 19:00:00+00:00,2863231.9144027103
2024-11-04 20:00:00+00:00,2864851.58680194
2024-11-04 21:00:00+00:00,2865421.40334879
2024-11-04 22:00:00+00:00,2865536.8449519
2024-11-04 23:00:00+00:00,2862391.70505633
2024-11-05 00:00:00+00:00,2863435.75293312
2024-11-05 01:00:00+00:00,2863885.79973801
2024-11-05 02:00:00+00:00,2861984.9332013302
2024-11-05 03:00:00+00:00,2861620.62166727
2024-11-05 04:00:00+00:00,2861510.68788916
2024-11-05 05:00:00+00:00,2861799.27043521
2024-11-05 06:00:00+00:00,2870705.62605761
2024-11-05 07:00:00+00:00,2871107.13886538
2024-11-05 08:00:00+00:00,2870720.80896458
2024-11-05 09:00:00+00:00,2870390.12674359
2024-11-05 10:00:00+00:00,2870414.3412805903
2024-11-05 11:00:00+00:00,2870358.40337058
2024-11-05 12:00:00+00:00,2870403.64321241
2024-11-05 13:00:00+00:00,2869198.12573838
2024-11-05 14:00:00+00:00,2868924.91187206
2024-11-05 15:00:00+00:00,2869754.44108991
2024-11-05 16:00:00+00:00,2860191.45634938
2024-11-05 17:00:00+00:00,2860086.72799479
2024-11-05 18:00:00+00:00,2859236.421251
2024-11-05 19:00:00+00:00,2855067.9548846
2024-11-05 20:00:00+00:00,2854693.78147609
2024-11-05 21:00:00+00:00,2856519.46295726
2024-11-05 22:00:00+00:00,2856311.72451981
2024-11-05 23:00:00+00:00,2857406.7032380803
2024-11-06 00:00:00+00:00,2857137.88433183
2024-11-06 01:00:00+00:00,2866218.17777956
2024-11-06 02:00:00+00:00,2865850.11928825
2024-11-06 03:00:00+00:00,2865490.6000689203
2024-11-06 04:00:00+00:00,2865470.20405787
2024-11-06 05:00:00+00:00,2866280.71398688
2024-11-06 06:00:00+00:00,2874418.28882494
2024-11-06 07:00:00+00:00,2875299.99613977
2024-11-06 08:00:00+00:00,2876837.93511247
2024-11-06 09:00:00+00:00,2877131.27108222
2024-11-06 10:00:00+00:00,2877505.31084217
2024-11-06 11:00:00+00:00,2880135.46874585
2024-11-06 12:00:00+00:00,2879185.00977031
2024-11-06 13:00:00+00:00,2881572.20447656
2024-11-06 14:00:00+00:00,2881622.3473952003
2024-11-06 15:00:00+00:00,2882287.1806514
2024-11-06 16:00:00+00:00,2882378.39784688
2024-11-06 17:00:00+00:00,2882778.8540449003
2024-11-06 18:00:00+00:00,2882329.22736921
2024-11-06 19:00:00+00:00,2885200.9212129703
2024-11-06 20:00:00+00:00,2889405.88122147
2024-11-06 21:00:00+00:00,2890305.53336624
2024-11-06 22:00:00+00:00,2890699.96449822
2024-11-06 23:00:00+00:00,2890368.7902857
2024-11-07 00:00:00+00:00,2890497.4079222702
2024-11-07 01:00:00+00:00,2890754.97929611
2024-11-07 02:00:00+00:00,2892267.66707482
2024-11-07 03:00:00+00:00,2893170.91223599
2024-11-07 04:00:00+00:00,2893538.36602517
2024-11-07 05:00:00+00:00,2893639.80104705
2024-11-07 06:00:00+00:00,2893210.34802366
2024-11-07 07:00:00+00:00,2892375.56555966
2024-11-07 08:00:00+00:00,2892077.71020357
2024-11-07 09:00:00+00:00,2890395.4933831203
2024-11-07 10:00:00+00:00,2891848.13311427
2024-11-07 11:00:00+00:00,2891312.25169622
2024-11-07 12:00:00+00:00,2889325.31448306
2024-11-07 13:00:00+00:00,2889220.69637872
2024-11-07 14:00:00+00:00,2890428.85675442
2024-11-07 15:00:00+00:00,2888984.8438871503
2024-11-07 16:00:00+00:00,2891307.04407388
2024-11-07 17:00:00+00:00,2892543.97784183
2024-11-07 18:00:00+00:00,2892486.85939781
2024-11-07 19:00:00+00:00,2892992.41998837
2024-11-07 20:00:00+00:00,2893501.4973137
2024-11-07 21:00:00+00:00,2895036.22316335
2024-11-07 22:00:00+00:00,2893608.28242619
2024-11-07 23:00:00+00:00,2894196.0325636
2024-11-08 00:00:00+00:00,2894056.5164228203
2024-11-08 01:00:00+00:00,2893818.81885978
2024-11-08 02:00:00+00:00,2894765.97323615
2024-11-08 03:00:00+00:00,2895039.75612763
2024-11-08 04:00:00+00:00,2895166.40159216
2024-11-08 05:00:00+00:00,2894857.86955957
2024-11-08 06:00:00+00:00,2895971.94588132
2024-11-08 07:00:00+00:00,2894587.83173625
2024-11-08 08:00:00+00:00,2895286.69545263
2024-11-08 09:00:00+00:00,2894538.47399153
2024-11-08 10:00:00+00:00,2894647.19432734
2024-11-08 11:00:00+00:00,2893844.42739034
2024-11-08 12:00:00+00:00,2894079.79453316
2024-11-08 13:00:00+00:00,2892795.47066287
2024-11-08 14:00:00+00:00,2892128.0390926
2024-11-08 15:00:00+00:00,2890519.81264562
2024-11-08 16:00:00+00:00,2892322.91781393
2024-11-08 17:00:00+00:00,2890205.09607676
2024-11-08 18:00:00+00:00,2891193.4562408403
2024-11-08 19:00:00+00:00,2890884.41335453
2024-11-08 20:00:00+00:00,2891289.7435358
2024-11-08 21:00:00+00:00,2891172.7234671703
2024-11-08 22:00:00+00:00,2894143.87639497
2024-11-08 23:00:00+00:00,2882199.45340933
2024-11-09 00:00:00+00:00,2883588.2255420103
2024-11-09 01:00:00+00:00,2882444.89983166
2024-11-09 02:00:00+00:00,2882261.08004942
2024-11-09 03:00:00+00:00,2883461.24408498
2024-11-09 04:00:00+00:00,2883819.25368598
2024-11-09 05:00:00+00:00,2883826.04117962
2024-11-09 06:00:00+00:00,2883841.8500138302
2024-11-09 07:00:00+00:00,2883694.7431816
2024-11-09 08:00:00+00:00,2884554.12647016
2024-11-09 09:00:00+00:00,2883544.41499446
2024-11-09 10:00:00+00:00,2883556.0868487502
2024-11-09 11:00:00+00:00,2883549.90127977
2024-11-09 12:00:00+00:00,2883520.15955924
2024-11-09 13:00:00+00:00,2883462.03709439
2024-11-09 14:00:00+00:00,2883464.26880208
2024-11-09 15:00:00+00:00,2883443.90240441
2024-11-09 16:00:00+00:00,2883326.65750155
2024-11-09 17:00:00+00:00,2883352.56065737
2024-11-09 18:00:00+00:00,2883318.69847686
2024-11-09 19:00:00+00:00,2883767.20523279
2024-11-09 20:00:00+00:00,2883781.99175452
2024-11-09 21:00:00+00:00,2882528.56984766
2024-11-09 22:00:00+00:00,2882527.52102344
2024-11-09 23:00:00+00:00,2883537.47993712
2024-11-10 00:00:00+00:00,2883542.8905314403
2024-11-10 01:00:00+00:00,2884537.78193701
2024-11-10 02:00:00+00:00,2884571.82118391
2024-11-10 03:00:00+00:00,2884446.70215672
2024-11-10 04:00:00+00:00,2884552.13425329
2024-11-10 05:00:00+00:00,2885844.21785626
2024-11-10 06:00:00+00:00,2886097.08838156
2024-11-10 07:00:00+00:00,2886087.63880487
2024-11-10 08:00:00+00:00,2886191.69031388
2024-11-10 09:00:00+00:00,2885359.4162053303
2024-11-10 10:00:00+00:00,2885294.93770197
2024-11-10 11:00:00+00:00,2885328.40046866
2024-11-10 12:00:00+00:00,2885257.49890902
2024-11-10 13:00:00+00:00,2885363.05611114
2024-11-10 14:00:00+00:00,2884903.31483354
2024-11-10 15:00:00+00:00,2884610.35384105
2024-11-10 16:00:00+00:00,2884891.96001895
2024-11-10 17:00:00+00:00,2884966.15356423
2024-11-10 18:00:00+00:00,2884860.7723182
2024-11-10 19:00:00+00:00,2883640.7815465103
2024-11-10 20:00:00+00:00,2882955.22512476
2024-11-10 21:00:00+00:00,2882943.35902594
2024-11-10 22:00:00+00:00,2883808.17044065
2024-11-10 23:00:00+00:00,2883900.8979610503
2024-11-11 00:00:00+00:00,2883857.2643394102
2024-11-11 01:00:00+00:00,2885024.82667321
2024-11-11 02:00:00+00:00,2883957.65582708
2024-11-11 03:00:00+00:00,2883781.76344253
2024-11-11 04:00:00+00:00,2883899.61824016
2024-11-11 05:00:00+00:00,2882604.4447686803
2024-11-11 06:00:00+00:00,2882492.90117554
2024-11-11 07:00:00+00:00,2882474.52958559
2024-11-11 08:00:00+00:00,2881899.12789778
2024-11-11 09:00:00+00:00,2881827.78151794
2024-11-11 10:00:00+00:00,2881347.20937866
2024-11-11 11:00:00+00:00,2881785.88988909
2024-11-11 12:00:00+00:00,2881793.11066159
2024-11-11 13:00:00+00:00,2881680.4382852702
2024-11-11 14:00:00+00:00,2882379.96004461
2024-11-11 15:00:00+00:00,2884389.88074384
2024-11-11 16:00:00+00:00,2886126.54075936
2024-11-11 17:00:00+00:00,2884923.80471006
2024-11-11 18:00:00+00:00,2885240.48723129
2024-11-11 19:00:00+00:00,2884121.79992649
2024-11-11 20:00:00+00:00,2882047.57242635
2024-11-11 21:00:00+00:00,2882103.36253832
2024-11-11 22:00:00+00:00,2882181.5445295
2024-11-11 23:00:00+00:00,2884119.74790263
2024-11-12 00:00:00+00:00,2885468.93972948
2024-11-12 01:00:00+00:00,2883129.03903234
2024-11-12 02:00:00+00:00,2884324.71301091
2024-11-12 03:00:00+00:00,2886018.02434298
2024-11-12 04:00:00+00:00,2888782.64378382
2024-11-12 05:00:00+00:00,2886917.5569340102
2024-11-12 06:00:00+00:00,2887710.95218063
2024-11-12 07:00:00+00:00,2888313.01298878
2024-11-12 08:00:00+00:00,2884692.93242712
2024-11-12 09:00:00+00:00,2886361.84200889
2024-11-12 10:00:00+00:00,2886178.71780617
2024-11-12 11:00:00+00:00,2886098.84299269
2024-11-12 12:00:00+00:00,2886164.36652313
2024-11-12 13:00:00+00:00,2886231.10383865
2024-11-12 14:00:00+00:00,2886401.43699317
2024-11-12 15:00:00+00:00,2884867.91521283
2024-11-12 16:00:00+00:00,2882402.62517215
2024-11-12 17:00:00+00:00,2869091.31159646
2024-11-12 18:00:00+00:00,2868197.64131768
2024-11-12 19:00:00+00:00,2868395.7501752903
2024-11-12 20:00:00+00:00,2867585.7571844403
2024-11-12 21:00:00+00:00,2868112.66727197
2024-11-12 22:00:00+00:00,2869377.09606097
2024-11-12 23:00:00+00:00,2869400.63420422
2024-11-13 00:00:00+00:00,2869532.61334355
2024-11-13 01:00:00+00:00,2869061.96843627
2024-11-13 02:00:00+00:00,2868566.9811421502
2024-11-13 03:00:00+00:00,2869070.16003544
2024-11-13 04:00:00+00:00,2868755.0636165
2024-11-13 05:00:00+00:00,2867575.88191568
2024-11-13 06:00:00+00:00,2867435.8138431
2024-11-13 07:00:00+00:00,2866291.55151238
2024-11-13 08:00:00+00:00,2866304.90128245
2024-11-13 09:00:00+00:00,2866246.8985814
2024-11-13 10:00:00+00:00,2865812.16329703
2024-11-13 11:00:00+00:00,2866250.87304195
2024-11-13 12:00:00+00:00,2862632.55709687
2024-11-13 13:00:00+00:00,2862620.99877487
2024-11-13 14:00:00+00:00,2862893.13717689
2024-11-13 15:00:00+00:00,2864084.88633911
2024-11-13 16:00:00+00:00,2864568.06272883
2024-11-13 17:00:00+00:00,2864420.48915705
2024-11-13 18:00:00+00:00,2862751.7436729
2024-11-13 19:00:00+00:00,2862296.73484733
2024-11-13 20:00:00+00:00,2860563.47952279
2024-11-13 21:00:00+00:00,2864210.07781878
2024-11-13 22:00:00+00:00,2857750.37456618
2024-11-13 23:00:00+00:00,2856444.39226872
2024-11-14 00:00:00+00:00,2856458.73036481
2024-11-14 01:00:00+00:00,2856103.6400690502
2024-11-14 02:00:00+00:00,2854933.41978701
2024-11-14 03:00:00+00:00,2854937.90565703
2024-11-14 04:00:00+00:00,2858642.83974319
2024-11-14 05:00:00+00:00,2858818.26083902
2024-11-14 06:00:00+00:00,2857907.82545237
2024-11-14 07:00:00+00:00,2858270.58640271
2024-11-14 08:00:00+00:00,2858643.65223441
2024-11-14 09:00:00+00:00,2857559.40994112
2024-11-14 10:00:00+00:00,2856207.48347764
2024-11-14 11:00:00+00:00,2856449.99079376
2024-11-14 12:00:00+00:00,2857582.50783867
2024-11-14 13:00:00+00:00,2855133.35091686
2024-11-14 14:00:00+00:00,2854602.4474841
2024-11-14 15:00:00+00:00,2851134.56185056
2024-11-14 16:00:00+00:00,2849124.14256858
2024-11-14 17:00:00+00:00,2840446.73615698
2024-11-14 18:00:00+00:00,2841285.78335155
2024-11-14 19:00:00+00:00,2823997.85566279
2024-11-14 20:00:00+00:00,2820034.05058389
2024-11-14 21:00:00+00:00,2811749.7108517
2024-11-14 22:00:00+00:00,2809702.54800694
2024-11-14 23:00:00+00:00,2807937.04544707
2024-11-15 00:00:00+00:00,2803564.12329975
2024-11-15 01:00:00+00:00,2803432.09662324
2024-11-15 02:00:00+00:00,2801573.33311455
2024-11-15 03:00:00+00:00,2801261.957461
2024-11-15 04:00:00+00:00,2801309.13497184
2024-11-15 05:00:00+00:00,2802683.25598338
2024-11-15 06:00:00+00:00,2802556.17687365
2024-11-15 07:00:00+00:00,2801415.3947764
2024-11-15 08:00:00+00:00,2801761.09526006
2024-11-15 09:00:00+00:00,2801268.97224867
2024-11-15 10:00:00+00:00,2800635.90098905
2024-11-15 11:00:00+00:00,2800683.2475684
2024-11-15 12:00:00+00:00,2800004.19072772
2024-11-15 13:00:00+00:00,2799824.1692903
2024-11-15 14:00:00+00:00,2801667.75263604
2024-11-15 15:00:00+00:00,2801668.67667737
2024-11-15 16:00:00+00:00,2801707.36119008
2024-11-15 17:00:00+00:00,2803402.1708423803
2024-11-15 18:00:00+00:00,2804058.87214203
2024-11-15 19:00:00+00:00,2800492.4336951
2024-11-15 20:00:00+00:00,2798577.05557506
2024-11-15 21:00:00+00:00,2798664.7795034302
2024-11-15 22:00:00+00:00,2799173.22364713
2024-11-15 23:00:00+00:00,2799387.09627326
2024-11-16 00:00:00+00:00,2799756.77358109
2024-11-16 01:00:00+00:00,2799771.79233186
2024-11-16 02:00:00+00:00,2799653.94338845
2024-11-16 03:00:00+00:00,2799280.86581876
2024-11-16 04:00:00+00:00,2799692.46156277
2024-11-16 05:00:00+00:00,2799686.72522547
2024-11-16 06:00:00+00:00,2799187.0290762503
2024-11-16 07:00:00+00:00,2799227.21072446
2024-11-16 08:00:00+00:00,2798134.8363492503
2024-11-16 09:00:00+00:00,2797065.07823024
2024-11-16 10:00:00+00:00,2796841.04765168
2024-11-16 11:00:00+00:00,2796900.000967
2024-11-16 12:00:00+00:00,2796878.16199398
2024-11-16 13:00:00+00:00,2796670.01380492
2024-11-16 14:00:00+00:00,2796717.16906604
2024-11-16 15:00:00+00:00,2797554.10768157
2024-11-16 16:00:00+00:00,2797799.8582960702
2024-11-16 17:00:00+00:00,2797817.51787095
2024-11-16 18:00:00+00:00,2797811.02384865
2024-11-16 19:00:00+00:00,2797812.82751729
2024-11-16 20:00:00+00:00,2797822.95897193
2024-11-16 21:00:00+00:00,2797644.3909183
2024-11-16 22:00:00+00:00,2797888.78625791
2024-11-16 23:00:00+00:00,2797946.03885649
2024-11-17 00:00:00+00:00,2798968.25538094
2024-11-17 01:00:00+00:00,2799080.62486998
2024-11-17 02:00:00+00:00,2799090.2532955
2024-11-17 03:00:00+00:00,2799088.76049359
2024-11-17 04:00:00+00:00,2799226.10323689
2024-11-17 05:00:00+00:00,2799051.29187722
2024-11-17 06:00:00+00:00,2799045.74678733
2024-11-17 07:00:00+00:00,2799096.24945688
2024-11-17 08:00:00+00:00,2799120.54041158
2024-11-17 09:00:00+00:00,2798068.74986658
2024-11-17 10:00:00+00:00,2798038.02423438
2024-11-17 11:00:00+00:00,2798089.13093696
2024-11-17 12:00:00+00:00,2798100.7403257103
2024-11-17 13:00:00+00:00,2798139.37609241
2024-11-17 14:00:00+00:00,2798630.83908252
2024-11-17 15:00:00+00:00,2798774.91398013
2024-11-17 16:00:00+00:00,2798557.91944759
2024-11-17 17:00:00+00:00,2798507.00215634
2024-11-17 18:00:00+00:00,2798526.97262593
2024-11-17 19:00:00+00:00,2798601.7185573103
2024-11-17 20:00:00+00:00,2798521.00961229
2024-11-17 21:00:00+00:00,2798517.7404862302
2024-11-17 22:00:00+00:00,2798526.85961908
2024-11-17 23:00:00+00:00,2797517.20798176
2024-11-18 00:00:00+00:00,2797487.91181446
2024-11-18 01:00:00+00:00,2797386.13182174
2024-11-18 02:00:00+00:00,2797565.72746768
2024-11-18 03:00:00+00:00,2797726.2661398603
2024-11-18 04:00:00+00:00,2797874.50108645
2024-11-18 05:00:00+00:00,2800223.90098418
2024-11-18 06:00:00+00:00,2800205.37159538
2024-11-18 07:00:00+00:00,2800114.71918046
2024-11-18 08:00:00+00:00,2800952.4983351
2024-11-18 09:00:00+00:00,2800115.8991757203
2024-11-18 10:00:00+00:00,2799865.8290883102
2024-11-18 11:00:00+00:00,2799896.37853443
2024-11-18 12:00:00+00:00,2799734.7458062703
2024-11-18 13:00:00+00:00,2799506.02887209
2024-11-18 14:00:00+00:00,2799040.29463959
2024-11-18 15:00:00+00:00,2801094.52002372
2024-11-18 16:00:00+00:00,2801094.52002372
2024-11-18 17:00:00+00:00,2799342.87787748
2024-11-18 18:00:00+00:00,2800456.38772903
2024-11-18 19:00:00+00:00,2800192.85166028
2024-11-18 20:00:00+00:00,2799709.30859587
2024-11-18 21:00:00+00:00,2799481.00737359
2024-11-18 22:00:00+00:00,2802713.4023096203
2024-11-18 23:00:00+00:00,2802667.6396232
2024-11-19 00:00:00+00:00,2801095.43696653
2024-11-19 01:00:00+00:00,2801065.02818389
2024-11-19 02:00:00+00:00,2801032.12260154
2024-11-19 03:00:00+00:00,2801099.06113136
2024-11-19 04:00:00+00:00,2800279.28437885
2024-11-19 05:00:00+00:00,2801859.01382956
2024-11-19 06:00:00+00:00,2802445.65531508
2024-11-19 07:00:00+00:00,2804940.95255552
2024-11-19 08:00:00+00:00,2802986.06589368
2024-11-19 09:00:00+00:00,2802431.45781208
2024-11-19 10:00:00+00:00,2805184.26645821
2024-11-19 11:00:00+00:00,2805585.16604251
2024-11-19 12:00:00+00:00,2805468.89141942
2024-11-19 13:00:00+00:00,2805425.5161816003
2024-11-19 14:00:00+00:00,2804726.96491295
2024-11-19 15:00:00+00:00,2805270.05008637
2024-11-19 16:00:00+00:00,2804069.73106928
2024-11-19 17:00:00+00:00,2807191.82862687
2024-11-19 18:00:00+00:00,2807442.05987205
2024-11-19 19:00:00+00:00,2806444.91669535
2024-11-19 20:00:00+00:00,2807129.47924213
2024-11-19 21:00:00+00:00,2806040.69698824
2024-11-19 22:00:00+00:00,2805139.47221919
2024-11-19 23:00:00+00:00,2805206.6471643
2024-11-20 00:00:00+00:00,2804884.70921292
2024-11-20 01:00:00+00:00,2804919.68752775
2024-11-20 02:00:00+00:00,2804031.23063404
2024-11-20 03:00:00+00:00,2804058.5229042303
2024-11-20 04:00:00+00:00,2805715.7050416903
2024-11-20 05:00:00+00:00,2805708.53968952
2024-11-20 06:00:00+00:00,2807018.16529751
2024-11-20 07:00:00+00:00,2807033.15616025
2024-11-20 08:00:00+00:00,2807919.28652717
2024-11-20 09:00:00+00:00,2805756.55128767
2024-11-20 10:00:00+00:00,2810097.63659804
2024-11-20 11:00:00+00:00,2809745.68510876
2024-11-20 12:00:00+00:00,2810259.5866
2024-11-20 13:00:00+00:00,2805801.55377991
2024-11-20 14:00:00+00:00,2807147.1794701
2024-11-20 15:00:00+00:00,2806741.80941666
2024-11-20 16:00:00+00:00,2804565.03077073
2024-11-20 17:00:00+00:00,2803565.03876749
2024-11-20 18:00:00+00:00,2802226.57733825
2024-11-20 19:00:00+00:00,2803769.61584267
2024-11-20 20:00:00+00:00,2801087.70063526
2024-11-20 21:00:00+00:00,2800829.78829586
2024-11-20 22:00:00+00:00,2802770.0699112
2024-11-20 23:00:00+00:00,2793255.0814096
2024-11-21 00:00:00+00:00,2793322.6134920903
2024-11-21 01:00:00+00:00,2792742.5998905
2024-11-21 02:00:00+00:00,2792679.08434063
2024-11-21 03:00:00+00:00,2793243.45181872
2024-11-21 04:00:00+00:00,2794256.09422714
2024-11-21 05:00:00+00:00,2794249.26845964
2024-11-21 06:00:00+00:00,2793023.35110721
2024-11-21 07:00:00+00:00,2791610.3992379
2024-11-21 08:00:00+00:00,2792403.07432713
2024-11-21 09:00:00+00:00,2791259.6064054403
2024-11-21 10:00:00+00:00,2790988.59748892
2024-11-21 11:00:00+00:00,2789789.18919652
2024-11-21 12:00:00+00:00,2787531.81698809
2024-11-21 13:00:00+00:00,2786814.74030496
2024-11-21 14:00:00+00:00,2785266.56579632
2024-11-21 15:00:00+00:00,2784546.20285608
2024-11-21 16:00:00+00:00,2778274.37947165
2024-11-21 17:00:00+00:00,2778411.9378577
2024-11-21 18:00:00+00:00,2788135.00731194
2024-11-21 19:00:00+00:00,2788953.93059996
2024-11-21 20:00:00+00:00,2789311.01061882
2024-11-21 21:00:00+00:00,2792225.0117912
2024-11-21 22:00:00+00:00,2792542.420712
2024-11-21 23:00:00+00:00,2791293.8959526
2024-11-22 00:00:00+00:00,2790253.83921077
2024-11-22 01:00:00+00:00,2789533.51457099
2024-11-22 02:00:00+00:00,2789676.08527426
2024-11-22 03:00:00+00:00,2789642.7682262203
2024-11-22 04:00:00+00:00,2789716.353886
2024-11-22 05:00:00+00:00,2791053.11387347
2024-11-22 06:00:00+00:00,2791019.54916191
2024-11-22 07:00:00+00:00,2790935.94443402
2024-11-22 08:00:00+00:00,2791519.3443377903
2024-11-22 09:00:00+00:00,2790201.09938216
2024-11-22 10:00:00+00:00,2789939.82666997
2024-11-22 11:00:00+00:00,2789938.7781987702
2024-11-22 12:00:00+00:00,2789164.90377456
2024-11-22 13:00:00+00:00,2783820.48064812
2024-11-22 14:00:00+00:00,2782276.43312691
2024-11-22 15:00:00+00:00,2782295.84681027
2024-11-22 16:00:00+00:00,2779731.91660298
2024-11-22 17:00:00+00:00,2778846.1194982203
2024-11-22 18:00:00+00:00,2775858.61199655
2024-11-22 19:00:00+00:00,2774711.80548574
2024-11-22 20:00:00+00:00,2774369.24788437
2024-11-22 21:00:00+00:00,2773878.37122369
2024-11-22 22:00:00+00:00,2771910.39695092
2024-11-22 23:00:00+00:00,2772369.23267818
2024-11-23 00:00:00+00:00,2770883.04606722
2024-11-23 01:00:00+00:00,2769076.32084654
2024-11-23 02:00:00+00:00,2769076.35315424
2024-11-23 03:00:00+00:00,2769111.04910602
2024-11-23 04:00:00+00:00,2769106.87011064
2024-11-23 05:00:00+00:00,2770687.2747674
2024-11-23 06:00:00+00:00,2770647.69392486
2024-11-23 07:00:00+00:00,2769939.30267563
2024-11-23 08:00:00+00:00,2770001.80572677
2024-11-23 09:00:00+00:00,2769791.40568505
2024-11-23 10:00:00+00:00,2768830.02280608
2024-11-23 11:00:00+00:00,2768369.57608985
2024-11-23 12:00:00+00:00,2769703.82511716
2024-11-23 13:00:00+00:00,2769877.34909731
2024-11-23 14:00:00+00:00,2769215.54277639
2024-11-23 15:00:00+00:00,2769112.45681659
2024-11-23 16:00:00+00:00,2768969.52583775
2024-11-23 17:00:00+00:00,2767702.53993428
2024-11-23 18:00:00+00:00,2767693.17025653
2024-11-23 19:00:00+00:00,2768730.0913376203
2024-11-23 20:00:00+00:00,2768772.92758124
2024-11-23 21:00:00+00:00,2767935.93971457
2024-11-23 22:00:00+00:00,2767944.77844454
2024-11-23 23:00:00+00:00,2768002.43125474
2024-11-24 00:00:00+00:00,2768034.54549321
2024-11-24 01:00:00+00:00,2768057.45865301
2024-11-24 02:00:00+00:00,2768060.9224462803
2024-11-24 03:00:00+00:00,2770046.60015961
2024-11-24 04:00:00+00:00,2770038.99763265
2024-11-24 05:00:00+00:00,2770035.2059352
2024-11-24 06:00:00+00:00,2770154.18207766
2024-11-24 07:00:00+00:00,2769686.07747695
2024-11-24 08:00:00+00:00,2769695.59715659
2024-11-24 09:00:00+00:00,2768300.12599674
2024-11-24 10:00:00+00:00,2768344.52437272
2024-11-24 11:00:00+00:00,2768322.27699216
2024-11-24 12:00:00+00:00,2768370.65369377
2024-11-24 13:00:00+00:00,2766560.72516935
2024-11-24 14:00:00+00:00,2766427.27013026
2024-11-24 15:00:00+00:00,2766305.29711315
2024-11-24 16:00:00+00:00,2766157.04053982
2024-11-24 17:00:00+00:00,2767271.13994722
2024-11-24 18:00:00+00:00,2767261.26087691
2024-11-24 19:00:00+00:00,2767229.33584867
2024-11-24 20:00:00+00:00,2767274.94318308
2024-11-24 21:00:00+00:00,2767428.25761812
2024-11-24 22:00:00+00:00,2768285.19049428
2024-11-24 23:00:00+00:00,2767245.86378644
2024-11-25 00:00:00+00:00,2766112.5216953
2024-11-25 01:00:00+00:00,2767487.12833217
2024-11-25 02:00:00+00:00,2766189.59603388
2024-11-25 03:00:00+00:00,2766710.04321184
2024-11-25 04:00:00+00:00,2765442.8129982
2024-11-25 05:00:00+00:00,2765464.65684546
2024-11-25 06:00:00+00:00,2765442.70606357
2024-11-25 07:00:00+00:00,2765825.82028741
2024-11-25 08:00:00+00:00,2765203.28353411
2024-11-25 09:00:00+00:00,2765882.36356889
2024-11-25 10:00:00+00:00,2767718.99718886
2024-11-25 11:00:00+00:00,2765511.76156843
2024-11-25 12:00:00+00:00,2765754.77946096
2024-11-25 13:00:00+00:00,2763806.60325333
2024-11-25 14:00:00+00:00,2762443.03183611
2024-11-25 15:00:00+00:00,2760160.39508562
2024-11-25 16:00:00+00:00,2760069.8364236
2024-11-25 17:00:00+00:00,2757801.1174410903
2024-11-25 18:00:00+00:00,2757071.75078952
2024-11-25 19:00:00+00:00,2754835.59809276
2024-11-25 20:00:00+00:00,2755428.22215049
2024-11-25 21:00:00+00:00,2755348.8216519
2024-11-25 22:00:00+00:00,2754425.1930553103
2024-11-25 23:00:00+00:00,2752968.60287819
2024-11-26 00:00:00+00:00,2752739.97693926
2024-11-26 01:00:00+00:00,2752665.21503622
2024-11-26 02:00:00+00:00,2752928.75874958
2024-11-26 03:00:00+00:00,2752997.51579498
2024-11-26 04:00:00+00:00,2753000.96628287
2024-11-26 05:00:00+00:00,2753013.81716923
2024-11-26 06:00:00+00:00,2754048.7803421803
2024-11-26 07:00:00+00:00,2755049.2773589003
2024-11-26 08:00:00+00:00,2755970.51413233
2024-11-26 09:00:00+00:00,2755808.30154776
2024-11-26 10:00:00+00:00,2755985.08880928
2024-11-26 11:00:00+00:00,2755983.64620696
2024-11-26 12:00:00+00:00,2759304.9972465
2024-11-26 13:00:00+00:00,2758273.74357676
2024-11-26 14:00:00+00:00,2759484.44873397
2024-11-26 15:00:00+00:00,2758348.04578279
2024-11-26 16:00:00+00:00,2761174.62874358
2024-11-26 17:00:00+00:00,2762401.22214564
2024-11-26 18:00:00+00:00,2761761.40699271
2024-11-26 19:00:00+00:00,2763374.32437147
2024-11-26 20:00:00+00:00,2761436.70738114
2024-11-26 21:00:00+00:00,2761372.88112413
2024-11-26 22:00:00+00:00,2763113.57502323
2024-11-26 23:00:00+00:00,2762603.8504938
2024-11-27 00:00:00+00:00,2762977.26040316
2024-11-27 01:00:00+00:00,2762942.72688411
2024-11-27 02:00:00+00:00,2763045.93026842
2024-11-27 03:00:00+00:00,2763067.1101944
2024-11-27 04:00:00+00:00,2763145.32024201
2024-11-27 05:00:00+00:00,2763212.7470861003
2024-11-27 06:00:00+00:00,2765206.64305103
2024-11-27 07:00:00+00:00,2765034.26807554
2024-11-27 08:00:00+00:00,2756075.0627198
2024-11-27 09:00:00+00:00,2756145.19930034
2024-11-27 10:00:00+00:00,2764173.38188482
2024-11-27 11:00:00+00:00,2764134.0305338902
2024-11-27 12:00:00+00:00,2764206.71505345
2024-11-27 13:00:00+00:00,2763426.68451031
2024-11-27 14:00:00+00:00,2764357.35686198
2024-11-27 15:00:00+00:00,2763369.2457295
2024-11-27 16:00:00+00:00,2763205.97601008
2024-11-27 17:00:00+00:00,2762638.58775046
2024-11-27 18:00:00+00:00,2764121.6913570203
2024-11-27 19:00:00+00:00,2764117.04300008
2024-11-27 20:00:00+00:00,2762076.87125663
2024-11-27 21:00:00+00:00,2762615.22500461
2024-11-27 22:00:00+00:00,2762793.09605384
2024-11-27 23:00:00+00:00,2762980.97451638
2024-11-28 00:00:00+00:00,2763000.34539889
2024-11-28 01:00:00+00:00,2763678.03157611
2024-11-28 02:00:00+00:00,2765538.25701321
2024-11-28 03:00:00+00:00,2763673.8948354702
2024-11-28 04:00:00+00:00,2763830.88626752
2024-11-28 05:00:00+00:00,2764441.21206877
2024-11-28 06:00:00+00:00,2764372.76755876
2024-11-28 07:00:00+00:00,2764561.03240995
2024-11-28 08:00:00+00:00,2765969.91904078
2024-11-28 09:00:00+00:00,2764224.0404824
2024-11-28 10:00:00+00:00,2763794.1531454
2024-11-28 11:00:00+00:00,2764021.30771885
2024-11-28 12:00:00+00:00,2764017.65565975
2024-11-28 13:00:00+00:00,2762857.25304018
2024-11-28 14:00:00+00:00,2762724.99477879
2024-11-28 15:00:00+00:00,2762778.78661414
2024-11-28 16:00:00+00:00,2762847.05074936
2024-11-28 17:00:00+00:00,2762732.74060221
2024-11-28 18:00:00+00:00,2762750.62030175
2024-11-28 19:00:00+00:00,2764780.89875374
2024-11-28 20:00:00+00:00,2765979.2407622
2024-11-28 21:00:00+00:00,2764511.42462178
2024-11-28 22:00:00+00:00,2764544.6796121
2024-11-28 23:00:00+00:00,2764721.62604046
2024-11-29 00:00:00+00:00,2764758.27730771
2024-11-29 01:00:00+00:00,2764642.4756627902
2024-11-29 02:00:00+00:00,2764713.31363283
2024-11-29 03:00:00+00:00,2762594.72658982
2024-11-29 04:00:00+00:00,2760235.79433776
2024-11-29 05:00:00+00:00,2760238.4119678
2024-11-29 06:00:00+00:00,2760256.12893461
2024-11-29 07:00:00+00:00,2760487.16659436
2024-11-29 08:00:00+00:00,2761333.9105207003
2024-11-29 09:00:00+00:00,2761410.8237869903
2024-11-29 10:00:00+00:00,2761110.68152005
2024-11-29 11:00:00+00:00,2761936.8667887
2024-11-29 12:00:00+00:00,2762036.03294783
2024-11-29 13:00:00+00:00,2762441.01248272
2024-11-29 14:00:00+00:00,2761592.92670141
2024-11-29 15:00:00+00:00,2758047.9039408
2024-11-29 16:00:00+00:00,2758047.9039408
2024-11-29 17:00:00+00:00,2761680.51270619
2024-11-29 18:00:00+00:00,2762050.05783242
2024-11-29 19:00:00+00:00,2764563.42614628
2024-11-29 20:00:00+00:00,2764808.81168748
2024-11-29 21:00:00+00:00,2765032.6117534903
2024-11-29 22:00:00+00:00,2765005.31377867
2024-11-29 23:00:00+00:00,2765286.48980644
2024-11-30 00:00:00+00:00,2765351.04924128
2024-11-30 01:00:00+00:00,2765391.09498876
2024-11-30 02:00:00+00:00,2765367.61879123
2024-11-30 03:00:00+00:00,2765398.63997669
2024-11-30 04:00:00+00:00,2765421.52963569
2024-11-30 05:00:00+00:00,2765323.77962669
2024-11-30 06:00:00+00:00,2764474.71700677
2024-11-30 07:00:00+00:00,2764520.96081472
2024-11-30 08:00:00+00:00,2764546.34670566
2024-11-30 09:00:00+00:00,2764598.5212455
2024-11-30 10:00:00+00:00,2765611.60416923
2024-11-30 11:00:00+00:00,2766394.41549765
2024-11-30 12:00:00+00:00,2765897.8311667
2024-11-30 13:00:00+00:00,2765902.43584853
2024-11-30 14:00:00+00:00,2765805.33869458
2024-11-30 15:00:00+00:00,2765803.40150064
2024-11-30 16:00:00+00:00,2766189.9096452
2024-11-30 17:00:00+00:00,2765193.23587935
2024-11-30 18:00:00+00:00,2765184.91688606
2024-11-30 19:00:00+00:00,2765192.21485852
2024-11-30 20:00:00+00:00,2765290.86929332
2024-11-30 21:00:00+00:00,2765102.6270226203
2024-11-30 22:00:00+00:00,2765062.63539541
2024-11-30 23:00:00+00:00,2764000.9150723
2024-12-01 00:00:00+00:00,2764526.02732724
2024-12-01 01:00:00+00:00,2764581.29432374
2024-12-01 02:00:00+00:00,2764699.72024615
2024-12-01 03:00:00+00:00,2764737.0063342103
2024-12-01 04:00:00+00:00,2764736.61067406
2024-12-01 05:00:00+00:00,2764739.1266031
2024-12-01 06:00:00+00:00,2764750.77550623
2024-12-01 07:00:00+00:00,2764769.97748792
2024-12-01 08:00:00+00:00,2764701.5566741102
2024-12-01 09:00:00+00:00,2764738.69221335
2024-12-01 10:00:00+00:00,2764754.31001506
2024-12-01 11:00:00+00:00,2764811.74268121
2024-12-01 12:00:00+00:00,2764812.35148152
2024-12-01 13:00:00+00:00,2764825.29001919
2024-12-01 14:00:00+00:00,2764564.46538513
2024-12-01 15:00:00+00:00,2764586.68091321
2024-12-01 16:00:00+00:00,2764627.03210858
2024-12-01 17:00:00+00:00,2764424.886863
2024-12-01 18:00:00+00:00,2764420.73398075
2024-12-01 19:00:00+00:00,2764406.22566633
2024-12-01 20:00:00+00:00,2764388.8425421
2024-12-01 21:00:00+00:00,2763898.13785339
2024-12-01 22:00:00+00:00,2763955.75306162
2024-12-01 23:00:00+00:00,2763974.73759168
2024-12-02 00:00:00+00:00,2763979.19056187
2024-12-02 01:00:00+00:00,2763450.84745828
2024-12-02 02:00:00+00:00,2763642.00391939
2024-12-02 03:00:00+00:00,2763280.73084834
2024-12-02 04:00:00+00:00,2763268.07381851
2024-12-02 05:00:00+00:00,2763390.48686144
2024-12-02 06:00:00+00:00,2763383.72590818
2024-12-02 07:00:00+00:00,2763347.4715822903
2024-12-02 08:00:00+00:00,2763339.54176046
2024-12-02 09:00:00+00:00,2763537.45142349
2024-12-02 10:00:00+00:00,2763833.94607755
2024-12-02 11:00:00+00:00,2763874.19062511
2024-12-02 12:00:00+00:00,2762094.24081608
2024-12-02 13:00:00+00:00,2762222.29996585
2024-12-02 14:00:00+00:00,2762328.34548158
2024-12-02 15:00:00+00:00,2760428.23873275
2024-12-02 16:00:00+00:00,2758754.65008674
2024-12-02 17:00:00+00:00,2758871.24411155
2024-12-02 18:00:00+00:00,2758595.11682628
2024-12-02 19:00:00+00:00,2758727.22435062
2024-12-02 20:00:00+00:00,2758849.37211311
2024-12-02 21:00:00+00:00,2758180.64733092
2024-12-02 22:00:00+00:00,2759394.61176447
2024-12-02 23:00:00+00:00,2760734.56149283
2024-12-03 00:00:00+00:00,2762256.90466363
2024-12-03 01:00:00+00:00,2762050.81043648
2024-12-03 02:00:00+00:00,2761946.10827149
2024-12-03 03:00:00+00:00,2761964.1680666
2024-12-03 04:00:00+00:00,2761993.09847818
2024-12-03 05:00:00+00:00,2762037.85652103
2024-12-03 06:00:00+00:00,2762043.60865871
2024-12-03 07:00:00+00:00,2762026.55313899
2024-12-03 08:00:00+00:00,2762397.12194616
2024-12-03 09:00:00+00:00,2753258.64262415
2024-12-03 10:00:00+00:00,2762595.40830841
2024-12-03 11:00:00+00:00,2763026.90923706
2024-12-03 12:00:00+00:00,2762088.89585791
2024-12-03 13:00:00+00:00,2762055.32830317
2024-12-03 14:00:00+00:00,2761872.11904919
2024-12-03 15:00:00+00:00,2762004.62439765
2024-12-03 16:00:00+00:00,2751963.33848936
2024-12-03 17:00:00+00:00,2750523.1650196603
2024-12-03 18:00:00+00:00,2753423.03371537
2024-12-03 19:00:00+00:00,2753222.84565173
2024-12-03 20:00:00+00:00,2753213.34119625
2024-12-03 21:00:00+00:00,2752310.07712163
2024-12-03 22:00:00+00:00,2752154.5164677
2024-12-03 23:00:00+00:00,2751805.62005932
2024-12-04 00:00:00+00:00,2751666.53756203
2024-12-04 01:00:00+00:00,2752999.19950154
2024-12-04 02:00:00+00:00,2752670.69978659
2024-12-04 03:00:00+00:00,2752763.15809379
2024-12-04 04:00:00+00:00,2752781.1252876
2024-12-04 05:00:00+00:00,2752869.9653331903
2024-12-04 06:00:00+00:00,2753072.48810288
2024-12-04 07:00:00+00:00,2753036.76260665
2024-12-04 08:00:00+00:00,2753225.96548017
2024-12-04 09:00:00+00:00,2753253.75104353
2024-12-04 10:00:00+00:00,2753238.74599947
2024-12-04 11:00:00+00:00,2754571.34714139
2024-12-04 12:00:00+00:00,2752891.92853057
2024-12-04 13:00:00+00:00,2750793.73006482
2024-12-04 14:00:00+00:00,2751346.14944327
2024-12-04 15:00:00+00:00,2749907.49062507
2024-12-04 16:00:00+00:00,2749892.30591023
2024-12-04 17:00:00+00:00,2749723.2565317103
2024-12-04 18:00:00+00:00,2751873.84858614
2024-12-04 19:00:00+00:00,2753362.62068822
2024-12-04 20:00:00+00:00,2753503.94321815
2024-12-04 21:00:00+00:00,2747197.09079104
2024-12-04 22:00:00+00:00,2749036.4671022003
2024-12-04 23:00:00+00:00,2749299.66370799
2024-12-05 00:00:00+00:00,2749404.06934212
2024-12-05 01:00:00+00:00,2749621.3596308
2024-12-05 02:00:00+00:00,2749480.94489987
2024-12-05 03:00:00+00:00,2749234.3108798
2024-12-05 04:00:00+00:00,2749159.58047669
2024-12-05 05:00:00+00:00,2749192.88551609
2024-12-05 06:00:00+00:00,2748185.54332312
2024-12-05 07:00:00+00:00,2747902.7838732903
2024-12-05 08:00:00+00:00,2747335.09536987
2024-12-05 09:00:00+00:00,2747732.72935412
2024-12-05 10:00:00+00:00,2747056.81565033
2024-12-05 11:00:00+00:00,2747414.12002966
2024-12-05 12:00:00+00:00,2754673.21014737
2024-12-05 13:00:00+00:00,2754252.22034228
2024-12-05 14:00:00+00:00,2754341.36091864
2024-12-05 15:00:00+00:00,2754107.71270253
2024-12-05 16:00:00+00:00,2753992.81279746
2024-12-05 17:00:00+00:00,2753957.26777745
2024-12-05 18:00:00+00:00,2757642.91862061
2024-12-05 19:00:00+00:00,2757836.79235015
2024-12-05 20:00:00+00:00,2769230.95139449
2024-12-05 21:00:00+00:00,2768989.37479356
2024-12-05 22:00:00+00:00,2771683.2302526003
2024-12-05 23:00:00+00:00,2772961.47962981
2024-12-06 00:00:00+00:00,2771994.84471685
2024-12-06 01:00:00+00:00,2771275.19786983
2024-12-06 02:00:00+00:00,2771016.30549708
2024-12-06 03:00:00+00:00,2769976.65611148
2024-12-06 04:00:00+00:00,2771395.25607005
2024-12-06 05:00:00+00:00,2770266.2412230102
2024-12-06 06:00:00+00:00,2771061.72866296
2024-12-06 07:00:00+00:00,2771209.76196991
2024-12-06 08:00:00+00:00,2770057.1835746
2024-12-06 09:00:00+00:00,2768824.2737315902
2024-12-06 10:00:00+00:00,2769251.10265887
2024-12-06 11:00:00+00:00,2769902.5789385103
2024-12-06 12:00:00+00:00,2784819.60657621
2024-12-06 13:00:00+00:00,2781892.0875972
2024-12-06 14:00:00+00:00,2777665.73330793
2024-12-06 15:00:00+00:00,2776184.59515564
2024-12-06 16:00:00+00:00,2772359.1112495703
2024-12-06 17:00:00+00:00,2771427.43670574
2024-12-06 18:00:00+00:00,2770309.30264038
2024-12-06 19:00:00+00:00,2770149.61202605
2024-12-06 20:00:00+00:00,2769924.42824432
2024-12-06 21:00:00+00:00,2769162.99152582
2024-12-06 22:00:00+00:00,2770009.46344738
2024-12-06 23:00:00+00:00,2769530.91757545
2024-12-07 00:00:00+00:00,2769536.93760282
2024-12-07 01:00:00+00:00,2770824.3258057
2024-12-07 02:00:00+00:00,2769909.1580504403
2024-12-07 03:00:00+00:00,2770011.81660024
2024-12-07 04:00:00+00:00,2769912.39935312
2024-12-07 05:00:00+00:00,2769907.45141809
2024-12-07 06:00:00+00:00,2770200.70893812
2024-12-07 07:00:00+00:00,2770103.99481125
2024-12-07 08:00:00+00:00,2770209.9446955803
2024-12-07 09:00:00+00:00,2770155.53301136
2024-12-07 10:00:00+00:00,2770222.76244976
2024-12-07 11:00:00+00:00,2769121.87929895
2024-12-07 12:00:00+00:00,2767482.63307696
2024-12-07 13:00:00+00:00,2767470.31274712
2024-12-07 14:00:00+00:00,2766315.70073544
2024-12-07 15:00:00+00:00,2765043.55520018
2024-12-07 16:00:00+00:00,2765050.7781922
2024-12-07 17:00:00+00:00,2765076.45982922
2024-12-07 18:00:00+00:00,2766154.99856045
2024-12-07 19:00:00+00:00,2766049.3253126102
2024-12-07 20:00:00+00:00,2766038.56398764
2024-12-07 21:00:00+00:00,2764885.180408
2024-12-07 22:00:00+00:00,2766207.3310152
2024-12-07 23:00:00+00:00,2766256.89183026
2024-12-08 00:00:00+00:00,2765037.96247841
2024-12-08 01:00:00+00:00,2765171.43606427
2024-12-08 02:00:00+00:00,2765144.01093225
2024-12-08 03:00:00+00:00,2765096.12275926
2024-12-08 04:00:00+00:00,2765080.85742644
2024-12-08 05:00:00+00:00,2765076.22627109
2024-12-08 06:00:00+00:00,2765067.5643475503
2024-12-08 07:00:00+00:00,2765064.22474645
2024-12-08 08:00:00+00:00,2765089.6163887503
2024-12-08 09:00:00+00:00,2765113.0716869403
2024-12-08 10:00:00+00:00,2764785.46201861
2024-12-08 11:00:00+00:00,2764807.1695267702
2024-12-08 12:00:00+00:00,2764902.13215013
2024-12-08 13:00:00+00:00,2766245.62255451
2024-12-08 14:00:00+00:00,2766251.9278826
2024-12-08 15:00:00+00:00,2766338.37475597
2024-12-08 16:00:00+00:00,2766373.31170041
2024-12-08 17:00:00+00:00,2766444.72043363
2024-12-08 18:00:00+00:00,2766415.76739365
2024-12-08 19:00:00+00:00,2766441.69517233
2024-12-08 20:00:00+00:00,2767555.41481509
2024-12-08 21:00:00+00:00,2767464.56823846
2024-12-08 22:00:00+00:00,2767471.50650078
2024-12-08 23:00:00+00:00,2767516.8626861502
2024-12-09 00:00:00+00:00,2767663.74514052
2024-12-09 01:00:00+00:00,2766484.04653311
2024-12-09 02:00:00+00:00,2766456.09968098
2024-12-09 03:00:00+00:00,2766366.7407795
2024-12-09 04:00:00+00:00,2766514.2108257
2024-12-09 05:00:00+00:00,2766303.2499325
2024-12-09 06:00:00+00:00,2766347.76689453
2024-12-09 07:00:00+00:00,2766632.9260223103
2024-12-09 08:00:00+00:00,2766809.5138259702
2024-12-09 09:00:00+00:00,2767073.56804564
2024-12-09 10:00:00+00:00,2765063.0089961
2024-12-09 11:00:00+00:00,2764039.2473007003
2024-12-09 12:00:00+00:00,2763624.68883518
2024-12-09 13:00:00+00:00,2763594.56902239
2024-12-09 14:00:00+00:00,2764466.6568844
2024-12-09 15:00:00+00:00,2763372.5444404
2024-12-09 16:00:00+00:00,2763241.72026843
2024-12-09 17:00:00+00:00,2761805.94990854
2024-12-09 18:00:00+00:00,2754278.0465995
2024-12-09 19:00:00+00:00,2753293.14823153
2024-12-09 20:00:00+00:00,2753358.0796432
2024-12-09 21:00:00+00:00,2753033.76136114
2024-12-09 22:00:00+00:00,2753322.40639138
2024-12-09 23:00:00+00:00,2753344.3474792303
2024-12-10 00:00:00+00:00,2753466.26056716
2024-12-10 01:00:00+00:00,2754647.70694478
2024-12-10 02:00:00+00:00,2754438.26571931
2024-12-10 03:00:00+00:00,2754392.86323014
2024-12-10 04:00:00+00:00,2754400.3150437903
2024-12-10 05:00:00+00:00,2756521.32090709
2024-12-10 06:00:00+00:00,2756518.3954556203
2024-12-10 07:00:00+00:00,2755776.0227432703
2024-12-10 08:00:00+00:00,2755755.36143842
2024-12-10 09:00:00+00:00,2758001.07722391
2024-12-10 10:00:00+00:00,2753269.15241543
2024-12-10 11:00:00+00:00,2750468.83946033
2024-12-10 12:00:00+00:00,2747216.08750802
2024-12-10 13:00:00+00:00,2746191.94574278
2024-12-10 14:00:00+00:00,2746375.2218378303
2024-12-10 15:00:00+00:00,2746730.60360994
2024-12-10 16:00:00+00:00,2746664.92104152
2024-12-10 17:00:00+00:00,2746030.4905553902
2024-12-10 18:00:00+00:00,2747037.0300377603
2024-12-10 19:00:00+00:00,2749658.04671376
2024-12-10 20:00:00+00:00,2748339.00108567
2024-12-10 21:00:00+00:00,2747120.07572324
2024-12-10 22:00:00+00:00,2748108.59235463
2024-12-10 23:00:00+00:00,2748898.27120639
2024-12-11 00:00:00+00:00,2748821.10091202
2024-12-11 01:00:00+00:00,2749501.8952285303
2024-12-11 02:00:00+00:00,2749524.83013126
2024-12-11 03:00:00+00:00,2749759.65506292
2024-12-11 04:00:00+00:00,2749785.73741863
2024-12-11 05:00:00+00:00,2749675.80517854
2024-12-11 06:00:00+00:00,2749734.28661265
2024-12-11 07:00:00+00:00,2749959.91009564
2024-12-11 08:00:00+00:00,2749701.1104929
2024-12-11 09:00:00+00:00,2750000.40940575
2024-12-11 10:00:00+00:00,2745775.51830999
2024-12-11 11:00:00+00:00,2745793.08689033
2024-12-11 12:00:00+00:00,2744642.50324687
2024-12-11 13:00:00+00:00,2742894.11571391
2024-12-11 14:00:00+00:00,2738852.40745943
2024-12-11 15:00:00+00:00,2738372.56468923
2024-12-11 16:00:00+00:00,2738046.93983409
2024-12-11 17:00:00+00:00,2736275.66837686
2024-12-11 18:00:00+00:00,2736158.42806879
2024-12-11 19:00:00+00:00,2736488.36839355
2024-12-11 20:00:00+00:00,2735685.60590745
2024-12-11 21:00:00+00:00,2735620.02819905
2024-12-11 22:00:00+00:00,2735366.81068578
2024-12-11 23:00:00+00:00,2736932.89006226
2024-12-12 00:00:00+00:00,2737957.89040911
2024-12-12 01:00:00+00:00,2738516.64688818
2024-12-12 02:00:00+00:00,2738077.49529022
2024-12-12 03:00:00+00:00,2737830.38804841
2024-12-12 04:00:00+00:00,2737848.39026917
2024-12-12 05:00:00+00:00,2738385.28924608
2024-12-12 06:00:00+00:00,2738400.71435516
2024-12-12 07:00:00+00:00,2738749.39920226
2024-12-12 08:00:00+00:00,2738753.87450072
2024-12-12 09:00:00+00:00,2737160.49550003
2024-12-12 10:00:00+00:00,2737937.72942686
2024-12-12 11:00:00+00:00,2738301.76758171
2024-12-12 12:00:00+00:00,2736475.4689105703
2024-12-12 13:00:00+00:00,2736642.71347433
2024-12-12 14:00:00+00:00,2736648.19953528
2024-12-12 15:00:00+00:00,2736419.52478258
2024-12-12 16:00:00+00:00,2734817.7435830003
2024-12-12 17:00:00+00:00,2734486.08223585
2024-12-12 18:00:00+00:00,2734515.21612217
2024-12-12 19:00:00+00:00,2734432.47776172
2024-12-12 20:00:00+00:00,2734506.69261144
2024-12-12 21:00:00+00:00,2742455.74048693
2024-12-12 22:00:00+00:00,2739371.23430925
2024-12-12 23:00:00+00:00,2739760.3758830703
2024-12-13 00:00:00+00:00,2738712.1636503
2024-12-13 01:00:00+00:00,2738711.70103083
2024-12-13 02:00:00+00:00,2738707.53890221
2024-12-13 03:00:00+00:00,2738446.0744315903
2024-12-13 04:00:00+00:00,2738215.8066214803
2024-12-13 05:00:00+00:00,2738444.00068332
2024-12-13 06:00:00+00:00,2738527.03965976
2024-12-13 07:00:00+00:00,2738063.39527544
2024-12-13 08:00:00+00:00,2738149.83594948
2024-12-13 09:00:00+00:00,2738941.2180051003
2024-12-13 10:00:00+00:00,2738172.40527963
2024-12-13 11:00:00+00:00,2738311.56052466
2024-12-13 12:00:00+00:00,2739521.45179548
2024-12-13 13:00:00+00:00,2739563.22226683
2024-12-13 14:00:00+00:00,2735241.17236451
2024-12-13 15:00:00+00:00,2736814.2667885
2024-12-13 16:00:00+00:00,2736778.65088152
2024-12-13 17:00:00+00:00,2739151.94031935
2024-12-13 18:00:00+00:00,2739711.43457705
2024-12-13 19:00:00+00:00,2739727.86395239
2024-12-13 20:00:00+00:00,2738961.68001533
2024-12-13 21:00:00+00:00,2740992.17444108
2024-12-13 22:00:00+00:00,2742918.45834085
2024-12-13 23:00:00+00:00,2744760.18876599
2024-12-14 00:00:00+00:00,2744717.94360796
2024-12-14 01:00:00+00:00,2744764.87592639
2024-12-14 02:00:00+00:00,2744802.58902744
2024-12-14 03:00:00+00:00,2744939.3650077
2024-12-14 04:00:00+00:00,2746006.13208265
2024-12-14 05:00:00+00:00,2745993.76982765
2024-12-14 06:00:00+00:00,2746004.87035539
2024-12-14 07:00:00+00:00,2745998.96341454
2024-12-14 08:00:00+00:00,2746028.51298291
2024-12-14 09:00:00+00:00,2746033.89209869
2024-12-14 10:00:00+00:00,2745997.64400035
2024-12-14 11:00:00+00:00,2746026.7616641503
2024-12-14 12:00:00+00:00,2746064.3791609
2024-12-14 13:00:00+00:00,2746079.67308561
2024-12-14 14:00:00+00:00,2746083.09333476
2024-12-14 15:00:00+00:00,2746047.0752826
2024-12-14 16:00:00+00:00,2746066.73000002
2024-12-14 17:00:00+00:00,2746082.7132732603
2024-12-14 18:00:00+00:00,2746103.9787906
2024-12-14 19:00:00+00:00,2746077.58805857
2024-12-14 20:00:00+00:00,2746078.3671251503
2024-12-14 21:00:00+00:00,2746119.08177855
2024-12-14 22:00:00+00:00,2746121.5977767003
2024-12-14 23:00:00+00:00,2746123.4567816
2024-12-15 00:00:00+00:00,2746138.30716113
2024-12-15 01:00:00+00:00,2746137.26994379
2024-12-15 02:00:00+00:00,2745653.09090853
2024-12-15 03:00:00+00:00,2746752.9806040903
2024-12-15 04:00:00+00:00,2746747.28898148
2024-12-15 05:00:00+00:00,2746747.3701100103
2024-12-15 06:00:00+00:00,2746762.03765112
2024-12-15 07:00:00+00:00,2746841.8119814
2024-12-15 08:00:00+00:00,2757447.98399735
2024-12-15 09:00:00+00:00,2747372.46727582
2024-12-15 10:00:00+00:00,2747433.42549246
2024-12-15 11:00:00+00:00,2747452.09344069
2024-12-15 12:00:00+00:00,2747500.4341567
2024-12-15 13:00:00+00:00,2747496.19526911
2024-12-15 14:00:00+00:00,2746490.92686647
2024-12-15 15:00:00+00:00,2747439.50563132
2024-12-15 16:00:00+00:00,2747421.32259617
2024-12-15 17:00:00+00:00,2747203.04093543
2024-12-15 18:00:00+00:00,2747241.6437228
2024-12-15 19:00:00+00:00,2746222.8610763103
2024-12-15 20:00:00+00:00,2745110.25025893
2024-12-15 21:00:00+00:00,2745070.12344969
2024-12-15 22:00:00+00:00,2744821.0267341
2024-12-15 23:00:00+00:00,2744827.37962788
2024-12-16 00:00:00+00:00,2744851.26197942
2024-12-16 01:00:00+00:00,2744534.39848006
2024-12-16 02:00:00+00:00,2744089.54061991
2024-12-16 03:00:00+00:00,2745429.98265554
2024-12-16 04:00:00+00:00,2741527.89700029
2024-12-16 05:00:00+00:00,2741471.37647427
2024-12-16 06:00:00+00:00,2741640.2874862
2024-12-16 07:00:00+00:00,2741609.78999068
2024-12-16 08:00:00+00:00,2741768.12193088
2024-12-16 09:00:00+00:00,2742236.69618449
2024-12-16 10:00:00+00:00,2743360.5923165
2024-12-16 11:00:00+00:00,2743393.12597695
2024-12-16 12:00:00+00:00,2743687.89568361
2024-12-16 13:00:00+00:00,2744838.5771903
2024-12-16 14:00:00+00:00,2742023.49514875
2024-12-16 15:00:00+00:00,2741268.89911402
2024-12-16 16:00:00+00:00,2741476.19254252
2024-12-16 17:00:00+00:00,2742740.98470066
2024-12-16 18:00:00+00:00,2742107.60612255
2024-12-16 19:00:00+00:00,2743657.01610284
2024-12-16 20:00:00+00:00,2741887.18352436
2024-12-16 21:00:00+00:00,2741465.12215824
2024-12-16 22:00:00+00:00,2740453.73180558
2024-12-16 23:00:00+00:00,2740741.0412858003
2024-12-17 00:00:00+00:00,2740576.22269288
2024-12-17 01:00:00+00:00,2741459.6858683103
2024-12-17 02:00:00+00:00,2741510.28602147
2024-12-17 03:00:00+00:00,2710858.81351231
2024-12-17 04:00:00+00:00,2710618.02448319
2024-12-17 05:00:00+00:00,2710608.29188928
2024-12-17 06:00:00+00:00,2710884.89536475
2024-12-17 07:00:00+00:00,2710845.6698384
2024-12-17 08:00:00+00:00,2710727.9074377
2024-12-17 09:00:00+00:00,2709732.0040549003
2024-12-17 10:00:00+00:00,2709750.55638778
2024-12-17 11:00:00+00:00,2708673.60832048
2024-12-17 12:00:00+00:00,2708879.38828179
2024-12-17 13:00:00+00:00,2708854.03643808
2024-12-17 14:00:00+00:00,2705080.68290669
2024-12-17 15:00:00+00:00,2706559.64244167
2024-12-17 16:00:00+00:00,2704897.50708417
2024-12-17 17:00:00+00:00,2703413.59359336
2024-12-17 18:00:00+00:00,2702927.38817203
2024-12-17 19:00:00+00:00,2704728.27442075
2024-12-17 20:00:00+00:00,2704826.43644184
2024-12-17 21:00:00+00:00,2704034.27424342
2024-12-17 22:00:00+00:00,2704454.85940804
2024-12-17 23:00:00+00:00,2705105.38234493
2024-12-18 00:00:00+00:00,2705228.19127567
2024-12-18 01:00:00+00:00,2705145.76156114
2024-12-18 02:00:00+00:00,2705185.07987056
2024-12-18 03:00:00+00:00,2705284.1069027903
2024-12-18 04:00:00+00:00,2705305.83059001
2024-12-18 05:00:00+00:00,2705413.920498
2024-12-18 06:00:00+00:00,2707484.98756073
2024-12-18 07:00:00+00:00,2707519.06960259
2024-12-18 08:00:00+00:00,2707709.58691801
2024-12-18 09:00:00+00:00,2708262.57515705
2024-12-18 10:00:00+00:00,2706503.74932479
2024-12-18 11:00:00+00:00,2706305.8951498503
2024-12-18 12:00:00+00:00,2705973.87579589
2024-12-18 13:00:00+00:00,2702358.10134594
2024-12-18 14:00:00+00:00,2705255.28798164
2024-12-18 15:00:00+00:00,2704101.46124874
2024-12-18 16:00:00+00:00,2704109.68405747
2024-12-18 17:00:00+00:00,2706715.75134238
2024-12-18 18:00:00+00:00,2707231.64059971
2024-12-18 19:00:00+00:00,2708022.73269578
2024-12-18 20:00:00+00:00,2707514.13997596
2024-12-18 21:00:00+00:00,2706585.58020554
2024-12-18 22:00:00+00:00,2696232.29871188
2024-12-18 23:00:00+00:00,2694062.97621406
2024-12-19 00:00:00+00:00,2693771.83809681
2024-12-19 01:00:00+00:00,2694767.3718067
2024-12-19 02:00:00+00:00,2694368.57799359
2024-12-19 03:00:00+00:00,2694375.73104388
2024-12-19 04:00:00+00:00,2694294.93489101
2024-12-19 05:00:00+00:00,2694395.03856498
2024-12-19 06:00:00+00:00,2694244.66550873
2024-12-19 07:00:00+00:00,2695261.66943161
2024-12-19 08:00:00+00:00,2695300.7455211403
2024-12-19 09:00:00+00:00,2695322.3287625
2024-12-19 10:00:00+00:00,2696786.32476717
2024-12-19 11:00:00+00:00,2695318.48279092
2024-12-19 12:00:00+00:00,2694824.76273068
2024-12-19 13:00:00+00:00,2691145.71257696
2024-12-19 14:00:00+00:00,2692088.8463319503
2024-12-19 15:00:00+00:00,2693327.05767375
2024-12-19 16:00:00+00:00,2673525.89866143
2024-12-19 17:00:00+00:00,2669342.00241608
2024-12-19 18:00:00+00:00,2667985.57706586
2024-12-19 19:00:00+00:00,2667041.66384988
2024-12-19 20:00:00+00:00,2678393.29109872
2024-12-19 21:00:00+00:00,2688181.12094066
2024-12-19 22:00:00+00:00,2687652.24531919
2024-12-19 23:00:00+00:00,2688663.8772353
2024-12-20 00:00:00+00:00,2688735.63166957
2024-12-20 01:00:00+00:00,2686776.65381637
2024-12-20 02:00:00+00:00,2686565.68536708
2024-12-20 03:00:00+00:00,2686493.6665645503
2024-12-20 04:00:00+00:00,2685413.07433618
2024-12-20 05:00:00+00:00,2685968.21460118
2024-12-20 06:00:00+00:00,2685970.6657677502
2024-12-20 07:00:00+00:00,2687728.1183807203
2024-12-20 08:00:00+00:00,2687015.68030871
2024-12-20 09:00:00+00:00,2685860.0731817703
2024-12-20 10:00:00+00:00,2687466.10512741
2024-12-20 11:00:00+00:00,2688522.1940392503
2024-12-20 12:00:00+00:00,2688456.40433673
2024-12-20 13:00:00+00:00,2686742.03223525
2024-12-20 14:00:00+00:00,2686662.78135277
2024-12-20 15:00:00+00:00,2686463.51626817
2024-12-20 16:00:00+00:00,2687256.4457310103
2024-12-20 17:00:00+00:00,2687586.87490682
2024-12-20 18:00:00+00:00,2688204.1355116703
2024-12-20 19:00:00+00:00,2690426.02420479
2024-12-20 20:00:00+00:00,2688748.02332457
2024-12-20 21:00:00+00:00,2687821.43696834
2024-12-20 22:00:00+00:00,2685410.76652297
2024-12-20 23:00:00+00:00,2684407.37067333
2024-12-21 00:00:00+00:00,2679074.36718231
2024-12-21 01:00:00+00:00,2677295.32189972
2024-12-21 02:00:00+00:00,2676055.869687
2024-12-21 03:00:00+00:00,2676225.41625212
2024-12-21 04:00:00+00:00,2675166.21749109
2024-12-21 05:00:00+00:00,2675185.92041904
2024-12-21 06:00:00+00:00,2676230.88898704
2024-12-21 07:00:00+00:00,2676178.81088812
2024-12-21 08:00:00+00:00,2676073.7920514
2024-12-21 09:00:00+00:00,2675100.60394334
2024-12-21 10:00:00+00:00,2676133.53293916
2024-12-21 11:00:00+00:00,2675115.96742042
2024-12-21 12:00:00+00:00,2676249.9703878
2024-12-21 13:00:00+00:00,2675233.82733854
2024-12-21 14:00:00+00:00,2675074.23100422
2024-12-21 15:00:00+00:00,2675075.18840289
2024-12-21 16:00:00+00:00,2676477.51899704
2024-12-21 17:00:00+00:00,2676494.02356692
2024-12-21 18:00:00+00:00,2676493.25585908
2024-12-21 19:00:00+00:00,2676492.3920194902
2024-12-21 20:00:00+00:00,2676492.6161277
2024-12-21 21:00:00+00:00,2676239.1385778
2024-12-21 22:00:00+00:00,2676269.87955733
2024-12-21 23:00:00+00:00,2676258.45014905
2024-12-22 00:00:00+00:00,2676294.7084863503
2024-12-22 01:00:00+00:00,2676177.61239852
2024-12-22 02:00:00+00:00,2676179.27779176
2024-12-22 03:00:00+00:00,2676222.91001479
2024-12-22 04:00:00+00:00,2677266.07006266
2024-12-22 05:00:00+00:00,2677243.32030651
2024-12-22 06:00:00+00:00,2677273.93042433
2024-12-22 07:00:00+00:00,2677286.37966809
2024-12-22 08:00:00+00:00,2677273.7986881
2024-12-22 09:00:00+00:00,2677191.9228339703
2024-12-22 10:00:00+00:00,2677094.21727759
2024-12-22 11:00:00+00:00,2678141.25409122
2024-12-22 12:00:00+00:00,2677703.22277604
2024-12-22 13:00:00+00:00,2677749.62885398
2024-12-22 14:00:00+00:00,2677900.37191337
2024-12-22 15:00:00+00:00,2677888.5555362
2024-12-22 16:00:00+00:00,2677879.53723561
2024-12-22 17:00:00+00:00,2676688.01826691
2024-12-22 18:00:00+00:00,2676643.38592983
2024-12-22 19:00:00+00:00,2677644.2743522
2024-12-22 20:00:00+00:00,2677659.9251748403
2024-12-22 21:00:00+00:00,2677683.72443312
2024-12-22 22:00:00+00:00,2677718.69060102
2024-12-22 23:00:00+00:00,2677746.3693268
2024-12-23 00:00:00+00:00,2677858.69144469
2024-12-23 01:00:00+00:00,2675315.1064537
2024-12-23 02:00:00+00:00,2675336.26561318
2024-12-23 03:00:00+00:00,2676358.88673768
2024-12-23 04:00:00+00:00,2676360.57483612
2024-12-23 05:00:00+00:00,2676380.19200031
2024-12-23 06:00:00+00:00,2677421.99773965
2024-12-23 07:00:00+00:00,2678777.47246129
2024-12-23 08:00:00+00:00,2677843.35758798
2024-12-23 09:00:00+00:00,2677998.60675026
2024-12-23 10:00:00+00:00,2678064.28326559
2024-12-23 11:00:00+00:00,2678162.33610832
2024-12-23 12:00:00+00:00,2680401.59604248
2024-12-23 13:00:00+00:00,2681652.34199837
2024-12-23 14:00:00+00:00,2682052.93865195
2024-12-23 15:00:00+00:00,2682800.01838643
2024-12-23 16:00:00+00:00,2681760.13224983
2024-12-23 17:00:00+00:00,2678269.38458577
2024-12-23 18:00:00+00:00,2680887.40642312
2024-12-23 19:00:00+00:00,2680418.04786385
2024-12-23 20:00:00+00:00,2677880.88155738
2024-12-23 21:00:00+00:00,2677554.5212076
2024-12-23 22:00:00+00:00,2675300.63992068
2024-12-23 23:00:00+00:00,2675357.13962105
2024-12-24 00:00:00+00:00,2675414.16654906
2024-12-24 01:00:00+00:00,2674105.90116579
2024-12-24 02:00:00+00:00,2673811.67080968
2024-12-24 03:00:00+00:00,2673750.3904267303
2024-12-24 04:00:00+00:00,2674149.96108111
2024-12-24 05:00:00+00:00,2674049.12262495
2024-12-24 06:00:00+00:00,2672892.84852531
2024-12-24 07:00:00+00:00,2673188.36507048
2024-12-24 08:00:00+00:00,2673324.74515276
2024-12-24 09:00:00+00:00,2674194.74216893
2024-12-24 10:00:00+00:00,2675319.02190809
2024-12-24 11:00:00+00:00,2675362.7058276
2024-12-24 12:00:00+00:00,2675826.65337426
2024-12-24 13:00:00+00:00,2675803.25916381
2024-12-24 14:00:00+00:00,2675710.30358187
2024-12-24 15:00:00+00:00,2673912.89788682
2024-12-24 16:00:00+00:00,2674481.53761751
2024-12-24 17:00:00+00:00,2671492.66449017
2024-12-24 18:00:00+00:00,2670864.50072782
2024-12-24 19:00:00+00:00,2672121.44909137
2024-12-24 20:00:00+00:00,2672632.35334005
2024-12-24 21:00:00+00:00,2672610.15155309
2024-12-24 22:00:00+00:00,2672512.67893016
2024-12-24 23:00:00+00:00,2672512.14889982
2024-12-25 00:00:00+00:00,2672553.93913827
2024-12-25 01:00:00+00:00,2672597.55522056
2024-12-25 02:00:00+00:00,2672575.61216256
2024-12-25 03:00:00+00:00,2672604.7329519303
2024-12-25 04:00:00+00:00,2672208.8374263
2024-12-25 05:00:00+00:00,2672016.5634587603
2024-12-25 06:00:00+00:00,2672051.03243136
2024-12-25 07:00:00+00:00,2672115.07121462
2024-12-25 08:00:00+00:00,2672275.84463547
2024-12-25 09:00:00+00:00,2672500.50546297
2024-12-25 10:00:00+00:00,2672517.1741322502
2024-12-25 11:00:00+00:00,2672680.89213085
2024-12-25 12:00:00+00:00,2673072.77401837
2024-12-25 13:00:00+00:00,2672658.62511372
2024-12-25 14:00:00+00:00,2672363.92294003
2024-12-25 15:00:00+00:00,2672416.6523745703
2024-12-25 16:00:00+00:00,2673486.80958706
2024-12-25 17:00:00+00:00,2673476.60410278
2024-12-25 18:00:00+00:00,2673701.49524569
2024-12-25 19:00:00+00:00,2673793.44969002
2024-12-25 20:00:00+00:00,2674403.37899183
2024-12-25 21:00:00+00:00,2674432.662789
2024-12-25 22:00:00+00:00,2674427.82588103
2024-12-25 23:00:00+00:00,2674381.56509907
2024-12-26 00:00:00+00:00,2674361.86794458
2024-12-26 01:00:00+00:00,2674036.33010911
2024-12-26 02:00:00+00:00,2672758.21587914
2024-12-26 03:00:00+00:00,2673219.56126041
2024-12-26 04:00:00+00:00,2673214.45575544
2024-12-26 05:00:00+00:00,2673211.72960076
2024-12-26 06:00:00+00:00,2674254.34194594
2024-12-26 07:00:00+00:00,2674231.40173511
2024-12-26 08:00:00+00:00,2674263.04737787
2024-12-26 09:00:00+00:00,2672508.93181492
2024-12-26 10:00:00+00:00,2672337.1475679
2024-12-26 11:00:00+00:00,2673306.09812956
2024-12-26 12:00:00+00:00,2673163.20665715
2024-12-26 13:00:00+00:00,2673202.24982236
2024-12-26 14:00:00+00:00,2671576.1237809
2024-12-26 15:00:00+00:00,2672108.41536663
2024-12-26 16:00:00+00:00,2674250.06561498
2024-12-26 17:00:00+00:00,2676800.39604026
2024-12-26 18:00:00+00:00,2676745.06738528
2024-12-26 19:00:00+00:00,2676784.57304741
2024-12-26 20:00:00+00:00,2678761.66014372
2024-12-26 21:00:00+00:00,2676510.41935088
2024-12-26 22:00:00+00:00,2678577.40709264
2024-12-26 23:00:00+00:00,2677518.1208445
2024-12-27 00:00:00+00:00,2677724.92554916
2024-12-27 01:00:00+00:00,2677767.57622611
2024-12-27 02:00:00+00:00,2677643.54615679
2024-12-27 03:00:00+00:00,2677079.34241924
2024-12-27 04:00:00+00:00,2676941.73307221
2024-12-27 05:00:00+00:00,2678080.60253104
2024-12-27 06:00:00+00:00,2677384.32953707
2024-12-27 07:00:00+00:00,2676597.0983918
2024-12-27 08:00:00+00:00,2676867.53446283
2024-12-27 09:00:00+00:00,2677038.03924799
2024-12-27 10:00:00+00:00,2677644.49810412
2024-12-27 11:00:00+00:00,2677711.46653334
2024-12-27 12:00:00+00:00,2677654.83591798
2024-12-27 13:00:00+00:00,2677771.14620821
2024-12-27 14:00:00+00:00,2677821.24848556
2024-12-27 15:00:00+00:00,2674915.99733799
2024-12-27 16:00:00+00:00,2675396.03981328
2024-12-27 17:00:00+00:00,2677739.41443177
2024-12-27 18:00:00+00:00,2677841.217969
2024-12-27 19:00:00+00:00,2676853.0319961603
2024-12-27 20:00:00+00:00,2676686.07147524
2024-12-27 21:00:00+00:00,2677674.30379411
2024-12-27 22:00:00+00:00,2677713.21013893
2024-12-27 23:00:00+00:00,2677913.29911648
2024-12-28 00:00:00+00:00,2675644.29298452
2024-12-28 01:00:00+00:00,2675701.61689205
2024-12-28 02:00:00+00:00,2675702.14516393
2024-12-28 03:00:00+00:00,2675716.35358436
2024-12-28 04:00:00+00:00,2675719.35182617
2024-12-28 05:00:00+00:00,2676689.81290302
2024-12-28 06:00:00+00:00,2676728.2298595603
2024-12-28 07:00:00+00:00,2676736.70182776
2024-12-28 08:00:00+00:00,2676683.11767427
2024-12-28 09:00:00+00:00,2676684.01261036
2024-12-28 10:00:00+00:00,2676634.33533954
2024-12-28 11:00:00+00:00,2675646.79034065
2024-12-28 12:00:00+00:00,2675643.28957852
2024-12-28 13:00:00+00:00,2675680.99744228
2024-12-28 14:00:00+00:00,2676701.78243329
2024-12-28 15:00:00+00:00,2676111.3826265302
2024-12-28 16:00:00+00:00,2675436.5999022
2024-12-28 17:00:00+00:00,2675451.0924354
2024-12-28 18:00:00+00:00,2675460.29073729
2024-12-28 19:00:00+00:00,2675410.80097847
2024-12-28 20:00:00+00:00,2675411.47934444
2024-12-28 21:00:00+00:00,2675413.9701933702
2024-12-28 22:00:00+00:00,2675407.46600683
2024-12-28 23:00:00+00:00,2675638.27921584
2024-12-29 00:00:00+00:00,2675648.45774234
2024-12-29 01:00:00+00:00,2675698.08194481
2024-12-29 02:00:00+00:00,2674803.21591045
2024-12-29 03:00:00+00:00,2674819.91212565
2024-12-29 04:00:00+00:00,2674817.58552686
2024-12-29 05:00:00+00:00,2676523.72146876
2024-12-29 06:00:00+00:00,2676547.46176916
2024-12-29 07:00:00+00:00,2676587.70840285
2024-12-29 08:00:00+00:00,2676606.51090345
2024-12-29 09:00:00+00:00,2676625.01720803
2024-12-29 10:00:00+00:00,2676637.48716804
2024-12-29 11:00:00+00:00,2676624.61874595
2024-12-29 12:00:00+00:00,2676688.43546506
2024-12-29 13:00:00+00:00,2679468.34428098
2024-12-29 14:00:00+00:00,2679493.72866842
2024-12-29 15:00:00+00:00,2680267.28151298
2024-12-29 16:00:00+00:00,2680370.98829003
2024-12-29 17:00:00+00:00,2680398.82248122
2024-12-29 18:00:00+00:00,2681512.18656983
2024-12-29 19:00:00+00:00,2681539.5292219003
2024-12-29 20:00:00+00:00,2681551.11809822
2024-12-29 21:00:00+00:00,2681553.51712225
2024-12-29 22:00:00+00:00,2681600.68175605
2024-12-29 23:00:00+00:00,2681415.6402822603
2024-12-30 00:00:00+00:00,2681393.67936091
2024-12-30 01:00:00+00:00,2681675.92296261
2024-12-30 02:00:00+00:00,2681684.00851996
2024-12-30 03:00:00+00:00,2681625.94123793
2024-12-30 04:00:00+00:00,2681661.4599037003
2024-12-30 05:00:00+00:00,2683273.17675401
2024-12-30 06:00:00+00:00,2683284.9581075
2024-12-30 07:00:00+00:00,2683413.28495606
2024-12-30 08:00:00+00:00,2684603.27625297
2024-12-30 09:00:00+00:00,2684748.95276675
2024-12-30 10:00:00+00:00,2684484.81907294
2024-12-30 11:00:00+00:00,2685747.5274576
2024-12-30 12:00:00+00:00,2685894.34641054
2024-12-30 13:00:00+00:00,2687054.8850208
2024-12-30 14:00:00+00:00,2687117.00530761
2024-12-30 15:00:00+00:00,2685560.47580687
2024-12-30 16:00:00+00:00,2688483.88819332
2024-12-30 17:00:00+00:00,2687300.2721554902
2024-12-30 18:00:00+00:00,2687275.48411243
2024-12-30 19:00:00+00:00,2690852.07980994
2024-12-30 20:00:00+00:00,2690733.2193210702
2024-12-30 21:00:00+00:00,2691770.6612769603
2024-12-30 22:00:00+00:00,2693075.15198562
2024-12-30 23:00:00+00:00,2687428.3156289
2024-12-31 00:00:00+00:00,2687439.7586319502
2024-12-31 01:00:00+00:00,2680723.79716837
2024-12-31 02:00:00+00:00,2681681.23804424
2024-12-31 03:00:00+00:00,2681836.97641807
2024-12-31 04:00:00+00:00,2681607.4918874702
2024-12-31 05:00:00+00:00,2682798.05967109
2024-12-31 06:00:00+00:00,2682804.12099319
2024-12-31 07:00:00+00:00,2683146.34123578
2024-12-31 08:00:00+00:00,2683148.16487947
2024-12-31 09:00:00+00:00,2683325.1435511
2024-12-31 10:00:00+00:00,2683184.96806254
2024-12-31 11:00:00+00:00,2682249.9200001
2024-12-31 12:00:00+00:00,2682238.7944278503
2024-12-31 13:00:00+00:00,2676853.75066989
2024-12-31 14:00:00+00:00,2676754.09520638
2024-12-31 15:00:00+00:00,2675466.5284295
2024-12-31 16:00:00+00:00,2677954.73885992
2024-12-31 17:00:00+00:00,2677772.4527451
2024-12-31 18:00:00+00:00,2679278.30673049
2024-12-31 19:00:00+00:00,2679852.67766286
2024-12-31 20:00:00+00:00,2680466.54559784
2024-12-31 21:00:00+00:00,2680177.40812224
2024-12-31 22:00:00+00:00,2679947.92837852
2024-12-31 23:00:00+00:00,2679953.83205068
2025-01-01 00:00:00+00:00,2680016.78881894
2025-01-01 01:00:00+00:00,2679126.54904711
2025-01-01 02:00:00+00:00,2679126.54904711
2025-01-01 03:00:00+00:00,2676244.32491013
2025-01-01 04:00:00+00:00,2676235.22370819
2025-01-01 05:00:00+00:00,2675064.29378136
2025-01-01 06:00:00+00:00,2675053.37857284
2025-01-01 07:00:00+00:00,2675107.54493915
2025-01-01 08:00:00+00:00,2675167.69855204
2025-01-01 09:00:00+00:00,2675174.13220377
2025-01-01 10:00:00+00:00,2674119.10691341
2025-01-01 11:00:00+00:00,2674145.9025752
2025-01-01 12:00:00+00:00,2674174.28736317
2025-01-01 13:00:00+00:00,2674410.36593896
2025-01-01 14:00:00+00:00,2674528.24243602
2025-01-01 15:00:00+00:00,2675696.1426124102
2025-01-01 16:00:00+00:00,2674568.27457116
2025-01-01 17:00:00+00:00,2674637.3668666
2025-01-01 18:00:00+00:00,2674744.77931353
2025-01-01 19:00:00+00:00,2674928.05130945
2025-01-01 20:00:00+00:00,2674801.74602426
2025-01-01 21:00:00+00:00,2674747.17147529
2025-01-01 22:00:00+00:00,2674759.88995075
2025-01-01 23:00:00+00:00,2674778.35670734
2025-01-02 00:00:00+00:00,2674935.6463269503
2025-01-02 01:00:00+00:00,2674886.72699295
2025-01-02 02:00:00+00:00,2674813.68073286
2025-01-02 03:00:00+00:00,2674891.00967803
2025-01-02 04:00:00+00:00,2674775.86691023
2025-01-02 05:00:00+00:00,2675942.61427171
2025-01-02 06:00:00+00:00,2675920.9232123
2025-01-02 07:00:00+00:00,2676277.04446681
2025-01-02 08:00:00+00:00,2675824.05974796
2025-01-02 09:00:00+00:00,2675977.88891047
2025-01-02 10:00:00+00:00,2674627.6520698
2025-01-02 11:00:00+00:00,2673617.2932714103
2025-01-02 12:00:00+00:00,2673606.07056444
2025-01-02 13:00:00+00:00,2673510.77057413
2025-01-02 14:00:00+00:00,2662634.17424326
2025-01-02 15:00:00+00:00,2663589.02879074
2025-01-02 16:00:00+00:00,2662603.8237137003
2025-01-02 17:00:00+00:00,2663129.68710696
2025-01-02 18:00:00+00:00,2661124.48621157
2025-01-02 19:00:00+00:00,2661100.38234693
2025-01-02 20:00:00+00:00,2661179.88891554
2025-01-02 21:00:00+00:00,2660144.2548811203
2025-01-02 22:00:00+00:00,2660095.6624361
2025-01-02 23:00:00+00:00,2660133.3376652403
2025-01-03 00:00:00+00:00,2661154.54311944
2025-01-03 01:00:00+00:00,2661151.3919726303
2025-01-03 02:00:00+00:00,2661081.44006792
2025-01-03 03:00:00+00:00,2660966.72333731
2025-01-03 04:00:00+00:00,2660917.86644805
2025-01-03 05:00:00+00:00,2661056.55157312
2025-01-03 06:00:00+00:00,2661166.4150015903
2025-01-03 07:00:00+00:00,2660063.46330107
2025-01-03 08:00:00+00:00,2659769.06610099
2025-01-03 09:00:00+00:00,2659056.01429032
2025-01-03 10:00:00+00:00,2659229.16287972
2025-01-03 11:00:00+00:00,2658294.90505593
2025-01-03 12:00:00+00:00,2658467.87131345
2025-01-03 13:00:00+00:00,2658406.8589331103
2025-01-03 14:00:00+00:00,2656142.8808303103
2025-01-03 15:00:00+00:00,2657184.23821636
2025-01-03 16:00:00+00:00,2656301.74444346
2025-01-03 17:00:00+00:00,2655343.08860336
2025-01-03 18:00:00+00:00,2656962.1409503003
2025-01-03 19:00:00+00:00,2658220.24445994
2025-01-03 20:00:00+00:00,2658169.73489598
2025-01-03 21:00:00+00:00,2658181.6658584
2025-01-03 22:00:00+00:00,2657821.16982757
2025-01-03 23:00:00+00:00,2657873.9480597703
2025-01-04 00:00:00+00:00,2659417.6519562
2025-01-04 01:00:00+00:00,2659433.12195399
2025-01-04 02:00:00+00:00,2659381.96685843
2025-01-04 03:00:00+00:00,2659383.99957554
2025-01-04 04:00:00+00:00,2659390.64447132
2025-01-04 05:00:00+00:00,2659361.43966622
2025-01-04 06:00:00+00:00,2659366.95626277
2025-01-04 07:00:00+00:00,2659368.94163583
2025-01-04 08:00:00+00:00,2659346.55170113
2025-01-04 09:00:00+00:00,2659326.7755641
2025-01-04 10:00:00+00:00,2659335.17169005
2025-01-04 11:00:00+00:00,2659339.4723964
2025-01-04 12:00:00+00:00,2659350.90111856
2025-01-04 13:00:00+00:00,2659341.98323739
2025-01-04 14:00:00+00:00,2659295.34262762
2025-01-04 15:00:00+00:00,2659329.46737638
2025-01-04 16:00:00+00:00,2659335.35254503
2025-01-04 17:00:00+00:00,2659339.7659025
2025-01-04 18:00:00+00:00,2659325.15487893
2025-01-04 19:00:00+00:00,2659347.00417585
2025-01-04 20:00:00+00:00,2659347.92961985
2025-01-04 21:00:00+00:00,2659595.37379
2025-01-04 22:00:00+00:00,2659607.87912704
2025-01-04 23:00:00+00:00,2659612.21904717
2025-01-05 00:00:00+00:00,2659618.99902177
2025-01-05 01:00:00+00:00,2659625.09073804
2025-01-05 02:00:00+00:00,2659401.92675268
2025-01-05 03:00:00+00:00,2659374.70562836
2025-01-05 04:00:00+00:00,2659406.04497358
2025-01-05 05:00:00+00:00,2659424.97243659
2025-01-05 06:00:00+00:00,2659426.19812885
2025-01-05 07:00:00+00:00,2659442.15418072
2025-01-05 08:00:00+00:00,2643502.73213824
2025-01-05 09:00:00+00:00,2643498.20153782
2025-01-05 10:00:00+00:00,2643504.70505988
2025-01-05 11:00:00+00:00,2643513.3765932
2025-01-05 12:00:00+00:00,2643535.58728259
2025-01-05 13:00:00+00:00,2643545.01435403
2025-01-05 14:00:00+00:00,2643546.77663957
2025-01-05 15:00:00+00:00,2643550.92139807
2025-01-05 16:00:00+00:00,2643703.86691971
2025-01-05 17:00:00+00:00,2643718.5134393
2025-01-05 18:00:00+00:00,2643763.61948626
2025-01-05 19:00:00+00:00,2643776.80021855
2025-01-05 20:00:00+00:00,2643789.22698056
2025-01-05 21:00:00+00:00,2643789.27953676
2025-01-05 22:00:00+00:00,2643836.78962975
2025-01-05 23:00:00+00:00,2643847.92880365
2025-01-06 00:00:00+00:00,2643823.21924354
2025-01-06 01:00:00+00:00,2643794.4148892
2025-01-06 02:00:00+00:00,2643637.69215989
2025-01-06 03:00:00+00:00,2643893.13393787
2025-01-06 04:00:00+00:00,2642861.20132423
2025-01-06 05:00:00+00:00,2643831.37520209
2025-01-06 06:00:00+00:00,2644639.69400522
2025-01-06 07:00:00+00:00,2643367.10777174
2025-01-06 08:00:00+00:00,2644478.1845017
2025-01-06 09:00:00+00:00,2644674.88223002
2025-01-06 10:00:00+00:00,2645041.72458146
2025-01-06 11:00:00+00:00,2645071.1909656
2025-01-06 12:00:00+00:00,2645764.09313505
2025-01-06 13:00:00+00:00,2645708.96713144
2025-01-06 14:00:00+00:00,2642693.17378071
2025-01-06 15:00:00+00:00,2636930.40489823
2025-01-06 16:00:00+00:00,2637093.11332864
2025-01-06 17:00:00+00:00,2637096.30342903
2025-01-06 18:00:00+00:00,2637127.96106421
2025-01-06 19:00:00+00:00,2639386.0607654
2025-01-06 20:00:00+00:00,2639584.48515865
2025-01-06 21:00:00+00:00,2642551.2683210103
2025-01-06 22:00:00+00:00,2641840.04196033
2025-01-06 23:00:00+00:00,2641821.19727468
2025-01-07 00:00:00+00:00,2641838.15375004
2025-01-07 01:00:00+00:00,2641796.70832653
2025-01-07 02:00:00+00:00,2641833.12257694
2025-01-07 03:00:00+00:00,2641796.154466
2025-01-07 04:00:00+00:00,2641763.80906399
2025-01-07 05:00:00+00:00,2641442.85795169
2025-01-07 06:00:00+00:00,2641491.06628476
2025-01-07 07:00:00+00:00,2641785.48870494
2025-01-07 08:00:00+00:00,2641779.33851533
2025-01-07 09:00:00+00:00,2642257.39447669
2025-01-07 10:00:00+00:00,2642269.58790877
2025-01-07 11:00:00+00:00,2642561.87448235
2025-01-07 12:00:00+00:00,2642271.81494599
2025-01-07 13:00:00+00:00,2643301.32643432
2025-01-07 14:00:00+00:00,2640743.86628801
2025-01-07 15:00:00+00:00,2639626.23011366
2025-01-07 16:00:00+00:00,2638712.92908399
2025-01-07 17:00:00+00:00,2638770.5374786
2025-01-07 18:00:00+00:00,2637255.48706518
2025-01-07 19:00:00+00:00,2637504.7412607
2025-01-07 20:00:00+00:00,2636183.1609856403
2025-01-07 21:00:00+00:00,2636310.9371005
2025-01-07 22:00:00+00:00,2636829.19555048
2025-01-07 23:00:00+00:00,2637066.62035038
2025-01-08 00:00:00+00:00,2637117.25936556
2025-01-08 01:00:00+00:00,2637161.58204827
2025-01-08 02:00:00+00:00,2638161.3199960003
2025-01-08 03:00:00+00:00,2638066.84382823
2025-01-08 04:00:00+00:00,2638093.63304256
2025-01-08 05:00:00+00:00,2638115.51530938
2025-01-08 06:00:00+00:00,2639052.26381807
2025-01-08 07:00:00+00:00,2638235.01094381
2025-01-08 08:00:00+00:00,2638154.81844884
2025-01-08 09:00:00+00:00,2638200.29964548
2025-01-08 10:00:00+00:00,2638071.45369327
2025-01-08 11:00:00+00:00,2639189.5693073003
2025-01-08 12:00:00+00:00,2639123.36874063
2025-01-08 13:00:00+00:00,2639214.6529587
2025-01-08 14:00:00+00:00,2638417.05034322
2025-01-08 15:00:00+00:00,2638437.47915409
2025-01-08 16:00:00+00:00,2639140.23184129
2025-01-08 17:00:00+00:00,2635973.83414733
2025-01-08 18:00:00+00:00,2636980.51742248
2025-01-08 19:00:00+00:00,2637161.80512896
2025-01-08 20:00:00+00:00,2638470.57103168
2025-01-08 21:00:00+00:00,2638263.1848070603
2025-01-08 22:00:00+00:00,2637223.37731087
2025-01-08 23:00:00+00:00,2638154.54178597
2025-01-09 00:00:00+00:00,2638145.31899184
2025-01-09 01:00:00+00:00,2638147.4576149
2025-01-09 02:00:00+00:00,2638058.66168256
2025-01-09 03:00:00+00:00,2637946.34076587
2025-01-09 04:00:00+00:00,2637946.9073321503
2025-01-09 05:00:00+00:00,2638669.29890661
2025-01-09 06:00:00+00:00,2638764.92134182
2025-01-09 07:00:00+00:00,2638936.22651743
2025-01-09 08:00:00+00:00,2639963.54528138
2025-01-09 09:00:00+00:00,2638840.48880098
2025-01-09 10:00:00+00:00,2638926.13112415
2025-01-09 11:00:00+00:00,2638944.92588048
2025-01-09 12:00:00+00:00,2639015.1872295
2025-01-09 13:00:00+00:00,2639086.42333391
2025-01-09 14:00:00+00:00,2639194.1694731503
2025-01-09 15:00:00+00:00,2640527.35328124
2025-01-09 16:00:00+00:00,2640402.50319748
2025-01-09 17:00:00+00:00,2639355.34205535
2025-01-09 18:00:00+00:00,2640089.2481187303
2025-01-09 19:00:00+00:00,2639057.13423736
2025-01-09 20:00:00+00:00,2639272.78225561
2025-01-09 21:00:00+00:00,2639364.97026283
2025-01-09 22:00:00+00:00,2639298.48153377
2025-01-09 23:00:00+00:00,2639202.25973083
2025-01-10 00:00:00+00:00,2639262.81578273
2025-01-10 01:00:00+00:00,2639903.25817041
2025-01-10 02:00:00+00:00,2639876.86749828
2025-01-10 03:00:00+00:00,2639873.87550664
2025-01-10 04:00:00+00:00,2638855.99007066
2025-01-10 05:00:00+00:00,2638893.67221956
2025-01-10 06:00:00+00:00,2640781.64670246
2025-01-10 07:00:00+00:00,2640787.42867373
2025-01-10 08:00:00+00:00,2640867.16683164
2025-01-10 09:00:00+00:00,2641024.88866993
2025-01-10 10:00:00+00:00,2640993.86137915
2025-01-10 11:00:00+00:00,2640974.63679773
2025-01-10 12:00:00+00:00,2641010.7495752103
2025-01-10 13:00:00+00:00,2640543.82180501
2025-01-10 14:00:00+00:00,2640631.51746675
2025-01-10 15:00:00+00:00,2639257.6769541
2025-01-10 16:00:00+00:00,2629112.11123755
2025-01-10 17:00:00+00:00,2627502.37733389
2025-01-10 18:00:00+00:00,2627451.52725811
2025-01-10 19:00:00+00:00,2627570.86821047
2025-01-10 20:00:00+00:00,2628209.33874367
2025-01-10 21:00:00+00:00,2627604.52423022
2025-01-10 22:00:00+00:00,2622699.76548186
2025-01-10 23:00:00+00:00,2622654.82505225
2025-01-11 00:00:00+00:00,2622641.13559383
2025-01-11 01:00:00+00:00,2622731.55912502
2025-01-11 02:00:00+00:00,2622374.51759227
2025-01-11 03:00:00+00:00,2622392.90917078
2025-01-11 04:00:00+00:00,2622424.41142158
2025-01-11 05:00:00+00:00,2622412.7601081003
2025-01-11 06:00:00+00:00,2622433.92225648
2025-01-11 07:00:00+00:00,2622439.75340506
2025-01-11 08:00:00+00:00,2622449.62943801
2025-01-11 09:00:00+00:00,2622430.01029134
2025-01-11 10:00:00+00:00,2622443.94066443
2025-01-11 11:00:00+00:00,2622445.89889838
2025-01-11 12:00:00+00:00,2622418.96484398
2025-01-11 13:00:00+00:00,2622622.31293895
2025-01-11 14:00:00+00:00,2622650.93012677
2025-01-11 15:00:00+00:00,2622668.47114254
2025-01-11 16:00:00+00:00,2622680.18077149
2025-01-11 17:00:00+00:00,2622606.78751214
2025-01-11 18:00:00+00:00,2622651.3821183
2025-01-11 19:00:00+00:00,2622640.16005905
2025-01-11 20:00:00+00:00,2622686.8103717
2025-01-11 21:00:00+00:00,2622698.55761791
2025-01-11 22:00:00+00:00,2623791.76264497
2025-01-11 23:00:00+00:00,2623815.27929526
2025-01-12 00:00:00+00:00,2623802.4152685
2025-01-12 01:00:00+00:00,2623781.3859313303
2025-01-12 02:00:00+00:00,2623772.28504686
2025-01-12 03:00:00+00:00,2623603.81515221
2025-01-12 04:00:00+00:00,2623389.56643326
2025-01-12 05:00:00+00:00,2623394.29866509
2025-01-12 06:00:00+00:00,2623342.78846151
2025-01-12 07:00:00+00:00,2623354.86165684
2025-01-12 08:00:00+00:00,2623379.60692098
2025-01-12 09:00:00+00:00,2623365.67171664
2025-01-12 10:00:00+00:00,2623388.90068859
2025-01-12 11:00:00+00:00,2623413.9394069
2025-01-12 12:00:00+00:00,2623443.22837238
2025-01-12 13:00:00+00:00,2623430.63904804
2025-01-12 14:00:00+00:00,2622283.4669955
2025-01-12 15:00:00+00:00,2622289.54445822
2025-01-12 16:00:00+00:00,2623320.77509081
2025-01-12 17:00:00+00:00,2623313.62238008
2025-01-12 18:00:00+00:00,2623313.94594257
2025-01-12 19:00:00+00:00,2621497.5760330902
2025-01-12 20:00:00+00:00,2621505.5635734
2025-01-12 21:00:00+00:00,2621565.11523051
2025-01-12 22:00:00+00:00,2621605.49264186
2025-01-12 23:00:00+00:00,2621593.86848544
2025-01-13 00:00:00+00:00,2621609.2272584
2025-01-13 01:00:00+00:00,2621510.38243451
2025-01-13 02:00:00+00:00,2621648.23041677
2025-01-13 03:00:00+00:00,2621685.05760308
2025-01-13 04:00:00+00:00,2621850.39232365
2025-01-13 05:00:00+00:00,2621591.1617575
2025-01-13 06:00:00+00:00,2622474.07542343
2025-01-13 07:00:00+00:00,2622510.68437646
2025-01-13 08:00:00+00:00,2621936.55968528
2025-01-13 09:00:00+00:00,2622015.20052915
2025-01-13 10:00:00+00:00,2621965.92574401
2025-01-13 11:00:00+00:00,2622049.28206741
2025-01-13 12:00:00+00:00,2622058.88003308
2025-01-13 13:00:00+00:00,2622166.01580617
2025-01-13 14:00:00+00:00,2622264.22410971
2025-01-13 15:00:00+00:00,2622058.01688097
2025-01-13 16:00:00+00:00,2621953.92861949
2025-01-13 17:00:00+00:00,2622860.28358826
2025-01-13 18:00:00+00:00,2623125.79696233
2025-01-13 19:00:00+00:00,2623538.7966435403
2025-01-13 20:00:00+00:00,2623729.97326772
2025-01-13 21:00:00+00:00,2623876.2576907203
2025-01-13 22:00:00+00:00,2623915.77599423
2025-01-13 23:00:00+00:00,2623916.50540333
2025-01-14 00:00:00+00:00,2624053.03348098
2025-01-14 01:00:00+00:00,2624009.19849735
2025-01-14 02:00:00+00:00,2623505.36000694
2025-01-14 03:00:00+00:00,2623760.03806011
2025-01-14 04:00:00+00:00,2623786.38381964
2025-01-14 05:00:00+00:00,2623788.37580969
2025-01-14 06:00:00+00:00,2623575.897276
2025-01-14 07:00:00+00:00,2623634.6982683903
2025-01-14 08:00:00+00:00,2623591.02870516
2025-01-14 09:00:00+00:00,2624804.20344847
2025-01-14 10:00:00+00:00,2624964.59611818
2025-01-14 11:00:00+00:00,2624945.4540917003
2025-01-14 12:00:00+00:00,2624987.75624669
2025-01-14 13:00:00+00:00,2625096.62485639
2025-01-14 14:00:00+00:00,2624114.41931996
2025-01-14 15:00:00+00:00,2621912.12984962
2025-01-14 16:00:00+00:00,2622928.19814317
2025-01-14 17:00:00+00:00,2622784.61345655
2025-01-14 18:00:00+00:00,2633522.31654429
2025-01-14 19:00:00+00:00,2634398.2640412003
2025-01-14 20:00:00+00:00,2634529.85308485
2025-01-14 21:00:00+00:00,2634593.94495529
2025-01-14 22:00:00+00:00,2633746.0603147
2025-01-14 23:00:00+00:00,2633811.5512957303
2025-01-15 00:00:00+00:00,2633714.00129434
2025-01-15 01:00:00+00:00,2633828.27727399
2025-01-15 02:00:00+00:00,2633797.33801413
2025-01-15 03:00:00+00:00,2621671.49107737
2025-01-15 04:00:00+00:00,2621538.1584594
2025-01-15 05:00:00+00:00,2621544.40720364
2025-01-15 06:00:00+00:00,2621539.56877055
2025-01-15 07:00:00+00:00,2621546.74367656
2025-01-15 08:00:00+00:00,2621525.69298849
2025-01-15 09:00:00+00:00,2621478.78964261
2025-01-15 10:00:00+00:00,2621210.74865101
2025-01-15 11:00:00+00:00,2621195.43552672
2025-01-15 12:00:00+00:00,2621208.86341651
2025-01-15 13:00:00+00:00,2621274.26338264
2025-01-15 14:00:00+00:00,2621305.64504073
2025-01-15 15:00:00+00:00,2622302.81036257
2025-01-15 16:00:00+00:00,2622256.38130743
2025-01-15 17:00:00+00:00,2622326.11735006
2025-01-15 18:00:00+00:00,2622560.53974112
2025-01-15 19:00:00+00:00,2622491.92238003
2025-01-15 20:00:00+00:00,2623751.49736558
2025-01-15 21:00:00+00:00,2622888.06551691
2025-01-15 22:00:00+00:00,2619526.04742137
2025-01-15 23:00:00+00:00,2619658.27800254
2025-01-16 00:00:00+00:00,2619659.05455734
2025-01-16 01:00:00+00:00,2620184.02488339
2025-01-16 02:00:00+00:00,2620040.241016
2025-01-16 03:00:00+00:00,2621162.76534104
2025-01-16 04:00:00+00:00,2621168.00971414
2025-01-16 05:00:00+00:00,2621168.64562182
2025-01-16 06:00:00+00:00,2621136.23142346
2025-01-16 07:00:00+00:00,2621105.65077109
2025-01-16 08:00:00+00:00,2620124.7658950803
2025-01-16 09:00:00+00:00,2621204.64934455
2025-01-16 10:00:00+00:00,2620990.4870078103
2025-01-16 11:00:00+00:00,2620222.69222997
2025-01-16 12:00:00+00:00,2620210.95984929
2025-01-16 13:00:00+00:00,2620815.19055475
2025-01-16 14:00:00+00:00,2620978.88807393
2025-01-16 15:00:00+00:00,2625342.59762714
2025-01-16 16:00:00+00:00,2627740.7684404003
2025-01-16 17:00:00+00:00,2628126.24633548
2025-01-16 18:00:00+00:00,2629281.37821394
2025-01-16 19:00:00+00:00,2629629.57613107
2025-01-16 20:00:00+00:00,2629563.92534122
2025-01-16 21:00:00+00:00,2630210.14674115
2025-01-16 22:00:00+00:00,2630330.78396449
2025-01-16 23:00:00+00:00,2630125.4026939003
2025-01-17 00:00:00+00:00,2630145.11203692
2025-01-17 01:00:00+00:00,2630095.77137059
2025-01-17 02:00:00+00:00,2630185.52418434
2025-01-17 03:00:00+00:00,2628775.06046596
2025-01-17 04:00:00+00:00,2628837.70763885
2025-01-17 05:00:00+00:00,2629832.32164378
2025-01-17 06:00:00+00:00,2628846.50586678
2025-01-17 07:00:00+00:00,2628856.1058687703
2025-01-17 08:00:00+00:00,2630662.77987238
2025-01-17 09:00:00+00:00,2631813.54822987
2025-01-17 10:00:00+00:00,2630753.87960753
2025-01-17 11:00:00+00:00,2633270.5436700103
2025-01-17 12:00:00+00:00,2631764.7430226603
2025-01-17 13:00:00+00:00,2631530.45722289
2025-01-17 14:00:00+00:00,2629773.18115033
2025-01-17 15:00:00+00:00,2628586.58314729
2025-01-17 16:00:00+00:00,2628976.7250488
2025-01-17 17:00:00+00:00,2629956.9274000702
2025-01-17 18:00:00+00:00,2630490.83339323
2025-01-17 19:00:00+00:00,2628440.15398626
2025-01-17 20:00:00+00:00,2628602.72872205
2025-01-17 21:00:00+00:00,2626882.90592642
2025-01-17 22:00:00+00:00,2626683.57101537
2025-01-17 23:00:00+00:00,2627276.87121863
2025-01-18 00:00:00+00:00,2628241.61661296
2025-01-18 01:00:00+00:00,2627831.97766241
2025-01-18 02:00:00+00:00,2627903.55827797
2025-01-18 03:00:00+00:00,2627942.5878764
2025-01-18 04:00:00+00:00,2628876.76270331
2025-01-18 05:00:00+00:00,2628896.44137496
2025-01-18 06:00:00+00:00,2628910.73425354
2025-01-18 07:00:00+00:00,2628938.55390257
2025-01-18 08:00:00+00:00,2627950.27748647
2025-01-18 09:00:00+00:00,2627937.94403873
2025-01-18 10:00:00+00:00,2627964.55193639
2025-01-18 11:00:00+00:00,2627995.06235953
2025-01-18 12:00:00+00:00,2627822.0006298
2025-01-18 13:00:00+00:00,2628811.13556833
2025-01-18 14:00:00+00:00,2628874.24680673
2025-01-18 15:00:00+00:00,2628877.5547588
2025-01-18 16:00:00+00:00,2629969.6562005403
2025-01-18 17:00:00+00:00,2628947.59045283
2025-01-18 18:00:00+00:00,2627609.5965852803
2025-01-18 19:00:00+00:00,2627649.55875762
2025-01-18 20:00:00+00:00,2627514.040656
2025-01-18 21:00:00+00:00,2627344.16762149
2025-01-18 22:00:00+00:00,2627346.3948078603
2025-01-18 23:00:00+00:00,2627340.05571194
2025-01-19 00:00:00+00:00,2627428.26868726
2025-01-19 01:00:00+00:00,2627314.97068369
2025-01-19 02:00:00+00:00,2627277.80112009
2025-01-19 03:00:00+00:00,2628270.59447616
2025-01-19 04:00:00+00:00,2628256.92076166
2025-01-19 05:00:00+00:00,2628292.55692763
2025-01-19 06:00:00+00:00,2628302.24972894
2025-01-19 07:00:00+00:00,2628343.41023702
2025-01-19 08:00:00+00:00,2628362.6205955
2025-01-19 09:00:00+00:00,2628444.03908371
2025-01-19 10:00:00+00:00,2628601.71090909
2025-01-19 11:00:00+00:00,2628576.61883384
2025-01-19 12:00:00+00:00,2628603.48771551
2025-01-19 13:00:00+00:00,2628711.46064958
2025-01-19 14:00:00+00:00,2628201.15398069
2025-01-19 15:00:00+00:00,2628050.4731938
2025-01-19 16:00:00+00:00,2628593.8599581
2025-01-19 17:00:00+00:00,2628623.8913971
2025-01-19 18:00:00+00:00,2628627.33180771
2025-01-19 19:00:00+00:00,2628647.04007563
2025-01-19 20:00:00+00:00,2628745.17019293
2025-01-19 21:00:00+00:00,2628631.67841232
2025-01-19 22:00:00+00:00,2628657.8147693
2025-01-19 23:00:00+00:00,2627552.04812558
2025-01-20 00:00:00+00:00,2627689.67032893
2025-01-20 01:00:00+00:00,2627719.34029308
2025-01-20 02:00:00+00:00,2627628.13779451
2025-01-20 03:00:00+00:00,2626985.06627953
2025-01-20 04:00:00+00:00,2626723.54506593
2025-01-20 05:00:00+00:00,2626581.18458762
2025-01-20 06:00:00+00:00,2625555.33455588
2025-01-20 07:00:00+00:00,2625636.36091025
2025-01-20 08:00:00+00:00,2626081.88843446
2025-01-20 09:00:00+00:00,2626385.55668401
2025-01-20 10:00:00+00:00,2626386.82330264
2025-01-20 11:00:00+00:00,2628540.2134454
2025-01-20 12:00:00+00:00,2628756.7077028
2025-01-20 13:00:00+00:00,2628679.4079803
2025-01-20 14:00:00+00:00,2628456.02465683
2025-01-20 15:00:00+00:00,2628568.40711525
2025-01-20 16:00:00+00:00,2628361.49769317
2025-01-20 17:00:00+00:00,2629784.30983791
2025-01-20 18:00:00+00:00,2629910.28556832
2025-01-20 19:00:00+00:00,2629922.93274965
2025-01-20 20:00:00+00:00,2629706.91587988
2025-01-20 21:00:00+00:00,2628729.97532713
2025-01-20 22:00:00+00:00,2630576.87441078
2025-01-20 23:00:00+00:00,2630580.80374703
2025-01-21 00:00:00+00:00,2630435.71055211
2025-01-21 01:00:00+00:00,2630441.40579905
2025-01-21 02:00:00+00:00,2630435.84804068
2025-01-21 03:00:00+00:00,2630352.70878435
2025-01-21 04:00:00+00:00,2628981.66372139
2025-01-21 05:00:00+00:00,2628988.57665907
2025-01-21 06:00:00+00:00,2639079.88737204
2025-01-21 07:00:00+00:00,2640214.1739794603
2025-01-21 08:00:00+00:00,2640830.12489851
2025-01-21 09:00:00+00:00,2639794.4456606703
2025-01-21 10:00:00+00:00,2638797.87472493
2025-01-21 11:00:00+00:00,2637833.02753404
2025-01-21 12:00:00+00:00,2647953.57071378
2025-01-21 13:00:00+00:00,2645389.64912913
2025-01-21 14:00:00+00:00,2641077.75945333
2025-01-21 15:00:00+00:00,2641551.3061096
2025-01-21 16:00:00+00:00,2640975.43455496
2025-01-21 17:00:00+00:00,2641201.34605967
2025-01-21 18:00:00+00:00,2640239.49095766
2025-01-21 19:00:00+00:00,2638339.75217255
2025-01-21 20:00:00+00:00,2630383.05071684
2025-01-21 21:00:00+00:00,2630317.7833583
2025-01-21 22:00:00+00:00,2630353.11669504
2025-01-21 23:00:00+00:00,2630503.42941757
2025-01-22 00:00:00+00:00,2631545.72863204
2025-01-22 01:00:00+00:00,2631590.76988182
2025-01-22 02:00:00+00:00,2628314.72162039
2025-01-22 03:00:00+00:00,2628359.09949551
2025-01-22 04:00:00+00:00,2628415.76077838
2025-01-22 05:00:00+00:00,2627396.67513156
2025-01-22 06:00:00+00:00,2627122.2217414603
2025-01-22 07:00:00+00:00,2636065.35965058
2025-01-22 08:00:00+00:00,2636326.34660237
2025-01-22 09:00:00+00:00,2636192.40629677
2025-01-22 10:00:00+00:00,2635632.86131183
2025-01-22 11:00:00+00:00,2633804.9538987703
2025-01-22 12:00:00+00:00,2632867.79841402
2025-01-22 13:00:00+00:00,2631252.45933126
2025-01-22 14:00:00+00:00,2628603.18934645
2025-01-22 15:00:00+00:00,2628980.58108709
2025-01-22 16:00:00+00:00,2630433.48412135
2025-01-22 17:00:00+00:00,2630409.53928329
2025-01-22 18:00:00+00:00,2620447.49703671
2025-01-22 19:00:00+00:00,2620770.93572922
2025-01-22 20:00:00+00:00,2621234.81123513
2025-01-22 21:00:00+00:00,2621287.26892044
2025-01-22 22:00:00+00:00,2623216.49010569
2025-01-22 23:00:00+00:00,2619223.04273586
2025-01-23 00:00:00+00:00,2614367.84016651
2025-01-23 01:00:00+00:00,2608528.84463811
2025-01-23 02:00:00+00:00,2606554.95726676
2025-01-23 03:00:00+00:00,2605377.51496604
2025-01-23 04:00:00+00:00,2597311.23180034
2025-01-23 05:00:00+00:00,2597268.95696553
2025-01-23 06:00:00+00:00,2596075.28674743
2025-01-23 07:00:00+00:00,2596244.55389566
2025-01-23 08:00:00+00:00,2596146.4990683403
2025-01-23 09:00:00+00:00,2596267.62744818
2025-01-23 10:00:00+00:00,2596289.11315382
2025-01-23 11:00:00+00:00,2597133.63816017
2025-01-23 12:00:00+00:00,2596683.2476116
2025-01-23 13:00:00+00:00,2595271.65048629
2025-01-23 14:00:00+00:00,2594184.76659224
2025-01-23 15:00:00+00:00,2594261.18752292
2025-01-23 16:00:00+00:00,2593912.93555068
2025-01-23 17:00:00+00:00,2593965.68937127
2025-01-23 18:00:00+00:00,2595153.01766842
2025-01-23 19:00:00+00:00,2592643.15141034
2025-01-23 20:00:00+00:00,2592108.16287679
2025-01-23 21:00:00+00:00,2591275.26771487
2025-01-23 22:00:00+00:00,2591298.21923175
2025-01-23 23:00:00+00:00,2591022.98592731
2025-01-24 00:00:00+00:00,2592181.95992819
2025-01-24 01:00:00+00:00,2592295.7799191303
2025-01-24 02:00:00+00:00,2592508.53695081
2025-01-24 03:00:00+00:00,2593361.11356182
2025-01-24 04:00:00+00:00,2593374.47928239
2025-01-24 05:00:00+00:00,2593770.64947419
2025-01-24 06:00:00+00:00,2593786.33950396
2025-01-24 07:00:00+00:00,2594192.41649652
2025-01-24 08:00:00+00:00,2594235.91870902
2025-01-24 09:00:00+00:00,2594275.41613196
2025-01-24 10:00:00+00:00,2594465.56218041
2025-01-24 11:00:00+00:00,2594504.24087882
2025-01-24 12:00:00+00:00,2594669.95058475
2025-01-24 13:00:00+00:00,2594521.46138664
2025-01-24 14:00:00+00:00,2593305.73366952
2025-01-24 15:00:00+00:00,2592817.1408841303
2025-01-24 16:00:00+00:00,2593659.94146115
2025-01-24 17:00:00+00:00,2589836.28276233
2025-01-24 18:00:00+00:00,2590310.02821623
2025-01-24 19:00:00+00:00,2591305.3280876
2025-01-24 20:00:00+00:00,2590062.77059177
2025-01-24 21:00:00+00:00,2590092.43214883
2025-01-24 22:00:00+00:00,2589835.45140531
2025-01-24 23:00:00+00:00,2590028.11101403
2025-01-25 00:00:00+00:00,2590060.8264324
2025-01-25 01:00:00+00:00,2590112.71760159
2025-01-25 02:00:00+00:00,2590071.24222165
2025-01-25 03:00:00+00:00,2590295.78278731
2025-01-25 04:00:00+00:00,2590297.88743381
2025-01-25 05:00:00+00:00,2590351.78139021
2025-01-25 06:00:00+00:00,2590347.99603818
2025-01-25 07:00:00+00:00,2590298.4674257003
2025-01-25 08:00:00+00:00,2590315.12158883
2025-01-25 09:00:00+00:00,2590525.83171421
2025-01-25 10:00:00+00:00,2590520.2808295703
2025-01-25 11:00:00+00:00,2590515.9864963503
2025-01-25 12:00:00+00:00,2590529.1553097
2025-01-25 13:00:00+00:00,2590281.75760624
2025-01-25 14:00:00+00:00,2590288.89922302
2025-01-25 15:00:00+00:00,2590315.8276763
2025-01-25 16:00:00+00:00,2590309.62487805
2025-01-25 17:00:00+00:00,2590358.41439057
2025-01-25 18:00:00+00:00,2590371.07290741
2025-01-25 19:00:00+00:00,2590426.70292657
2025-01-25 20:00:00+00:00,2590439.2830479
2025-01-25 21:00:00+00:00,2590419.57189889
2025-01-25 22:00:00+00:00,2590433.31902243
2025-01-25 23:00:00+00:00,2590469.2226138
2025-01-26 00:00:00+00:00,2590449.5282922
2025-01-26 01:00:00+00:00,2590456.91027686
2025-01-26 02:00:00+00:00,2590495.5914260102
2025-01-26 03:00:00+00:00,2590537.60137976
2025-01-26 04:00:00+00:00,2590555.09463201
2025-01-26 05:00:00+00:00,2590557.23289626
2025-01-26 06:00:00+00:00,2590573.35138936
2025-01-26 07:00:00+00:00,2590589.28705231
2025-01-26 08:00:00+00:00,2590630.43350865
2025-01-26 09:00:00+00:00,2590672.12039385
2025-01-26 10:00:00+00:00,2590671.93953825
2025-01-26 11:00:00+00:00,2590676.69089982
2025-01-26 12:00:00+00:00,2590635.90779765
2025-01-26 13:00:00+00:00,2590645.67983186
2025-01-26 14:00:00+00:00,2590653.4683842
2025-01-26 15:00:00+00:00,2590598.68770144
2025-01-26 16:00:00+00:00,2590584.4154582103
2025-01-26 17:00:00+00:00,2590612.20673241
2025-01-26 18:00:00+00:00,2590619.3100923
2025-01-26 19:00:00+00:00,2590641.3286943003
2025-01-26 20:00:00+00:00,2590633.49944517
2025-01-26 21:00:00+00:00,2590676.25685059
2025-01-26 22:00:00+00:00,2590707.46916286
2025-01-26 23:00:00+00:00,2590218.86141988
2025-01-27 00:00:00+00:00,2590301.4230620502
2025-01-27 01:00:00+00:00,2590283.02746586
2025-01-27 02:00:00+00:00,2590455.01571515
2025-01-27 03:00:00+00:00,2590197.36259341
2025-01-27 04:00:00+00:00,2590182.97630711
2025-01-27 05:00:00+00:00,2590252.3055216502
2025-01-27 06:00:00+00:00,2590323.19222183
2025-01-27 07:00:00+00:00,2591600.85019552
2025-01-27 08:00:00+00:00,2591397.2236804
2025-01-27 09:00:00+00:00,2591871.37906908
2025-01-27 10:00:00+00:00,2591879.62290944
2025-01-27 11:00:00+00:00,2592099.1241063
2025-01-27 12:00:00+00:00,2591439.92916768
2025-01-27 13:00:00+00:00,2590297.19304863
2025-01-27 14:00:00+00:00,2586637.19334308
2025-01-27 15:00:00+00:00,2586543.16791947
2025-01-27 16:00:00+00:00,2586542.04965552
2025-01-27 17:00:00+00:00,2588373.17313521
2025-01-27 18:00:00+00:00,2588540.84932057
2025-01-27 19:00:00+00:00,2588540.84932057
2025-01-27 20:00:00+00:00,2587026.40825866
2025-01-27 21:00:00+00:00,2582703.76761603
2025-01-27 22:00:00+00:00,2581713.40105138
2025-01-27 23:00:00+00:00,2581730.91156434
2025-01-28 00:00:00+00:00,2581859.27098737
2025-01-28 01:00:00+00:00,2581996.0755209
2025-01-28 02:00:00+00:00,2583084.95486342
2025-01-28 03:00:00+00:00,2583233.38325162
2025-01-28 04:00:00+00:00,2581358.91169525
2025-01-28 05:00:00+00:00,2582446.86704994
2025-01-28 06:00:00+00:00,2582480.4478928
2025-01-28 07:00:00+00:00,2583092.3086321
2025-01-28 08:00:00+00:00,2583098.91507765
2025-01-28 09:00:00+00:00,2583240.77967601
2025-01-28 10:00:00+00:00,2583251.61782355
2025-01-28 11:00:00+00:00,2583432.1940651
2025-01-28 12:00:00+00:00,2582253.19987005
2025-01-28 13:00:00+00:00,2582509.56643782
2025-01-28 14:00:00+00:00,2582322.8404744
2025-01-28 15:00:00+00:00,2581274.94559767
2025-01-28 16:00:00+00:00,2581693.3952522
2025-01-28 17:00:00+00:00,2582722.09610026
2025-01-28 18:00:00+00:00,2583977.31144706
2025-01-28 19:00:00+00:00,2581731.45240705
2025-01-28 20:00:00+00:00,2581777.96396399
2025-01-28 21:00:00+00:00,2582929.21048849
2025-01-28 22:00:00+00:00,2583812.36508903
2025-01-28 23:00:00+00:00,2583850.0784422
2025-01-29 00:00:00+00:00,2583752.58823322
2025-01-29 01:00:00+00:00,2583805.21207803
2025-01-29 02:00:00+00:00,2583881.82857713
2025-01-29 03:00:00+00:00,2583717.00597115
2025-01-29 04:00:00+00:00,2583758.09924804
2025-01-29 05:00:00+00:00,2583705.7912917403
2025-01-29 06:00:00+00:00,2584008.93570519
2025-01-29 07:00:00+00:00,2584023.46492531
2025-01-29 08:00:00+00:00,2584042.04919717
2025-01-29 09:00:00+00:00,2584134.0377788
2025-01-29 10:00:00+00:00,2582925.55712886
2025-01-29 11:00:00+00:00,2581858.21678936
2025-01-29 12:00:00+00:00,2581987.0271999
2025-01-29 13:00:00+00:00,2581768.5563331
2025-01-29 14:00:00+00:00,2582783.49644566
2025-01-29 15:00:00+00:00,2582911.06922252
2025-01-29 16:00:00+00:00,2582296.32025984
2025-01-29 17:00:00+00:00,2581757.71878612
2025-01-29 18:00:00+00:00,2580806.91607173
2025-01-29 19:00:00+00:00,2580794.58330537
2025-01-29 20:00:00+00:00,2582050.42841472
2025-01-29 21:00:00+00:00,2580867.7974327
2025-01-29 22:00:00+00:00,2581066.43474036
2025-01-29 23:00:00+00:00,2581084.64011214
2025-01-30 00:00:00+00:00,2581098.8138676
2025-01-30 01:00:00+00:00,2581236.84510772
2025-01-30 02:00:00+00:00,2581216.8271954
2025-01-30 03:00:00+00:00,2581209.1026927
2025-01-30 04:00:00+00:00,2581296.94755534
2025-01-30 05:00:00+00:00,2582282.80811257
2025-01-30 06:00:00+00:00,2582306.47171456
2025-01-30 07:00:00+00:00,2582464.8551363703
2025-01-30 08:00:00+00:00,2582462.99734568
2025-01-30 09:00:00+00:00,2582434.33156605
2025-01-30 10:00:00+00:00,2582459.08126303
2025-01-30 11:00:00+00:00,2582589.74700444
2025-01-30 12:00:00+00:00,2582682.5470310003
2025-01-30 13:00:00+00:00,2582664.70832078
2025-01-30 14:00:00+00:00,2582637.8298588903
2025-01-30 15:00:00+00:00,2582262.6877552
2025-01-30 16:00:00+00:00,2582759.49131536
2025-01-30 17:00:00+00:00,2582807.40594905
2025-01-30 18:00:00+00:00,2584665.91284976
2025-01-30 19:00:00+00:00,2584359.4931245
2025-01-30 20:00:00+00:00,2584955.04822146
2025-01-30 21:00:00+00:00,2582978.96382907
2025-01-30 22:00:00+00:00,2584302.23459112
2025-01-30 23:00:00+00:00,2585405.84549336
2025-01-31 00:00:00+00:00,2586863.88101651
2025-01-31 01:00:00+00:00,2585508.69662552
2025-01-31 02:00:00+00:00,2585478.0285209
2025-01-31 03:00:00+00:00,2587549.65608527
2025-01-31 04:00:00+00:00,2587493.32628377
2025-01-31 05:00:00+00:00,2586460.1641766
2025-01-31 06:00:00+00:00,2585759.93548667
2025-01-31 07:00:00+00:00,2587001.73908106
2025-01-31 08:00:00+00:00,2577533.46333479
2025-01-31 09:00:00+00:00,2577611.68793273
2025-01-31 10:00:00+00:00,2577662.79029716
2025-01-31 11:00:00+00:00,2578185.6804664
2025-01-31 12:00:00+00:00,2578349.99572969
2025-01-31 13:00:00+00:00,2574892.1285913
2025-01-31 14:00:00+00:00,2574635.72462447
2025-01-31 15:00:00+00:00,2574746.38159981
2025-01-31 16:00:00+00:00,2576224.06141261
2025-01-31 17:00:00+00:00,2575795.6856866702
2025-01-31 18:00:00+00:00,2576087.05081164
2025-01-31 19:00:00+00:00,2575304.84943149
2025-01-31 20:00:00+00:00,2576062.19134305
2025-01-31 21:00:00+00:00,2576012.18592098
2025-01-31 22:00:00+00:00,2577726.6446027
2025-01-31 23:00:00+00:00,2578640.34969271
2025-02-01 00:00:00+00:00,2578772.61554017
2025-02-01 01:00:00+00:00,2578963.83573013
2025-02-01 02:00:00+00:00,2578975.48679183
2025-02-01 03:00:00+00:00,2578968.64767111
2025-02-01 04:00:00+00:00,2578826.78512809
2025-02-01 05:00:00+00:00,2578841.7208453203
2025-02-01 06:00:00+00:00,2578844.27167451
2025-02-01 07:00:00+00:00,2578854.47224491
2025-02-01 08:00:00+00:00,2578991.81961979
2025-02-01 09:00:00+00:00,2578980.57273287
2025-02-01 10:00:00+00:00,2579029.4773935
2025-02-01 11:00:00+00:00,2579027.52428937
2025-02-01 12:00:00+00:00,2579056.81190786
2025-02-01 13:00:00+00:00,2579078.36526567
2025-02-01 14:00:00+00:00,2579123.68735391
2025-02-01 15:00:00+00:00,2579070.34260419
2025-02-01 16:00:00+00:00,2579074.18288236
2025-02-01 17:00:00+00:00,2579089.30511505
2025-02-01 18:00:00+00:00,2579093.32231769
2025-02-01 19:00:00+00:00,2579158.40066109
2025-02-01 20:00:00+00:00,2579168.31823396
2025-02-01 21:00:00+00:00,2579189.48743993
2025-02-01 22:00:00+00:00,2579238.47957861
2025-02-01 23:00:00+00:00,2579147.79366419
2025-02-02 00:00:00+00:00,2579124.5429979
2025-02-02 01:00:00+00:00,2579220.12754401
2025-02-02 02:00:00+00:00,2579114.47527228
2025-02-02 03:00:00+00:00,2579139.37690019
2025-02-02 04:00:00+00:00,2579034.044174
2025-02-02 05:00:00+00:00,2578829.25448736
2025-02-02 06:00:00+00:00,2577822.79034637
2025-02-02 07:00:00+00:00,2577874.39528212
2025-02-02 08:00:00+00:00,2577985.42303773
2025-02-02 09:00:00+00:00,2578055.94436942
2025-02-02 10:00:00+00:00,2578000.54295011
2025-02-02 11:00:00+00:00,2577978.58806813
2025-02-02 12:00:00+00:00,2578056.56956156
2025-02-02 13:00:00+00:00,2578050.56183421
2025-02-02 14:00:00+00:00,2578069.79677194
2025-02-02 15:00:00+00:00,2578234.53623994
2025-02-02 16:00:00+00:00,2578314.29994545
2025-02-02 17:00:00+00:00,2578196.33880112
2025-02-02 18:00:00+00:00,2577999.07405894
2025-02-02 19:00:00+00:00,2576950.70246848
2025-02-02 20:00:00+00:00,2576936.84920183
2025-02-02 21:00:00+00:00,2576538.95596179
2025-02-02 22:00:00+00:00,2576594.09625773
2025-02-02 23:00:00+00:00,2576559.37662506
2025-02-03 00:00:00+00:00,2576387.5168353003
2025-02-03 01:00:00+00:00,2576531.4958912903
2025-02-03 02:00:00+00:00,2576557.94097177
2025-02-03 03:00:00+00:00,2603998.93347627
2025-02-03 04:00:00+00:00,2605226.67589525
2025-02-03 05:00:00+00:00,2605261.8878702503
2025-02-03 06:00:00+00:00,2604227.25142341
2025-02-03 07:00:00+00:00,2604181.76154326
2025-02-03 08:00:00+00:00,2604156.9825972
2025-02-03 09:00:00+00:00,2604126.62647019
2025-02-03 10:00:00+00:00,2604268.46648003
2025-02-03 11:00:00+00:00,2604324.42138924
2025-02-03 12:00:00+00:00,2599689.89011026
2025-02-03 13:00:00+00:00,2599509.22924131
2025-02-03 14:00:00+00:00,2609727.9689505203
2025-02-03 15:00:00+00:00,2609354.37625585
2025-02-03 16:00:00+00:00,2609327.59481232
2025-02-03 17:00:00+00:00,2609778.40665776
2025-02-03 18:00:00+00:00,2608556.23527048
2025-02-03 19:00:00+00:00,2608544.84071291
2025-02-03 20:00:00+00:00,2608544.84071291
2025-02-03 21:00:00+00:00,2599134.87557655
2025-02-03 22:00:00+00:00,2586293.5781837
2025-02-03 23:00:00+00:00,2584408.84454832
2025-02-04 00:00:00+00:00,2584544.0276416303
2025-02-04 01:00:00+00:00,2585925.7421276
2025-02-04 02:00:00+00:00,2585118.42693342
2025-02-04 03:00:00+00:00,2585292.51370744
2025-02-04 04:00:00+00:00,2585368.77936886
2025-02-04 05:00:00+00:00,2585297.36113997
2025-02-04 06:00:00+00:00,2585298.7260963703
2025-02-04 07:00:00+00:00,2585238.85126563
2025-02-04 08:00:00+00:00,2585443.56908205
2025-02-04 09:00:00+00:00,2584556.53087566
2025-02-04 10:00:00+00:00,2584725.10866101
2025-02-04 11:00:00+00:00,2584577.95802486
2025-02-04 12:00:00+00:00,2584228.7229670403
2025-02-04 13:00:00+00:00,2584339.03604842
2025-02-04 14:00:00+00:00,2584469.90903556
2025-02-04 15:00:00+00:00,2584595.50627198
2025-02-04 16:00:00+00:00,2586196.60354147
2025-02-04 17:00:00+00:00,2584240.01291652
2025-02-04 18:00:00+00:00,2581635.61533178
2025-02-04 19:00:00+00:00,2580625.24944513
2025-02-04 20:00:00+00:00,2581674.5337518
2025-02-04 21:00:00+00:00,2579385.6537722102
2025-02-04 22:00:00+00:00,2579664.69642377
2025-02-04 23:00:00+00:00,2580039.84863731
2025-02-05 00:00:00+00:00,2580005.19202388
2025-02-05 01:00:00+00:00,2578867.32711326
2025-02-05 02:00:00+00:00,2577210.05083226
2025-02-05 03:00:00+00:00,2576804.92413292
2025-02-05 04:00:00+00:00,2576403.23097876
2025-02-05 05:00:00+00:00,2576609.86347187
2025-02-05 06:00:00+00:00,2576641.0000059903
2025-02-05 07:00:00+00:00,2575766.38011906
2025-02-05 08:00:00+00:00,2576317.89710363
2025-02-05 09:00:00+00:00,2575955.72169411
2025-02-05 10:00:00+00:00,2576265.45858261
2025-02-05 11:00:00+00:00,2576292.52712656
2025-02-05 12:00:00+00:00,2576522.04363885
2025-02-05 13:00:00+00:00,2576528.95962125
2025-02-05 14:00:00+00:00,2574987.68232289
2025-02-05 15:00:00+00:00,2574817.65375623
2025-02-05 16:00:00+00:00,2574712.60060245
2025-02-05 17:00:00+00:00,2572337.64173477
2025-02-05 18:00:00+00:00,2573769.3998428
2025-02-05 19:00:00+00:00,2572815.23217357
2025-02-05 20:00:00+00:00,2571681.21189561
2025-02-05 21:00:00+00:00,2571505.82474397
2025-02-05 22:00:00+00:00,2571310.86114812
2025-02-05 23:00:00+00:00,2571331.79914214
2025-02-06 00:00:00+00:00,2570296.89770878
2025-02-06 01:00:00+00:00,2570294.71649322
2025-02-06 02:00:00+00:00,2569879.29714756
2025-02-06 03:00:00+00:00,2569780.58838894
2025-02-06 04:00:00+00:00,2569169.05375872
2025-02-06 05:00:00+00:00,2569180.23259986
2025-02-06 06:00:00+00:00,2569216.54754499
2025-02-06 07:00:00+00:00,2569097.6414500303
2025-02-06 08:00:00+00:00,2569272.82624447
2025-02-06 09:00:00+00:00,2569296.24891874
2025-02-06 10:00:00+00:00,2569338.40186861
2025-02-06 11:00:00+00:00,2568428.16551991
2025-02-06 12:00:00+00:00,2568457.56433855
2025-02-06 13:00:00+00:00,2568499.25568404
2025-02-06 14:00:00+00:00,2568585.12056173
2025-02-06 15:00:00+00:00,2568504.5828067
2025-02-06 16:00:00+00:00,2569586.25469633
2025-02-06 17:00:00+00:00,2569436.04128547
2025-02-06 18:00:00+00:00,2570605.14248272
2025-02-06 19:00:00+00:00,2571707.17121174
2025-02-06 20:00:00+00:00,2571795.5243740203
2025-02-06 21:00:00+00:00,2571096.9885778
2025-02-06 22:00:00+00:00,2571140.25848574
2025-02-06 23:00:00+00:00,2570727.79945341
2025-02-07 00:00:00+00:00,2570736.05377249
2025-02-07 01:00:00+00:00,2570356.96013128
2025-02-07 02:00:00+00:00,2569488.34112737
2025-02-07 03:00:00+00:00,2568793.23053882
2025-02-07 04:00:00+00:00,2568824.97311021
2025-02-07 05:00:00+00:00,2568837.75456921
2025-02-07 06:00:00+00:00,2568897.52760955
2025-02-07 07:00:00+00:00,2568958.30922636
2025-02-07 08:00:00+00:00,2569322.35582181
2025-02-07 09:00:00+00:00,2569402.91111022
2025-02-07 10:00:00+00:00,2569327.97867593
2025-02-07 11:00:00+00:00,2569379.95809048
2025-02-07 12:00:00+00:00,2569467.39497977
2025-02-07 13:00:00+00:00,2569533.3490853
2025-02-07 14:00:00+00:00,2569672.65525448
2025-02-07 15:00:00+00:00,2568238.41389162
2025-02-07 16:00:00+00:00,2567741.13786319
2025-02-07 17:00:00+00:00,2567768.3747689403
2025-02-07 18:00:00+00:00,2566330.55228508
2025-02-07 19:00:00+00:00,2566216.41800389
2025-02-07 20:00:00+00:00,2565833.64860326
2025-02-07 21:00:00+00:00,2565916.7785234
2025-02-07 22:00:00+00:00,2564692.22015526
2025-02-07 23:00:00+00:00,2564056.02515463
2025-02-08 00:00:00+00:00,2564062.60971665
2025-02-08 01:00:00+00:00,2564092.45705854
2025-02-08 02:00:00+00:00,2564032.01367369
2025-02-08 03:00:00+00:00,2564064.89739924
2025-02-08 04:00:00+00:00,2564114.93810943
2025-02-08 05:00:00+00:00,2565129.7431861702
2025-02-08 06:00:00+00:00,2565134.31069238
2025-02-08 07:00:00+00:00,2562997.57397348
2025-02-08 08:00:00+00:00,2563009.13704777
2025-02-08 09:00:00+00:00,2563009.35642142
2025-02-08 10:00:00+00:00,2563013.92918824
2025-02-08 11:00:00+00:00,2562968.61189601
2025-02-08 12:00:00+00:00,2563001.55094714
2025-02-08 13:00:00+00:00,2562929.91644618
2025-02-08 14:00:00+00:00,2562820.53898978
2025-02-08 15:00:00+00:00,2552955.3146110303
2025-02-08 16:00:00+00:00,2552578.97826059
2025-02-08 17:00:00+00:00,2552592.54085255
2025-02-08 18:00:00+00:00,2552577.605177
2025-02-08 19:00:00+00:00,2552612.5855099303
2025-02-08 20:00:00+00:00,2552631.23958963
2025-02-08 21:00:00+00:00,2552635.941049
2025-02-08 22:00:00+00:00,2552642.64157701
2025-02-08 23:00:00+00:00,2552644.14116799
2025-02-09 00:00:00+00:00,2552653.9949482703
2025-02-09 01:00:00+00:00,2552664.90496873
2025-02-09 02:00:00+00:00,2552628.7909627003
2025-02-09 03:00:00+00:00,2552664.05695693
2025-02-09 04:00:00+00:00,2552686.75130893
2025-02-09 05:00:00+00:00,2552710.40911798
2025-02-09 06:00:00+00:00,2552725.97601375
2025-02-09 07:00:00+00:00,2552684.3397310902
2025-02-09 08:00:00+00:00,2552643.88548838
2025-02-09 09:00:00+00:00,2552652.93629379
2025-02-09 10:00:00+00:00,2552654.53154759
2025-02-09 11:00:00+00:00,2552686.08934123
2025-02-09 12:00:00+00:00,2552691.61359618
2025-02-09 13:00:00+00:00,2553725.66638194
2025-02-09 14:00:00+00:00,2553733.10304848
2025-02-09 15:00:00+00:00,2553747.24629161
2025-02-09 16:00:00+00:00,2553740.80102904
2025-02-09 17:00:00+00:00,2553766.77013489
2025-02-09 18:00:00+00:00,2553782.76107805
2025-02-09 19:00:00+00:00,2553803.11666781
2025-02-09 20:00:00+00:00,2563812.65273935
2025-02-09 21:00:00+00:00,2563895.41424656
2025-02-09 22:00:00+00:00,2563912.21562788
2025-02-09 23:00:00+00:00,2561157.98906223
2025-02-10 00:00:00+00:00,2561128.47907924
2025-02-10 01:00:00+00:00,2561213.2198005
2025-02-10 02:00:00+00:00,2561165.00391688
2025-02-10 03:00:00+00:00,2560807.47744266
2025-02-10 04:00:00+00:00,2560527.71251581
2025-02-10 05:00:00+00:00,2560521.8954915
2025-02-10 06:00:00+00:00,2560510.50879888
2025-02-10 07:00:00+00:00,2561607.35117013
2025-02-10 08:00:00+00:00,2561537.23681506
2025-02-10 09:00:00+00:00,2560302.3168035
2025-02-10 10:00:00+00:00,2559914.84621199
2025-02-10 11:00:00+00:00,2559937.21921835
2025-02-10 12:00:00+00:00,2561142.33405153
2025-02-10 13:00:00+00:00,2561198.97171924
2025-02-10 14:00:00+00:00,2561030.68455254
2025-02-10 15:00:00+00:00,2561110.38700562
2025-02-10 16:00:00+00:00,2559089.12574346
2025-02-10 17:00:00+00:00,2559167.8899275903
2025-02-10 18:00:00+00:00,2559355.82319267
2025-02-10 19:00:00+00:00,2559421.51601331
2025-02-10 20:00:00+00:00,2562495.15226128
2025-02-10 21:00:00+00:00,2561843.86898668
2025-02-10 22:00:00+00:00,2561632.43750694
2025-02-10 23:00:00+00:00,2561666.77542702
2025-02-11 00:00:00+00:00,2562008.15225574
2025-02-11 01:00:00+00:00,2561997.5101116803
2025-02-11 02:00:00+00:00,2561908.65967931
2025-02-11 03:00:00+00:00,2561969.83871759
2025-02-11 04:00:00+00:00,2562023.1361773103
2025-02-11 05:00:00+00:00,2561938.17201575
2025-02-11 06:00:00+00:00,2561722.0922115003
2025-02-11 07:00:00+00:00,2561875.13566784
2025-02-11 08:00:00+00:00,2561679.4706475902
2025-02-11 09:00:00+00:00,2561803.00895829
2025-02-11 10:00:00+00:00,2562035.31278467
2025-02-11 11:00:00+00:00,2562085.38684168
2025-02-11 12:00:00+00:00,2561942.64569409
2025-02-11 13:00:00+00:00,2561874.33957788
2025-02-11 14:00:00+00:00,2561804.46827946
2025-02-11 15:00:00+00:00,2562030.86265764
2025-02-11 16:00:00+00:00,2562529.30282981
2025-02-11 17:00:00+00:00,2561148.57531296
2025-02-11 18:00:00+00:00,2561436.4388087
2025-02-11 19:00:00+00:00,2560966.96241826
2025-02-11 20:00:00+00:00,2562434.18902036
2025-02-11 21:00:00+00:00,2560570.987533
2025-02-11 22:00:00+00:00,2560474.81197621
2025-02-11 23:00:00+00:00,2559392.4582682
2025-02-12 00:00:00+00:00,2559374.11778261
2025-02-12 01:00:00+00:00,2559376.9401288503
2025-02-12 02:00:00+00:00,2559399.99324613
2025-02-12 03:00:00+00:00,2559525.07664528
2025-02-12 04:00:00+00:00,2559534.23573569
2025-02-12 05:00:00+00:00,2559629.36624403
2025-02-12 06:00:00+00:00,2559602.54571892
2025-02-12 07:00:00+00:00,2559664.19747269
2025-02-12 08:00:00+00:00,2560655.7422656
2025-02-12 09:00:00+00:00,2560641.0555445403
2025-02-12 10:00:00+00:00,2560845.1992468
2025-02-12 11:00:00+00:00,2560906.13912345
2025-02-12 12:00:00+00:00,2560934.58550486
2025-02-12 13:00:00+00:00,2561019.92653128
2025-02-12 14:00:00+00:00,2561025.79280208
2025-02-12 15:00:00+00:00,2563324.72651129
2025-02-12 16:00:00+00:00,2563513.2978504603
2025-02-12 17:00:00+00:00,2563606.14106119
2025-02-12 18:00:00+00:00,2556250.97593234
2025-02-12 19:00:00+00:00,2555314.65934403
2025-02-12 20:00:00+00:00,2555025.11169948
2025-02-12 21:00:00+00:00,2556020.98373494
2025-02-12 22:00:00+00:00,2556591.57083364
2025-02-12 23:00:00+00:00,2556595.67041053
2025-02-13 00:00:00+00:00,2556595.52526158
2025-02-13 01:00:00+00:00,2557039.78979944
2025-02-13 02:00:00+00:00,2557302.28574765
2025-02-13 03:00:00+00:00,2557327.76976151
2025-02-13 04:00:00+00:00,2557349.44473857
2025-02-13 05:00:00+00:00,2556343.21436225
2025-02-13 06:00:00+00:00,2556362.55160785
2025-02-13 07:00:00+00:00,2556167.0599626102
2025-02-13 08:00:00+00:00,2556201.7031059302
2025-02-13 09:00:00+00:00,2556395.02404931
2025-02-13 10:00:00+00:00,2556436.95871895
2025-02-13 11:00:00+00:00,2556455.32804306
2025-02-13 12:00:00+00:00,2556466.29836968
2025-02-13 13:00:00+00:00,2556491.9088995103
2025-02-13 14:00:00+00:00,2556504.10588512
2025-02-13 15:00:00+00:00,2556632.57519311
2025-02-13 16:00:00+00:00,2556642.50014462
2025-02-13 17:00:00+00:00,2556499.01469484
2025-02-13 18:00:00+00:00,2557534.30121865
2025-02-13 19:00:00+00:00,2557622.44023839
2025-02-13 20:00:00+00:00,2557464.39946317
2025-02-13 21:00:00+00:00,2557961.53223887
2025-02-13 22:00:00+00:00,2558488.70576254
2025-02-13 23:00:00+00:00,2557499.40628114
2025-02-14 00:00:00+00:00,2557563.21328347
2025-02-14 01:00:00+00:00,2557630.30556648
2025-02-14 02:00:00+00:00,2557638.2939724103
2025-02-14 03:00:00+00:00,2557747.63134884
2025-02-14 04:00:00+00:00,2557817.6811126
2025-02-14 05:00:00+00:00,2561967.85367668
2025-02-14 06:00:00+00:00,2561993.40298888
2025-02-14 07:00:00+00:00,2562017.5252403
2025-02-14 08:00:00+00:00,2561853.78660255
2025-02-14 09:00:00+00:00,2561559.32756228
2025-02-14 10:00:00+00:00,2561582.05963651
2025-02-14 11:00:00+00:00,2561529.19878553
2025-02-14 12:00:00+00:00,2561513.7466125903
2025-02-14 13:00:00+00:00,2561573.23551063
2025-02-14 14:00:00+00:00,2561524.41762385
2025-02-14 15:00:00+00:00,2561465.1075835302
2025-02-14 16:00:00+00:00,2561259.99917487
2025-02-14 17:00:00+00:00,2561331.56437256
2025-02-14 18:00:00+00:00,2561395.74840865
2025-02-14 19:00:00+00:00,2561311.23286314
2025-02-14 20:00:00+00:00,2561303.97519312
2025-02-14 21:00:00+00:00,2562052.20038951
2025-02-14 22:00:00+00:00,2560714.45486508
2025-02-14 23:00:00+00:00,2561006.7918832903
2025-02-15 00:00:00+00:00,2560088.16081934
2025-02-15 01:00:00+00:00,2560162.78225608
2025-02-15 02:00:00+00:00,2560166.24583893
2025-02-15 03:00:00+00:00,2560142.99275255
2025-02-15 04:00:00+00:00,2560161.02517387
2025-02-15 05:00:00+00:00,2560403.46048473
2025-02-15 06:00:00+00:00,2560422.89629364
2025-02-15 07:00:00+00:00,2560475.9531847
2025-02-15 08:00:00+00:00,2560481.86940879
2025-02-15 09:00:00+00:00,2560488.9562422
2025-02-15 10:00:00+00:00,2560493.02762289
2025-02-15 11:00:00+00:00,2560503.5416556
2025-02-15 12:00:00+00:00,2560441.24703149
2025-02-15 13:00:00+00:00,2560627.72387191
2025-02-15 14:00:00+00:00,2560656.53603972
2025-02-15 15:00:00+00:00,2560682.01369229
2025-02-15 16:00:00+00:00,2561718.99579643
2025-02-15 17:00:00+00:00,2561755.68760357
2025-02-15 18:00:00+00:00,2560739.21041367
2025-02-15 19:00:00+00:00,2560755.70285609
2025-02-15 20:00:00+00:00,2560851.88194203
2025-02-15 21:00:00+00:00,2560855.54956795
2025-02-15 22:00:00+00:00,2560869.80419366
2025-02-15 23:00:00+00:00,2560858.18506903
2025-02-16 00:00:00+00:00,2560891.3110022102
2025-02-16 01:00:00+00:00,2560937.38619859
2025-02-16 02:00:00+00:00,2560947.43380926
2025-02-16 03:00:00+00:00,2571984.70959466
2025-02-16 04:00:00+00:00,2560967.8065087902
2025-02-16 05:00:00+00:00,2560991.73510631
2025-02-16 06:00:00+00:00,2560962.60140153
2025-02-16 07:00:00+00:00,2560807.4963848703
2025-02-16 08:00:00+00:00,2560872.53729073
2025-02-16 09:00:00+00:00,2560854.0797325
2025-02-16 10:00:00+00:00,2560814.9763827203
2025-02-16 11:00:00+00:00,2560806.8444887702
2025-02-16 12:00:00+00:00,2560808.46635007
2025-02-16 13:00:00+00:00,2560821.61693798
2025-02-16 14:00:00+00:00,2570848.6502451003
2025-02-16 15:00:00+00:00,2570852.22982447
2025-02-16 16:00:00+00:00,2570714.61271718
2025-02-16 17:00:00+00:00,2570693.17862321
2025-02-16 18:00:00+00:00,2570735.93745741
2025-02-16 19:00:00+00:00,2570734.29757482
2025-02-16 20:00:00+00:00,2570738.22757061
2025-02-16 21:00:00+00:00,2570757.91161781
2025-02-16 22:00:00+00:00,2570830.76066424
2025-02-16 23:00:00+00:00,2570810.5066613
2025-02-17 00:00:00+00:00,2570778.95624651
2025-02-17 01:00:00+00:00,2570501.50599986
2025-02-17 02:00:00+00:00,2570505.47677283
2025-02-17 03:00:00+00:00,2570584.73590923
2025-02-17 04:00:00+00:00,2570571.71095196
2025-02-17 05:00:00+00:00,2570575.34773862
2025-02-17 06:00:00+00:00,2570568.13970136
2025-02-17 07:00:00+00:00,2570682.54096196
2025-02-17 08:00:00+00:00,2569068.8094463
2025-02-17 09:00:00+00:00,2569945.57391508
2025-02-17 10:00:00+00:00,2569020.15857737
2025-02-17 11:00:00+00:00,2569067.80552837
2025-02-17 12:00:00+00:00,2570129.74576559
2025-02-17 13:00:00+00:00,2569833.62970212
2025-02-17 14:00:00+00:00,2570003.40950442
2025-02-17 15:00:00+00:00,2569923.7789426
2025-02-17 16:00:00+00:00,2571655.8697145
2025-02-17 17:00:00+00:00,2572753.82348087
2025-02-17 18:00:00+00:00,2570965.67187483
2025-02-17 19:00:00+00:00,2571011.77557778
2025-02-17 20:00:00+00:00,2571050.35655963
2025-02-17 21:00:00+00:00,2571070.69124547
2025-02-17 22:00:00+00:00,2571089.7663106
2025-02-17 23:00:00+00:00,2571134.458464
2025-02-18 00:00:00+00:00,2570966.47192951
2025-02-18 01:00:00+00:00,2570907.71042966
2025-02-18 02:00:00+00:00,2570837.34767657
2025-02-18 03:00:00+00:00,2571207.36115134
2025-02-18 04:00:00+00:00,2571197.31187265
2025-02-18 05:00:00+00:00,2581280.95020518
2025-02-18 06:00:00+00:00,2581247.60402587
2025-02-18 07:00:00+00:00,2581116.83551607
2025-02-18 08:00:00+00:00,2581177.56688468
2025-02-18 09:00:00+00:00,2581113.27175888
2025-02-18 10:00:00+00:00,2580880.55748185
2025-02-18 11:00:00+00:00,2580875.25731982
2025-02-18 12:00:00+00:00,2580896.7507021
2025-02-18 13:00:00+00:00,2580759.24373259
2025-02-18 14:00:00+00:00,2580723.05452083
2025-02-18 15:00:00+00:00,2580296.4272033502
2025-02-18 16:00:00+00:00,2579204.41564076
2025-02-18 17:00:00+00:00,2579104.43662231
2025-02-18 18:00:00+00:00,2577946.3074820503
2025-02-18 19:00:00+00:00,2577961.79378858
2025-02-18 20:00:00+00:00,2578077.75783168
2025-02-18 21:00:00+00:00,2577893.67236655
2025-02-18 22:00:00+00:00,2568149.5845868
2025-02-18 23:00:00+00:00,2568130.77603885
2025-02-19 00:00:00+00:00,2567596.3182394
2025-02-19 01:00:00+00:00,2577098.9392317003
2025-02-19 02:00:00+00:00,2577570.25522422
2025-02-19 03:00:00+00:00,2577550.31876426
2025-02-19 04:00:00+00:00,2577517.29355821
2025-02-19 05:00:00+00:00,2577517.68176057
2025-02-19 06:00:00+00:00,2577526.09662616
2025-02-19 07:00:00+00:00,2577663.40836047
2025-02-19 08:00:00+00:00,2577766.1954404903
2025-02-19 09:00:00+00:00,2577367.12661988
2025-02-19 10:00:00+00:00,2577446.55326923
2025-02-19 11:00:00+00:00,2568617.50712466
2025-02-19 12:00:00+00:00,2568972.77605668
2025-02-19 13:00:00+00:00,2569185.05376901
2025-02-19 14:00:00+00:00,2569242.51931776
2025-02-19 15:00:00+00:00,2577515.46360754
2025-02-19 16:00:00+00:00,2575098.12189661
2025-02-19 17:00:00+00:00,2574898.40086562
2025-02-19 18:00:00+00:00,2574851.72573994
2025-02-19 19:00:00+00:00,2564841.71724961
2025-02-19 20:00:00+00:00,2563502.92958713
2025-02-19 21:00:00+00:00,2563650.44200266
2025-02-19 22:00:00+00:00,2563325.92862335
2025-02-19 23:00:00+00:00,2562345.59734404
2025-02-20 00:00:00+00:00,2562343.4678947
2025-02-20 01:00:00+00:00,2562353.2569831302
2025-02-20 02:00:00+00:00,2562345.01538252
2025-02-20 03:00:00+00:00,2562280.4841097803
2025-02-20 04:00:00+00:00,2562262.62182268
2025-02-20 05:00:00+00:00,2561166.03560598
2025-02-20 06:00:00+00:00,2561249.0685385102
2025-02-20 07:00:00+00:00,2561217.03757626
2025-02-20 08:00:00+00:00,2561218.3620983
2025-02-20 09:00:00+00:00,2561339.6815141
2025-02-20 10:00:00+00:00,2561366.2592889
2025-02-20 11:00:00+00:00,2561120.1639413303
2025-02-20 12:00:00+00:00,2561094.95264281
2025-02-20 13:00:00+00:00,2561078.11977649
2025-02-20 14:00:00+00:00,2561056.42322311
2025-02-20 15:00:00+00:00,2564217.78053751
2025-02-20 16:00:00+00:00,2575155.82670936
2025-02-20 17:00:00+00:00,2573451.4373315303
2025-02-20 18:00:00+00:00,2573476.72374115
2025-02-20 19:00:00+00:00,2574256.3629316
2025-02-20 20:00:00+00:00,2575344.41950115
2025-02-20 21:00:00+00:00,2574840.60907354
2025-02-20 22:00:00+00:00,2575072.55844427
2025-02-20 23:00:00+00:00,2575627.14594354
2025-02-21 00:00:00+00:00,2575663.90199072
2025-02-21 01:00:00+00:00,2575670.2450285503
2025-02-21 02:00:00+00:00,2575678.95047353
2025-02-21 03:00:00+00:00,2576745.25350285
2025-02-21 04:00:00+00:00,2576774.93661554
2025-02-21 05:00:00+00:00,2576937.35207271
2025-02-21 06:00:00+00:00,2576794.64158945
2025-02-21 07:00:00+00:00,2576197.70681861
2025-02-21 08:00:00+00:00,2576301.0859332
2025-02-21 09:00:00+00:00,2576257.77110462
2025-02-21 10:00:00+00:00,2576211.7993758502
2025-02-21 11:00:00+00:00,2576115.10810307
2025-02-21 12:00:00+00:00,2576298.58951266
2025-02-21 13:00:00+00:00,2576288.44252328
2025-02-21 14:00:00+00:00,2576809.46410875
2025-02-21 15:00:00+00:00,2576404.52910218
2025-02-21 16:00:00+00:00,2576381.9053346203
2025-02-21 17:00:00+00:00,2574852.5575885
2025-02-21 18:00:00+00:00,2576259.85554119
2025-02-21 19:00:00+00:00,2576458.75786254
2025-02-21 20:00:00+00:00,2577371.02683282
2025-02-21 21:00:00+00:00,2575978.99791022
2025-02-21 22:00:00+00:00,2575869.83282813
2025-02-21 23:00:00+00:00,2576319.22788301
2025-02-22 00:00:00+00:00,2575592.2774777003
2025-02-22 01:00:00+00:00,2575090.54684474
2025-02-22 02:00:00+00:00,2574050.39580499
2025-02-22 03:00:00+00:00,2575658.04182295
2025-02-22 04:00:00+00:00,2574300.6833086303
2025-02-22 05:00:00+00:00,2574292.54404004
2025-02-22 06:00:00+00:00,2575371.24680399
2025-02-22 07:00:00+00:00,2574317.70294614
2025-02-22 08:00:00+00:00,2574336.67181774
2025-02-22 09:00:00+00:00,2574460.41647271
2025-02-22 10:00:00+00:00,2574353.99267375
2025-02-22 11:00:00+00:00,2574235.67856749
2025-02-22 12:00:00+00:00,2574234.08414454
2025-02-22 13:00:00+00:00,2574210.18541403
2025-02-22 14:00:00+00:00,2573399.4681068
2025-02-22 15:00:00+00:00,2573257.52149341
2025-02-22 16:00:00+00:00,2574135.07845735
2025-02-22 17:00:00+00:00,2574154.2048946
2025-02-22 18:00:00+00:00,2573374.61711207
2025-02-22 19:00:00+00:00,2573388.23309626
2025-02-22 20:00:00+00:00,2573405.76952392
2025-02-22 21:00:00+00:00,2573433.05637256
2025-02-22 22:00:00+00:00,2573433.68579684
2025-02-22 23:00:00+00:00,2573463.14791633
2025-02-23 00:00:00+00:00,2573445.4404908
2025-02-23 01:00:00+00:00,2573450.41252186
2025-02-23 02:00:00+00:00,2573445.23460297
2025-02-23 03:00:00+00:00,2574416.53819283
2025-02-23 04:00:00+00:00,2573861.20245667
2025-02-23 05:00:00+00:00,2573847.66993808
2025-02-23 06:00:00+00:00,2573859.15848903
2025-02-23 07:00:00+00:00,2573784.8095385
2025-02-23 08:00:00+00:00,2572790.4702247
2025-02-23 09:00:00+00:00,2572828.51367095
2025-02-23 10:00:00+00:00,2571823.39092837
2025-02-23 11:00:00+00:00,2571872.7313240003
2025-02-23 12:00:00+00:00,2571876.6138898903
2025-02-23 13:00:00+00:00,2571848.72068076
2025-02-23 14:00:00+00:00,2572843.07261612
2025-02-23 15:00:00+00:00,2572859.70297133
2025-02-23 16:00:00+00:00,2571758.53261144
2025-02-23 17:00:00+00:00,2571762.52633435
2025-02-23 18:00:00+00:00,2572058.95663054
2025-02-23 19:00:00+00:00,2572036.8367656902
2025-02-23 20:00:00+00:00,2572023.5786858
2025-02-23 21:00:00+00:00,2572049.50892236
2025-02-23 22:00:00+00:00,2572046.95514896
2025-02-23 23:00:00+00:00,2572061.50652829
2025-02-24 00:00:00+00:00,2572069.33599026
2025-02-24 01:00:00+00:00,2572108.83449368
2025-02-24 02:00:00+00:00,2572011.8191358102
2025-02-24 03:00:00+00:00,2571992.25956096
2025-02-24 04:00:00+00:00,2572635.26599887
2025-02-24 05:00:00+00:00,2572141.5676958403
2025-02-24 06:00:00+00:00,2572157.02721506
2025-02-24 07:00:00+00:00,2572164.30393363
2025-02-24 08:00:00+00:00,2572239.76483886
2025-02-24 09:00:00+00:00,2572258.28240427
2025-02-24 10:00:00+00:00,2572259.80467152
2025-02-24 11:00:00+00:00,2572392.09631484
2025-02-24 12:00:00+00:00,2572411.4631042
2025-02-24 13:00:00+00:00,2572426.25324204
2025-02-24 14:00:00+00:00,2572331.48210817
2025-02-24 15:00:00+00:00,2572069.60046426
2025-02-24 16:00:00+00:00,2571763.7196803503
2025-02-24 17:00:00+00:00,2569444.14085658
2025-02-24 18:00:00+00:00,2568123.71621414
2025-02-24 19:00:00+00:00,2568468.18590974
2025-02-24 20:00:00+00:00,2568413.15720202
2025-02-24 21:00:00+00:00,2566971.34008193
2025-02-24 22:00:00+00:00,2567118.27828599
2025-02-24 23:00:00+00:00,2566895.72104448
2025-02-25 00:00:00+00:00,2567163.05112275
2025-02-25 01:00:00+00:00,2565996.6946435003
2025-02-25 02:00:00+00:00,2565997.8374069203
2025-02-25 03:00:00+00:00,2565657.9122968903
2025-02-25 04:00:00+00:00,2565591.29241168
2025-02-25 05:00:00+00:00,2565621.35826213
2025-02-25 06:00:00+00:00,2564424.2843495603
2025-02-25 07:00:00+00:00,2565167.56518387
2025-02-25 08:00:00+00:00,2563382.27979879
2025-02-25 09:00:00+00:00,2564629.06305472
2025-02-25 10:00:00+00:00,2554666.93130885
2025-02-25 11:00:00+00:00,2554673.15260691
2025-02-25 12:00:00+00:00,2551642.30628327
2025-02-25 13:00:00+00:00,2551469.06863279
2025-02-25 14:00:00+00:00,2552599.4371713703
2025-02-25 15:00:00+00:00,2552361.09755934
2025-02-25 16:00:00+00:00,2554335.2678012103
2025-02-25 17:00:00+00:00,2552064.6730216
2025-02-25 18:00:00+00:00,2551668.03856745
2025-02-25 19:00:00+00:00,2549855.7985258
2025-02-25 20:00:00+00:00,2549839.3148647
2025-02-25 21:00:00+00:00,2549942.72612583
2025-02-25 22:00:00+00:00,2550215.30657314
2025-02-25 23:00:00+00:00,2549956.78543856
2025-02-26 00:00:00+00:00,2551051.33297519
2025-02-26 01:00:00+00:00,2551227.09178365
2025-02-26 02:00:00+00:00,2550850.02823816
2025-02-26 03:00:00+00:00,2550966.4332633303
2025-02-26 04:00:00+00:00,2549390.39771158
2025-02-26 05:00:00+00:00,2549395.3876976
2025-02-26 06:00:00+00:00,2549416.81544002
2025-02-26 07:00:00+00:00,2549405.54194255
2025-02-26 08:00:00+00:00,2549875.06834761
2025-02-26 09:00:00+00:00,2549941.7407517103
2025-02-26 10:00:00+00:00,2549920.38279134
2025-02-26 11:00:00+00:00,2545928.33186841
2025-02-26 12:00:00+00:00,2545166.24522695
2025-02-26 13:00:00+00:00,2545319.7464815
2025-02-26 14:00:00+00:00,2544996.73134566
2025-02-26 15:00:00+00:00,2543390.33465148
2025-02-26 16:00:00+00:00,2548585.67613094
2025-02-26 17:00:00+00:00,2549241.65570389
2025-02-26 18:00:00+00:00,2548437.7231948
2025-02-26 19:00:00+00:00,2544618.77466287
2025-02-26 20:00:00+00:00,2545607.10010748
2025-02-26 21:00:00+00:00,2545652.03799627
2025-02-26 22:00:00+00:00,2543368.01312215
2025-02-26 23:00:00+00:00,2542794.2081287103
2025-02-27 00:00:00+00:00,2539854.21699328
2025-02-27 01:00:00+00:00,2540072.69617099
2025-02-27 02:00:00+00:00,2540254.68826689
2025-02-27 03:00:00+00:00,2540287.85079452
2025-02-27 04:00:00+00:00,2540373.71036053
2025-02-27 05:00:00+00:00,2540428.78991262
2025-02-27 06:00:00+00:00,2540639.52778786
2025-02-27 07:00:00+00:00,2540605.65050822
2025-02-27 08:00:00+00:00,2540788.7019213
2025-02-27 09:00:00+00:00,2541851.97327429
2025-02-27 10:00:00+00:00,2541922.7232529903
2025-02-27 11:00:00+00:00,2538803.45944992
2025-02-27 12:00:00+00:00,2539130.85245704
2025-02-27 13:00:00+00:00,2540248.28852182
2025-02-27 14:00:00+00:00,2539449.24659622
2025-02-27 15:00:00+00:00,2539467.91079048
2025-02-27 16:00:00+00:00,2538511.71751018
2025-02-27 17:00:00+00:00,2539266.93273893
2025-02-27 18:00:00+00:00,2540120.78949563
2025-02-27 19:00:00+00:00,2539989.24349343
2025-02-27 20:00:00+00:00,2539029.51551412
2025-02-27 21:00:00+00:00,2543122.24158273
2025-02-27 22:00:00+00:00,2544956.49750474
2025-02-27 23:00:00+00:00,2544959.7454615
2025-02-28 00:00:00+00:00,2544429.76405565
2025-02-28 01:00:00+00:00,2544660.4676543903
2025-02-28 02:00:00+00:00,2543705.29079528
2025-02-28 03:00:00+00:00,2544174.58876349
2025-02-28 04:00:00+00:00,2541801.84643869
2025-02-28 05:00:00+00:00,2542004.50641135
2025-02-28 06:00:00+00:00,2542164.19870965
2025-02-28 07:00:00+00:00,2536797.59828804
2025-02-28 08:00:00+00:00,2536393.0767371003
2025-02-28 09:00:00+00:00,2536677.5182078
2025-02-28 10:00:00+00:00,2537048.26297995
2025-02-28 11:00:00+00:00,2537118.14926806
2025-02-28 12:00:00+00:00,2537444.136923
2025-02-28 13:00:00+00:00,2537499.01882981
2025-02-28 14:00:00+00:00,2536577.42953782
2025-02-28 15:00:00+00:00,2536687.04897663
2025-02-28 16:00:00+00:00,2537034.36453916
2025-02-28 17:00:00+00:00,2528453.23675546
2025-02-28 18:00:00+00:00,2528677.02997247
2025-02-28 19:00:00+00:00,2528837.44774845
2025-02-28 20:00:00+00:00,2528168.80637941
2025-02-28 21:00:00+00:00,2528059.5312315
2025-02-28 22:00:00+00:00,2530825.66040302
2025-02-28 23:00:00+00:00,2530934.4282388203
2025-03-01 00:00:00+00:00,2530984.6316406
2025-03-01 01:00:00+00:00,2530987.22866614
2025-03-01 02:00:00+00:00,2531025.26094948
2025-03-01 03:00:00+00:00,2531105.01655935
2025-03-01 04:00:00+00:00,2531108.93982171
2025-03-01 05:00:00+00:00,2530206.7947036102
2025-03-01 06:00:00+00:00,2530275.85417375
2025-03-01 07:00:00+00:00,2530239.84673282
2025-03-01 08:00:00+00:00,2530329.8540955
2025-03-01 09:00:00+00:00,2530314.6897775102
2025-03-01 10:00:00+00:00,2529867.4366177
2025-03-01 11:00:00+00:00,2531838.9275656203
2025-03-01 12:00:00+00:00,2531901.85676958
2025-03-01 13:00:00+00:00,2531389.05587571
2025-03-01 14:00:00+00:00,2531418.06753251
2025-03-01 15:00:00+00:00,2531216.18003291
2025-03-01 16:00:00+00:00,2529948.04510846
2025-03-01 17:00:00+00:00,2529940.24696578
2025-03-01 18:00:00+00:00,2529864.50320182
2025-03-01 19:00:00+00:00,2530675.46839246
2025-03-01 20:00:00+00:00,2530673.62106213
2025-03-01 21:00:00+00:00,2530454.63641387
2025-03-01 22:00:00+00:00,2530535.38722364
2025-03-01 23:00:00+00:00,2530598.58912622
2025-03-02 00:00:00+00:00,2530649.00979222
2025-03-02 01:00:00+00:00,2530605.18522703
2025-03-02 02:00:00+00:00,2530694.35595946
2025-03-02 03:00:00+00:00,2530766.57033258
2025-03-02 04:00:00+00:00,2530589.4229118
2025-03-02 05:00:00+00:00,2530566.10470424
2025-03-02 06:00:00+00:00,2530589.23694728
2025-03-02 07:00:00+00:00,2531693.19550438
2025-03-02 08:00:00+00:00,2531802.92202242
2025-03-02 09:00:00+00:00,2531786.1884446302
2025-03-02 10:00:00+00:00,2532394.98500281
2025-03-02 11:00:00+00:00,2532378.1060700403
2025-03-02 12:00:00+00:00,2533654.17973557
2025-03-02 13:00:00+00:00,2533650.52788453
2025-03-02 14:00:00+00:00,2533747.48743945
2025-03-02 15:00:00+00:00,2533809.90891984
2025-03-02 16:00:00+00:00,2532182.9168199003
2025-03-02 17:00:00+00:00,2532288.9300660603
2025-03-02 18:00:00+00:00,2534598.09951601
2025-03-02 19:00:00+00:00,2533788.57596688
2025-03-02 20:00:00+00:00,2533765.52896463
2025-03-02 21:00:00+00:00,2533980.9133038903
2025-03-02 22:00:00+00:00,2534170.79413162
2025-03-02 23:00:00+00:00,2533928.74015846
2025-03-03 00:00:00+00:00,2532955.92651812
2025-03-03 01:00:00+00:00,2533828.09669093
2025-03-03 02:00:00+00:00,2533820.33855663
2025-03-03 03:00:00+00:00,2532605.39307187
2025-03-03 04:00:00+00:00,2533689.83421167
2025-03-03 05:00:00+00:00,2532690.02140878
2025-03-03 06:00:00+00:00,2532820.8196525
2025-03-03 07:00:00+00:00,2533092.85658067
2025-03-03 08:00:00+00:00,2534652.51999561
2025-03-03 09:00:00+00:00,2534863.43568653
2025-03-03 10:00:00+00:00,2533626.44351839
2025-03-03 11:00:00+00:00,2533356.34370302
2025-03-03 12:00:00+00:00,2532112.36208836
2025-03-03 13:00:00+00:00,2532500.30959475
2025-03-03 14:00:00+00:00,2532040.55282414
2025-03-03 15:00:00+00:00,2532122.48988771
2025-03-03 16:00:00+00:00,2533317.07698257
2025-03-03 17:00:00+00:00,2534492.1107931603
2025-03-03 18:00:00+00:00,2536064.21679336
2025-03-03 19:00:00+00:00,2535152.3831228903
2025-03-03 20:00:00+00:00,2533388.07406232
2025-03-03 21:00:00+00:00,2532153.355621
2025-03-03 22:00:00+00:00,2533399.39497934
2025-03-03 23:00:00+00:00,2533386.6776885
2025-03-04 00:00:00+00:00,2532751.32241662
2025-03-04 01:00:00+00:00,2533698.26441318
2025-03-04 02:00:00+00:00,2533580.38519566
2025-03-04 03:00:00+00:00,2532701.82530252
2025-03-04 04:00:00+00:00,2532522.82318388
2025-03-04 05:00:00+00:00,2532545.1685614903
2025-03-04 06:00:00+00:00,2532531.44835626
2025-03-04 07:00:00+00:00,2532554.15099309
2025-03-04 08:00:00+00:00,2532502.69877732
2025-03-04 09:00:00+00:00,2532255.28484381
2025-03-04 10:00:00+00:00,2532265.76854279
2025-03-04 11:00:00+00:00,2533352.97137844
2025-03-04 12:00:00+00:00,2533272.00454752
2025-03-04 13:00:00+00:00,2533568.05716974
2025-03-04 14:00:00+00:00,2534243.45482696
2025-03-04 15:00:00+00:00,2531431.3301239503
2025-03-04 16:00:00+00:00,2531494.1641529
2025-03-04 17:00:00+00:00,2531355.01196499
2025-03-04 18:00:00+00:00,2532502.88631108
2025-03-04 19:00:00+00:00,2533582.17606756
2025-03-04 20:00:00+00:00,2532511.48847028
2025-03-04 21:00:00+00:00,2547731.57624977
2025-03-04 22:00:00+00:00,2549922.40308752
2025-03-04 23:00:00+00:00,2549794.44988666
2025-03-05 00:00:00+00:00,2549813.79121344
2025-03-05 01:00:00+00:00,2548868.8616857203
2025-03-05 02:00:00+00:00,2548924.3680335
2025-03-05 03:00:00+00:00,2550082.52537432
2025-03-05 04:00:00+00:00,2550097.94382649
2025-03-05 05:00:00+00:00,2550099.45480861
2025-03-05 06:00:00+00:00,2549978.99902633
2025-03-05 07:00:00+00:00,2550242.99401265
2025-03-05 08:00:00+00:00,2551349.78514462
2025-03-05 09:00:00+00:00,2550003.72957506
2025-03-05 10:00:00+00:00,2550072.51904492
2025-03-05 11:00:00+00:00,2549131.99302903
2025-03-05 12:00:00+00:00,2549187.02980395
2025-03-05 13:00:00+00:00,2549266.12408347
2025-03-05 14:00:00+00:00,2548421.25402256
2025-03-05 15:00:00+00:00,2547701.15891824
2025-03-05 16:00:00+00:00,2548893.98973919
2025-03-05 17:00:00+00:00,2548574.25667487
2025-03-05 18:00:00+00:00,2549664.98897922
2025-03-05 19:00:00+00:00,2549682.39940186
2025-03-05 20:00:00+00:00,2548535.77163483
2025-03-05 21:00:00+00:00,2549675.20418935
2025-03-05 22:00:00+00:00,2550681.84777726
2025-03-05 23:00:00+00:00,2551015.50920695
2025-03-06 00:00:00+00:00,2551024.81625978
2025-03-06 01:00:00+00:00,2549892.55080361
2025-03-06 02:00:00+00:00,2549873.12109176
2025-03-06 03:00:00+00:00,2550005.14078756
2025-03-06 04:00:00+00:00,2550023.38734246
2025-03-06 05:00:00+00:00,2550035.64884491
2025-03-06 06:00:00+00:00,2550315.141776
2025-03-06 07:00:00+00:00,2550359.83487564
2025-03-06 08:00:00+00:00,2550506.20721268
2025-03-06 09:00:00+00:00,2550527.58793591
2025-03-06 10:00:00+00:00,2550478.55460541
2025-03-06 11:00:00+00:00,2550555.79687764
2025-03-06 12:00:00+00:00,2550499.80972961
2025-03-06 13:00:00+00:00,2548811.48195015
2025-03-06 14:00:00+00:00,2548810.27399261
2025-03-06 15:00:00+00:00,2562609.17855911
2025-03-06 16:00:00+00:00,2560924.59158245
2025-03-06 17:00:00+00:00,2560544.71606596
2025-03-06 18:00:00+00:00,2563361.3933842
2025-03-06 19:00:00+00:00,2562778.94135657
2025-03-06 20:00:00+00:00,2562750.27659777
2025-03-06 21:00:00+00:00,2562808.97323779
2025-03-06 22:00:00+00:00,2563047.12686719
2025-03-06 23:00:00+00:00,2563140.919265
2025-03-07 00:00:00+00:00,2562132.92928878
2025-03-07 01:00:00+00:00,2562095.46355871
2025-03-07 02:00:00+00:00,2562071.83725797
2025-03-07 03:00:00+00:00,2562195.56205657
2025-03-07 04:00:00+00:00,2562410.61680121
2025-03-07 05:00:00+00:00,2562370.8600679003
2025-03-07 06:00:00+00:00,2562416.74918956
2025-03-07 07:00:00+00:00,2562496.96067291
2025-03-07 08:00:00+00:00,2562547.32806051
2025-03-07 09:00:00+00:00,2562643.01529781
2025-03-07 10:00:00+00:00,2562451.68798718
2025-03-07 11:00:00+00:00,2562460.15294298
2025-03-07 12:00:00+00:00,2562278.39656085
2025-03-07 13:00:00+00:00,2562183.07623342
2025-03-07 14:00:00+00:00,2561928.17106276
2025-03-07 15:00:00+00:00,2562450.62240801
2025-03-07 16:00:00+00:00,2563553.22112429
2025-03-07 17:00:00+00:00,2561217.79472479
2025-03-07 18:00:00+00:00,2563208.74672075
2025-03-07 19:00:00+00:00,2563311.00706085
2025-03-07 20:00:00+00:00,2562259.07331889
2025-03-07 21:00:00+00:00,2561486.36383191
2025-03-07 22:00:00+00:00,2562002.75267058
2025-03-07 23:00:00+00:00,2563019.02551566
2025-03-08 00:00:00+00:00,2563080.19586443
2025-03-08 01:00:00+00:00,2563137.18809289
2025-03-08 02:00:00+00:00,2561983.63395664
2025-03-08 03:00:00+00:00,2562057.73073593
2025-03-08 04:00:00+00:00,2562025.34813315
2025-03-08 05:00:00+00:00,2562027.36113308
2025-03-08 06:00:00+00:00,2562066.63037795
2025-03-08 07:00:00+00:00,2562071.10985818
2025-03-08 08:00:00+00:00,2562052.15165593
2025-03-08 09:00:00+00:00,2562269.87616211
2025-03-08 10:00:00+00:00,2562295.47990424
2025-03-08 11:00:00+00:00,2562314.84368279
2025-03-08 12:00:00+00:00,2562322.48528459
2025-03-08 13:00:00+00:00,2562299.76469934
2025-03-08 14:00:00+00:00,2562235.92081763
2025-03-08 15:00:00+00:00,2562205.72174457
2025-03-08 16:00:00+00:00,2562248.55193761
2025-03-08 17:00:00+00:00,2562253.26939036
2025-03-08 18:00:00+00:00,2562274.37818543
2025-03-08 19:00:00+00:00,2562281.68563536
2025-03-08 20:00:00+00:00,2562301.69357596
2025-03-08 21:00:00+00:00,2562295.07109557
2025-03-08 22:00:00+00:00,2562326.47154374
2025-03-08 23:00:00+00:00,2562318.35667602
2025-03-09 00:00:00+00:00,2562310.46716787
2025-03-09 01:00:00+00:00,2562374.61176847
2025-03-09 02:00:00+00:00,2562362.3861908102
2025-03-09 03:00:00+00:00,2562359.82551214
2025-03-09 04:00:00+00:00,2563426.45266338
2025-03-09 05:00:00+00:00,2563493.1434394
2025-03-09 06:00:00+00:00,2563510.79650312
2025-03-09 07:00:00+00:00,2563518.87690577
2025-03-09 08:00:00+00:00,2563538.3576515103
2025-03-09 09:00:00+00:00,2563557.51513415
2025-03-09 10:00:00+00:00,2563553.6053628703
2025-03-09 11:00:00+00:00,2563560.5051431903
2025-03-09 12:00:00+00:00,2563726.83687189
2025-03-09 13:00:00+00:00,2563737.66892979
2025-03-09 14:00:00+00:00,2563598.09485813
2025-03-09 15:00:00+00:00,2563644.7942405
2025-03-09 16:00:00+00:00,2563643.44682867
2025-03-09 17:00:00+00:00,2563672.5678168
2025-03-09 18:00:00+00:00,2563680.08351525
2025-03-09 19:00:00+00:00,2563713.187119
2025-03-09 20:00:00+00:00,2563770.36522012
2025-03-09 21:00:00+00:00,2563748.5043358603
2025-03-09 22:00:00+00:00,2563645.378532
2025-03-09 23:00:00+00:00,2563614.48780806
2025-03-10 00:00:00+00:00,2563577.63124341
2025-03-10 01:00:00+00:00,2563840.95660833
2025-03-10 02:00:00+00:00,2552474.46235599
2025-03-10 03:00:00+00:00,2552311.9768792302
2025-03-10 04:00:00+00:00,2552283.72239346
2025-03-10 05:00:00+00:00,2552347.49848728
2025-03-10 06:00:00+00:00,2552339.6135610403
2025-03-10 07:00:00+00:00,2552376.56202896
2025-03-10 08:00:00+00:00,2551435.30100922
2025-03-10 09:00:00+00:00,2551598.57689714
2025-03-10 10:00:00+00:00,2552552.70677759
2025-03-10 11:00:00+00:00,2552643.36526353
2025-03-10 12:00:00+00:00,2553367.58154833
2025-03-10 13:00:00+00:00,2553360.76578392
2025-03-10 14:00:00+00:00,2553354.72398691
2025-03-10 15:00:00+00:00,2553132.8605209
2025-03-10 16:00:00+00:00,2554852.18463759
2025-03-10 17:00:00+00:00,2553485.38212088
2025-03-10 18:00:00+00:00,2554408.34964106
2025-03-10 19:00:00+00:00,2554340.84378712
2025-03-10 20:00:00+00:00,2553702.8235266902
2025-03-10 21:00:00+00:00,2551700.33249678
2025-03-10 22:00:00+00:00,2550543.29053629
2025-03-10 23:00:00+00:00,2550594.50511413
2025-03-11 00:00:00+00:00,2552728.64158187
2025-03-11 01:00:00+00:00,2551971.06246673
2025-03-11 02:00:00+00:00,2564221.02482342
2025-03-11 03:00:00+00:00,2563900.81553322
2025-03-11 04:00:00+00:00,2563912.54654592
2025-03-11 05:00:00+00:00,2563883.33443508
2025-03-11 06:00:00+00:00,2563912.05706155
2025-03-11 07:00:00+00:00,2563936.66605194
2025-03-11 08:00:00+00:00,2563951.78388311
2025-03-11 09:00:00+00:00,2563990.70501641
2025-03-11 10:00:00+00:00,2564181.37924572
2025-03-11 11:00:00+00:00,2564245.10016804
2025-03-11 12:00:00+00:00,2564575.76911096
2025-03-11 13:00:00+00:00,2564869.1422551703
2025-03-11 14:00:00+00:00,2565710.39727811
2025-03-11 15:00:00+00:00,2565728.27690461
2025-03-11 16:00:00+00:00,2564717.96874244
2025-03-11 17:00:00+00:00,2563965.17119614
2025-03-11 18:00:00+00:00,2565468.3989064703
2025-03-11 19:00:00+00:00,2566451.54671831
2025-03-11 20:00:00+00:00,2569361.52894569
2025-03-11 21:00:00+00:00,2570218.83891217
2025-03-11 22:00:00+00:00,2569605.935245
2025-03-11 23:00:00+00:00,2569824.8089528102
2025-03-12 00:00:00+00:00,2569836.7180497
2025-03-12 01:00:00+00:00,2568624.56299693
2025-03-12 02:00:00+00:00,2568243.01773478
2025-03-12 03:00:00+00:00,2568282.98587531
2025-03-12 04:00:00+00:00,2568384.01359457
2025-03-12 05:00:00+00:00,2568522.10932095
2025-03-12 06:00:00+00:00,2568530.35691615
2025-03-12 07:00:00+00:00,2567502.31692764
2025-03-12 08:00:00+00:00,2568588.01670525
2025-03-12 09:00:00+00:00,2568527.30016729
2025-03-12 10:00:00+00:00,2567459.71637609
2025-03-12 11:00:00+00:00,2567650.7972775
2025-03-12 12:00:00+00:00,2567361.1271511703
2025-03-12 13:00:00+00:00,2567134.37773136
2025-03-12 14:00:00+00:00,2571130.07971577
2025-03-12 15:00:00+00:00,2567116.41355698
2025-03-12 16:00:00+00:00,2567216.48993278
2025-03-12 17:00:00+00:00,2567215.72514705
2025-03-12 18:00:00+00:00,2569662.34656016
2025-03-12 19:00:00+00:00,2568569.1208623
2025-03-12 20:00:00+00:00,2562672.93586557
2025-03-12 21:00:00+00:00,2558434.9679949703
2025-03-12 22:00:00+00:00,2558821.25663577
2025-03-12 23:00:00+00:00,2557751.91666338
2025-03-13 00:00:00+00:00,2555943.4845157103
2025-03-13 01:00:00+00:00,2556166.21495162
2025-03-13 02:00:00+00:00,2557336.25909383
2025-03-13 03:00:00+00:00,2557338.2164543
2025-03-13 04:00:00+00:00,2557426.1934727603
2025-03-13 05:00:00+00:00,2557445.25447321
2025-03-13 06:00:00+00:00,2557544.89162217
2025-03-13 07:00:00+00:00,2556419.32871144
2025-03-13 08:00:00+00:00,2556497.1407490303
2025-03-13 09:00:00+00:00,2556941.50866668
2025-03-13 10:00:00+00:00,2556892.24959558
2025-03-13 11:00:00+00:00,2556812.51022554
2025-03-13 12:00:00+00:00,2557650.72763781
2025-03-13 13:00:00+00:00,2557711.1494419603
2025-03-13 14:00:00+00:00,2557717.93165419
2025-03-13 15:00:00+00:00,2556658.94273129
2025-03-13 16:00:00+00:00,2557820.63518785
2025-03-13 17:00:00+00:00,2559550.18697998
2025-03-13 18:00:00+00:00,2558013.21923186
2025-03-13 19:00:00+00:00,2559145.03426818
2025-03-13 20:00:00+00:00,2559256.47365809
2025-03-13 21:00:00+00:00,2555533.71609906
2025-03-13 22:00:00+00:00,2555496.7675559
2025-03-13 23:00:00+00:00,2555411.95457548
2025-03-14 00:00:00+00:00,2556538.32635942
2025-03-14 01:00:00+00:00,2556561.36150661
2025-03-14 02:00:00+00:00,2556575.87561987
2025-03-14 03:00:00+00:00,2556567.70132622
2025-03-14 04:00:00+00:00,2556975.78390956
2025-03-14 05:00:00+00:00,2556981.41823425
2025-03-14 06:00:00+00:00,2557067.95111105
2025-03-14 07:00:00+00:00,2557334.22637464
2025-03-14 08:00:00+00:00,2557111.00921051
2025-03-14 09:00:00+00:00,2557122.93984308
2025-03-14 10:00:00+00:00,2568041.33289028
2025-03-14 11:00:00+00:00,2568024.8549872
2025-03-14 12:00:00+00:00,2568021.25050582
2025-03-14 13:00:00+00:00,2568035.05763264
2025-03-14 14:00:00+00:00,2557839.98134642
2025-03-14 15:00:00+00:00,2558322.26610738
2025-03-14 16:00:00+00:00,2558226.02939404
2025-03-14 17:00:00+00:00,2558224.17116424
2025-03-14 18:00:00+00:00,2558176.06327477
2025-03-14 19:00:00+00:00,2567434.7849267703
2025-03-14 20:00:00+00:00,2569409.79606874
2025-03-14 21:00:00+00:00,2569231.6810656902
2025-03-14 22:00:00+00:00,2569228.74238614
2025-03-14 23:00:00+00:00,2569182.6940772203
2025-03-15 00:00:00+00:00,2569178.84238192
2025-03-15 01:00:00+00:00,2569250.44203649
2025-03-15 02:00:00+00:00,2569219.74556584
2025-03-15 03:00:00+00:00,2569244.76217889
2025-03-15 04:00:00+00:00,2569253.69379123
2025-03-15 05:00:00+00:00,2569290.84013043
2025-03-15 06:00:00+00:00,2570254.48857636
2025-03-15 07:00:00+00:00,2570296.81574457
2025-03-15 08:00:00+00:00,2570338.72347154
2025-03-15 09:00:00+00:00,2570379.93899219
2025-03-15 10:00:00+00:00,2570400.2624781
2025-03-15 11:00:00+00:00,2570405.7893451
2025-03-15 12:00:00+00:00,2570384.47475669
2025-03-15 13:00:00+00:00,2570380.06219882
2025-03-15 14:00:00+00:00,2570357.01622718
2025-03-15 15:00:00+00:00,2570375.69598986
2025-03-15 16:00:00+00:00,2570418.79412363
2025-03-15 17:00:00+00:00,2570532.87205126
2025-03-15 18:00:00+00:00,2570548.56197261
2025-03-15 19:00:00+00:00,2570565.5884241
2025-03-15 20:00:00+00:00,2570562.82453014
2025-03-15 21:00:00+00:00,2570571.60538024
2025-03-15 22:00:00+00:00,2570539.73959772
2025-03-15 23:00:00+00:00,2570552.63209164
2025-03-16 00:00:00+00:00,2570335.5953412103
2025-03-16 01:00:00+00:00,2570353.53521343
2025-03-16 02:00:00+00:00,2570355.98412732
2025-03-16 03:00:00+00:00,2570357.45756084
2025-03-16 04:00:00+00:00,2570378.94782962
2025-03-16 05:00:00+00:00,2570406.27992145
2025-03-16 06:00:00+00:00,2570406.84827619
2025-03-16 07:00:00+00:00,2570414.75840978
2025-03-16 08:00:00+00:00,2570451.9895416
2025-03-16 09:00:00+00:00,2570463.5466956003
2025-03-16 10:00:00+00:00,2570489.16492851
2025-03-16 11:00:00+00:00,2570366.68879686
2025-03-16 12:00:00+00:00,2571456.9238556502
2025-03-16 13:00:00+00:00,2571489.53322901
2025-03-16 14:00:00+00:00,2571536.09968233
2025-03-16 15:00:00+00:00,2570422.32521962
2025-03-16 16:00:00+00:00,2570399.4203234
2025-03-16 17:00:00+00:00,2570409.38996821
2025-03-16 18:00:00+00:00,2570421.12802789
2025-03-16 19:00:00+00:00,2571530.8341142
2025-03-16 20:00:00+00:00,2571524.44664623
2025-03-16 21:00:00+00:00,2571553.40515278
2025-03-16 22:00:00+00:00,2571559.27556579
2025-03-16 23:00:00+00:00,2571601.82922245
2025-03-17 00:00:00+00:00,2570462.6227804
2025-03-17 01:00:00+00:00,2570491.91029612
2025-03-17 02:00:00+00:00,2570414.39699917
2025-03-17 03:00:00+00:00,2570858.68759209
2025-03-17 04:00:00+00:00,2570436.95618521
2025-03-17 05:00:00+00:00,2570557.59003979
2025-03-17 06:00:00+00:00,2570481.64035984
2025-03-17 07:00:00+00:00,2570491.31548909
2025-03-17 08:00:00+00:00,2569416.52428194
2025-03-17 09:00:00+00:00,2569880.39942508
2025-03-17 10:00:00+00:00,2569805.15621592
2025-03-17 11:00:00+00:00,2569799.480678
2025-03-17 12:00:00+00:00,2569734.13736601
2025-03-17 13:00:00+00:00,2569834.31108763
2025-03-17 14:00:00+00:00,2569784.73364159
2025-03-17 15:00:00+00:00,2569847.2680565203
2025-03-17 16:00:00+00:00,2569723.40097412
2025-03-17 17:00:00+00:00,2570376.3827105
2025-03-17 18:00:00+00:00,2569349.8920904603
2025-03-17 19:00:00+00:00,2569253.8055304303
2025-03-17 20:00:00+00:00,2569051.11558301
2025-03-17 21:00:00+00:00,2561510.83810367
2025-03-17 22:00:00+00:00,2562781.35325975
2025-03-17 23:00:00+00:00,2562818.68242623
2025-03-18 00:00:00+00:00,2562826.79293739
2025-03-18 01:00:00+00:00,2562828.08272707
2025-03-18 02:00:00+00:00,2562834.84907722
2025-03-18 03:00:00+00:00,2562769.39884847
2025-03-18 04:00:00+00:00,2563248.14880376
2025-03-18 05:00:00+00:00,2562123.24673848
2025-03-18 06:00:00+00:00,2562124.32545566
2025-03-18 07:00:00+00:00,2562016.1107617
2025-03-18 08:00:00+00:00,2560892.90952559
2025-03-18 09:00:00+00:00,2560926.40827301
2025-03-18 10:00:00+00:00,2560918.89741877
2025-03-18 11:00:00+00:00,2560827.72674118
2025-03-18 12:00:00+00:00,2561861.38945122
2025-03-18 13:00:00+00:00,2561953.37420412
2025-03-18 14:00:00+00:00,2560837.61481999
2025-03-18 15:00:00+00:00,2562808.31153564
2025-03-18 16:00:00+00:00,2562804.85115547
2025-03-18 17:00:00+00:00,2562503.63441593
2025-03-18 18:00:00+00:00,2562594.972674
2025-03-18 19:00:00+00:00,2562687.8011868303
2025-03-18 20:00:00+00:00,2562046.33697434
2025-03-18 21:00:00+00:00,2561886.4548561
2025-03-18 22:00:00+00:00,2561829.85802628
2025-03-18 23:00:00+00:00,2561845.20320434
2025-03-19 00:00:00+00:00,2561846.31778082
2025-03-19 01:00:00+00:00,2561864.94028412
2025-03-19 02:00:00+00:00,2562828.87344192
2025-03-19 03:00:00+00:00,2562981.48948614
2025-03-19 04:00:00+00:00,2562987.321683
2025-03-19 05:00:00+00:00,2563605.620956
2025-03-19 06:00:00+00:00,2563617.83303554
2025-03-19 07:00:00+00:00,2573552.7815336
2025-03-19 08:00:00+00:00,2573513.37236849
2025-03-19 09:00:00+00:00,2573463.2846951103
2025-03-19 10:00:00+00:00,2573068.43908277
2025-03-19 11:00:00+00:00,2572401.01169489
2025-03-19 12:00:00+00:00,2572585.40758242
2025-03-19 13:00:00+00:00,2570297.8945596702
2025-03-19 14:00:00+00:00,2569741.50630587
2025-03-19 15:00:00+00:00,2568936.25268639
2025-03-19 16:00:00+00:00,2569183.64885095
2025-03-19 17:00:00+00:00,2570457.58303545
2025-03-19 18:00:00+00:00,2569211.98600518
2025-03-19 19:00:00+00:00,2569474.8580556703
2025-03-19 20:00:00+00:00,2570163.4004169
2025-03-19 21:00:00+00:00,2569829.42036646
2025-03-19 22:00:00+00:00,2569837.45541555
2025-03-19 23:00:00+00:00,2569862.77069185
2025-03-20 00:00:00+00:00,2568749.13879365
2025-03-20 01:00:00+00:00,2567878.15713625
2025-03-20 02:00:00+00:00,2567856.91976758
2025-03-20 03:00:00+00:00,2566871.67745774
2025-03-20 04:00:00+00:00,2567180.52225891
2025-03-20 05:00:00+00:00,2567201.5250012903
2025-03-20 06:00:00+00:00,2567237.51774431
2025-03-20 07:00:00+00:00,2567269.86235915
2025-03-20 08:00:00+00:00,2567329.63953645
2025-03-20 09:00:00+00:00,2567452.93302156
2025-03-20 10:00:00+00:00,2567382.3186547
2025-03-20 11:00:00+00:00,2568315.76987918
2025-03-20 12:00:00+00:00,2568114.02865926
2025-03-20 13:00:00+00:00,2568269.36898545
2025-03-20 14:00:00+00:00,2567105.93210324
2025-03-20 15:00:00+00:00,2566067.643378
2025-03-20 16:00:00+00:00,2565535.03225309
2025-03-20 17:00:00+00:00,2567962.51531766
2025-03-20 18:00:00+00:00,2567937.28164555
2025-03-20 19:00:00+00:00,2568017.87182609
2025-03-20 20:00:00+00:00,2566244.82917478
2025-03-20 21:00:00+00:00,2563296.5182828302
2025-03-20 22:00:00+00:00,2563322.94140682
2025-03-20 23:00:00+00:00,2563363.01095581
2025-03-21 00:00:00+00:00,2563345.35676705
2025-03-21 01:00:00+00:00,2563357.27147726
2025-03-21 02:00:00+00:00,2563404.5366216903
2025-03-21 03:00:00+00:00,2563412.1703242
2025-03-21 04:00:00+00:00,2563282.20168333
2025-03-21 05:00:00+00:00,2563298.34158936
2025-03-21 06:00:00+00:00,2563358.589438
2025-03-21 07:00:00+00:00,2563383.97618955
2025-03-21 08:00:00+00:00,2566514.03311207
2025-03-21 09:00:00+00:00,2564387.80820005
2025-03-21 10:00:00+00:00,2564155.9172047502
2025-03-21 11:00:00+00:00,2564155.82900918
2025-03-21 12:00:00+00:00,2563125.84148269
2025-03-21 13:00:00+00:00,2564265.71776918
2025-03-21 14:00:00+00:00,2562019.98612703
2025-03-21 15:00:00+00:00,2560047.36896936
2025-03-21 16:00:00+00:00,2559750.1644009203
2025-03-21 17:00:00+00:00,2558606.26462539
2025-03-21 18:00:00+00:00,2558632.69880822
2025-03-21 19:00:00+00:00,2560025.84625649
2025-03-21 20:00:00+00:00,2559743.7964476203
2025-03-21 21:00:00+00:00,2559772.51441641
2025-03-21 22:00:00+00:00,2559981.66192436
2025-03-21 23:00:00+00:00,2560095.99054604
2025-03-22 00:00:00+00:00,2560167.48635821
2025-03-22 01:00:00+00:00,2560331.51962324
2025-03-22 02:00:00+00:00,2560260.57380174
2025-03-22 03:00:00+00:00,2560257.75341726
2025-03-22 04:00:00+00:00,2560342.66043812
2025-03-22 05:00:00+00:00,2560333.47060662
2025-03-22 06:00:00+00:00,2560354.97729895
2025-03-22 07:00:00+00:00,2560445.92234432
2025-03-22 08:00:00+00:00,2560459.65507235
2025-03-22 09:00:00+00:00,2560498.66293644
2025-03-22 10:00:00+00:00,2560284.8825427103
2025-03-22 11:00:00+00:00,2560273.20300171
2025-03-22 12:00:00+00:00,2560237.8003981
2025-03-22 13:00:00+00:00,2559207.04711485
2025-03-22 14:00:00+00:00,2559214.74986766
2025-03-22 15:00:00+00:00,2559268.71847712
2025-03-22 16:00:00+00:00,2559262.16070568
2025-03-22 17:00:00+00:00,2559267.0072490303
2025-03-22 18:00:00+00:00,2559263.92550743
2025-03-22 19:00:00+00:00,2559315.87529015
2025-03-22 20:00:00+00:00,2559342.26134207
2025-03-22 21:00:00+00:00,2559349.28839127
2025-03-22 22:00:00+00:00,2559396.56173389
2025-03-22 23:00:00+00:00,2559373.01882134
2025-03-23 00:00:00+00:00,2559376.96301246
2025-03-23 01:00:00+00:00,2559391.30713346
2025-03-23 02:00:00+00:00,2559360.20785785
2025-03-23 03:00:00+00:00,2559381.0335779903
2025-03-23 04:00:00+00:00,2559358.69743179
2025-03-23 05:00:00+00:00,2559352.60231991
2025-03-23 06:00:00+00:00,2559367.7408475103
2025-03-23 07:00:00+00:00,2559373.427089
2025-03-23 08:00:00+00:00,2559389.37116122
2025-03-23 09:00:00+00:00,2558817.25704092
2025-03-23 10:00:00+00:00,2558823.21210894
2025-03-23 11:00:00+00:00,2558804.98081835
2025-03-23 12:00:00+00:00,2558811.02321589
2025-03-23 13:00:00+00:00,2558805.49207232
2025-03-23 14:00:00+00:00,2558820.35359571
2025-03-23 15:00:00+00:00,2558840.50059075
2025-03-23 16:00:00+00:00,2558880.6265302
2025-03-23 17:00:00+00:00,2558891.60973112
2025-03-23 18:00:00+00:00,2558896.42609481
2025-03-23 19:00:00+00:00,2558882.66902241
2025-03-23 20:00:00+00:00,2558876.59473669
2025-03-23 21:00:00+00:00,2558869.3643342
2025-03-23 22:00:00+00:00,2558850.66787622
2025-03-23 23:00:00+00:00,2558849.30791744
2025-03-24 00:00:00+00:00,2558939.38006205
2025-03-24 01:00:00+00:00,2558947.14725379
2025-03-24 02:00:00+00:00,2558940.2787674502
2025-03-24 03:00:00+00:00,2558944.43744601
2025-03-24 04:00:00+00:00,2558882.6258474803
2025-03-24 05:00:00+00:00,2558883.9072684
2025-03-24 06:00:00+00:00,2558726.65012408
2025-03-24 07:00:00+00:00,2558725.10704477
2025-03-24 08:00:00+00:00,2558717.47233545
2025-03-24 09:00:00+00:00,2559287.58653886
2025-03-24 10:00:00+00:00,2558862.204082
2025-03-24 11:00:00+00:00,2559732.34754932
2025-03-24 12:00:00+00:00,2559741.36099151
2025-03-24 13:00:00+00:00,2559316.20772469
2025-03-24 14:00:00+00:00,2558207.2399966
2025-03-24 15:00:00+00:00,2558265.01134585
2025-03-24 16:00:00+00:00,2558260.7866169
2025-03-24 17:00:00+00:00,2558255.4913925
2025-03-24 18:00:00+00:00,2558260.25399996
2025-03-24 19:00:00+00:00,2558251.68641865
2025-03-24 20:00:00+00:00,2558493.15506967
2025-03-24 21:00:00+00:00,2558423.71513398
2025-03-24 22:00:00+00:00,2559329.10494301
2025-03-24 23:00:00+00:00,2559122.74447986
2025-03-25 00:00:00+00:00,2559129.69871406
2025-03-25 01:00:00+00:00,2559123.97084424
2025-03-25 02:00:00+00:00,2559139.63236999
2025-03-25 03:00:00+00:00,2559126.04839924
2025-03-25 04:00:00+00:00,2559120.41138506
2025-03-25 05:00:00+00:00,2559068.77889337
2025-03-25 06:00:00+00:00,2559273.99232804
2025-03-25 07:00:00+00:00,2559364.4705798603
2025-03-25 08:00:00+00:00,2559421.45221957
2025-03-25 09:00:00+00:00,2559578.50538314
2025-03-25 10:00:00+00:00,2559545.88293518
2025-03-25 11:00:00+00:00,2559214.22687735
2025-03-25 12:00:00+00:00,2559168.9807968
2025-03-25 13:00:00+00:00,2558050.04390846
2025-03-25 14:00:00+00:00,2558192.97421602
2025-03-25 15:00:00+00:00,2558053.35262282
2025-03-25 16:00:00+00:00,2558602.4369973
2025-03-25 17:00:00+00:00,2557952.38374028
2025-03-25 18:00:00+00:00,2558511.44378505
2025-03-25 19:00:00+00:00,2560039.9990244103
2025-03-25 20:00:00+00:00,2562364.46265468
2025-03-25 21:00:00+00:00,2562003.43153231
2025-03-25 22:00:00+00:00,2564505.18216356
2025-03-25 23:00:00+00:00,2564287.51445295
2025-03-26 00:00:00+00:00,2561387.0377894
2025-03-26 01:00:00+00:00,2561455.29310373
2025-03-26 02:00:00+00:00,2561464.1391558503
2025-03-26 03:00:00+00:00,2562024.38825346
2025-03-26 04:00:00+00:00,2561995.5318352003
2025-03-26 05:00:00+00:00,2561884.60807784
2025-03-26 06:00:00+00:00,2561914.17894842
2025-03-26 07:00:00+00:00,2561965.51039369
2025-03-26 08:00:00+00:00,2561890.04214988
2025-03-26 09:00:00+00:00,2561915.99146697
2025-03-26 10:00:00+00:00,2561805.72913957
2025-03-26 11:00:00+00:00,2561836.86708309
2025-03-26 12:00:00+00:00,2561956.14151592
2025-03-26 13:00:00+00:00,2560521.78259818
2025-03-26 14:00:00+00:00,2560392.14972316
2025-03-26 15:00:00+00:00,2563003.71683517
2025-03-26 16:00:00+00:00,2562195.51658644
2025-03-26 17:00:00+00:00,2560030.50872961
2025-03-26 18:00:00+00:00,2560807.48656782
2025-03-26 19:00:00+00:00,2560409.92430629
2025-03-26 20:00:00+00:00,2560416.66236461
2025-03-26 21:00:00+00:00,2559313.07982274
2025-03-26 22:00:00+00:00,2559186.07404894
2025-03-26 23:00:00+00:00,2558192.36567874
2025-03-27 00:00:00+00:00,2557217.4621450403
2025-03-27 01:00:00+00:00,2557341.76760335
2025-03-27 02:00:00+00:00,2557288.78771064
2025-03-27 03:00:00+00:00,2557282.15295978
2025-03-27 04:00:00+00:00,2557287.01462876
2025-03-27 05:00:00+00:00,2557124.83859184
2025-03-27 06:00:00+00:00,2557080.14076296
2025-03-27 07:00:00+00:00,2557115.74709805
2025-03-27 08:00:00+00:00,2557127.84730053
2025-03-27 09:00:00+00:00,2557158.8043775302
2025-03-27 10:00:00+00:00,2557237.49311781
2025-03-27 11:00:00+00:00,2557058.1415129
2025-03-27 12:00:00+00:00,2557051.32382432
2025-03-27 13:00:00+00:00,2556995.38780861
2025-03-27 14:00:00+00:00,2556682.18951094
2025-03-27 15:00:00+00:00,2558304.79106533
2025-03-27 16:00:00+00:00,2557414.53079238
2025-03-27 17:00:00+00:00,2561354.6942270203
2025-03-27 18:00:00+00:00,2560549.8372063
2025-03-27 19:00:00+00:00,2560651.50952207
2025-03-27 20:00:00+00:00,2559916.66421259
2025-03-27 21:00:00+00:00,2569840.5203403
2025-03-27 22:00:00+00:00,2571474.37365487
2025-03-27 23:00:00+00:00,2571778.95143184
2025-03-28 00:00:00+00:00,2571837.4171618703
2025-03-28 01:00:00+00:00,2570749.65058128
2025-03-28 02:00:00+00:00,2569916.62071392
2025-03-28 03:00:00+00:00,2569893.25833887
2025-03-28 04:00:00+00:00,2569991.08017498
2025-03-28 05:00:00+00:00,2570171.14093376
2025-03-28 06:00:00+00:00,2570160.66317525
2025-03-28 07:00:00+00:00,2570083.31449896
2025-03-28 08:00:00+00:00,2570371.25635775
2025-03-28 09:00:00+00:00,2570383.12653874
2025-03-28 10:00:00+00:00,2570118.21608636
2025-03-28 11:00:00+00:00,2569908.95692353
2025-03-28 12:00:00+00:00,2570279.5068581803
2025-03-28 13:00:00+00:00,2569449.08577152
2025-03-28 14:00:00+00:00,2571123.73563227
2025-03-28 15:00:00+00:00,2571143.79267436
2025-03-28 16:00:00+00:00,2569199.74856823
2025-03-28 17:00:00+00:00,2565287.82796702
2025-03-28 18:00:00+00:00,2566499.75911478
2025-03-28 19:00:00+00:00,2566334.58444366
2025-03-28 20:00:00+00:00,2565859.15229401
2025-03-28 21:00:00+00:00,2564943.72806359
2025-03-28 22:00:00+00:00,2564985.94962119
2025-03-28 23:00:00+00:00,2561102.58026339
2025-03-29 00:00:00+00:00,2561130.4516025702
2025-03-29 01:00:00+00:00,2561143.18678716
2025-03-29 02:00:00+00:00,2561158.85623034
2025-03-29 03:00:00+00:00,2561110.96957198
2025-03-29 04:00:00+00:00,2561231.21484843
2025-03-29 05:00:00+00:00,2561228.73149864
2025-03-29 06:00:00+00:00,2561415.19328727
2025-03-29 07:00:00+00:00,2561655.61172323
2025-03-29 08:00:00+00:00,2562831.1440871703
2025-03-29 09:00:00+00:00,2562892.89476934
2025-03-29 10:00:00+00:00,2562888.52752409
2025-03-29 11:00:00+00:00,2562880.76733311
2025-03-29 12:00:00+00:00,2562822.63873174
2025-03-29 13:00:00+00:00,2562748.0218157
2025-03-29 14:00:00+00:00,2562696.2477118103
2025-03-29 15:00:00+00:00,2562655.40423149
2025-03-29 16:00:00+00:00,2561087.53143675
2025-03-29 17:00:00+00:00,2561091.06527391
2025-03-29 18:00:00+00:00,2559879.84464458
2025-03-29 19:00:00+00:00,2559945.90697056
2025-03-29 20:00:00+00:00,2559955.75256965
2025-03-29 21:00:00+00:00,2559973.43985841
2025-03-29 22:00:00+00:00,2559979.15184371
2025-03-29 23:00:00+00:00,2560004.38845655
2025-03-30 00:00:00+00:00,2559912.52381181
2025-03-30 01:00:00+00:00,2559921.10030359
2025-03-30 02:00:00+00:00,2559918.95491449
2025-03-30 03:00:00+00:00,2559926.10829746
2025-03-30 04:00:00+00:00,2559851.93707111
2025-03-30 05:00:00+00:00,2559843.00530515
2025-03-30 06:00:00+00:00,2559868.11771743
2025-03-30 07:00:00+00:00,2559937.44385476
2025-03-30 08:00:00+00:00,2558696.06740719
2025-03-30 09:00:00+00:00,2558681.05612325
2025-03-30 10:00:00+00:00,2558670.63557416
2025-03-30 11:00:00+00:00,2558726.9269889
2025-03-30 12:00:00+00:00,2558717.65460272
2025-03-30 13:00:00+00:00,2558720.7298065103
2025-03-30 14:00:00+00:00,2558725.95975134
2025-03-30 15:00:00+00:00,2559092.00136726
2025-03-30 16:00:00+00:00,2559043.84015822
2025-03-30 17:00:00+00:00,2559034.97114982
2025-03-30 18:00:00+00:00,2558995.22618581
2025-03-30 19:00:00+00:00,2559023.5835008
2025-03-30 20:00:00+00:00,2559027.49076535
2025-03-30 21:00:00+00:00,2559014.16883295
2025-03-30 22:00:00+00:00,2559276.82780686
2025-03-30 23:00:00+00:00,2559277.5760978903
2025-03-31 00:00:00+00:00,2559283.0951457
2025-03-31 01:00:00+00:00,2559372.92397412
2025-03-31 02:00:00+00:00,2559385.3080888903
2025-03-31 03:00:00+00:00,2559454.63699965
2025-03-31 04:00:00+00:00,2559532.81263497
2025-03-31 05:00:00+00:00,2559746.90539955
2025-03-31 06:00:00+00:00,2559692.16249554
2025-03-31 07:00:00+00:00,2558606.11241186
2025-03-31 08:00:00+00:00,2558610.85469875
2025-03-31 09:00:00+00:00,2558586.9690615
2025-03-31 10:00:00+00:00,2558693.13294475
2025-03-31 11:00:00+00:00,2558750.28597481
2025-03-31 12:00:00+00:00,2558748.88088175
2025-03-31 13:00:00+00:00,2558766.06761175
2025-03-31 14:00:00+00:00,2561432.31336251
2025-03-31 15:00:00+00:00,2560572.3384097
2025-03-31 16:00:00+00:00,2560164.60746074
2025-03-31 17:00:00+00:00,2560241.23503076
2025-03-31 18:00:00+00:00,2551538.10495679
2025-03-31 19:00:00+00:00,2550300.68407929
2025-03-31 20:00:00+00:00,2551412.36039936
2025-03-31 21:00:00+00:00,2550859.01939008
2025-03-31 22:00:00+00:00,2550964.10068586
2025-03-31 23:00:00+00:00,2551018.44444373
2025-04-01 00:00:00+00:00,2550875.97433657
2025-04-01 01:00:00+00:00,2549884.6879738
2025-04-01 02:00:00+00:00,2548637.94629539
2025-04-01 03:00:00+00:00,2548495.54008765
2025-04-01 04:00:00+00:00,2548528.14912727
2025-04-01 05:00:00+00:00,2548495.3966046
2025-04-01 06:00:00+00:00,2547526.30162375
2025-04-01 07:00:00+00:00,2547574.4764331803
2025-04-01 08:00:00+00:00,2547492.54469414
2025-04-01 09:00:00+00:00,2547495.25868711
2025-04-01 10:00:00+00:00,2547778.54351313
2025-04-01 11:00:00+00:00,2547840.67415893
2025-04-01 12:00:00+00:00,2547924.03068238
2025-04-01 13:00:00+00:00,2548840.50682761
2025-04-01 14:00:00+00:00,2548798.1499082902
2025-04-01 15:00:00+00:00,2548871.5783690102
2025-04-01 16:00:00+00:00,2547652.05450812
2025-04-01 17:00:00+00:00,2548370.8803286
2025-04-01 18:00:00+00:00,2548720.09924752
2025-04-01 19:00:00+00:00,2550546.47421866
2025-04-01 20:00:00+00:00,2549501.09833911
2025-04-01 21:00:00+00:00,2549556.97826765
2025-04-01 22:00:00+00:00,2549600.64578191
2025-04-01 23:00:00+00:00,2549617.06780039
2025-04-02 00:00:00+00:00,2549635.80018772
2025-04-02 01:00:00+00:00,2549592.75027113
2025-04-02 02:00:00+00:00,2549547.8772876
2025-04-02 03:00:00+00:00,2549496.50447393
2025-04-02 04:00:00+00:00,2549540.80403639
2025-04-02 05:00:00+00:00,2549552.61511466
2025-04-02 06:00:00+00:00,2549721.40704157
2025-04-02 07:00:00+00:00,2548540.47448904
2025-04-02 08:00:00+00:00,2547950.42251479
2025-04-02 09:00:00+00:00,2547934.93846821
2025-04-02 10:00:00+00:00,2549148.6932406
2025-04-02 11:00:00+00:00,2549156.69197598
2025-04-02 12:00:00+00:00,2549235.9874044303
2025-04-02 13:00:00+00:00,2549407.77493264
2025-04-02 14:00:00+00:00,2550471.91039703
2025-04-02 15:00:00+00:00,2549371.29061952
2025-04-02 16:00:00+00:00,2549624.40561813
2025-04-02 17:00:00+00:00,2549883.56431932
2025-04-02 18:00:00+00:00,2547736.29591719
2025-04-02 19:00:00+00:00,2543329.73575383
2025-04-02 20:00:00+00:00,2542368.12373264
2025-04-02 21:00:00+00:00,2542086.47108923
2025-04-02 22:00:00+00:00,2542258.55324848
2025-04-02 23:00:00+00:00,2542242.07624144
2025-04-03 00:00:00+00:00,2542237.00989104
2025-04-03 01:00:00+00:00,2542394.5355803003
2025-04-03 02:00:00+00:00,2543069.91543101
2025-04-03 03:00:00+00:00,2542570.57492691
2025-04-03 04:00:00+00:00,2542325.4682884
2025-04-03 05:00:00+00:00,2542379.29789819
2025-04-03 06:00:00+00:00,2543475.21344048
2025-04-03 07:00:00+00:00,2542518.01009216
2025-04-03 08:00:00+00:00,2542428.40821035
2025-04-03 09:00:00+00:00,2542451.82365974
2025-04-03 10:00:00+00:00,2542360.78589017
2025-04-03 11:00:00+00:00,2542390.27490805
2025-04-03 12:00:00+00:00,2542611.37101259
2025-04-03 13:00:00+00:00,2542459.98039694
2025-04-03 14:00:00+00:00,2541266.66547959
2025-04-03 15:00:00+00:00,2541520.33168363
2025-04-03 16:00:00+00:00,2541525.79723402
2025-04-03 17:00:00+00:00,2543738.25577327
2025-04-03 18:00:00+00:00,2543754.2573615
2025-04-03 19:00:00+00:00,2544451.74250567
2025-04-03 20:00:00+00:00,2543066.38534979
2025-04-03 21:00:00+00:00,2543252.59098669
2025-04-03 22:00:00+00:00,2543248.34002202
2025-04-03 23:00:00+00:00,2543246.43217847
2025-04-04 00:00:00+00:00,2543267.7635358702
2025-04-04 01:00:00+00:00,2543343.78879617
2025-04-04 02:00:00+00:00,2543190.95577922
2025-04-04 03:00:00+00:00,2543235.36670434
2025-04-04 04:00:00+00:00,2543225.53838089
2025-04-04 05:00:00+00:00,2542196.44326183
2025-04-04 06:00:00+00:00,2542247.7648196
2025-04-04 07:00:00+00:00,2542255.83841183
2025-04-04 08:00:00+00:00,2542300.53086608
2025-04-04 09:00:00+00:00,2541460.35093369
2025-04-04 10:00:00+00:00,2541358.5188058303
2025-04-04 11:00:00+00:00,2541363.84820037
2025-04-04 12:00:00+00:00,2541224.16597019
2025-04-04 13:00:00+00:00,2541282.76071341
2025-04-04 14:00:00+00:00,2543666.6416678103
2025-04-04 15:00:00+00:00,2555449.70725853
2025-04-04 16:00:00+00:00,2555294.65295167
2025-04-04 17:00:00+00:00,2556728.00268376
2025-04-04 18:00:00+00:00,2556255.72344741
2025-04-04 19:00:00+00:00,2556354.13238671
2025-04-04 20:00:00+00:00,2556878.92817163
2025-04-04 21:00:00+00:00,2556650.43493623
2025-04-04 22:00:00+00:00,2556783.57394052
2025-04-04 23:00:00+00:00,2556788.45438821
2025-04-05 00:00:00+00:00,2556798.82505676
2025-04-05 01:00:00+00:00,2556815.23921897
2025-04-05 02:00:00+00:00,2556801.74560676
2025-04-05 03:00:00+00:00,2556891.97205362
2025-04-05 04:00:00+00:00,2556898.59440134
2025-04-05 05:00:00+00:00,2556912.72379432
2025-04-05 06:00:00+00:00,2556791.05636395
2025-04-05 07:00:00+00:00,2556795.57899821
2025-04-05 08:00:00+00:00,2556721.17526639
2025-04-05 09:00:00+00:00,2556750.1367640803
2025-04-05 10:00:00+00:00,2556820.70415283
2025-04-05 11:00:00+00:00,2556815.53995841
2025-04-05 12:00:00+00:00,2556790.98157363
2025-04-05 13:00:00+00:00,2556777.4452869003
2025-04-05 14:00:00+00:00,2556767.81003829
2025-04-05 15:00:00+00:00,2556752.6455984
2025-04-05 16:00:00+00:00,2556754.27778974
2025-04-05 17:00:00+00:00,2556724.16020378
2025-04-05 18:00:00+00:00,2555553.68156478
2025-04-05 19:00:00+00:00,2555554.39916728
2025-04-05 20:00:00+00:00,2555565.11452225
2025-04-05 21:00:00+00:00,2555618.33869828
2025-04-05 22:00:00+00:00,2554598.24873682
2025-04-05 23:00:00+00:00,2554605.05045527
2025-04-06 00:00:00+00:00,2554598.78608516
2025-04-06 01:00:00+00:00,2554598.5628275
2025-04-06 02:00:00+00:00,2554553.11436633
2025-04-06 03:00:00+00:00,2554585.27996669
2025-04-06 04:00:00+00:00,2554547.04912917
2025-04-06 05:00:00+00:00,2554554.98739321
2025-04-06 06:00:00+00:00,2554556.07266223
2025-04-06 07:00:00+00:00,2554498.96133748
2025-04-06 08:00:00+00:00,2554552.9302808503
2025-04-06 09:00:00+00:00,2554565.17481774
2025-04-06 10:00:00+00:00,2554567.54271458
2025-04-06 11:00:00+00:00,2554557.05587782
2025-04-06 12:00:00+00:00,2554497.5450922
2025-04-06 13:00:00+00:00,2554469.17845905
2025-04-06 14:00:00+00:00,2554422.82258185
2025-04-06 15:00:00+00:00,2554414.7104449
2025-04-06 16:00:00+00:00,2554411.31151636
2025-04-06 17:00:00+00:00,2554388.83982341
2025-04-06 18:00:00+00:00,2554374.3768625
2025-04-06 19:00:00+00:00,2554625.09861129
2025-04-06 20:00:00+00:00,2554611.18049765
2025-04-06 21:00:00+00:00,2554630.15703374
2025-04-06 22:00:00+00:00,2554649.97345491
2025-04-06 23:00:00+00:00,2554658.33138488
2025-04-07 00:00:00+00:00,2554548.47071425
2025-04-07 01:00:00+00:00,2555158.98914968
2025-04-07 02:00:00+00:00,2555038.70428261
2025-04-07 03:00:00+00:00,2555084.6510134703
2025-04-07 04:00:00+00:00,2552903.6475052303
2025-04-07 05:00:00+00:00,2552955.70888069
2025-04-07 06:00:00+00:00,2552918.01844437
2025-04-07 07:00:00+00:00,2552709.72725882
2025-04-07 08:00:00+00:00,2553512.3280868903
2025-04-07 09:00:00+00:00,2543153.19610527
2025-04-07 10:00:00+00:00,2543294.08220785
2025-04-07 11:00:00+00:00,2554544.19183942
2025-04-07 12:00:00+00:00,2556198.1339749
2025-04-07 13:00:00+00:00,2553772.42598563
2025-04-07 14:00:00+00:00,2553400.38750525
2025-04-07 15:00:00+00:00,2552936.19841923
2025-04-07 16:00:00+00:00,2553849.05510897
2025-04-07 17:00:00+00:00,2553845.13969619
2025-04-07 18:00:00+00:00,2554783.77787126
2025-04-07 19:00:00+00:00,2553736.01574628
2025-04-07 20:00:00+00:00,2551924.76870133
2025-04-07 21:00:00+00:00,2553041.59605186
2025-04-07 22:00:00+00:00,2552694.23535179
2025-04-07 23:00:00+00:00,2552714.2493178803
2025-04-08 00:00:00+00:00,2552792.8733662
2025-04-08 01:00:00+00:00,2552775.15095696
2025-04-08 02:00:00+00:00,2552747.34196836
2025-04-08 03:00:00+00:00,2552742.24356448
2025-04-08 04:00:00+00:00,2552710.88151936
2025-04-08 05:00:00+00:00,2552704.64764767
2025-04-08 06:00:00+00:00,2552723.0469441703
2025-04-08 07:00:00+00:00,2552821.98581974
2025-04-08 08:00:00+00:00,2552740.99413162
2025-04-08 09:00:00+00:00,2552672.79743978
2025-04-08 10:00:00+00:00,2552514.5976641
2025-04-08 11:00:00+00:00,2552589.26370948
2025-04-08 12:00:00+00:00,2552613.3699409203
2025-04-08 13:00:00+00:00,2552559.5204293
2025-04-08 14:00:00+00:00,2552545.87841787
2025-04-08 15:00:00+00:00,2554281.90714762
2025-04-08 16:00:00+00:00,2553060.07416799
2025-04-08 17:00:00+00:00,2553044.55138599
2025-04-08 18:00:00+00:00,2552652.57745841
2025-04-08 19:00:00+00:00,2553715.41487432
2025-04-08 20:00:00+00:00,2554405.01280729
2025-04-08 21:00:00+00:00,2554349.66407097
2025-04-08 22:00:00+00:00,2554354.88150517
2025-04-08 23:00:00+00:00,2554543.9445721502
2025-04-09 00:00:00+00:00,2554454.71948296
2025-04-09 01:00:00+00:00,2554321.71755315
2025-04-09 02:00:00+00:00,2555814.8970601
2025-04-09 03:00:00+00:00,2556148.13878854
2025-04-09 04:00:00+00:00,2555102.66913188
2025-04-09 05:00:00+00:00,2555116.787958
2025-04-09 06:00:00+00:00,2554153.7128476
2025-04-09 07:00:00+00:00,2554716.8229257
2025-04-09 08:00:00+00:00,2554847.62677805
2025-04-09 09:00:00+00:00,2556019.09500996
2025-04-09 10:00:00+00:00,2556061.98615658
2025-04-09 11:00:00+00:00,2556038.538613
2025-04-09 12:00:00+00:00,2556045.06520091
2025-04-09 13:00:00+00:00,2557242.61783448
2025-04-09 14:00:00+00:00,2555922.34538738
2025-04-09 15:00:00+00:00,2555347.43732602
2025-04-09 16:00:00+00:00,2555201.02757401
2025-04-09 17:00:00+00:00,2556240.15636451
2025-04-09 18:00:00+00:00,2555967.36146062
2025-04-09 19:00:00+00:00,2556067.25192393
2025-04-09 20:00:00+00:00,2555957.42676651
2025-04-09 21:00:00+00:00,2553916.06494955
2025-04-09 22:00:00+00:00,2553552.53322065
2025-04-09 23:00:00+00:00,2554617.73297548
2025-04-10 00:00:00+00:00,2553625.83876754
2025-04-10 01:00:00+00:00,2553764.01367605
2025-04-10 02:00:00+00:00,2553666.57014102
2025-04-10 03:00:00+00:00,2553678.67902735
2025-04-10 04:00:00+00:00,2553585.33722719
2025-04-10 05:00:00+00:00,2553576.2550547603
2025-04-10 06:00:00+00:00,2553654.9089211
2025-04-10 07:00:00+00:00,2553835.53764222
2025-04-10 08:00:00+00:00,2554960.50157071
2025-04-10 09:00:00+00:00,2555452.88934489
2025-04-10 10:00:00+00:00,2554059.48522414
2025-04-10 11:00:00+00:00,2553529.81596147
2025-04-10 12:00:00+00:00,2553579.87057033
2025-04-10 13:00:00+00:00,2550827.57670385
2025-04-10 14:00:00+00:00,2550633.28543116
2025-04-10 15:00:00+00:00,2550645.15098808
2025-04-10 16:00:00+00:00,2548886.67746375
2025-04-10 17:00:00+00:00,2548499.07899884
2025-04-10 18:00:00+00:00,2548505.9683587
2025-04-10 19:00:00+00:00,2548406.38500447
2025-04-10 20:00:00+00:00,2549541.24076804
2025-04-10 21:00:00+00:00,2549576.64201895
2025-04-10 22:00:00+00:00,2549236.5274145
2025-04-10 23:00:00+00:00,2549244.87617038
2025-04-11 00:00:00+00:00,2549274.11593693
2025-04-11 01:00:00+00:00,2549272.1109519103
2025-04-11 02:00:00+00:00,2546790.15655808
2025-04-11 03:00:00+00:00,2546805.91814564
2025-04-11 04:00:00+00:00,2546836.58060438
2025-04-11 05:00:00+00:00,2546533.52692286
2025-04-11 06:00:00+00:00,2545478.87100391
2025-04-11 07:00:00+00:00,2545559.25145128
2025-04-11 08:00:00+00:00,2546599.2752427203
2025-04-11 09:00:00+00:00,2546687.4128157003
2025-04-11 10:00:00+00:00,2546335.63706548
2025-04-11 11:00:00+00:00,2546371.66825481
2025-04-11 12:00:00+00:00,2545273.97175645
2025-04-11 13:00:00+00:00,2545189.3332342003
2025-04-11 14:00:00+00:00,2546146.6029993
2025-04-11 15:00:00+00:00,2545278.3499021903
2025-04-11 16:00:00+00:00,2546248.17839431
2025-04-11 17:00:00+00:00,2546341.02416469
2025-04-11 18:00:00+00:00,2547491.53468484
2025-04-11 19:00:00+00:00,2546504.92710784
2025-04-11 20:00:00+00:00,2547385.0014362102
2025-04-11 21:00:00+00:00,2547375.2065782
2025-04-11 22:00:00+00:00,2547445.91104966
2025-04-11 23:00:00+00:00,2547425.17375939
2025-04-12 00:00:00+00:00,2547394.51094004
2025-04-12 01:00:00+00:00,2547376.3033641903
2025-04-12 02:00:00+00:00,2547459.96928084
2025-04-12 03:00:00+00:00,2547427.08228074
2025-04-12 04:00:00+00:00,2548463.2515139
2025-04-12 05:00:00+00:00,2548458.41687486
2025-04-12 06:00:00+00:00,2548473.71396925
2025-04-12 07:00:00+00:00,2548529.1692746
2025-04-12 08:00:00+00:00,2548552.11363238
2025-04-12 09:00:00+00:00,2549640.0009273
2025-04-12 10:00:00+00:00,2549725.58427137
2025-04-12 11:00:00+00:00,2548729.5511609
2025-04-12 12:00:00+00:00,2548728.67591545
2025-04-12 13:00:00+00:00,2548805.23364057
2025-04-12 14:00:00+00:00,2549904.71317814
2025-04-12 15:00:00+00:00,2549911.06232652
2025-04-12 16:00:00+00:00,2549958.1801813003
2025-04-12 17:00:00+00:00,2549891.47949332
2025-04-12 18:00:00+00:00,2549893.30919184
2025-04-12 19:00:00+00:00,2549970.3658820502
2025-04-12 20:00:00+00:00,2550978.58654171
2025-04-12 21:00:00+00:00,2550003.84989075
2025-04-12 22:00:00+00:00,2550717.2125572
2025-04-12 23:00:00+00:00,2549678.62499983
2025-04-13 00:00:00+00:00,2549659.77617094
2025-04-13 01:00:00+00:00,2550603.44499119
2025-04-13 02:00:00+00:00,2548574.2866448
2025-04-13 03:00:00+00:00,2548583.75083426
2025-04-13 04:00:00+00:00,2548597.9352781503
2025-04-13 05:00:00+00:00,2548609.95542287
2025-04-13 06:00:00+00:00,2548620.47609828
2025-04-13 07:00:00+00:00,2548659.5178611
2025-04-13 08:00:00+00:00,2548654.49020015
2025-04-13 09:00:00+00:00,2548651.6644194103
2025-04-13 10:00:00+00:00,2548805.89857109
2025-04-13 11:00:00+00:00,2548841.61247882
2025-04-13 12:00:00+00:00,2549851.76425882
2025-04-13 13:00:00+00:00,2548857.66573476
2025-04-13 14:00:00+00:00,2549003.80789398
2025-04-13 15:00:00+00:00,2547941.75953383
2025-04-13 16:00:00+00:00,2549003.08038474
2025-04-13 17:00:00+00:00,2548918.0642694
2025-04-13 18:00:00+00:00,2548945.56514758
2025-04-13 19:00:00+00:00,2547949.92630254
2025-04-13 20:00:00+00:00,2547961.17451787
2025-04-13 21:00:00+00:00,2547972.9745937
2025-04-13 22:00:00+00:00,2547923.95703354
2025-04-13 23:00:00+00:00,2547954.60037412
2025-04-14 00:00:00+00:00,2547989.4891424403
2025-04-14 01:00:00+00:00,2548005.13934672
2025-04-14 02:00:00+00:00,2548027.3249539603
2025-04-14 03:00:00+00:00,2548040.47687461
2025-04-14 04:00:00+00:00,2547036.25487341
2025-04-14 05:00:00+00:00,2547147.99372971
2025-04-14 06:00:00+00:00,2547172.79855912
2025-04-14 07:00:00+00:00,2546817.91969915
2025-04-14 08:00:00+00:00,2546971.55285839
2025-04-14 09:00:00+00:00,2547671.88138437
2025-04-14 10:00:00+00:00,2548478.95240609
2025-04-14 11:00:00+00:00,2548529.7134205
2025-04-14 12:00:00+00:00,2548483.37062304
2025-04-14 13:00:00+00:00,2548617.14194662
2025-04-14 14:00:00+00:00,2549122.32489678
2025-04-14 15:00:00+00:00,2546878.48954728
2025-04-14 16:00:00+00:00,2546557.71482852
2025-04-14 17:00:00+00:00,2548567.26060433
2025-04-14 18:00:00+00:00,2547486.3884463
2025-04-14 19:00:00+00:00,2548504.80866526
2025-04-14 20:00:00+00:00,2549319.1347866203
2025-04-14 21:00:00+00:00,2549185.55001576
2025-04-14 22:00:00+00:00,2549172.21154649
2025-04-14 23:00:00+00:00,2549275.83766149
2025-04-15 00:00:00+00:00,2549284.56978226
2025-04-15 01:00:00+00:00,2549294.69252113
2025-04-15 02:00:00+00:00,2549269.95751037
2025-04-15 03:00:00+00:00,2549289.36532768
2025-04-15 04:00:00+00:00,2549415.26214123
2025-04-15 05:00:00+00:00,2549429.2609933303
2025-04-15 06:00:00+00:00,2549402.40559809
2025-04-15 07:00:00+00:00,2548862.83192799
2025-04-15 08:00:00+00:00,2548861.22709935
2025-04-15 09:00:00+00:00,2548929.07544942
2025-04-15 10:00:00+00:00,2548946.66883911
2025-04-15 11:00:00+00:00,2549128.49312334
2025-04-15 12:00:00+00:00,2549119.68499694
2025-04-15 13:00:00+00:00,2549157.49663258
2025-04-15 14:00:00+00:00,2549104.48424927
2025-04-15 15:00:00+00:00,2548647.37703309
2025-04-15 16:00:00+00:00,2550875.00472114
2025-04-15 17:00:00+00:00,2550894.4954381
2025-04-15 18:00:00+00:00,2549891.9338007
2025-04-15 19:00:00+00:00,2549923.30461593
2025-04-15 20:00:00+00:00,2550146.17711135
2025-04-15 21:00:00+00:00,2550160.91837664
2025-04-15 22:00:00+00:00,2550183.95926771
2025-04-15 23:00:00+00:00,2550211.69686725
2025-04-16 00:00:00+00:00,2549217.33865981
2025-04-16 01:00:00+00:00,2549212.84020632
2025-04-16 02:00:00+00:00,2549254.56719578
2025-04-16 03:00:00+00:00,2549262.4224122
2025-04-16 04:00:00+00:00,2548799.7466964303
2025-04-16 05:00:00+00:00,2548879.59575784
2025-04-16 06:00:00+00:00,2549136.2766723502
2025-04-16 07:00:00+00:00,2549179.39056457
2025-04-16 08:00:00+00:00,2550186.47625031
2025-04-16 09:00:00+00:00,2551509.13601587
2025-04-16 10:00:00+00:00,2552929.77886541
2025-04-16 11:00:00+00:00,2552879.4314342
2025-04-16 12:00:00+00:00,2552478.95118368
2025-04-16 13:00:00+00:00,2551917.15751637
2025-04-16 14:00:00+00:00,2551836.15477248
2025-04-16 15:00:00+00:00,2553046.86096306
2025-04-16 16:00:00+00:00,2552275.5474369503
2025-04-16 17:00:00+00:00,2553279.42068341
2025-04-16 18:00:00+00:00,2553815.54123902
2025-04-16 19:00:00+00:00,2554085.55809037
2025-04-16 20:00:00+00:00,2554306.57781848
2025-04-16 21:00:00+00:00,2555962.35077612
2025-04-16 22:00:00+00:00,2555848.09009809
2025-04-16 23:00:00+00:00,2554844.5499109803
2025-04-17 00:00:00+00:00,2554866.96797755
2025-04-17 01:00:00+00:00,2554980.15435187
2025-04-17 02:00:00+00:00,2555088.53035304
2025-04-17 03:00:00+00:00,2555123.13555578
2025-04-17 04:00:00+00:00,2555389.12109975
2025-04-17 05:00:00+00:00,2553947.2386751003
2025-04-17 06:00:00+00:00,2553986.23690135
2025-04-17 07:00:00+00:00,2553864.57864327
2025-04-17 08:00:00+00:00,2554444.98009157
2025-04-17 09:00:00+00:00,2554510.84042076
2025-04-17 10:00:00+00:00,2554527.9899650803
2025-04-17 11:00:00+00:00,2554549.64728666
2025-04-17 12:00:00+00:00,2553829.77032194
2025-04-17 13:00:00+00:00,2554949.75344328
2025-04-17 14:00:00+00:00,2555041.51392841
2025-04-17 15:00:00+00:00,2557410.0369868
2025-04-17 16:00:00+00:00,2557630.18962855
2025-04-17 17:00:00+00:00,2554514.1774993
2025-04-17 18:00:00+00:00,2552154.75915011
2025-04-17 19:00:00+00:00,2554219.28396356
2025-04-17 20:00:00+00:00,2554857.89789581
2025-04-17 21:00:00+00:00,2553530.81566537
2025-04-17 22:00:00+00:00,2554571.79988467
2025-04-17 23:00:00+00:00,2554605.10385418
2025-04-18 00:00:00+00:00,2554627.10889178
2025-04-18 01:00:00+00:00,2554641.19477697
2025-04-18 02:00:00+00:00,2554634.74154704
2025-04-18 03:00:00+00:00,2554570.3449221
2025-04-18 04:00:00+00:00,2554584.01370859
2025-04-18 05:00:00+00:00,2554571.76592847
2025-04-18 06:00:00+00:00,2554818.63059643
2025-04-18 07:00:00+00:00,2554832.83296903
2025-04-18 08:00:00+00:00,2556313.98893787
2025-04-18 09:00:00+00:00,2556407.28605281
2025-04-18 10:00:00+00:00,2555910.30448948
2025-04-18 11:00:00+00:00,2556963.52104177
2025-04-18 12:00:00+00:00,2555957.2172617
2025-04-18 13:00:00+00:00,2556113.0173120103
2025-04-18 14:00:00+00:00,2556956.77876918
2025-04-18 15:00:00+00:00,2557016.42873142
2025-04-18 16:00:00+00:00,2557524.75782253
2025-04-18 17:00:00+00:00,2557537.5694327
2025-04-18 18:00:00+00:00,2557627.83845076
2025-04-18 19:00:00+00:00,2557529.90869767
2025-04-18 20:00:00+00:00,2557664.19944002
2025-04-18 21:00:00+00:00,2557687.92912704
2025-04-18 22:00:00+00:00,2557680.24467356
2025-04-18 23:00:00+00:00,2557739.30150827
2025-04-19 00:00:00+00:00,2557703.76592605
2025-04-19 01:00:00+00:00,2557700.32743111
2025-04-19 02:00:00+00:00,2557665.94583482
2025-04-19 03:00:00+00:00,2558176.6499164
2025-04-19 04:00:00+00:00,2558163.98106017
2025-04-19 05:00:00+00:00,2558164.16414751
2025-04-19 06:00:00+00:00,2558174.31381951
2025-04-19 07:00:00+00:00,2558173.23773097
2025-04-19 08:00:00+00:00,2558223.74652677
2025-04-19 09:00:00+00:00,2558258.81919814
2025-04-19 10:00:00+00:00,2559276.9173854003
2025-04-19 11:00:00+00:00,2559272.07037575
2025-04-19 12:00:00+00:00,2559183.44660336
2025-04-19 13:00:00+00:00,2558206.19338902
2025-04-19 14:00:00+00:00,2558268.5077504
2025-04-19 15:00:00+00:00,2558270.5924421703
2025-04-19 16:00:00+00:00,2558430.36562146
2025-04-19 17:00:00+00:00,2558416.63593785
2025-04-19 18:00:00+00:00,2558424.9879751
2025-04-19 19:00:00+00:00,2558440.1308384
2025-04-19 20:00:00+00:00,2558478.02103827
2025-04-19 21:00:00+00:00,2558480.45484244
2025-04-19 22:00:00+00:00,2558499.35110218
2025-04-19 23:00:00+00:00,2558469.75061423
2025-04-20 00:00:00+00:00,2558500.70415896
2025-04-20 01:00:00+00:00,2558476.88727835
2025-04-20 02:00:00+00:00,2558495.24131387
2025-04-20 03:00:00+00:00,2558710.31474905
2025-04-20 04:00:00+00:00,2558738.57447544
2025-04-20 05:00:00+00:00,2558741.61727005
2025-04-20 06:00:00+00:00,2558853.69901933
2025-04-20 07:00:00+00:00,2558955.05648136
2025-04-20 08:00:00+00:00,2559030.9609867
2025-04-20 09:00:00+00:00,2558952.27498547
2025-04-20 10:00:00+00:00,2559936.10290018
2025-04-20 11:00:00+00:00,2559958.66658393
2025-04-20 12:00:00+00:00,2559950.09832238
2025-04-20 13:00:00+00:00,2559949.64434642
2025-04-20 14:00:00+00:00,2560016.4032762
2025-04-20 15:00:00+00:00,2559009.34093674
2025-04-20 16:00:00+00:00,2559020.30264086
2025-04-20 17:00:00+00:00,2559005.57890763
2025-04-20 18:00:00+00:00,2559004.93090681
2025-04-20 19:00:00+00:00,2559005.35251023
2025-04-20 20:00:00+00:00,2559018.24458696
2025-04-20 21:00:00+00:00,2558020.77134106
2025-04-20 22:00:00+00:00,2558022.27462419
2025-04-20 23:00:00+00:00,2559025.94559124
2025-04-21 00:00:00+00:00,2558570.73299514
2025-04-21 01:00:00+00:00,2557648.54847656
2025-04-21 02:00:00+00:00,2558775.50429505
2025-04-21 03:00:00+00:00,2558881.3994385903
2025-04-21 04:00:00+00:00,2559279.93663425
2025-04-21 05:00:00+00:00,2559273.40807313
2025-04-21 06:00:00+00:00,2559287.13639366
2025-04-21 07:00:00+00:00,2559365.46307444
2025-04-21 08:00:00+00:00,2559400.36567604
2025-04-21 09:00:00+00:00,2558121.89195877
2025-04-21 10:00:00+00:00,2558287.03502828
2025-04-21 11:00:00+00:00,2558316.6341183702
2025-04-21 12:00:00+00:00,2558170.29316743
2025-04-21 13:00:00+00:00,2557914.46933167
2025-04-21 14:00:00+00:00,2558261.61452031
2025-04-21 15:00:00+00:00,2557798.19935364
2025-04-21 16:00:00+00:00,2556772.54416172
2025-04-21 17:00:00+00:00,2557420.72813539
2025-04-21 18:00:00+00:00,2556004.26116558
2025-04-21 19:00:00+00:00,2555556.70321362
2025-04-21 20:00:00+00:00,2556222.0265246
2025-04-21 21:00:00+00:00,2555050.90096646
2025-04-21 22:00:00+00:00,2553747.30212384
2025-04-21 23:00:00+00:00,2553719.75856482
2025-04-22 00:00:00+00:00,2553789.79885686
2025-04-22 01:00:00+00:00,2553714.64149988
2025-04-22 02:00:00+00:00,2553757.46231085
2025-04-22 03:00:00+00:00,2553875.19264964
2025-04-22 04:00:00+00:00,2553836.61179827
2025-04-22 05:00:00+00:00,2553870.14624688
2025-04-22 06:00:00+00:00,2544991.54995093
2025-04-22 07:00:00+00:00,2544008.2372001503
2025-04-22 08:00:00+00:00,2544709.86996677
2025-04-22 09:00:00+00:00,2553603.06498274
2025-04-22 10:00:00+00:00,2552438.86245339
2025-04-22 11:00:00+00:00,2552464.63822192
2025-04-22 12:00:00+00:00,2552297.4980654
2025-04-22 13:00:00+00:00,2552673.50259112
2025-04-22 14:00:00+00:00,2551066.87514414
2025-04-22 15:00:00+00:00,2552084.15718282
2025-04-22 16:00:00+00:00,2552227.19011977
2025-04-22 17:00:00+00:00,2552305.16921678
2025-04-22 18:00:00+00:00,2542504.7649236303
2025-04-22 19:00:00+00:00,2540039.8522018
2025-04-22 20:00:00+00:00,2531078.74796145
2025-04-22 21:00:00+00:00,2530912.22451029
2025-04-22 22:00:00+00:00,2532603.16293234
2025-04-22 23:00:00+00:00,2532608.76454301
2025-04-23 00:00:00+00:00,2530903.6409819
2025-04-23 01:00:00+00:00,2531936.4603247303
2025-04-23 02:00:00+00:00,2530944.8524767
2025-04-23 03:00:00+00:00,2530928.42339399
2025-04-23 04:00:00+00:00,2530718.37431348
2025-04-23 05:00:00+00:00,2530383.64297526
2025-04-23 06:00:00+00:00,2530373.56897095
2025-04-23 07:00:00+00:00,2530298.34747252
2025-04-23 08:00:00+00:00,2529204.63590286
2025-04-23 09:00:00+00:00,2531183.65517714
2025-04-23 10:00:00+00:00,2531162.78995602
2025-04-23 11:00:00+00:00,2531242.08366193
2025-04-23 12:00:00+00:00,2541180.12980709
2025-04-23 13:00:00+00:00,2530014.56589369
2025-04-23 14:00:00+00:00,2519149.8439471
2025-04-23 15:00:00+00:00,2529083.95995648
2025-04-23 16:00:00+00:00,2529376.01015371
2025-04-23 17:00:00+00:00,2517658.55166377
2025-04-23 18:00:00+00:00,2518913.51501289
2025-04-23 19:00:00+00:00,2519626.44483677
2025-04-23 20:00:00+00:00,2518978.8610659
2025-04-23 21:00:00+00:00,2521099.17990946
2025-04-23 22:00:00+00:00,2521372.58371114
2025-04-23 23:00:00+00:00,2521383.38295402
2025-04-24 00:00:00+00:00,2521438.36444882
2025-04-24 01:00:00+00:00,2522549.98575734
2025-04-24 02:00:00+00:00,2518877.17509427
2025-04-24 03:00:00+00:00,2517897.56048891
2025-04-24 04:00:00+00:00,2517786.19170123
2025-04-24 05:00:00+00:00,2517752.11928424
2025-04-24 06:00:00+00:00,2517850.87444039
2025-04-24 07:00:00+00:00,2517922.6382650803
2025-04-24 08:00:00+00:00,2533235.40532563
2025-04-24 09:00:00+00:00,2516954.19987606
2025-04-24 10:00:00+00:00,2518020.3302131803
2025-04-24 11:00:00+00:00,2515359.94666987
2025-04-24 12:00:00+00:00,2514440.0443732003
2025-04-24 13:00:00+00:00,2513223.20453231
2025-04-24 14:00:00+00:00,2513311.64373749
2025-04-24 15:00:00+00:00,2513226.17250692
2025-04-24 16:00:00+00:00,2513352.07376481
2025-04-24 17:00:00+00:00,2513834.35369837
2025-04-24 18:00:00+00:00,2514799.09998434
2025-04-24 19:00:00+00:00,2514353.20744266
2025-04-24 20:00:00+00:00,2514425.10133194
2025-04-24 21:00:00+00:00,2513400.06922401
2025-04-24 22:00:00+00:00,2513491.68921802
2025-04-24 23:00:00+00:00,2513493.16284974
2025-04-25 00:00:00+00:00,2513768.81255013
2025-04-25 01:00:00+00:00,2513613.08211442
2025-04-25 02:00:00+00:00,2513447.9347700803
2025-04-25 03:00:00+00:00,2513460.91147118
2025-04-25 04:00:00+00:00,2513477.24874913
2025-04-25 05:00:00+00:00,2513411.30202932
2025-04-25 06:00:00+00:00,2513360.89886255
2025-04-25 07:00:00+00:00,2513027.42559405
2025-04-25 08:00:00+00:00,2512995.61170604
2025-04-25 09:00:00+00:00,2514949.9234656403
2025-04-25 10:00:00+00:00,2529633.77646732
2025-04-25 11:00:00+00:00,2529971.95044633
2025-04-25 12:00:00+00:00,2529531.17790123
2025-04-25 13:00:00+00:00,2531262.23935385
2025-04-25 14:00:00+00:00,2529805.31618447
2025-04-25 15:00:00+00:00,2529961.03362574
2025-04-25 16:00:00+00:00,2529742.3205076
2025-04-25 17:00:00+00:00,2530277.34634277
2025-04-25 18:00:00+00:00,2531087.7198114
2025-04-25 19:00:00+00:00,2533498.88365034
2025-04-25 20:00:00+00:00,2533144.6927322103
2025-04-25 21:00:00+00:00,2542335.58502077
2025-04-25 22:00:00+00:00,2542533.03507634
2025-04-25 23:00:00+00:00,2543735.45844611
2025-04-26 00:00:00+00:00,2544948.2601564
2025-04-26 01:00:00+00:00,2543935.06662657
2025-04-26 02:00:00+00:00,2543984.6814915
2025-04-26 03:00:00+00:00,2543990.87367711
2025-04-26 04:00:00+00:00,2543949.62063622
2025-04-26 05:00:00+00:00,2544047.78176599
2025-04-26 06:00:00+00:00,2544011.01140957
2025-04-26 07:00:00+00:00,2544055.04067954
2025-04-26 08:00:00+00:00,2544463.43734598
2025-04-26 09:00:00+00:00,2543315.89664267
2025-04-26 10:00:00+00:00,2543308.60310089
2025-04-26 11:00:00+00:00,2543127.08459004
2025-04-26 12:00:00+00:00,2543142.29954697
2025-04-26 13:00:00+00:00,2542586.05739605
2025-04-26 14:00:00+00:00,2542628.04767391
2025-04-26 15:00:00+00:00,2542362.7790021403
2025-04-26 16:00:00+00:00,2542408.13759534
2025-04-26 17:00:00+00:00,2542383.99919402
2025-04-26 18:00:00+00:00,2542460.65960488
2025-04-26 19:00:00+00:00,2542484.98021816
2025-04-26 20:00:00+00:00,2542577.12932642
2025-04-26 21:00:00+00:00,2542658.82024065
2025-04-26 22:00:00+00:00,2543164.13820234
2025-04-26 23:00:00+00:00,2543299.66511548
2025-04-27 00:00:00+00:00,2543317.31504647
2025-04-27 01:00:00+00:00,2543371.42692229
2025-04-27 02:00:00+00:00,2543374.73568166
2025-04-27 03:00:00+00:00,2543464.87553157
2025-04-27 04:00:00+00:00,2543507.9804419302
2025-04-27 05:00:00+00:00,2543468.83098932
2025-04-27 06:00:00+00:00,2543494.81167455
2025-04-27 07:00:00+00:00,2543585.748579
2025-04-27 08:00:00+00:00,2543671.4228631803
2025-04-27 09:00:00+00:00,2543656.04047865
2025-04-27 10:00:00+00:00,2543605.99858572
2025-04-27 11:00:00+00:00,2543597.16543224
2025-04-27 12:00:00+00:00,2543574.07750268
2025-04-27 13:00:00+00:00,2543646.4207821502
2025-04-27 14:00:00+00:00,2543522.07586617
2025-04-27 15:00:00+00:00,2543517.24022886
2025-04-27 16:00:00+00:00,2543538.10848461
2025-04-27 17:00:00+00:00,2543466.20170052
2025-04-27 18:00:00+00:00,2543518.2772416403
2025-04-27 19:00:00+00:00,2543796.04793303
2025-04-27 20:00:00+00:00,2544261.0646946
2025-04-27 21:00:00+00:00,2543369.67981293
2025-04-27 22:00:00+00:00,2543247.01291105
2025-04-27 23:00:00+00:00,2541093.1399567
2025-04-28 00:00:00+00:00,2540927.52532143
2025-04-28 01:00:00+00:00,2540669.18353052
2025-04-28 02:00:00+00:00,2540779.3699554
2025-04-28 03:00:00+00:00,2540756.59954206
2025-04-28 04:00:00+00:00,2539992.24070576
2025-04-28 05:00:00+00:00,2539916.82927414
2025-04-28 06:00:00+00:00,2539146.03755725
2025-04-28 07:00:00+00:00,2539139.60513438
2025-04-28 08:00:00+00:00,2539232.24508229
2025-04-28 09:00:00+00:00,2539578.78791002
2025-04-28 10:00:00+00:00,2539509.99517927
2025-04-28 11:00:00+00:00,2539516.8814580003
2025-04-28 12:00:00+00:00,2538132.01726527
2025-04-28 13:00:00+00:00,2537483.02600184
2025-04-28 14:00:00+00:00,2536070.38897591
2025-04-28 15:00:00+00:00,2535759.6662462302
2025-04-28 16:00:00+00:00,2535654.62568381
2025-04-28 17:00:00+00:00,2535771.20961811
2025-04-28 18:00:00+00:00,2535874.67915684
2025-04-28 19:00:00+00:00,2537657.65747444
2025-04-28 20:00:00+00:00,2537073.25668156
2025-04-28 21:00:00+00:00,2537436.68100542
2025-04-28 22:00:00+00:00,2537593.39731223
2025-04-28 23:00:00+00:00,2538684.85318666
2025-04-29 00:00:00+00:00,2538590.87251099
2025-04-29 01:00:00+00:00,2538597.39258593
2025-04-29 02:00:00+00:00,2538620.18016137
2025-04-29 03:00:00+00:00,2538607.92740387
2025-04-29 04:00:00+00:00,2538590.41073983
2025-04-29 05:00:00+00:00,2539972.9874145603
2025-04-29 06:00:00+00:00,2539976.07326748
2025-04-29 07:00:00+00:00,2540019.59649372
2025-04-29 08:00:00+00:00,2540756.5342354
2025-04-29 09:00:00+00:00,2540940.8370227
2025-04-29 10:00:00+00:00,2540882.94272323
2025-04-29 11:00:00+00:00,2538529.61446697
2025-04-29 12:00:00+00:00,2538432.6337723
2025-04-29 13:00:00+00:00,2538436.46198714
2025-04-29 14:00:00+00:00,2539452.09840764
2025-04-29 15:00:00+00:00,2539139.61891504
2025-04-29 16:00:00+00:00,2537327.85378908
2025-04-29 17:00:00+00:00,2536833.6882127803
2025-04-29 18:00:00+00:00,2536785.85880805
2025-04-29 19:00:00+00:00,2537829.10295397
2025-04-29 20:00:00+00:00,2537979.59786694
2025-04-29 21:00:00+00:00,2537721.26541755
2025-04-29 22:00:00+00:00,2537781.55685631
2025-04-29 23:00:00+00:00,2537788.22006254
2025-04-30 00:00:00+00:00,2537725.84076259
2025-04-30 01:00:00+00:00,2537787.26000088
2025-04-30 02:00:00+00:00,2537851.25442845
2025-04-30 03:00:00+00:00,2537887.17172424
2025-04-30 04:00:00+00:00,2538110.83538916
2025-04-30 05:00:00+00:00,2537950.7291472303
2025-04-30 06:00:00+00:00,2536589.73713627
2025-04-30 07:00:00+00:00,2536620.80901958
2025-04-30 08:00:00+00:00,2536933.9714452103
2025-04-30 09:00:00+00:00,2536947.87834718
2025-04-30 10:00:00+00:00,2537003.03585017
2025-04-30 11:00:00+00:00,2537056.26878606
2025-04-30 12:00:00+00:00,2538978.64371858
2025-04-30 13:00:00+00:00,2536874.53404641
2025-04-30 14:00:00+00:00,2536966.64555994
2025-04-30 15:00:00+00:00,2536759.12535797
2025-04-30 16:00:00+00:00,2536820.35836732
2025-04-30 17:00:00+00:00,2538061.77435565
2025-04-30 18:00:00+00:00,2537899.94065257
2025-04-30 19:00:00+00:00,2537828.3513842
2025-04-30 20:00:00+00:00,2539006.4609051
2025-04-30 21:00:00+00:00,2538728.9549208903
2025-04-30 22:00:00+00:00,2538772.9554429
2025-04-30 23:00:00+00:00,2538829.50465421
2025-05-01 00:00:00+00:00,2538837.53466953
2025-05-01 01:00:00+00:00,2538732.29607392
2025-05-01 02:00:00+00:00,2538443.52729654
2025-05-01 03:00:00+00:00,2538406.8839032003
2025-05-01 04:00:00+00:00,2538433.08301624
2025-05-01 05:00:00+00:00,2538455.77523808
2025-05-01 06:00:00+00:00,2538391.52203654
2025-05-01 07:00:00+00:00,2539461.19229461
2025-05-01 08:00:00+00:00,2539631.36865583
2025-05-01 09:00:00+00:00,2539380.43055827
2025-05-01 10:00:00+00:00,2539405.20895889
2025-05-01 11:00:00+00:00,2537819.95611386
2025-05-01 12:00:00+00:00,2536750.9220546503
2025-05-01 13:00:00+00:00,2536602.05852256
2025-05-01 14:00:00+00:00,2537134.65383603
2025-05-01 15:00:00+00:00,2536000.32747538
2025-05-01 16:00:00+00:00,2535961.98278247
2025-05-01 17:00:00+00:00,2535941.51197697
2025-05-01 18:00:00+00:00,2535760.7108325
2025-05-01 19:00:00+00:00,2535260.7036849703
2025-05-01 20:00:00+00:00,2537294.0535440203
2025-05-01 21:00:00+00:00,2537183.93795356
2025-05-01 22:00:00+00:00,2537454.76947106
2025-05-01 23:00:00+00:00,2538024.03889431
2025-05-02 00:00:00+00:00,2538034.05494757
2025-05-02 01:00:00+00:00,2538168.53928137
2025-05-02 02:00:00+00:00,2538227.32101079
2025-05-02 03:00:00+00:00,2536971.57672723
2025-05-02 04:00:00+00:00,2536999.89214673
2025-05-02 05:00:00+00:00,2536997.31243995
2025-05-02 06:00:00+00:00,2536989.74668719
2025-05-02 07:00:00+00:00,2537161.76436741
2025-05-02 08:00:00+00:00,2537169.84743278
2025-05-02 09:00:00+00:00,2537263.60929299
2025-05-02 10:00:00+00:00,2537331.7390530403
2025-05-02 11:00:00+00:00,2537363.15665282
2025-05-02 12:00:00+00:00,2540890.51405084
2025-05-02 13:00:00+00:00,2537709.46291123
2025-05-02 14:00:00+00:00,2537886.2343690502
2025-05-02 15:00:00+00:00,2534895.17826455
2025-05-02 16:00:00+00:00,2537279.33054741
2025-05-02 17:00:00+00:00,2537318.97993993
2025-05-02 18:00:00+00:00,2538327.05214806
2025-05-02 19:00:00+00:00,2538407.03469752
2025-05-02 20:00:00+00:00,2540039.76788123
2025-05-02 21:00:00+00:00,2537450.23363956
2025-05-02 22:00:00+00:00,2532467.53837894
2025-05-02 23:00:00+00:00,2532495.25762728
2025-05-03 00:00:00+00:00,2533223.0845783902
2025-05-03 01:00:00+00:00,2533267.13954709
2025-05-03 02:00:00+00:00,2533293.81826606
2025-05-03 03:00:00+00:00,2533263.11061209
2025-05-03 04:00:00+00:00,2533278.87073918
2025-05-03 05:00:00+00:00,2533309.10425523
2025-05-03 06:00:00+00:00,2533348.97972397
2025-05-03 07:00:00+00:00,2533307.61272865
2025-05-03 08:00:00+00:00,2533295.32239422
2025-05-03 09:00:00+00:00,2533313.4848608403
2025-05-03 10:00:00+00:00,2533312.49545908
2025-05-03 11:00:00+00:00,2533331.64622814
2025-05-03 12:00:00+00:00,2533285.90784773
2025-05-03 13:00:00+00:00,2533249.11907449
2025-05-03 14:00:00+00:00,2533220.32752402
2025-05-03 15:00:00+00:00,2530985.78361178
2025-05-03 16:00:00+00:00,2531028.70870795
2025-05-03 17:00:00+00:00,2531103.00675003
2025-05-03 18:00:00+00:00,2531098.42032087
2025-05-03 19:00:00+00:00,2530293.76259139
2025-05-03 20:00:00+00:00,2530298.61476122
2025-05-03 21:00:00+00:00,2530307.6787659
2025-05-03 22:00:00+00:00,2530341.2674399503
2025-05-03 23:00:00+00:00,2530357.77202189
2025-05-04 00:00:00+00:00,2530322.3892059
2025-05-04 01:00:00+00:00,2530039.37209283
2025-05-04 02:00:00+00:00,2530060.56318778
2025-05-04 03:00:00+00:00,2530062.05314295
2025-05-04 04:00:00+00:00,2530074.77141164
2025-05-04 05:00:00+00:00,2530067.4307122403
2025-05-04 06:00:00+00:00,2530045.11173794
2025-05-04 07:00:00+00:00,2530071.26339035
2025-05-04 08:00:00+00:00,2530079.06773108
2025-05-04 09:00:00+00:00,2530071.11826546
2025-05-04 10:00:00+00:00,2530078.21528407
2025-05-04 11:00:00+00:00,2530098.33503913
2025-05-04 12:00:00+00:00,2530098.7727128603
2025-05-04 13:00:00+00:00,2530093.6062782
2025-05-04 14:00:00+00:00,2530084.09742073
2025-05-04 15:00:00+00:00,2530098.02283607
2025-05-04 16:00:00+00:00,2531373.15488076
2025-05-04 17:00:00+00:00,2531362.63194492
2025-05-04 18:00:00+00:00,2531397.27283466
2025-05-04 19:00:00+00:00,2531398.08788257
2025-05-04 20:00:00+00:00,2531373.25539262
2025-05-04 21:00:00+00:00,2531385.7557249
2025-05-04 22:00:00+00:00,2531066.0260891803
2025-05-04 23:00:00+00:00,2531056.89420359
2025-05-05 00:00:00+00:00,2530985.42867836
2025-05-05 01:00:00+00:00,2530939.38855493
2025-05-05 02:00:00+00:00,2530871.17975112
2025-05-05 03:00:00+00:00,2530889.71218582
2025-05-05 04:00:00+00:00,2529820.52703044
2025-05-05 05:00:00+00:00,2529638.5817362103
2025-05-05 06:00:00+00:00,2529448.45407932
2025-05-05 07:00:00+00:00,2529462.72829575
2025-05-05 08:00:00+00:00,2529389.76674662
2025-05-05 09:00:00+00:00,2529304.83012735
2025-05-05 10:00:00+00:00,2529346.69716266
2025-05-05 11:00:00+00:00,2529353.41997664
2025-05-05 12:00:00+00:00,2527709.9102387303
2025-05-05 13:00:00+00:00,2528993.02302508
2025-05-05 14:00:00+00:00,2528711.85260656
2025-05-05 15:00:00+00:00,2528783.11759076
2025-05-05 16:00:00+00:00,2529723.20112937
2025-05-05 17:00:00+00:00,2527548.72876002
2025-05-05 18:00:00+00:00,2528087.12590506
2025-05-05 19:00:00+00:00,2527969.71755061
2025-05-05 20:00:00+00:00,2527793.25147088
2025-05-05 21:00:00+00:00,2527825.0814556503
2025-05-05 22:00:00+00:00,2527829.2409645403
2025-05-05 23:00:00+00:00,2526827.9068412
2025-05-06 00:00:00+00:00,2526941.76656075
2025-05-06 01:00:00+00:00,2526852.69481304
2025-05-06 02:00:00+00:00,2525541.95934623
2025-05-06 03:00:00+00:00,2527023.46488138
2025-05-06 04:00:00+00:00,2527047.45235149
2025-05-06 05:00:00+00:00,2527067.70270939
2025-05-06 06:00:00+00:00,2527103.80005559
2025-05-06 07:00:00+00:00,2527196.13212731
2025-05-06 08:00:00+00:00,2527134.66460306
2025-05-06 09:00:00+00:00,2527007.60664215
2025-05-06 10:00:00+00:00,2527068.37503146
2025-05-06 11:00:00+00:00,2529356.55570044
2025-05-06 12:00:00+00:00,2529174.1217796
2025-05-06 13:00:00+00:00,2525567.91312916
2025-05-06 14:00:00+00:00,2525286.9650559803
2025-05-06 15:00:00+00:00,2524952.74249857
2025-05-06 16:00:00+00:00,2525130.55636725
2025-05-06 17:00:00+00:00,2525126.02328312
2025-05-06 18:00:00+00:00,2526257.72116686
2025-05-06 19:00:00+00:00,2526075.86254184
2025-05-06 20:00:00+00:00,2527922.95910176
2025-05-06 21:00:00+00:00,2526441.02854218
2025-05-06 22:00:00+00:00,2526442.17567171
2025-05-06 23:00:00+00:00,2526423.87539799
2025-05-07 00:00:00+00:00,2526491.58798885
2025-05-07 01:00:00+00:00,2526402.21443555
2025-05-07 02:00:00+00:00,2526407.24825188
2025-05-07 03:00:00+00:00,2526274.74713226
2025-05-07 04:00:00+00:00,2527401.42629478
2025-05-07 05:00:00+00:00,2527805.6052643103
2025-05-07 06:00:00+00:00,2526802.73273106
2025-05-07 07:00:00+00:00,2526784.87251882
2025-05-07 08:00:00+00:00,2529051.60414408
2025-05-07 09:00:00+00:00,2527301.56901618
2025-05-07 10:00:00+00:00,2527325.64619352
2025-05-07 11:00:00+00:00,2527049.82578375
2025-05-07 12:00:00+00:00,2528040.06176581
2025-05-07 13:00:00+00:00,2526599.48280958
2025-05-07 14:00:00+00:00,2525548.32410942
2025-05-07 15:00:00+00:00,2525618.47679742
2025-05-07 16:00:00+00:00,2525505.33653238
2025-05-07 17:00:00+00:00,2525319.21068785
2025-05-07 18:00:00+00:00,2525332.44512987
2025-05-07 19:00:00+00:00,2525258.13235595
2025-05-07 20:00:00+00:00,2525261.07743052
2025-05-07 21:00:00+00:00,2526307.2977052103
2025-05-07 22:00:00+00:00,2526418.81631266
2025-05-07 23:00:00+00:00,2526415.0649792203
2025-05-08 00:00:00+00:00,2526413.40686128
2025-05-08 01:00:00+00:00,2526609.07275373
2025-05-08 02:00:00+00:00,2526499.80258566
2025-05-08 03:00:00+00:00,2526120.23054048
2025-05-08 04:00:00+00:00,2526135.21933849
2025-05-08 05:00:00+00:00,2526170.2800369
2025-05-08 06:00:00+00:00,2524146.91957844
2025-05-08 07:00:00+00:00,2524121.28105768
2025-05-08 08:00:00+00:00,2523705.4288226003
2025-05-08 09:00:00+00:00,2523720.35983182
2025-05-08 10:00:00+00:00,2524038.70264913
2025-05-08 11:00:00+00:00,2524046.87051258
2025-05-08 12:00:00+00:00,2522828.40182865
2025-05-08 13:00:00+00:00,2522429.10529162
2025-05-08 14:00:00+00:00,2522728.2965251
2025-05-08 15:00:00+00:00,2522844.0771271503
2025-05-08 16:00:00+00:00,2525031.17900107
2025-05-08 17:00:00+00:00,2523787.14942777
2025-05-08 18:00:00+00:00,2523643.22817006
2025-05-08 19:00:00+00:00,2524020.87757701
2025-05-08 20:00:00+00:00,2525971.9102398
2025-05-08 21:00:00+00:00,2524944.01009185
2025-05-08 22:00:00+00:00,2524974.65459537
2025-05-08 23:00:00+00:00,2525868.20615258
2025-05-09 00:00:00+00:00,2523867.54517776
2025-05-09 01:00:00+00:00,2524957.10171912
2025-05-09 02:00:00+00:00,2525039.58721075
2025-05-09 03:00:00+00:00,2523853.42481561
2025-05-09 04:00:00+00:00,2524970.0687755
2025-05-09 05:00:00+00:00,2524961.4347977
2025-05-09 06:00:00+00:00,2523607.4439311
2025-05-09 07:00:00+00:00,2524516.01142605
2025-05-09 08:00:00+00:00,2524161.84811007
2025-05-09 09:00:00+00:00,2513547.7828457803
2025-05-09 10:00:00+00:00,2513583.00490083
2025-05-09 11:00:00+00:00,2512563.21334824
2025-05-09 12:00:00+00:00,2512584.94322447
2025-05-09 13:00:00+00:00,2512237.9962978503
2025-05-09 14:00:00+00:00,2514254.11526048
2025-05-09 15:00:00+00:00,2513873.41409141
2025-05-09 16:00:00+00:00,2514588.35889462
2025-05-09 17:00:00+00:00,2516150.90268385
2025-05-09 18:00:00+00:00,2524551.6177278003
2025-05-09 19:00:00+00:00,2523738.1401066203
2025-05-09 20:00:00+00:00,2524813.14060286
2025-05-09 21:00:00+00:00,2524854.01867175
2025-05-09 22:00:00+00:00,2524807.53511499
2025-05-09 23:00:00+00:00,2524863.02692288
2025-05-10 00:00:00+00:00,2523810.7943273
2025-05-10 01:00:00+00:00,2523921.42186483
2025-05-10 02:00:00+00:00,2523955.75122966
2025-05-10 03:00:00+00:00,2525017.34198607
2025-05-10 04:00:00+00:00,2525016.52677686
2025-05-10 05:00:00+00:00,2525021.24363619
2025-05-10 06:00:00+00:00,2525030.48389424
2025-05-10 07:00:00+00:00,2525038.66138269
2025-05-10 08:00:00+00:00,2525039.82566841
2025-05-10 09:00:00+00:00,2525085.88413147
2025-05-10 10:00:00+00:00,2534796.04376108
2025-05-10 11:00:00+00:00,2534813.16234234
2025-05-10 12:00:00+00:00,2534747.22381533
2025-05-10 13:00:00+00:00,2534742.35528804
2025-05-10 14:00:00+00:00,2534746.70463562
2025-05-10 15:00:00+00:00,2534699.63685512
2025-05-10 16:00:00+00:00,2544693.8564344
2025-05-10 17:00:00+00:00,2544765.9672109103
2025-05-10 18:00:00+00:00,2534808.77707374
2025-05-10 19:00:00+00:00,2534772.56332427
2025-05-10 20:00:00+00:00,2534775.24291348
2025-05-10 21:00:00+00:00,2534781.62667437
2025-05-10 22:00:00+00:00,2534996.63125346
2025-05-10 23:00:00+00:00,2536002.9209677503
2025-05-11 00:00:00+00:00,2535934.4845091403
2025-05-11 01:00:00+00:00,2535873.01504764
2025-05-11 02:00:00+00:00,2535792.32001972
2025-05-11 03:00:00+00:00,2535655.45175245
2025-05-11 04:00:00+00:00,2535506.28215334
2025-05-11 05:00:00+00:00,2535255.29445636
2025-05-11 06:00:00+00:00,2533033.51384279
2025-05-11 07:00:00+00:00,2533001.95410361
2025-05-11 08:00:00+00:00,2534077.05009204
2025-05-11 09:00:00+00:00,2534091.04101108
2025-05-11 10:00:00+00:00,2535096.6059005302
2025-05-11 11:00:00+00:00,2535229.98390406
2025-05-11 12:00:00+00:00,2535096.15032122
2025-05-11 13:00:00+00:00,2535037.8313284502
2025-05-11 14:00:00+00:00,2533946.38409047
2025-05-11 15:00:00+00:00,2534021.85903978
2025-05-11 16:00:00+00:00,2534018.51039157
2025-05-11 17:00:00+00:00,2534013.96110036
2025-05-11 18:00:00+00:00,2534003.535178
2025-05-11 19:00:00+00:00,2534019.36616428
2025-05-11 20:00:00+00:00,2533992.43863207
2025-05-11 21:00:00+00:00,2534943.5426137
2025-05-11 22:00:00+00:00,2534952.11929845
2025-05-11 23:00:00+00:00,2533950.11474055
2025-05-12 00:00:00+00:00,2533953.92584817
2025-05-12 01:00:00+00:00,2534989.2302446403
2025-05-12 02:00:00+00:00,2533865.66201085
2025-05-12 03:00:00+00:00,2533390.02616804
2025-05-12 04:00:00+00:00,2535699.67188852
2025-05-12 05:00:00+00:00,2535044.98356076
2025-05-12 06:00:00+00:00,2535764.66877172
2025-05-12 07:00:00+00:00,2536242.92030221
2025-05-12 08:00:00+00:00,2535099.02174392
2025-05-12 09:00:00+00:00,2535111.49462786
2025-05-12 10:00:00+00:00,2535123.4437996
2025-05-12 11:00:00+00:00,2535147.04066071
2025-05-12 12:00:00+00:00,2535210.67736685
2025-05-12 13:00:00+00:00,2534771.17993756
2025-05-12 14:00:00+00:00,2536169.45489993
2025-05-12 15:00:00+00:00,2534018.79909412
2025-05-12 16:00:00+00:00,2534622.5482448502
2025-05-12 17:00:00+00:00,2534605.23676738
2025-05-12 18:00:00+00:00,2535107.01110431
2025-05-12 19:00:00+00:00,2532784.71434796
2025-05-12 20:00:00+00:00,2532895.13325493
2025-05-12 21:00:00+00:00,2532913.89182118
2025-05-12 22:00:00+00:00,2533250.81633412
2025-05-12 23:00:00+00:00,2533285.55750522
2025-05-13 00:00:00+00:00,2533443.63446982
2025-05-13 01:00:00+00:00,2533455.81217407
2025-05-13 02:00:00+00:00,2533427.39837497
2025-05-13 03:00:00+00:00,2533437.35043343
2025-05-13 04:00:00+00:00,2533403.80053556
2025-05-13 05:00:00+00:00,2533376.75703194
2025-05-13 06:00:00+00:00,2533376.60757576
2025-05-13 07:00:00+00:00,2533307.10968
2025-05-13 08:00:00+00:00,2533304.27235395
2025-05-13 09:00:00+00:00,2533269.8430253
2025-05-13 10:00:00+00:00,2530914.40802555
2025-05-13 11:00:00+00:00,2530866.75823662
2025-05-13 12:00:00+00:00,2520860.83521571
2025-05-13 13:00:00+00:00,2520909.32778078
2025-05-13 14:00:00+00:00,2519276.91451741
2025-05-13 15:00:00+00:00,2519645.54187092
2025-05-13 16:00:00+00:00,2530138.04108009
2025-05-13 17:00:00+00:00,2530029.09307491
2025-05-13 18:00:00+00:00,2532641.17001267
2025-05-13 19:00:00+00:00,2532479.85956134
2025-05-13 20:00:00+00:00,2532470.44198451
2025-05-13 21:00:00+00:00,2532021.09203655
2025-05-13 22:00:00+00:00,2530073.1472838703
2025-05-13 23:00:00+00:00,2530071.47909746
2025-05-14 00:00:00+00:00,2530064.45735031
2025-05-14 01:00:00+00:00,2530216.45360307
2025-05-14 02:00:00+00:00,2530192.40647984
2025-05-14 03:00:00+00:00,2530166.61292528
2025-05-14 04:00:00+00:00,2530284.49809343
2025-05-14 05:00:00+00:00,2529198.93277408
2025-05-14 06:00:00+00:00,2529172.18824099
2025-05-14 07:00:00+00:00,2529191.14944899
2025-05-14 08:00:00+00:00,2529237.44547899
2025-05-14 09:00:00+00:00,2529174.49408872
2025-05-14 10:00:00+00:00,2529051.88270488
2025-05-14 11:00:00+00:00,2529109.31344595
2025-05-14 12:00:00+00:00,2529135.64053429
2025-05-14 13:00:00+00:00,2528057.5192111
2025-05-14 14:00:00+00:00,2528022.45171417
2025-05-14 15:00:00+00:00,2527199.6752872
2025-05-14 16:00:00+00:00,2527335.54936243
2025-05-14 17:00:00+00:00,2526557.00927901
2025-05-14 18:00:00+00:00,2526491.87790881
2025-05-14 19:00:00+00:00,2527297.82642826
2025-05-14 20:00:00+00:00,2525878.97993115
2025-05-14 21:00:00+00:00,2525993.57270868
2025-05-14 22:00:00+00:00,2527204.27402713
2025-05-14 23:00:00+00:00,2527165.15282857
2025-05-15 00:00:00+00:00,2527121.02346935
2025-05-15 01:00:00+00:00,2527201.3538369
2025-05-15 02:00:00+00:00,2527019.90925139
2025-05-15 03:00:00+00:00,2526996.21980647
2025-05-15 04:00:00+00:00,2527005.23561054
2025-05-15 05:00:00+00:00,2527007.3759238003
2025-05-15 06:00:00+00:00,2527015.68056047
2025-05-15 07:00:00+00:00,2527080.93404318
2025-05-15 08:00:00+00:00,2527580.22757832
2025-05-15 09:00:00+00:00,2527448.95050421
2025-05-15 10:00:00+00:00,2527290.99420549
2025-05-15 11:00:00+00:00,2527550.20768286
2025-05-15 12:00:00+00:00,2527276.02970248
2025-05-15 13:00:00+00:00,2527607.45180951
2025-05-15 14:00:00+00:00,2526598.94608276
2025-05-15 15:00:00+00:00,2526027.82598012
2025-05-15 16:00:00+00:00,2528347.44479338
2025-05-15 17:00:00+00:00,2528976.26840082
2025-05-15 18:00:00+00:00,2528664.41983105
2025-05-15 19:00:00+00:00,2528656.91609367
2025-05-15 20:00:00+00:00,2528522.12864356
2025-05-15 21:00:00+00:00,2527651.57247126
2025-05-15 22:00:00+00:00,2527977.70159538
2025-05-15 23:00:00+00:00,2527872.9334057
2025-05-16 00:00:00+00:00,2527805.40448274
2025-05-16 01:00:00+00:00,2527779.58627707
2025-05-16 02:00:00+00:00,2527622.91919949
2025-05-16 03:00:00+00:00,2527290.86932512
2025-05-16 04:00:00+00:00,2527457.10489483
2025-05-16 05:00:00+00:00,2527410.64827097
2025-05-16 06:00:00+00:00,2527384.3007218703
2025-05-16 07:00:00+00:00,2527312.28998779
2025-05-16 08:00:00+00:00,2527330.58127933
2025-05-16 09:00:00+00:00,2527337.09590455
2025-05-16 10:00:00+00:00,2527337.61919153
2025-05-16 11:00:00+00:00,2527285.20491577
2025-05-16 12:00:00+00:00,2527129.49836563
2025-05-16 13:00:00+00:00,2527109.72709496
2025-05-16 14:00:00+00:00,2526897.39811952
2025-05-16 15:00:00+00:00,2526934.2841453003
2025-05-16 16:00:00+00:00,2527357.71207898
2025-05-16 17:00:00+00:00,2527853.10641879
2025-05-16 18:00:00+00:00,2527883.8374216203
2025-05-16 19:00:00+00:00,2527994.06464497
2025-05-16 20:00:00+00:00,2528633.2070112
2025-05-16 21:00:00+00:00,2528579.3681059303
2025-05-16 22:00:00+00:00,2527499.01730861
2025-05-16 23:00:00+00:00,2527522.59110125
2025-05-17 00:00:00+00:00,2527416.3266444
2025-05-17 01:00:00+00:00,2527465.6030394803
2025-05-17 02:00:00+00:00,2527415.4645951902
2025-05-17 03:00:00+00:00,2527445.13753171
2025-05-17 04:00:00+00:00,2527486.21172615
2025-05-17 05:00:00+00:00,2527468.18002155
2025-05-17 06:00:00+00:00,2527544.85370625
2025-05-17 07:00:00+00:00,2527474.29500329
2025-05-17 08:00:00+00:00,2527466.28019056
2025-05-17 09:00:00+00:00,2527518.31804184
2025-05-17 10:00:00+00:00,2527633.3168936702
2025-05-17 11:00:00+00:00,2527575.20922577
2025-05-17 12:00:00+00:00,2527520.32223231
2025-05-17 13:00:00+00:00,2527549.69558979
2025-05-17 14:00:00+00:00,2527536.89667116
2025-05-17 15:00:00+00:00,2527548.10848422
2025-05-17 16:00:00+00:00,2527466.63287027
2025-05-17 17:00:00+00:00,2527468.95790071
2025-05-17 18:00:00+00:00,2527546.38450979
2025-05-17 19:00:00+00:00,2527484.87762701
2025-05-17 20:00:00+00:00,2527439.12589173
2025-05-17 21:00:00+00:00,2527457.44669989
2025-05-17 22:00:00+00:00,2527484.94294513
2025-05-17 23:00:00+00:00,2527488.30733651
2025-05-18 00:00:00+00:00,2527157.51188893
2025-05-18 01:00:00+00:00,2527170.95425413
2025-05-18 02:00:00+00:00,2528187.06773224
2025-05-18 03:00:00+00:00,2528194.94914838
2025-05-18 04:00:00+00:00,2528178.94737641
2025-05-18 05:00:00+00:00,2528262.37312159
2025-05-18 06:00:00+00:00,2528360.74533659
2025-05-18 07:00:00+00:00,2528369.7920613
2025-05-18 08:00:00+00:00,2528451.99155057
2025-05-18 09:00:00+00:00,2528343.6721579703
2025-05-18 10:00:00+00:00,2528354.0082529
2025-05-18 11:00:00+00:00,2528486.02171038
2025-05-18 12:00:00+00:00,2528123.31060302
2025-05-18 13:00:00+00:00,2528112.59428025
2025-05-18 14:00:00+00:00,2528168.56826338
2025-05-18 15:00:00+00:00,2528124.76262851
2025-05-18 16:00:00+00:00,2528166.7904315
2025-05-18 17:00:00+00:00,2528229.8292043703
2025-05-18 18:00:00+00:00,2526938.7259402103
2025-05-18 19:00:00+00:00,2526960.62566804
2025-05-18 20:00:00+00:00,2526966.08263998
2025-05-18 21:00:00+00:00,2526971.35103902
2025-05-18 22:00:00+00:00,2526938.75100335
2025-05-18 23:00:00+00:00,2526956.25988373
2025-05-19 00:00:00+00:00,2526910.4077223702
2025-05-19 01:00:00+00:00,2526905.53341199
2025-05-19 02:00:00+00:00,2527082.4614652703
2025-05-19 03:00:00+00:00,2526705.36992032
2025-05-19 04:00:00+00:00,2527572.36353624
2025-05-19 05:00:00+00:00,2536736.69685546
2025-05-19 06:00:00+00:00,2537179.22797872
2025-05-19 07:00:00+00:00,2528770.62441706
2025-05-19 08:00:00+00:00,2538035.2469710303
2025-05-19 09:00:00+00:00,2538056.72171586
2025-05-19 10:00:00+00:00,2538317.6428016
2025-05-19 11:00:00+00:00,2538206.35757927
2025-05-19 12:00:00+00:00,2537939.11184678
2025-05-19 13:00:00+00:00,2535695.18084823
2025-05-19 14:00:00+00:00,2536725.02734294
2025-05-19 15:00:00+00:00,2535796.62460662
2025-05-19 16:00:00+00:00,2535795.96343384
2025-05-19 17:00:00+00:00,2538923.1105997902
2025-05-19 18:00:00+00:00,2539090.11397194
2025-05-19 19:00:00+00:00,2539131.88538773
2025-05-19 20:00:00+00:00,2538007.6996636
2025-05-19 21:00:00+00:00,2538040.44249857
2025-05-19 22:00:00+00:00,2538124.59706054
2025-05-19 23:00:00+00:00,2534938.40344137
2025-05-20 00:00:00+00:00,2537281.08473593
2025-05-20 01:00:00+00:00,2537297.8141295803
2025-05-20 02:00:00+00:00,2537378.29487484
2025-05-20 03:00:00+00:00,2537437.16694518
2025-05-20 04:00:00+00:00,2537218.94704919
2025-05-20 05:00:00+00:00,2537236.58644926
2025-05-20 06:00:00+00:00,2537937.81152644
2025-05-20 07:00:00+00:00,2537956.94406072
2025-05-20 08:00:00+00:00,2537951.76756281
2025-05-20 09:00:00+00:00,2537941.37952446
2025-05-20 10:00:00+00:00,2539000.25231692
2025-05-20 11:00:00+00:00,2538776.82136811
2025-05-20 12:00:00+00:00,2538780.88051295
2025-05-20 13:00:00+00:00,2538940.55315146
2025-05-20 14:00:00+00:00,2537664.87518496
2025-05-20 15:00:00+00:00,2538679.99265156
2025-05-20 16:00:00+00:00,2538615.09864651
2025-05-20 17:00:00+00:00,2539495.82583195
2025-05-20 18:00:00+00:00,2539891.25197691
2025-05-20 19:00:00+00:00,2539891.67697224
2025-05-20 20:00:00+00:00,2538820.45259879
2025-05-20 21:00:00+00:00,2539855.09739069
2025-05-20 22:00:00+00:00,2537745.94524759
2025-05-20 23:00:00+00:00,2537644.87655867
2025-05-21 00:00:00+00:00,2537659.60496879
2025-05-21 01:00:00+00:00,2537684.93459097
2025-05-21 02:00:00+00:00,2537099.44843379
2025-05-21 03:00:00+00:00,2537200.47023754
2025-05-21 04:00:00+00:00,2538235.05540032
2025-05-21 05:00:00+00:00,2537237.83578279
2025-05-21 06:00:00+00:00,2538282.6926558902
2025-05-21 07:00:00+00:00,2537560.9548888803
2025-05-21 08:00:00+00:00,2538069.54651531
2025-05-21 09:00:00+00:00,2538289.16373236
2025-05-21 10:00:00+00:00,2538744.74942258
2025-05-21 11:00:00+00:00,2538774.58603046
2025-05-21 12:00:00+00:00,2538767.77547759
2025-05-21 13:00:00+00:00,2539873.96130413
2025-05-21 14:00:00+00:00,2538991.86490521
2025-05-21 15:00:00+00:00,2539148.81369317
2025-05-21 16:00:00+00:00,2539684.95529364
2025-05-21 17:00:00+00:00,2539802.74056179
2025-05-21 18:00:00+00:00,2539609.29282876
2025-05-21 19:00:00+00:00,2539424.64764895
2025-05-21 20:00:00+00:00,2539012.46556039
2025-05-21 21:00:00+00:00,2541420.53874564
2025-05-21 22:00:00+00:00,2540394.73261126
2025-05-21 23:00:00+00:00,2540154.01571475
2025-05-22 00:00:00+00:00,2541199.59769525
2025-05-22 01:00:00+00:00,2541338.32305581
2025-05-22 02:00:00+00:00,2541454.10304989
2025-05-22 03:00:00+00:00,2530516.1826270903
2025-05-22 04:00:00+00:00,2530388.90951454
2025-05-22 05:00:00+00:00,2530487.96129289
2025-05-22 06:00:00+00:00,2530420.35977132
2025-05-22 07:00:00+00:00,2530329.83510943
2025-05-22 08:00:00+00:00,2531015.830834
2025-05-22 09:00:00+00:00,2531103.6994912103
2025-05-22 10:00:00+00:00,2531045.75733895
2025-05-22 11:00:00+00:00,2528859.43156937
2025-05-22 12:00:00+00:00,2529412.14257402
2025-05-22 13:00:00+00:00,2530457.51677794
2025-05-22 14:00:00+00:00,2530760.51230258
2025-05-22 15:00:00+00:00,2529224.21080348
2025-05-22 16:00:00+00:00,2539734.7177438
2025-05-22 17:00:00+00:00,2540999.38854351
2025-05-22 18:00:00+00:00,2541246.68946629
2025-05-22 19:00:00+00:00,2540398.12577144
2025-05-22 20:00:00+00:00,2540623.13320832
2025-05-22 21:00:00+00:00,2540511.76952044
2025-05-22 22:00:00+00:00,2540300.39294429
2025-05-22 23:00:00+00:00,2540292.1956963
2025-05-23 00:00:00+00:00,2540187.15924438
2025-05-23 01:00:00+00:00,2540157.98772973
2025-05-23 02:00:00+00:00,2539898.36677232
2025-05-23 03:00:00+00:00,2539384.27320304
2025-05-23 04:00:00+00:00,2539597.70639416
2025-05-23 05:00:00+00:00,2539556.3805072103
2025-05-23 06:00:00+00:00,2539395.92417906
2025-05-23 07:00:00+00:00,2539504.00064109
2025-05-23 08:00:00+00:00,2542368.9839013102
2025-05-23 09:00:00+00:00,2541229.26887309
2025-05-23 10:00:00+00:00,2538793.3238573503
2025-05-23 11:00:00+00:00,2540230.41258886
2025-05-23 12:00:00+00:00,2537865.60501225
2025-05-23 13:00:00+00:00,2537219.36466215
2025-05-23 14:00:00+00:00,2536219.42269101
2025-05-23 15:00:00+00:00,2536037.7257256103
2025-05-23 16:00:00+00:00,2535954.12998202
2025-05-23 17:00:00+00:00,2534562.37018975
2025-05-23 18:00:00+00:00,2534844.22250233
2025-05-23 19:00:00+00:00,2534625.44353531
2025-05-23 20:00:00+00:00,2531903.26285551
2025-05-23 21:00:00+00:00,2529219.4017158
2025-05-23 22:00:00+00:00,2528363.76412189
2025-05-23 23:00:00+00:00,2528390.68233791
2025-05-24 00:00:00+00:00,2528846.49566824
2025-05-24 01:00:00+00:00,2528913.7691469803
2025-05-24 02:00:00+00:00,2528905.55864981
2025-05-24 03:00:00+00:00,2528948.08460299
2025-05-24 04:00:00+00:00,2529004.76357924
2025-05-24 05:00:00+00:00,2531564.71710693
2025-05-24 06:00:00+00:00,2530965.12780499
2025-05-24 07:00:00+00:00,2530920.35831051
2025-05-24 08:00:00+00:00,2530924.5588787
2025-05-24 09:00:00+00:00,2530946.39300397
2025-05-24 10:00:00+00:00,2530965.70505224
2025-05-24 11:00:00+00:00,2530969.95349954
2025-05-24 12:00:00+00:00,2530940.73852993
2025-05-24 13:00:00+00:00,2530887.98226247
2025-05-24 14:00:00+00:00,2520907.92972502
2025-05-24 15:00:00+00:00,2530962.5519072902
2025-05-24 16:00:00+00:00,2520974.30830275
2025-05-24 17:00:00+00:00,2521987.06411512
2025-05-24 18:00:00+00:00,2530938.8619577
2025-05-24 19:00:00+00:00,2530336.3009672
2025-05-24 20:00:00+00:00,2530318.21758109
2025-05-24 21:00:00+00:00,2530351.67615881
2025-05-24 22:00:00+00:00,2520337.96079377
2025-05-24 23:00:00+00:00,2530332.44518161
2025-05-25 00:00:00+00:00,2530274.429925
2025-05-25 01:00:00+00:00,2530209.0292471303
2025-05-25 02:00:00+00:00,2530177.96185986
2025-05-25 03:00:00+00:00,2530196.66780793
2025-05-25 04:00:00+00:00,2530187.67211293
2025-05-25 05:00:00+00:00,2530213.25516992
2025-05-25 06:00:00+00:00,2530177.45685789
2025-05-25 07:00:00+00:00,2530204.8620815203
2025-05-25 08:00:00+00:00,2530223.6334472
2025-05-25 09:00:00+00:00,2530258.27717281
2025-05-25 10:00:00+00:00,2530201.13444239
2025-05-25 11:00:00+00:00,2530215.59522836
2025-05-25 12:00:00+00:00,2529209.76317929
2025-05-25 13:00:00+00:00,2529242.78041675
2025-05-25 14:00:00+00:00,2529240.85709582
2025-05-25 15:00:00+00:00,2529296.05625688
2025-05-25 16:00:00+00:00,2529341.7542496403
2025-05-25 17:00:00+00:00,2529327.8773648
2025-05-25 18:00:00+00:00,2530318.92366936
2025-05-25 19:00:00+00:00,2530315.81938053
2025-05-25 20:00:00+00:00,2529351.14211908
2025-05-25 21:00:00+00:00,2529364.41366447
2025-05-25 22:00:00+00:00,2529351.78483275
2025-05-25 23:00:00+00:00,2529368.02963818
2025-05-26 00:00:00+00:00,2529371.55897123
2025-05-26 01:00:00+00:00,2529375.36279132
2025-05-26 02:00:00+00:00,2529376.82292511
2025-05-26 03:00:00+00:00,2529414.61902732
2025-05-26 04:00:00+00:00,2530532.03419221
2025-05-26 05:00:00+00:00,2530648.26320778
2025-05-26 06:00:00+00:00,2530574.44183216
2025-05-26 07:00:00+00:00,2531278.96923935
2025-05-26 08:00:00+00:00,2530615.3726836
2025-05-26 09:00:00+00:00,2530072.81165332
2025-05-26 10:00:00+00:00,2531428.42047682
2025-05-26 11:00:00+00:00,2531458.60194953
2025-05-26 12:00:00+00:00,2531738.00962704
2025-05-26 13:00:00+00:00,2531779.23932091
2025-05-26 14:00:00+00:00,2530860.63767137
2025-05-26 15:00:00+00:00,2530777.45784782
2025-05-26 16:00:00+00:00,2530901.51611826
2025-05-26 17:00:00+00:00,2530869.89517378
2025-05-26 18:00:00+00:00,2530858.42712192
2025-05-26 19:00:00+00:00,2530809.881992
2025-05-26 20:00:00+00:00,2530791.52112159
2025-05-26 21:00:00+00:00,2532241.5644297902
2025-05-26 22:00:00+00:00,2532260.44047018
2025-05-26 23:00:00+00:00,2532233.41160006
2025-05-27 00:00:00+00:00,2532300.9794197
2025-05-27 01:00:00+00:00,2532333.22051672
2025-05-27 02:00:00+00:00,2532370.45836444
2025-05-27 03:00:00+00:00,2532362.7506923
2025-05-27 04:00:00+00:00,2532362.60062118
2025-05-27 05:00:00+00:00,2533010.77420355
2025-05-27 06:00:00+00:00,2532029.21352106
2025-05-27 07:00:00+00:00,2531912.85400187
2025-05-27 08:00:00+00:00,2532186.69938681
2025-05-27 09:00:00+00:00,2533211.27569535
2025-05-27 10:00:00+00:00,2533117.76840554
2025-05-27 11:00:00+00:00,2532120.65229993
2025-05-27 12:00:00+00:00,2531099.54190957
2025-05-27 13:00:00+00:00,2531125.92161103
2025-05-27 14:00:00+00:00,2524344.6099898
2025-05-27 15:00:00+00:00,2524518.03782615
2025-05-27 16:00:00+00:00,2524522.5699789003
2025-05-27 17:00:00+00:00,2524490.79813194
2025-05-27 18:00:00+00:00,2524472.67261253
2025-05-27 19:00:00+00:00,2522717.9075040203
2025-05-27 20:00:00+00:00,2522765.64663603
2025-05-27 21:00:00+00:00,2522730.2253309
2025-05-27 22:00:00+00:00,2522947.24301209
2025-05-27 23:00:00+00:00,2522964.47005595
2025-05-28 00:00:00+00:00,2522965.90209091
2025-05-28 01:00:00+00:00,2522934.1016117
2025-05-28 02:00:00+00:00,2523005.4796488
2025-05-28 03:00:00+00:00,2522931.80512599
2025-05-28 04:00:00+00:00,2522924.66492052
2025-05-28 05:00:00+00:00,2521934.9453564403
2025-05-28 06:00:00+00:00,2521714.6438878803
2025-05-28 07:00:00+00:00,2521722.85399576
2025-05-28 08:00:00+00:00,2521864.11860146
2025-05-28 09:00:00+00:00,2517385.0178403
2025-05-28 10:00:00+00:00,2516635.79601704
2025-05-28 11:00:00+00:00,2516731.43470483
2025-05-28 12:00:00+00:00,2515656.5547700003
2025-05-28 13:00:00+00:00,2515731.68212949
2025-05-28 14:00:00+00:00,2515765.52735885
2025-05-28 15:00:00+00:00,2516123.80624685
2025-05-28 16:00:00+00:00,2515256.52911354
2025-05-28 17:00:00+00:00,2515683.18313009
2025-05-28 18:00:00+00:00,2512436.51994979
2025-05-28 19:00:00+00:00,2512957.25461837
2025-05-28 20:00:00+00:00,2504317.11206708
2025-05-28 21:00:00+00:00,2504331.59813024
2025-05-28 22:00:00+00:00,2504519.44848819
2025-05-28 23:00:00+00:00,2505093.23313678
2025-05-29 00:00:00+00:00,2515111.63961277
2025-05-29 01:00:00+00:00,2515102.87120873
2025-05-29 02:00:00+00:00,2516107.64372182
2025-05-29 03:00:00+00:00,2516144.62240208
2025-05-29 04:00:00+00:00,2515955.72056041
2025-05-29 05:00:00+00:00,2515982.05289297
2025-05-29 06:00:00+00:00,2516041.77090956
2025-05-29 07:00:00+00:00,2516084.69470182
2025-05-29 08:00:00+00:00,2516006.41072952
2025-05-29 09:00:00+00:00,2515991.52311385
2025-05-29 10:00:00+00:00,2516069.22537613
2025-05-29 11:00:00+00:00,2516152.77307573
2025-05-29 12:00:00+00:00,2514986.50176256
2025-05-29 13:00:00+00:00,2514999.51120044
2025-05-29 14:00:00+00:00,2515006.17625672
2025-05-29 15:00:00+00:00,2515021.45267094
2025-05-29 16:00:00+00:00,2515084.44154642
2025-05-29 17:00:00+00:00,2515109.25166874
2025-05-29 18:00:00+00:00,2514868.02385974
2025-05-29 19:00:00+00:00,2514901.26405084
2025-05-29 20:00:00+00:00,2515049.23968552
2025-05-29 21:00:00+00:00,2505041.56975713
2025-05-29 22:00:00+00:00,2504672.49745802
2025-05-29 23:00:00+00:00,2504686.9953945
2025-05-30 00:00:00+00:00,2507524.68515328
2025-05-30 01:00:00+00:00,2517669.13112118
2025-05-30 02:00:00+00:00,2517741.9997075303
2025-05-30 03:00:00+00:00,2517674.01327829
2025-05-30 04:00:00+00:00,2517668.04798602
2025-05-30 05:00:00+00:00,2517292.18612505
2025-05-30 06:00:00+00:00,2517332.81043715
2025-05-30 07:00:00+00:00,2516120.1849213103
2025-05-30 08:00:00+00:00,2516620.7955333
2025-05-30 09:00:00+00:00,2516833.34540434
2025-05-30 10:00:00+00:00,2516864.6123817503
2025-05-30 11:00:00+00:00,2516861.32241985
2025-05-30 12:00:00+00:00,2506856.35592425
2025-05-30 13:00:00+00:00,2506813.0126795
2025-05-30 14:00:00+00:00,2506987.64267797
2025-05-30 15:00:00+00:00,2504355.24905321
2025-05-30 16:00:00+00:00,2501851.2695626
2025-05-30 17:00:00+00:00,2502074.49636545
2025-05-30 18:00:00+00:00,2502108.9145153
2025-05-30 19:00:00+00:00,2501721.8527912
2025-05-30 20:00:00+00:00,2502062.38668859
2025-05-30 21:00:00+00:00,2502000.70668504
2025-05-30 22:00:00+00:00,2502013.63874261
2025-05-30 23:00:00+00:00,2502053.26475123
2025-05-31 00:00:00+00:00,2502046.86035057
2025-05-31 01:00:00+00:00,2502054.43482347
2025-05-31 02:00:00+00:00,2512025.36429259
2025-05-31 03:00:00+00:00,2512036.59246336
2025-05-31 04:00:00+00:00,2501923.05544702
2025-05-31 05:00:00+00:00,2501889.7731345203
2025-05-31 06:00:00+00:00,2501789.21189352
2025-05-31 07:00:00+00:00,2512166.5676218
2025-05-31 08:00:00+00:00,2502258.28825086
2025-05-31 09:00:00+00:00,2502272.90871082
2025-05-31 10:00:00+00:00,2502286.6463663
2025-05-31 11:00:00+00:00,2502261.27689156
2025-05-31 12:00:00+00:00,2502262.24125896
2025-05-31 13:00:00+00:00,2502265.30287797
2025-05-31 14:00:00+00:00,2512551.00887426
2025-05-31 15:00:00+00:00,2502568.95779186
2025-05-31 16:00:00+00:00,2502525.99961193
2025-05-31 17:00:00+00:00,2502487.60441426
2025-05-31 18:00:00+00:00,2512496.59607614
2025-05-31 19:00:00+00:00,2502180.1770715
2025-05-31 20:00:00+00:00,2502195.70422396
2025-05-31 21:00:00+00:00,2512202.08327607
2025-05-31 22:00:00+00:00,2512207.6743363203
2025-05-31 23:00:00+00:00,2502227.67255479
2025-06-01 00:00:00+00:00,2502226.85510201
2025-06-01 01:00:00+00:00,2502177.70525306
2025-06-01 02:00:00+00:00,2512177.24567825
2025-06-01 03:00:00+00:00,2512197.0016824
2025-06-01 04:00:00+00:00,2502740.76970321
2025-06-01 05:00:00+00:00,2502745.19326041
2025-06-01 06:00:00+00:00,2512727.4297837103
2025-06-01 07:00:00+00:00,2512711.88608666
2025-06-01 08:00:00+00:00,2502686.78474541
2025-06-01 09:00:00+00:00,2502710.8108531
2025-06-01 10:00:00+00:00,2500811.38948248
2025-06-01 11:00:00+00:00,2510827.48438722
2025-06-01 12:00:00+00:00,2510866.74978584
2025-06-01 13:00:00+00:00,2510919.01566676
2025-06-01 14:00:00+00:00,2510953.12297484
2025-06-01 15:00:00+00:00,2510951.71731488
2025-06-01 16:00:00+00:00,2510906.70704086
2025-06-01 17:00:00+00:00,2511124.1580023603
2025-06-01 18:00:00+00:00,2501149.84430866
2025-06-01 19:00:00+00:00,2511105.25811788
2025-06-01 20:00:00+00:00,2501112.13035365
2025-06-01 21:00:00+00:00,2501136.7528696503
2025-06-01 22:00:00+00:00,2499828.72349538
2025-06-01 23:00:00+00:00,2499746.70791302
2025-06-02 00:00:00+00:00,2499716.85025844
2025-06-02 01:00:00+00:00,2499716.96571253
2025-06-02 02:00:00+00:00,2499714.32718321
2025-06-02 03:00:00+00:00,2499360.55735583
2025-06-02 04:00:00+00:00,2499379.0715806
2025-06-02 05:00:00+00:00,2499426.5888856
2025-06-02 06:00:00+00:00,2499498.5273012
2025-06-02 07:00:00+00:00,2499532.3488728
2025-06-02 08:00:00+00:00,2499537.20597309
2025-06-02 09:00:00+00:00,2499525.8552766102
2025-06-02 10:00:00+00:00,2499477.37058686
2025-06-02 11:00:00+00:00,2499519.1153068403
2025-06-02 12:00:00+00:00,2499510.95498526
2025-06-02 13:00:00+00:00,2499142.72863832
2025-06-02 14:00:00+00:00,2499088.67538535
2025-06-02 15:00:00+00:00,2498065.85060139
2025-06-02 16:00:00+00:00,2497897.0436433
2025-06-02 17:00:00+00:00,2496498.42667832
2025-06-02 18:00:00+00:00,2492689.61707946
2025-06-02 19:00:00+00:00,2491543.16888378
2025-06-02 20:00:00+00:00,2493158.8658625903
2025-06-02 21:00:00+00:00,2493052.9950331
2025-06-02 22:00:00+00:00,2493070.02972232
2025-06-02 23:00:00+00:00,2493079.8463613
2025-06-03 00:00:00+00:00,2493080.78183012
2025-06-03 01:00:00+00:00,2493070.17515568
2025-06-03 02:00:00+00:00,2493089.77890774
2025-06-03 03:00:00+00:00,2493117.36880574
2025-06-03 04:00:00+00:00,2493127.7279005502
2025-06-03 05:00:00+00:00,2493166.81505273
2025-06-03 06:00:00+00:00,2493224.96437357
2025-06-03 07:00:00+00:00,2493797.8840492
2025-06-03 08:00:00+00:00,2493776.16697049
2025-06-03 09:00:00+00:00,2493738.30128048
2025-06-03 10:00:00+00:00,2493730.61404573
2025-06-03 11:00:00+00:00,2493825.41950068
2025-06-03 12:00:00+00:00,2493781.77823013
2025-06-03 13:00:00+00:00,2493739.8096184703
2025-06-03 14:00:00+00:00,2493431.41164199
2025-06-03 15:00:00+00:00,2495518.31585929
2025-06-03 16:00:00+00:00,2494625.37842796
2025-06-03 17:00:00+00:00,2493658.06727714
2025-06-03 18:00:00+00:00,2493750.0976654203
2025-06-03 19:00:00+00:00,2495974.71310087
2025-06-03 20:00:00+00:00,2496084.63719774
2025-06-03 21:00:00+00:00,2496068.79458758
2025-06-03 22:00:00+00:00,2497096.41322494
2025-06-03 23:00:00+00:00,2495989.25525649
2025-06-04 00:00:00+00:00,2495998.54267533
2025-06-04 01:00:00+00:00,2494957.60014476
2025-06-04 02:00:00+00:00,2496420.23432614
2025-06-04 03:00:00+00:00,2495947.46188282
2025-06-04 04:00:00+00:00,2496023.4905148502
2025-06-04 05:00:00+00:00,2495994.87981477
2025-06-04 06:00:00+00:00,2496032.86972606
2025-06-04 07:00:00+00:00,2496030.99927231
2025-06-04 08:00:00+00:00,2496265.49738205
2025-06-04 09:00:00+00:00,2496325.6459239703
2025-06-04 10:00:00+00:00,2497291.55761551
2025-06-04 11:00:00+00:00,2497482.86711471
2025-06-04 12:00:00+00:00,2498285.81855785
2025-06-04 13:00:00+00:00,2497227.29166831
2025-06-04 14:00:00+00:00,2496482.28637135
2025-06-04 15:00:00+00:00,2496474.75908418
2025-06-04 16:00:00+00:00,2495589.75334209
2025-06-04 17:00:00+00:00,2495459.39185768
2025-06-04 18:00:00+00:00,2495454.2181486
2025-06-04 19:00:00+00:00,2496998.49123029
2025-06-04 20:00:00+00:00,2495967.4656868703
2025-06-04 21:00:00+00:00,2495990.5484449603
2025-06-04 22:00:00+00:00,2495953.39031866
2025-06-04 23:00:00+00:00,2495946.14570514
2025-06-05 00:00:00+00:00,2495937.67481808
2025-06-05 01:00:00+00:00,2495928.40496946
2025-06-05 02:00:00+00:00,2495906.95624419
2025-06-05 03:00:00+00:00,2495814.05887243
2025-06-05 04:00:00+00:00,2495893.61826395
2025-06-05 05:00:00+00:00,2495897.97846878
2025-06-05 06:00:00+00:00,2497150.1175545
2025-06-05 07:00:00+00:00,2498750.01352804
2025-06-05 08:00:00+00:00,2498324.09614333
2025-06-05 09:00:00+00:00,2497974.85749481
2025-06-05 10:00:00+00:00,2498041.08576946
2025-06-05 11:00:00+00:00,2498147.19652303
2025-06-05 12:00:00+00:00,2496660.86702829
2025-06-05 13:00:00+00:00,2496700.81437966
2025-06-05 14:00:00+00:00,2496907.1735779
2025-06-05 15:00:00+00:00,2496934.84904554
2025-06-05 16:00:00+00:00,2494910.00793644
2025-06-05 17:00:00+00:00,2494854.81685798
2025-06-05 18:00:00+00:00,2494881.30458973
2025-06-05 19:00:00+00:00,2494890.54331817
2025-06-05 20:00:00+00:00,2496019.8184320102
2025-06-05 21:00:00+00:00,2495975.95552
2025-06-05 22:00:00+00:00,2495946.03070903
2025-06-05 23:00:00+00:00,2495928.6875576
2025-06-06 00:00:00+00:00,2495942.40870462
2025-06-06 01:00:00+00:00,2495957.933996
2025-06-06 02:00:00+00:00,2495975.56109669
2025-06-06 03:00:00+00:00,2495960.7905408503
2025-06-06 04:00:00+00:00,2496038.42842145
2025-06-06 05:00:00+00:00,2496245.63032364
2025-06-06 06:00:00+00:00,2496475.51712447
2025-06-06 07:00:00+00:00,2496575.79074816
2025-06-06 08:00:00+00:00,2496452.18496965
2025-06-06 09:00:00+00:00,2496835.69244943
2025-06-06 10:00:00+00:00,2496752.1813055603
2025-06-06 11:00:00+00:00,2495840.9340261
2025-06-06 12:00:00+00:00,2495902.01161813
2025-06-06 13:00:00+00:00,2495651.4574910603
2025-06-06 14:00:00+00:00,2495007.95979591
2025-06-06 15:00:00+00:00,2494827.63186816
2025-06-06 16:00:00+00:00,2494952.02506702
2025-06-06 17:00:00+00:00,2496192.07019702
2025-06-06 18:00:00+00:00,2496000.28027099
2025-06-06 19:00:00+00:00,2496671.79972839
2025-06-06 20:00:00+00:00,2496660.93579141
2025-06-06 21:00:00+00:00,2496670.57821465
2025-06-06 22:00:00+00:00,2494183.40679701
2025-06-06 23:00:00+00:00,2494204.34325978
2025-06-07 00:00:00+00:00,2495471.21302579
2025-06-07 01:00:00+00:00,2497205.42774517
2025-06-07 02:00:00+00:00,2497453.91713736
2025-06-07 03:00:00+00:00,2497459.74815054
2025-06-07 04:00:00+00:00,2497428.40133623
2025-06-07 05:00:00+00:00,2497466.74880256
2025-06-07 06:00:00+00:00,2497406.40432188
2025-06-07 07:00:00+00:00,2497471.15531075
2025-06-07 08:00:00+00:00,2497406.15580136
2025-06-07 09:00:00+00:00,2497565.4235012
2025-06-07 10:00:00+00:00,2497574.42593392
2025-06-07 11:00:00+00:00,2497557.84186599
2025-06-07 12:00:00+00:00,2497533.2286925702
2025-06-07 13:00:00+00:00,2497535.10065424
2025-06-07 14:00:00+00:00,2497592.33825038
2025-06-07 15:00:00+00:00,2497598.99362981
2025-06-07 16:00:00+00:00,2497591.08037517
2025-06-07 17:00:00+00:00,2497573.44458503
2025-06-07 18:00:00+00:00,2497572.8809747
2025-06-07 19:00:00+00:00,2497577.48538805
2025-06-07 20:00:00+00:00,2497569.55413642
2025-06-07 21:00:00+00:00,2497275.07313297
2025-06-07 22:00:00+00:00,2497284.07244616
2025-06-07 23:00:00+00:00,2497288.28678712
2025-06-08 00:00:00+00:00,2497295.02105688
2025-06-08 01:00:00+00:00,2497301.04951171
2025-06-08 02:00:00+00:00,2497284.1714001503
2025-06-08 03:00:00+00:00,2497283.7967683403
2025-06-08 04:00:00+00:00,2497276.86449149
2025-06-08 05:00:00+00:00,2497272.36701949
2025-06-08 06:00:00+00:00,2497274.63780271
2025-06-08 07:00:00+00:00,2497285.7866673
2025-06-08 08:00:00+00:00,2497299.85711239
2025-06-08 09:00:00+00:00,2497310.22797119
2025-06-08 10:00:00+00:00,2497242.26434574
2025-06-08 11:00:00+00:00,2497111.57169937
2025-06-08 12:00:00+00:00,2497109.67404833
2025-06-08 13:00:00+00:00,2497101.55643795
2025-06-08 14:00:00+00:00,2497136.77625314
2025-06-08 15:00:00+00:00,2497113.50716487
2025-06-08 16:00:00+00:00,2497112.0560005
2025-06-08 17:00:00+00:00,2497121.25686158
2025-06-08 18:00:00+00:00,2497092.11901467
2025-06-08 19:00:00+00:00,2497048.0961933
2025-06-08 20:00:00+00:00,2497059.19265649
2025-06-08 21:00:00+00:00,2497068.54685872
2025-06-08 22:00:00+00:00,2497072.10097401
2025-06-08 23:00:00+00:00,2497066.57951214
2025-06-09 00:00:00+00:00,2497067.97252008
2025-06-09 01:00:00+00:00,2497064.92815183
2025-06-09 02:00:00+00:00,2495862.92790959
2025-06-09 03:00:00+00:00,2495901.49466614
2025-06-09 04:00:00+00:00,2496211.41479826
2025-06-09 05:00:00+00:00,2496133.50663102
2025-06-09 06:00:00+00:00,2497218.6710522003
2025-06-09 07:00:00+00:00,2497250.9329122
2025-06-09 08:00:00+00:00,2497081.7893933603
2025-06-09 09:00:00+00:00,2496828.31945869
2025-06-09 10:00:00+00:00,2496848.98298199
2025-06-09 11:00:00+00:00,2496897.92472227
2025-06-09 12:00:00+00:00,2496725.35211372
2025-06-09 13:00:00+00:00,2497324.6295305
2025-06-09 14:00:00+00:00,2498077.98229386
2025-06-09 15:00:00+00:00,2498073.6401985902
2025-06-09 16:00:00+00:00,2497923.11224588
2025-06-09 17:00:00+00:00,2497909.03137819
2025-06-09 18:00:00+00:00,2497914.11086067
2025-06-09 19:00:00+00:00,2499135.22508338
2025-06-09 20:00:00+00:00,2499061.44399661
2025-06-09 21:00:00+00:00,2498988.40460441
2025-06-09 22:00:00+00:00,2499149.28112868
2025-06-09 23:00:00+00:00,2500562.0724982102
2025-06-10 00:00:00+00:00,2500595.27463757
2025-06-10 01:00:00+00:00,2498618.4044578
2025-06-10 02:00:00+00:00,2498596.92734849
2025-06-10 03:00:00+00:00,2498607.05024184
2025-06-10 04:00:00+00:00,2498588.20728686
2025-06-10 05:00:00+00:00,2498820.81984545
2025-06-10 06:00:00+00:00,2498642.25311699
2025-06-10 07:00:00+00:00,2498670.14582119
2025-06-10 08:00:00+00:00,2498540.25271492
2025-06-10 09:00:00+00:00,2498082.48913844
2025-06-10 10:00:00+00:00,2498170.77940664
2025-06-10 11:00:00+00:00,2496831.45505988
2025-06-10 12:00:00+00:00,2496803.68607846
2025-06-10 13:00:00+00:00,2496773.4654618
2025-06-10 14:00:00+00:00,2495602.83230432
2025-06-10 15:00:00+00:00,2495475.6864570403
2025-06-10 16:00:00+00:00,2495294.94223493
2025-06-10 17:00:00+00:00,2493922.11548616
2025-06-10 18:00:00+00:00,2494522.71796749
2025-06-10 19:00:00+00:00,2494577.15684167
2025-06-10 20:00:00+00:00,2493968.22442239
2025-06-10 21:00:00+00:00,2493963.44385075
2025-06-10 22:00:00+00:00,2493803.02701899
2025-06-10 23:00:00+00:00,2493903.66236639
2025-06-11 00:00:00+00:00,2494295.42464806
2025-06-11 01:00:00+00:00,2494348.0586122
2025-06-11 02:00:00+00:00,2494337.3287739
2025-06-11 03:00:00+00:00,2494433.52962777
2025-06-11 04:00:00+00:00,2494303.08647911
2025-06-11 05:00:00+00:00,2494421.9135848302
2025-06-11 06:00:00+00:00,2492924.42202473
2025-06-11 07:00:00+00:00,2493156.13365067
2025-06-11 08:00:00+00:00,2493311.93240996
2025-06-11 09:00:00+00:00,2493249.44314421
2025-06-11 10:00:00+00:00,2493346.50077529
2025-06-11 11:00:00+00:00,2493099.53196289
2025-06-11 12:00:00+00:00,2492748.61927518
2025-06-11 13:00:00+00:00,2493237.29243547
2025-06-11 14:00:00+00:00,2494142.64594615
2025-06-11 15:00:00+00:00,2494307.44183597
2025-06-11 16:00:00+00:00,2494277.23110992
2025-06-11 17:00:00+00:00,2494330.24255514
2025-06-11 18:00:00+00:00,2494408.76353807
2025-06-11 19:00:00+00:00,2492374.91985815
2025-06-11 20:00:00+00:00,2491352.30485181
2025-06-11 21:00:00+00:00,2491367.83712298
2025-06-11 22:00:00+00:00,2491393.13273201
2025-06-11 23:00:00+00:00,2491398.1307787
2025-06-12 00:00:00+00:00,2492380.88883621
2025-06-12 01:00:00+00:00,2491386.79823544
2025-06-12 02:00:00+00:00,2491350.93438124
2025-06-12 03:00:00+00:00,2491335.6320649902
2025-06-12 04:00:00+00:00,2491400.7309845
2025-06-12 05:00:00+00:00,2490358.95101413
2025-06-12 06:00:00+00:00,2489160.79618648
2025-06-12 07:00:00+00:00,2489169.7274964
2025-06-12 08:00:00+00:00,2489147.06485491
2025-06-12 09:00:00+00:00,2489179.73838585
2025-06-12 10:00:00+00:00,2489223.2498515
2025-06-12 11:00:00+00:00,2489239.4115142003
2025-06-12 12:00:00+00:00,2486665.34771023
2025-06-12 13:00:00+00:00,2486694.8495991803
2025-06-12 14:00:00+00:00,2487513.95280884
2025-06-12 15:00:00+00:00,2487630.84904907
2025-06-12 16:00:00+00:00,2481115.99930492
2025-06-12 17:00:00+00:00,2481171.19430769
2025-06-12 18:00:00+00:00,2482276.05052212
2025-06-12 19:00:00+00:00,2482096.455446
2025-06-12 20:00:00+00:00,2481728.36773974
2025-06-12 21:00:00+00:00,2481733.1872969302
2025-06-12 22:00:00+00:00,2481748.64394266
2025-06-12 23:00:00+00:00,2481775.73204482
2025-06-13 00:00:00+00:00,2480768.39183778
2025-06-13 01:00:00+00:00,2480870.77881984
2025-06-13 02:00:00+00:00,2480883.82385481
2025-06-13 03:00:00+00:00,2480870.46366453
2025-06-13 04:00:00+00:00,2480886.35260632
2025-06-13 05:00:00+00:00,2480881.52810176
2025-06-13 06:00:00+00:00,2480828.62380148
2025-06-13 07:00:00+00:00,2480801.7382514803
2025-06-13 08:00:00+00:00,2480736.88978496
2025-06-13 09:00:00+00:00,2479511.49618418
2025-06-13 10:00:00+00:00,2479506.26753993
2025-06-13 11:00:00+00:00,2479208.34542104
2025-06-13 12:00:00+00:00,2476829.77912858
2025-06-13 13:00:00+00:00,2476862.44430167
2025-06-13 14:00:00+00:00,2475794.05103871
2025-06-13 15:00:00+00:00,2476007.01986208
2025-06-13 16:00:00+00:00,2475156.86845595
2025-06-13 17:00:00+00:00,2475179.16842631
2025-06-13 18:00:00+00:00,2473497.99084847
2025-06-13 19:00:00+00:00,2473356.58978607
2025-06-13 20:00:00+00:00,2474385.4537459
2025-06-13 21:00:00+00:00,2474401.34025392
2025-06-13 22:00:00+00:00,2473948.2399843
2025-06-13 23:00:00+00:00,2472533.75028911
2025-06-14 00:00:00+00:00,2472535.83816237
2025-06-14 01:00:00+00:00,2472531.06028378
2025-06-14 02:00:00+00:00,2472574.3527312
2025-06-14 03:00:00+00:00,2472572.28588659
2025-06-14 04:00:00+00:00,2472564.04675901
2025-06-14 05:00:00+00:00,2473598.66842548
2025-06-14 06:00:00+00:00,2473585.77279745
2025-06-14 07:00:00+00:00,2473588.85522246
2025-06-14 08:00:00+00:00,2473576.42039053
2025-06-14 09:00:00+00:00,2473573.44538746
2025-06-14 10:00:00+00:00,2473546.63121666
2025-06-14 11:00:00+00:00,2473494.2975713
2025-06-14 12:00:00+00:00,2473452.83513192
2025-06-14 13:00:00+00:00,2473454.39235797
2025-06-14 14:00:00+00:00,2473453.81485521
2025-06-14 15:00:00+00:00,2473477.6351203
2025-06-14 16:00:00+00:00,2474535.31186671
2025-06-14 17:00:00+00:00,2474584.13067407
2025-06-14 18:00:00+00:00,2474596.8475527
2025-06-14 19:00:00+00:00,2474631.87917086
2025-06-14 20:00:00+00:00,2474863.4974311
2025-06-14 21:00:00+00:00,2474866.31420774
2025-06-14 22:00:00+00:00,2474827.19398662
2025-06-14 23:00:00+00:00,2474906.6711727
2025-06-15 00:00:00+00:00,2474928.92256561
2025-06-15 01:00:00+00:00,2474584.6218099003
2025-06-15 02:00:00+00:00,2474540.466905
2025-06-15 03:00:00+00:00,2474559.3674929203
2025-06-15 04:00:00+00:00,2474566.41747076
2025-06-15 05:00:00+00:00,2474571.43838
2025-06-15 06:00:00+00:00,2474526.06442115
2025-06-15 07:00:00+00:00,2474534.3684967
2025-06-15 08:00:00+00:00,2474652.15492776
2025-06-15 09:00:00+00:00,2474664.34279096
2025-06-15 10:00:00+00:00,2474749.49978619
2025-06-15 11:00:00+00:00,2475835.43006099
2025-06-15 12:00:00+00:00,2474845.25353738
2025-06-15 13:00:00+00:00,2474856.4589672303
2025-06-15 14:00:00+00:00,2475895.90086136
2025-06-15 15:00:00+00:00,2475915.78642182
2025-06-15 16:00:00+00:00,2475927.08198864
2025-06-15 17:00:00+00:00,2474848.59598112
2025-06-15 18:00:00+00:00,2474856.71623342
2025-06-15 19:00:00+00:00,2474837.10579295
2025-06-15 20:00:00+00:00,2474845.25034512
2025-06-15 21:00:00+00:00,2474846.19173059
2025-06-15 22:00:00+00:00,2475897.5411657803
2025-06-15 23:00:00+00:00,2475926.16040178
2025-06-16 00:00:00+00:00,2477129.4842991102
2025-06-16 01:00:00+00:00,2476948.66436861
2025-06-16 02:00:00+00:00,2477041.12633136
2025-06-16 03:00:00+00:00,2476630.74796414
2025-06-16 04:00:00+00:00,2476668.92239331
2025-06-16 05:00:00+00:00,2476824.43538938
2025-06-16 06:00:00+00:00,2476707.60693334
2025-06-16 07:00:00+00:00,2476764.38971168
2025-06-16 08:00:00+00:00,2474708.46450872
2025-06-16 09:00:00+00:00,2474680.50124035
2025-06-16 10:00:00+00:00,2473684.86978753
2025-06-16 11:00:00+00:00,2473717.04367976
2025-06-16 12:00:00+00:00,2473784.65788456
2025-06-16 13:00:00+00:00,2474371.20298735
2025-06-16 14:00:00+00:00,2472745.3520779302
2025-06-16 15:00:00+00:00,2472727.84078536
2025-06-16 16:00:00+00:00,2474677.95196262
2025-06-16 17:00:00+00:00,2475702.92118562
2025-06-16 18:00:00+00:00,2475882.29721908
2025-06-16 19:00:00+00:00,2474892.67154815
2025-06-16 20:00:00+00:00,2473635.29177288
2025-06-16 21:00:00+00:00,2472853.64789923
2025-06-16 22:00:00+00:00,2472860.83766706
2025-06-16 23:00:00+00:00,2472944.22909516
2025-06-17 00:00:00+00:00,2472959.27450708
2025-06-17 01:00:00+00:00,2472966.9413432
2025-06-17 02:00:00+00:00,2472965.96428086
2025-06-17 03:00:00+00:00,2472939.2424673103
2025-06-17 04:00:00+00:00,2472914.37721179
2025-06-17 05:00:00+00:00,2472944.37653774
2025-06-17 06:00:00+00:00,2473004.54087852
2025-06-17 07:00:00+00:00,2473097.06261415
2025-06-17 08:00:00+00:00,2473092.15755931
2025-06-17 09:00:00+00:00,2474147.61267957
2025-06-17 10:00:00+00:00,2474133.91745426
2025-06-17 11:00:00+00:00,2473122.64822277
2025-06-17 12:00:00+00:00,2473188.05044176
2025-06-17 13:00:00+00:00,2473198.4072971703
2025-06-17 14:00:00+00:00,2474292.61345278
2025-06-17 15:00:00+00:00,2473939.51308041
2025-06-17 16:00:00+00:00,2474447.13106409
2025-06-17 17:00:00+00:00,2473938.67861377
2025-06-17 18:00:00+00:00,2475036.20629504
2025-06-17 19:00:00+00:00,2475046.37480978
2025-06-17 20:00:00+00:00,2474581.23458186
2025-06-17 21:00:00+00:00,2473217.62344588
2025-06-17 22:00:00+00:00,2473254.86564335
2025-06-17 23:00:00+00:00,2473227.43228503
2025-06-18 00:00:00+00:00,2473262.13435505
2025-06-18 01:00:00+00:00,2473315.00819645
2025-06-18 02:00:00+00:00,2473311.81467326
2025-06-18 03:00:00+00:00,2473225.27903626
2025-06-18 04:00:00+00:00,2472526.99093639
2025-06-18 05:00:00+00:00,2472396.38133435
2025-06-18 06:00:00+00:00,2472330.20961972
2025-06-18 07:00:00+00:00,2472431.63995724
2025-06-18 08:00:00+00:00,2470303.27319653
2025-06-18 09:00:00+00:00,2470142.74382635
2025-06-18 10:00:00+00:00,2470157.82525702
2025-06-18 11:00:00+00:00,2470093.04710813
2025-06-18 12:00:00+00:00,2468687.8394131702
2025-06-18 13:00:00+00:00,2468823.01182896
2025-06-18 14:00:00+00:00,2468699.42635985
2025-06-18 15:00:00+00:00,2469663.58430039
2025-06-18 16:00:00+00:00,2470150.00261199
2025-06-18 17:00:00+00:00,2470232.41103197
2025-06-18 18:00:00+00:00,2470231.01189338
2025-06-18 19:00:00+00:00,2470134.85545598
2025-06-18 20:00:00+00:00,2470129.4882841
2025-06-18 21:00:00+00:00,2470142.06188144
2025-06-18 22:00:00+00:00,2471317.6434366
2025-06-18 23:00:00+00:00,2471095.57304819
2025-06-19 00:00:00+00:00,2471072.35992078
2025-06-19 01:00:00+00:00,2471093.53592055
2025-06-19 02:00:00+00:00,2471088.52448181
2025-06-19 03:00:00+00:00,2471079.55783854
2025-06-19 04:00:00+00:00,2471082.25289304
2025-06-19 05:00:00+00:00,2471074.19225534
2025-06-19 06:00:00+00:00,2470992.12904335
2025-06-19 07:00:00+00:00,2471032.24886642
2025-06-19 08:00:00+00:00,2471041.89161006
2025-06-19 09:00:00+00:00,2471055.78579605
2025-06-19 10:00:00+00:00,2471337.4294330003
2025-06-19 11:00:00+00:00,2471346.7797113
2025-06-19 12:00:00+00:00,2471375.59962649
2025-06-19 13:00:00+00:00,2471443.20271209
2025-06-19 14:00:00+00:00,2471441.82314207
2025-06-19 15:00:00+00:00,2471355.77299734
2025-06-19 16:00:00+00:00,2471361.51048687
2025-06-19 17:00:00+00:00,2471504.83879001
2025-06-19 18:00:00+00:00,2471467.04162934
2025-06-19 19:00:00+00:00,2471470.57945719
2025-06-19 20:00:00+00:00,2471477.8102688203
2025-06-19 21:00:00+00:00,2471489.30251204
2025-06-19 22:00:00+00:00,2469960.72090277
2025-06-19 23:00:00+00:00,2469965.08079662
2025-06-20 00:00:00+00:00,2469969.0430927803
2025-06-20 01:00:00+00:00,2469975.85934386
2025-06-20 02:00:00+00:00,2470010.82952947
2025-06-20 03:00:00+00:00,2470203.2043686
2025-06-20 04:00:00+00:00,2470165.25141487
2025-06-20 05:00:00+00:00,2470236.06050978
2025-06-20 06:00:00+00:00,2470283.09555586
2025-06-20 07:00:00+00:00,2470315.39351031
2025-06-20 08:00:00+00:00,2470290.5032636
2025-06-20 09:00:00+00:00,2470161.93130268
2025-06-20 10:00:00+00:00,2470168.87539675
2025-06-20 11:00:00+00:00,2470103.88959823
2025-06-20 12:00:00+00:00,2470101.16810066
2025-06-20 13:00:00+00:00,2470646.27329854
2025-06-20 14:00:00+00:00,2469418.05744525
2025-06-20 15:00:00+00:00,2468970.32410743
2025-06-20 16:00:00+00:00,2470304.42707041
2025-06-20 17:00:00+00:00,2469645.49509652
2025-06-20 18:00:00+00:00,2469601.94391563
2025-06-20 19:00:00+00:00,2469722.81718031
2025-06-20 20:00:00+00:00,2469716.3531424003
2025-06-20 21:00:00+00:00,2468812.52705179
2025-06-20 22:00:00+00:00,2468966.68043129
2025-06-20 23:00:00+00:00,2468974.30934045
2025-06-21 00:00:00+00:00,2469025.5267567
2025-06-21 01:00:00+00:00,2468975.3275933103
2025-06-21 02:00:00+00:00,2469006.55700879
2025-06-21 03:00:00+00:00,2468999.07195331
2025-06-21 04:00:00+00:00,2468895.43892925
2025-06-21 05:00:00+00:00,2468920.44881345
2025-06-21 06:00:00+00:00,2468923.42084354
2025-06-21 07:00:00+00:00,2468922.5037785
2025-06-21 08:00:00+00:00,2468789.68622917
2025-06-21 09:00:00+00:00,2468786.97416195
2025-06-21 10:00:00+00:00,2468805.6257721
2025-06-21 11:00:00+00:00,2468878.17351524
2025-06-21 12:00:00+00:00,2468816.42075631
2025-06-21 13:00:00+00:00,2468817.11951878
2025-06-21 14:00:00+00:00,2468803.53080582
2025-06-21 15:00:00+00:00,2468811.1389329103
2025-06-21 16:00:00+00:00,2468822.66395147
2025-06-21 17:00:00+00:00,2468704.48746539
2025-06-21 18:00:00+00:00,2468710.92007346
2025-06-21 19:00:00+00:00,2468719.94468455
2025-06-21 20:00:00+00:00,2468717.1036198502
2025-06-21 21:00:00+00:00,2468703.77427727
2025-06-21 22:00:00+00:00,2468703.35942852
2025-06-21 23:00:00+00:00,2468339.35034162
2025-06-22 00:00:00+00:00,2468347.13182589
2025-06-22 01:00:00+00:00,2468355.9379444
2025-06-22 02:00:00+00:00,2468395.78393161
2025-06-22 03:00:00+00:00,2468378.7012715302
2025-06-22 04:00:00+00:00,2468393.23371681
2025-06-22 05:00:00+00:00,2467383.07548474
2025-06-22 06:00:00+00:00,2467375.43979125
2025-06-22 07:00:00+00:00,2467390.69953275
2025-06-22 08:00:00+00:00,2467373.38124839
2025-06-22 09:00:00+00:00,2467378.35413283
2025-06-22 10:00:00+00:00,2467398.65980236
2025-06-22 11:00:00+00:00,2467385.40571197
2025-06-22 12:00:00+00:00,2467395.73487734
2025-06-22 13:00:00+00:00,2467399.53528744
2025-06-22 14:00:00+00:00,2467018.3877621
2025-06-22 15:00:00+00:00,2466891.39174264
2025-06-22 16:00:00+00:00,2466872.81497799
2025-06-22 17:00:00+00:00,2466958.12463056
2025-06-22 18:00:00+00:00,2467001.7352628
2025-06-22 19:00:00+00:00,2467043.30919159
2025-06-22 20:00:00+00:00,2467054.17343898
2025-06-22 21:00:00+00:00,2467069.03183775
2025-06-22 22:00:00+00:00,2467078.34568536
2025-06-22 23:00:00+00:00,2467029.32578006
2025-06-23 00:00:00+00:00,2467092.82909036
2025-06-23 01:00:00+00:00,2467080.27187361
2025-06-23 02:00:00+00:00,2467163.66892127
2025-06-23 03:00:00+00:00,2465939.77415747
2025-06-23 04:00:00+00:00,2465956.1678947
2025-06-23 05:00:00+00:00,2465975.79342445
2025-06-23 06:00:00+00:00,2465991.72599757
2025-06-23 07:00:00+00:00,2465760.32601953
2025-06-23 08:00:00+00:00,2465753.07607123
2025-06-23 09:00:00+00:00,2465686.64413895
2025-06-23 10:00:00+00:00,2465706.2893145
2025-06-23 11:00:00+00:00,2465753.0072523803
2025-06-23 12:00:00+00:00,2465778.99991832
2025-06-23 13:00:00+00:00,2465981.93386822
2025-06-23 14:00:00+00:00,2466342.68470751
2025-06-23 15:00:00+00:00,2466989.59464152
2025-06-23 16:00:00+00:00,2465992.8675707
2025-06-23 17:00:00+00:00,2468474.46698748
2025-06-23 18:00:00+00:00,2468685.85877957
2025-06-23 19:00:00+00:00,2466440.91338071
2025-06-23 20:00:00+00:00,2466440.7643318702
2025-06-23 21:00:00+00:00,2467338.94924651
2025-06-23 22:00:00+00:00,2468467.51849977
2025-06-23 23:00:00+00:00,2469750.33079306
2025-06-24 00:00:00+00:00,2467899.1685126103
2025-06-24 01:00:00+00:00,2467904.32528664
2025-06-24 02:00:00+00:00,2466766.02616633
2025-06-24 03:00:00+00:00,2466782.96059255
2025-06-24 04:00:00+00:00,2467519.26596633
2025-06-24 05:00:00+00:00,2468173.74912311
2025-06-24 06:00:00+00:00,2465890.45863545
2025-06-24 07:00:00+00:00,2467780.43469851
2025-06-24 08:00:00+00:00,2466774.39899303
2025-06-24 09:00:00+00:00,2466753.50260965
2025-06-24 10:00:00+00:00,2462938.22669493
2025-06-24 11:00:00+00:00,2464383.88778588
2025-06-24 12:00:00+00:00,2464383.88778588
2025-06-24 13:00:00+00:00,2462450.7443233603
2025-06-24 14:00:00+00:00,2463468.54471127
2025-06-24 15:00:00+00:00,2463567.3307201
2025-06-24 16:00:00+00:00,2462870.78613294
2025-06-24 17:00:00+00:00,2462929.97390098
2025-06-24 18:00:00+00:00,2464447.99357858
2025-06-24 19:00:00+00:00,2464447.99357858
2025-06-24 20:00:00+00:00,2464137.91781215
2025-06-24 21:00:00+00:00,2466631.88819292
2025-06-24 22:00:00+00:00,2465497.50929949
2025-06-24 23:00:00+00:00,2465514.33313438
2025-06-25 00:00:00+00:00,2465529.79384521
2025-06-25 01:00:00+00:00,2465556.17054957
2025-06-25 02:00:00+00:00,2465567.60001647
2025-06-25 03:00:00+00:00,2465369.65627386
2025-06-25 04:00:00+00:00,2464242.2607294503
2025-06-25 05:00:00+00:00,2463214.04686723
2025-06-25 06:00:00+00:00,2463240.29273932
2025-06-25 07:00:00+00:00,2463168.3822119
2025-06-25 08:00:00+00:00,2462977.28159472
2025-06-25 09:00:00+00:00,2462493.0070314403
2025-06-25 10:00:00+00:00,2461665.63347198
2025-06-25 11:00:00+00:00,2464504.1473816
2025-06-25 12:00:00+00:00,2463253.94350261
2025-06-25 13:00:00+00:00,2463232.1963666403
2025-06-25 14:00:00+00:00,2463357.81343648
2025-06-25 15:00:00+00:00,2464396.8437826303
2025-06-25 16:00:00+00:00,2463344.1925706
2025-06-25 17:00:00+00:00,2462386.83069079
2025-06-25 18:00:00+00:00,2462391.32825105
2025-06-25 19:00:00+00:00,2463931.54701363
2025-06-25 20:00:00+00:00,2464338.61016822
2025-06-25 21:00:00+00:00,2465192.61489981
2025-06-25 22:00:00+00:00,2465169.17027244
2025-06-25 23:00:00+00:00,2465178.0443262
2025-06-26 00:00:00+00:00,2464022.36408785
2025-06-26 01:00:00+00:00,2463995.2745982
2025-06-26 02:00:00+00:00,2463913.4021177
2025-06-26 03:00:00+00:00,2465151.92516349
2025-06-26 04:00:00+00:00,2465137.20896878
2025-06-26 05:00:00+00:00,2464269.53102337
2025-06-26 06:00:00+00:00,2464269.52262642
2025-06-26 07:00:00+00:00,2466455.96122103
2025-06-26 08:00:00+00:00,2466423.0615337
2025-06-26 09:00:00+00:00,2465506.53151495
2025-06-26 10:00:00+00:00,2465587.25902228
2025-06-26 11:00:00+00:00,2465735.94429216
2025-06-26 12:00:00+00:00,2464606.69211287
2025-06-26 13:00:00+00:00,2464350.71970489
2025-06-26 14:00:00+00:00,2464526.91640437
2025-06-26 15:00:00+00:00,2464408.47224145
2025-06-26 16:00:00+00:00,2464797.84707414
2025-06-26 17:00:00+00:00,2465376.53095209
2025-06-26 18:00:00+00:00,2466374.48400848
2025-06-26 19:00:00+00:00,2466513.26371955
2025-06-26 20:00:00+00:00,2465595.6951544
2025-06-26 21:00:00+00:00,2464846.80853145
2025-06-26 22:00:00+00:00,2464872.92323503
2025-06-26 23:00:00+00:00,2464858.78008389
2025-06-27 00:00:00+00:00,2463255.3404830103
2025-06-27 01:00:00+00:00,2463271.22554546
2025-06-27 02:00:00+00:00,2463259.74338675
2025-06-27 03:00:00+00:00,2464179.95127259
2025-06-27 04:00:00+00:00,2464710.67417649
2025-06-27 05:00:00+00:00,2464688.8936588
2025-06-27 06:00:00+00:00,2464709.07983919
2025-06-27 07:00:00+00:00,2464723.37918601
2025-06-27 08:00:00+00:00,2464752.86863356
2025-06-27 09:00:00+00:00,2464084.7837452902
2025-06-27 10:00:00+00:00,2464118.04264124
2025-06-27 11:00:00+00:00,2464138.11830306
2025-06-27 12:00:00+00:00,2476619.55049708
2025-06-27 13:00:00+00:00,2464303.47796235
2025-06-27 14:00:00+00:00,2465744.82704771
2025-06-27 15:00:00+00:00,2466032.66307986
2025-06-27 16:00:00+00:00,2465561.74064644
2025-06-27 17:00:00+00:00,2465706.85353131
2025-06-27 18:00:00+00:00,2465957.45721717
2025-06-27 19:00:00+00:00,2467289.8031454
2025-06-27 20:00:00+00:00,2469871.61342311
2025-06-27 21:00:00+00:00,2467454.52966156
2025-06-27 22:00:00+00:00,2467566.69019196
2025-06-27 23:00:00+00:00,2467622.19620793
2025-06-28 00:00:00+00:00,2467613.58443539
2025-06-28 01:00:00+00:00,2467260.8826431
2025-06-28 02:00:00+00:00,2467245.814083
2025-06-28 03:00:00+00:00,2467238.83520938
2025-06-28 04:00:00+00:00,2467244.61922174
2025-06-28 05:00:00+00:00,2467257.49480686
2025-06-28 06:00:00+00:00,2467270.55099486
2025-06-28 07:00:00+00:00,2465999.50350769
2025-06-28 08:00:00+00:00,2466048.13944985
2025-06-28 09:00:00+00:00,2466054.74819815
2025-06-28 10:00:00+00:00,2466015.05159311
2025-06-28 11:00:00+00:00,2466041.69008756
2025-06-28 12:00:00+00:00,2466095.41829361
2025-06-28 13:00:00+00:00,2466121.03243613
2025-06-28 14:00:00+00:00,2466132.40378962
2025-06-28 15:00:00+00:00,2466153.06189274
2025-06-28 16:00:00+00:00,2466094.59692968
2025-06-28 17:00:00+00:00,2466090.78182677
2025-06-28 18:00:00+00:00,2466088.2997339
2025-06-28 19:00:00+00:00,2467117.07212014
2025-06-28 20:00:00+00:00,2467117.8077451102
2025-06-28 21:00:00+00:00,2467120.07614265
2025-06-28 22:00:00+00:00,2467135.74271609
2025-06-28 23:00:00+00:00,2467138.97610346
2025-06-29 00:00:00+00:00,2467142.67413512
2025-06-29 01:00:00+00:00,2467133.63232148
2025-06-29 02:00:00+00:00,2467136.25825952
2025-06-29 03:00:00+00:00,2467152.61107441
2025-06-29 04:00:00+00:00,2467134.09386123
2025-06-29 05:00:00+00:00,2467122.49380472
2025-06-29 06:00:00+00:00,2467158.37826388
2025-06-29 07:00:00+00:00,2467153.19121123
2025-06-29 08:00:00+00:00,2467183.59186632
2025-06-29 09:00:00+00:00,2467150.97662349
2025-06-29 10:00:00+00:00,2467169.85619445
2025-06-29 11:00:00+00:00,2467166.55827678
2025-06-29 12:00:00+00:00,2467166.59065306
2025-06-29 13:00:00+00:00,2467160.15556985
2025-06-29 14:00:00+00:00,2467174.97718856
2025-06-29 15:00:00+00:00,2467165.8755057203
2025-06-29 16:00:00+00:00,2467176.44648865
2025-06-29 17:00:00+00:00,2466766.1391046
2025-06-29 18:00:00+00:00,2466774.37369866
2025-06-29 19:00:00+00:00,2466779.79379004
2025-06-29 20:00:00+00:00,2466800.6914537
2025-06-29 21:00:00+00:00,2466817.43248411
2025-06-29 22:00:00+00:00,2466816.98729078
2025-06-29 23:00:00+00:00,2466778.23162844
2025-06-30 00:00:00+00:00,2466797.33548405
2025-06-30 01:00:00+00:00,2467865.7102993
2025-06-30 02:00:00+00:00,2467824.27874914
2025-06-30 03:00:00+00:00,2479267.02673937
2025-06-30 04:00:00+00:00,2480314.84406354
2025-06-30 05:00:00+00:00,2480843.4112361902
2025-06-30 06:00:00+00:00,2482010.78248061
2025-06-30 07:00:00+00:00,2482095.10787856
2025-06-30 08:00:00+00:00,2482254.48685805
2025-06-30 09:00:00+00:00,2483651.57426742
2025-06-30 10:00:00+00:00,2483693.6308163702
2025-06-30 11:00:00+00:00,2482990.08150577
2025-06-30 12:00:00+00:00,2481385.34842733
2025-06-30 13:00:00+00:00,2481393.67343985
2025-06-30 14:00:00+00:00,2484656.67298928
2025-06-30 15:00:00+00:00,2482998.57814219
2025-06-30 16:00:00+00:00,2481961.30553997
2025-06-30 17:00:00+00:00,2483052.36288759
2025-06-30 18:00:00+00:00,2480083.3472635
2025-06-30 19:00:00+00:00,2479724.5931296702
2025-06-30 20:00:00+00:00,2479698.22276738
2025-06-30 21:00:00+00:00,2480091.24861104
2025-06-30 22:00:00+00:00,2480019.81452329
2025-06-30 23:00:00+00:00,2478878.72342777
2025-07-01 00:00:00+00:00,2478663.33359201
2025-07-01 01:00:00+00:00,2478681.78717637
2025-07-01 02:00:00+00:00,2478631.25738766
2025-07-01 03:00:00+00:00,2478547.1826763903
2025-07-01 04:00:00+00:00,2478569.83580852
2025-07-01 05:00:00+00:00,2478502.4869539
2025-07-01 06:00:00+00:00,2478505.6767545003
2025-07-01 07:00:00+00:00,2478414.53236045
2025-07-01 08:00:00+00:00,2478441.12710966
2025-07-01 09:00:00+00:00,2476671.48861796
2025-07-01 10:00:00+00:00,2475690.56716018
2025-07-01 11:00:00+00:00,2475464.2709884
2025-07-01 12:00:00+00:00,2476492.3960990203
2025-07-01 13:00:00+00:00,2475658.40536804
2025-07-01 14:00:00+00:00,2475692.21860515
2025-07-01 15:00:00+00:00,2475693.41722678
2025-07-01 16:00:00+00:00,2475938.08720343
2025-07-01 17:00:00+00:00,2475962.24715955
2025-07-01 18:00:00+00:00,2474853.40758198
2025-07-01 19:00:00+00:00,2474878.7967683403
2025-07-01 20:00:00+00:00,2474496.52962043
2025-07-01 21:00:00+00:00,2474534.33991169
2025-07-01 22:00:00+00:00,2474550.18798568
2025-07-01 23:00:00+00:00,2475608.47410083
2025-07-02 00:00:00+00:00,2475846.56295777
2025-07-02 01:00:00+00:00,2475893.27597168
2025-07-02 02:00:00+00:00,2475692.83936632
2025-07-02 03:00:00+00:00,2474364.73811461
2025-07-02 04:00:00+00:00,2474358.85859956
2025-07-02 05:00:00+00:00,2475739.59985659
2025-07-02 06:00:00+00:00,2475934.78586766
2025-07-02 07:00:00+00:00,2475971.49511448
2025-07-02 08:00:00+00:00,2475261.30176296
2025-07-02 09:00:00+00:00,2475386.6495086
2025-07-02 10:00:00+00:00,2475422.33235707
2025-07-02 11:00:00+00:00,2475428.56407759
2025-07-02 12:00:00+00:00,2475205.0010008
2025-07-02 13:00:00+00:00,2474108.82732071
2025-07-02 14:00:00+00:00,2475092.17475007
2025-07-02 15:00:00+00:00,2474649.31843842
2025-07-02 16:00:00+00:00,2473141.5525900503
2025-07-02 17:00:00+00:00,2471898.74465802
2025-07-02 18:00:00+00:00,2471954.12572403
2025-07-02 19:00:00+00:00,2472539.37926506
2025-07-02 20:00:00+00:00,2472597.69943139
2025-07-02 21:00:00+00:00,2473626.92474797
2025-07-02 22:00:00+00:00,2472623.34436065
2025-07-02 23:00:00+00:00,2473550.32490399
2025-07-03 00:00:00+00:00,2473533.82204144
2025-07-03 01:00:00+00:00,2473530.50593246
2025-07-03 02:00:00+00:00,2472459.00696787
2025-07-03 03:00:00+00:00,2473583.69826078
2025-07-03 04:00:00+00:00,2473575.81136696
2025-07-03 05:00:00+00:00,2473652.33924533
2025-07-03 06:00:00+00:00,2473703.48920547
2025-07-03 07:00:00+00:00,2474703.01834479
2025-07-03 08:00:00+00:00,2474747.80969337
2025-07-03 09:00:00+00:00,2474209.56319588
2025-07-03 10:00:00+00:00,2474449.88475982
2025-07-03 11:00:00+00:00,2473090.40340456
2025-07-03 12:00:00+00:00,2472660.45017964
2025-07-03 13:00:00+00:00,2468942.94485641
2025-07-03 14:00:00+00:00,2468317.34356104
2025-07-03 15:00:00+00:00,2467971.36226966
2025-07-03 16:00:00+00:00,2468059.19333106
2025-07-03 17:00:00+00:00,2467020.78464219
2025-07-03 18:00:00+00:00,2467735.65528974
2025-07-03 19:00:00+00:00,2465381.96913643
2025-07-03 20:00:00+00:00,2464264.2817394
2025-07-03 21:00:00+00:00,2465830.83072392
2025-07-03 22:00:00+00:00,2465837.85861583
2025-07-03 23:00:00+00:00,2465909.0364388702
2025-07-04 00:00:00+00:00,2465934.01443429
2025-07-04 01:00:00+00:00,2466048.24937799
2025-07-04 02:00:00+00:00,2466044.6529690702
2025-07-04 03:00:00+00:00,2466081.42951468
2025-07-04 04:00:00+00:00,2466048.43532489
2025-07-04 05:00:00+00:00,2466079.85993431
2025-07-04 06:00:00+00:00,2466096.03433971
2025-07-04 07:00:00+00:00,2466201.03584431
2025-07-04 08:00:00+00:00,2466349.9629186
2025-07-04 09:00:00+00:00,2466302.92386417
2025-07-04 10:00:00+00:00,2464869.70211322
2025-07-04 11:00:00+00:00,2464874.26012688
2025-07-04 12:00:00+00:00,2464801.60443957
2025-07-04 13:00:00+00:00,2464800.72008423
2025-07-04 14:00:00+00:00,2464840.51076531
2025-07-04 15:00:00+00:00,2463764.37223236
2025-07-04 16:00:00+00:00,2465778.25000127
2025-07-04 17:00:00+00:00,2464753.12754004
2025-07-04 18:00:00+00:00,2464812.83210463
2025-07-04 19:00:00+00:00,2464837.32247505
2025-07-04 20:00:00+00:00,2463419.97130934
2025-07-04 21:00:00+00:00,2463420.06566629
2025-07-04 22:00:00+00:00,2463415.69269475
2025-07-04 23:00:00+00:00,2463453.64983235
2025-07-05 00:00:00+00:00,2463459.03533671
2025-07-05 01:00:00+00:00,2463463.46722416
2025-07-05 02:00:00+00:00,2463486.79530742
2025-07-05 03:00:00+00:00,2463485.17814418
2025-07-05 04:00:00+00:00,2463494.62484483
2025-07-05 05:00:00+00:00,2463501.6037665103
2025-07-05 06:00:00+00:00,2463523.70050727
2025-07-05 07:00:00+00:00,2463581.49632849
2025-07-05 08:00:00+00:00,2463576.06396206
2025-07-05 09:00:00+00:00,2463674.62962828
2025-07-05 10:00:00+00:00,2463694.50405079
2025-07-05 11:00:00+00:00,2463670.83908776
2025-07-05 12:00:00+00:00,2464715.1691270103
2025-07-05 13:00:00+00:00,2463634.36107381
2025-07-05 14:00:00+00:00,2463629.99553889
2025-07-05 15:00:00+00:00,2463698.38654524
2025-07-05 16:00:00+00:00,2463708.89847339
2025-07-05 17:00:00+00:00,2463709.31789343
2025-07-05 18:00:00+00:00,2463317.22559146
2025-07-05 19:00:00+00:00,2463321.12993991
2025-07-05 20:00:00+00:00,2463312.1139889
2025-07-05 21:00:00+00:00,2463317.7349976
2025-07-05 22:00:00+00:00,2463322.51513298
2025-07-05 23:00:00+00:00,2463329.7778146
2025-07-06 00:00:00+00:00,2463149.3004653
2025-07-06 01:00:00+00:00,2463104.01178311
2025-07-06 02:00:00+00:00,2463108.496176
2025-07-06 03:00:00+00:00,2463131.48327657
2025-07-06 04:00:00+00:00,2463112.39748888
2025-07-06 05:00:00+00:00,2463123.0089432
2025-07-06 06:00:00+00:00,2463125.64349828
2025-07-06 07:00:00+00:00,2463126.74207822
2025-07-06 08:00:00+00:00,2463145.87541178
2025-07-06 09:00:00+00:00,2462099.6532724
2025-07-06 10:00:00+00:00,2462191.60169046
2025-07-06 11:00:00+00:00,2462194.06095142
2025-07-06 12:00:00+00:00,2462216.64189848
2025-07-06 13:00:00+00:00,2463494.29080768
2025-07-06 14:00:00+00:00,2463556.29553244
2025-07-06 15:00:00+00:00,2462413.88963325
2025-07-06 16:00:00+00:00,2462235.77108425
2025-07-06 17:00:00+00:00,2462258.13181712
2025-07-06 18:00:00+00:00,2462258.88814736
2025-07-06 19:00:00+00:00,2461596.52037372
2025-07-06 20:00:00+00:00,2461595.08497715
2025-07-06 21:00:00+00:00,2462601.4027213203
2025-07-06 22:00:00+00:00,2462671.47820732
2025-07-06 23:00:00+00:00,2462735.71091689
2025-07-07 00:00:00+00:00,2463781.49038685
2025-07-07 01:00:00+00:00,2463874.74346553
2025-07-07 02:00:00+00:00,2465116.11658723
2025-07-07 03:00:00+00:00,2465202.55011468
2025-07-07 04:00:00+00:00,2466737.33904483
2025-07-07 05:00:00+00:00,2466714.75075606
2025-07-07 06:00:00+00:00,2466760.29725755
2025-07-07 07:00:00+00:00,2465301.2858974
2025-07-07 08:00:00+00:00,2466569.10311697
2025-07-07 09:00:00+00:00,2465361.55441771
2025-07-07 10:00:00+00:00,2465835.00586424
2025-07-07 11:00:00+00:00,2465833.00321728
2025-07-07 12:00:00+00:00,2463589.24911654
2025-07-07 13:00:00+00:00,2463768.7062527803
2025-07-07 14:00:00+00:00,2464954.60545658
2025-07-07 15:00:00+00:00,2466391.05875504
2025-07-07 16:00:00+00:00,2466396.77750557
2025-07-07 17:00:00+00:00,2466396.77750557
2025-07-07 18:00:00+00:00,2466501.5003155703
2025-07-07 19:00:00+00:00,2466501.63979176
2025-07-07 20:00:00+00:00,2466548.65734044
2025-07-07 21:00:00+00:00,2466304.2202796303
2025-07-07 22:00:00+00:00,2465245.3541164203
2025-07-07 23:00:00+00:00,2466342.87537057
2025-07-08 00:00:00+00:00,2465158.47821682
2025-07-08 01:00:00+00:00,2465230.40412678
2025-07-08 02:00:00+00:00,2465209.65519751
2025-07-08 03:00:00+00:00,2466171.23037761
2025-07-08 04:00:00+00:00,2465153.35846039
2025-07-08 05:00:00+00:00,2465231.44193292
2025-07-08 06:00:00+00:00,2463783.96591207
2025-07-08 07:00:00+00:00,2463730.24019282
2025-07-08 08:00:00+00:00,2463737.8770263703
2025-07-08 09:00:00+00:00,2463871.49203277
2025-07-08 10:00:00+00:00,2463885.54017216
2025-07-08 11:00:00+00:00,2463828.22966115
2025-07-08 12:00:00+00:00,2462852.0481624003
2025-07-08 13:00:00+00:00,2462935.33225787
2025-07-08 14:00:00+00:00,2462969.20528319
2025-07-08 15:00:00+00:00,2463023.11946373
2025-07-08 16:00:00+00:00,2464100.94614719
2025-07-08 17:00:00+00:00,2464142.12272616
2025-07-08 18:00:00+00:00,2464029.53618626
2025-07-08 19:00:00+00:00,2463111.9749984
2025-07-08 20:00:00+00:00,2462998.69337299
2025-07-08 21:00:00+00:00,2462408.39506857
2025-07-08 22:00:00+00:00,2463115.0424907003
2025-07-08 23:00:00+00:00,2463145.56805107
2025-07-09 00:00:00+00:00,2463164.57797836
2025-07-09 01:00:00+00:00,2464191.3931361
2025-07-09 02:00:00+00:00,2464171.72547502
2025-07-09 03:00:00+00:00,2464377.49125288
2025-07-09 04:00:00+00:00,2464358.36761465
2025-07-09 05:00:00+00:00,2463147.21984317
2025-07-09 06:00:00+00:00,2463107.78443397
2025-07-09 07:00:00+00:00,2463096.3201972903
2025-07-09 08:00:00+00:00,2463109.46822445
2025-07-09 09:00:00+00:00,2464151.25737677
2025-07-09 10:00:00+00:00,2464136.42468827
2025-07-09 11:00:00+00:00,2464106.80847165
2025-07-09 12:00:00+00:00,2464134.61343494
2025-07-09 13:00:00+00:00,2464256.80623906
2025-07-09 14:00:00+00:00,2464111.72039585
2025-07-09 15:00:00+00:00,2462835.33371771
2025-07-09 16:00:00+00:00,2461899.18923257
2025-07-09 17:00:00+00:00,2462925.51510877
2025-07-09 18:00:00+00:00,2462943.12067961
2025-07-09 19:00:00+00:00,2462212.84038967
2025-07-09 20:00:00+00:00,2462226.2960764
2025-07-09 21:00:00+00:00,2462081.84485202
2025-07-09 22:00:00+00:00,2462121.79996752
2025-07-09 23:00:00+00:00,2462088.72217903
2025-07-10 00:00:00+00:00,2462075.84699146
2025-07-10 01:00:00+00:00,2462067.22742222
2025-07-10 02:00:00+00:00,2462048.45742508
2025-07-10 03:00:00+00:00,2461994.09687301
2025-07-10 04:00:00+00:00,2461911.5147437803
2025-07-10 05:00:00+00:00,2461920.38568058
2025-07-10 06:00:00+00:00,2462763.59208043
2025-07-10 07:00:00+00:00,2462983.09270144
2025-07-10 08:00:00+00:00,2462862.24278866
2025-07-10 09:00:00+00:00,2462833.21199071
2025-07-10 10:00:00+00:00,2462466.44273842
2025-07-10 11:00:00+00:00,2462680.84272557
2025-07-10 12:00:00+00:00,2462681.82104994
2025-07-10 13:00:00+00:00,2463113.7980429
2025-07-10 14:00:00+00:00,2463076.9595152
2025-07-10 15:00:00+00:00,2463172.66646388
2025-07-10 16:00:00+00:00,2462942.49380958
2025-07-10 17:00:00+00:00,2463009.29867471
2025-07-10 18:00:00+00:00,2463010.73896643
2025-07-10 19:00:00+00:00,2463035.11514484
2025-07-10 20:00:00+00:00,2463029.04622034
2025-07-10 21:00:00+00:00,2463197.11735934
2025-07-10 22:00:00+00:00,2463163.30258667
2025-07-10 23:00:00+00:00,2464175.07926223
2025-07-11 00:00:00+00:00,2464168.38021418
2025-07-11 01:00:00+00:00,2464632.78923235
2025-07-11 02:00:00+00:00,2463442.67134856
2025-07-11 03:00:00+00:00,2463565.33124784
2025-07-11 04:00:00+00:00,2463438.42252496
2025-07-11 05:00:00+00:00,2463454.00156385
2025-07-11 06:00:00+00:00,2463960.92028771
2025-07-11 07:00:00+00:00,2463883.61246072
2025-07-11 08:00:00+00:00,2464034.28359895
2025-07-11 09:00:00+00:00,2463964.2220363203
2025-07-11 10:00:00+00:00,2463983.4943708302
2025-07-11 11:00:00+00:00,2464124.2242591
2025-07-11 12:00:00+00:00,2464329.80971657
2025-07-11 13:00:00+00:00,2462807.1494681
2025-07-11 14:00:00+00:00,2463231.59095856
2025-07-11 15:00:00+00:00,2461906.57618816
2025-07-11 16:00:00+00:00,2462705.66327627
2025-07-11 17:00:00+00:00,2462813.01652877
2025-07-11 18:00:00+00:00,2462713.56863678
2025-07-11 19:00:00+00:00,2462791.62498757
2025-07-11 20:00:00+00:00,2472782.34772194
2025-07-11 21:00:00+00:00,2473998.890002
2025-07-11 22:00:00+00:00,2473990.60552189
2025-07-11 23:00:00+00:00,2473039.81888712
2025-07-12 00:00:00+00:00,2473054.73987708
2025-07-12 01:00:00+00:00,2473056.2911288003
2025-07-12 02:00:00+00:00,2473047.65602625
2025-07-12 03:00:00+00:00,2473054.89513742
2025-07-12 04:00:00+00:00,2473019.38770865
2025-07-12 05:00:00+00:00,2472972.4115424203
2025-07-12 06:00:00+00:00,2472955.35154232
2025-07-12 07:00:00+00:00,2472962.93573548
2025-07-12 08:00:00+00:00,2472899.10068166
2025-07-12 09:00:00+00:00,2472939.7469098
2025-07-12 10:00:00+00:00,2472951.47788988
2025-07-12 11:00:00+00:00,2472967.31539186
2025-07-12 12:00:00+00:00,2473026.27673667
2025-07-12 13:00:00+00:00,2473148.0186667303
2025-07-12 14:00:00+00:00,2473139.24675348
2025-07-12 15:00:00+00:00,2473184.12168774
2025-07-12 16:00:00+00:00,2473046.57927953
2025-07-12 17:00:00+00:00,2473045.85800495
2025-07-12 18:00:00+00:00,2473039.7821393
2025-07-12 19:00:00+00:00,2473057.59890114
2025-07-12 20:00:00+00:00,2473152.35064294
2025-07-12 21:00:00+00:00,2474059.15521945
2025-07-12 22:00:00+00:00,2474058.85077143
2025-07-12 23:00:00+00:00,2474026.56326114
2025-07-13 00:00:00+00:00,2474034.79450917
2025-07-13 01:00:00+00:00,2474030.20832371
2025-07-13 02:00:00+00:00,2474056.83724067
2025-07-13 03:00:00+00:00,2475085.62261667
2025-07-13 04:00:00+00:00,2475074.15028549
2025-07-13 05:00:00+00:00,2475045.09410084
2025-07-13 06:00:00+00:00,2475043.39737533
2025-07-13 07:00:00+00:00,2474975.15882078
2025-07-13 08:00:00+00:00,2473962.74835788
2025-07-13 09:00:00+00:00,2473935.35124671
2025-07-13 10:00:00+00:00,2476790.15337314
2025-07-13 11:00:00+00:00,2476807.12765967
2025-07-13 12:00:00+00:00,2476752.72599687
2025-07-13 13:00:00+00:00,2476738.62034355
2025-07-13 14:00:00+00:00,2476754.79188715
2025-07-13 15:00:00+00:00,2474951.6835510703
2025-07-13 16:00:00+00:00,2474928.87379078
2025-07-13 17:00:00+00:00,2474911.96797875
2025-07-13 18:00:00+00:00,2474932.6924315803
2025-07-13 19:00:00+00:00,2474936.44905733
2025-07-13 20:00:00+00:00,2473845.5889582
2025-07-13 21:00:00+00:00,2473832.70979139
2025-07-13 22:00:00+00:00,2473738.88884521
2025-07-13 23:00:00+00:00,2473504.6184664
2025-07-14 00:00:00+00:00,2473504.6184664
2025-07-14 01:00:00+00:00,2473137.27424913
2025-07-14 02:00:00+00:00,2473389.08663601
2025-07-14 03:00:00+00:00,2473339.48440555
2025-07-14 04:00:00+00:00,2473354.82793567
2025-07-14 05:00:00+00:00,2474360.36447035
2025-07-14 06:00:00+00:00,2474387.94799722
2025-07-14 07:00:00+00:00,2476050.92489742
2025-07-14 08:00:00+00:00,2473927.79791911
2025-07-14 09:00:00+00:00,2495895.56111439
2025-07-14 10:00:00+00:00,2495635.13564411
2025-07-14 11:00:00+00:00,2495124.69164167
2025-07-14 12:00:00+00:00,2495335.05956723
2025-07-14 13:00:00+00:00,2493541.14529467
2025-07-14 14:00:00+00:00,2488873.3100357302
2025-07-14 15:00:00+00:00,2487307.04914443
2025-07-14 16:00:00+00:00,2487479.0216015102
2025-07-14 17:00:00+00:00,2486166.69895032
2025-07-14 18:00:00+00:00,2486712.95078973
2025-07-14 19:00:00+00:00,2486940.21497943
2025-07-14 20:00:00+00:00,2483663.22605563
2025-07-14 21:00:00+00:00,2483352.58674848
2025-07-14 22:00:00+00:00,2483867.9608406
2025-07-14 23:00:00+00:00,2483841.95048317
2025-07-15 00:00:00+00:00,2483231.97772725
2025-07-15 01:00:00+00:00,2484981.40388157
2025-07-15 02:00:00+00:00,2497817.03615065
2025-07-15 03:00:00+00:00,2496193.57731928
2025-07-15 04:00:00+00:00,2495977.16858374
2025-07-15 05:00:00+00:00,2483996.45745236
2025-07-15 06:00:00+00:00,2482815.96433897
2025-07-15 07:00:00+00:00,2491507.3068454303
2025-07-15 08:00:00+00:00,2482698.00112216
2025-07-15 09:00:00+00:00,2483072.41584848
2025-07-15 10:00:00+00:00,2483266.92792007
2025-07-15 11:00:00+00:00,2483597.76603385
2025-07-15 12:00:00+00:00,2471499.47730844
2025-07-15 13:00:00+00:00,2471667.11781085
2025-07-15 14:00:00+00:00,2473927.79471261
2025-07-15 15:00:00+00:00,2472951.65826069
2025-07-15 16:00:00+00:00,2474975.17400941
2025-07-15 17:00:00+00:00,2483349.49051979
2025-07-15 18:00:00+00:00,2478601.37573141
2025-07-15 19:00:00+00:00,2478080.60213505
2025-07-15 20:00:00+00:00,2486661.62706587
2025-07-15 21:00:00+00:00,2485443.55724169
2025-07-15 22:00:00+00:00,2486700.5640597
2025-07-15 23:00:00+00:00,2486754.13117391
2025-07-16 00:00:00+00:00,2487813.53927218
2025-07-16 01:00:00+00:00,2487832.90387768
2025-07-16 02:00:00+00:00,2487893.58518033
2025-07-16 03:00:00+00:00,2487857.26395752
2025-07-16 04:00:00+00:00,2487796.91238327
2025-07-16 05:00:00+00:00,2487728.58929924
2025-07-16 06:00:00+00:00,2487760.13315829
2025-07-16 07:00:00+00:00,2489357.49190797
2025-07-16 08:00:00+00:00,2489796.47428459
2025-07-16 09:00:00+00:00,2502265.95286558
2025-07-16 10:00:00+00:00,2502291.46174793
2025-07-16 11:00:00+00:00,2502322.06169294
2025-07-16 12:00:00+00:00,2490324.71742686
2025-07-16 13:00:00+00:00,2490355.05754065
2025-07-16 14:00:00+00:00,2490621.31367712
2025-07-16 15:00:00+00:00,2490540.23152776
2025-07-16 16:00:00+00:00,2489307.61639364
2025-07-16 17:00:00+00:00,2490898.77379468
2025-07-16 18:00:00+00:00,2490821.15710069
2025-07-16 19:00:00+00:00,2492406.14204321
2025-07-16 20:00:00+00:00,2491379.73337283
2025-07-16 21:00:00+00:00,2491379.73337283
2025-07-16 22:00:00+00:00,2481145.53982055
2025-07-16 23:00:00+00:00,2481133.8492747
2025-07-17 00:00:00+00:00,2491247.76143352
2025-07-17 01:00:00+00:00,2489213.7692655902
2025-07-17 02:00:00+00:00,2489277.67983801
2025-07-17 03:00:00+00:00,2489101.71380184
2025-07-17 04:00:00+00:00,2489146.28406665
2025-07-17 05:00:00+00:00,2489135.9560729302
2025-07-17 06:00:00+00:00,2489137.41635548
2025-07-17 07:00:00+00:00,2489202.20956774
2025-07-17 08:00:00+00:00,2490353.67066618
2025-07-17 09:00:00+00:00,2499572.22367876
2025-07-17 10:00:00+00:00,2497710.7176566
2025-07-17 11:00:00+00:00,2497416.98301753
2025-07-17 12:00:00+00:00,2497063.77482024
2025-07-17 13:00:00+00:00,2498241.48201502
2025-07-17 14:00:00+00:00,2496512.60845431
2025-07-17 15:00:00+00:00,2496685.02862814
2025-07-17 16:00:00+00:00,2496263.5033834
2025-07-17 17:00:00+00:00,2496612.53961397
2025-07-17 18:00:00+00:00,2497931.15937355
2025-07-17 19:00:00+00:00,2498201.1692265403
2025-07-17 20:00:00+00:00,2490660.48447814
2025-07-17 21:00:00+00:00,2493214.37684688
2025-07-17 22:00:00+00:00,2490184.8296403
2025-07-17 23:00:00+00:00,2483697.66783847
2025-07-18 00:00:00+00:00,2483707.89253498
2025-07-18 01:00:00+00:00,2483684.46303157
2025-07-18 02:00:00+00:00,2483715.90325004
2025-07-18 03:00:00+00:00,2483869.0514169103
2025-07-18 04:00:00+00:00,2483918.11629864
2025-07-18 05:00:00+00:00,2483868.87745425
2025-07-18 06:00:00+00:00,2482754.9406064
2025-07-18 07:00:00+00:00,2482857.06882674
2025-07-18 08:00:00+00:00,2483296.35415914
2025-07-18 09:00:00+00:00,2483240.07645103
2025-07-18 10:00:00+00:00,2483057.83477342
2025-07-18 11:00:00+00:00,2483068.89956162
2025-07-18 12:00:00+00:00,2482991.02754916
2025-07-18 13:00:00+00:00,2483237.4143438
2025-07-18 14:00:00+00:00,2483324.66886346
2025-07-18 15:00:00+00:00,2484205.00539541
2025-07-18 16:00:00+00:00,2483715.86725374
2025-07-18 17:00:00+00:00,2482482.31979306
2025-07-18 18:00:00+00:00,2481231.87104776
2025-07-18 19:00:00+00:00,2481145.45628373
2025-07-18 20:00:00+00:00,2482119.35146642
2025-07-18 21:00:00+00:00,2481792.13185566
2025-07-18 22:00:00+00:00,2481874.12520428
2025-07-18 23:00:00+00:00,2481854.79330453
2025-07-19 00:00:00+00:00,2481841.92861688
2025-07-19 01:00:00+00:00,2482845.11473455
2025-07-19 02:00:00+00:00,2482894.9343569702
2025-07-19 03:00:00+00:00,2482869.23489139
2025-07-19 04:00:00+00:00,2482889.76283216
2025-07-19 05:00:00+00:00,2482884.8679354102
2025-07-19 06:00:00+00:00,2482588.9467477403
2025-07-19 07:00:00+00:00,2482592.18833803
2025-07-19 08:00:00+00:00,2482603.08668615
2025-07-19 09:00:00+00:00,2482601.2623117003
2025-07-19 10:00:00+00:00,2482579.9868156603
2025-07-19 11:00:00+00:00,2482346.88362669
2025-07-19 12:00:00+00:00,2482428.63713471
2025-07-19 13:00:00+00:00,2482438.67761678
2025-07-19 14:00:00+00:00,2482458.82591083
2025-07-19 15:00:00+00:00,2482425.19722598
2025-07-19 16:00:00+00:00,2482403.44860948
2025-07-19 17:00:00+00:00,2482404.64072918
2025-07-19 18:00:00+00:00,2482395.06174955
2025-07-19 19:00:00+00:00,2482394.9577833
2025-07-19 20:00:00+00:00,2482385.78666166
2025-07-19 21:00:00+00:00,2482381.28825722
2025-07-19 22:00:00+00:00,2482391.86078036
2025-07-19 23:00:00+00:00,2482397.69473988
2025-07-20 00:00:00+00:00,2482373.49979328
2025-07-20 01:00:00+00:00,2482379.2740064003
2025-07-20 02:00:00+00:00,2482328.88735446
2025-07-20 03:00:00+00:00,2482333.11940247
2025-07-20 04:00:00+00:00,2482345.1821123
2025-07-20 05:00:00+00:00,2482368.62166787
2025-07-20 06:00:00+00:00,2482386.10252194
2025-07-20 07:00:00+00:00,2482409.34098726
2025-07-20 08:00:00+00:00,2482413.34671885
2025-07-20 09:00:00+00:00,2482406.92134402
2025-07-20 10:00:00+00:00,2482418.57467358
2025-07-20 11:00:00+00:00,2482415.26961315
2025-07-20 12:00:00+00:00,2482427.7314189
2025-07-20 13:00:00+00:00,2482428.18873448
2025-07-20 14:00:00+00:00,2482358.76205089
2025-07-20 15:00:00+00:00,2482366.78677094
2025-07-20 16:00:00+00:00,2482229.78302731
2025-07-20 17:00:00+00:00,2482219.4843191
2025-07-20 18:00:00+00:00,2482029.34923207
2025-07-20 19:00:00+00:00,2482034.63748375
2025-07-20 20:00:00+00:00,2482036.21878947
2025-07-20 21:00:00+00:00,2482011.5318828803
2025-07-20 22:00:00+00:00,2481991.60399214
2025-07-20 23:00:00+00:00,2481816.46110497
2025-07-21 00:00:00+00:00,2481831.78700781
2025-07-21 01:00:00+00:00,2481796.61612038
2025-07-21 02:00:00+00:00,2481766.76304123
2025-07-21 03:00:00+00:00,2481734.6087117502
2025-07-21 04:00:00+00:00,2481494.5067427102
2025-07-21 05:00:00+00:00,2481385.08539048
2025-07-21 06:00:00+00:00,2482461.85624006
2025-07-21 07:00:00+00:00,2482508.15507635
2025-07-21 08:00:00+00:00,2481603.10424208
2025-07-21 09:00:00+00:00,2481186.29466636
2025-07-21 10:00:00+00:00,2482015.46307903
2025-07-21 11:00:00+00:00,2481982.13459224
2025-07-21 12:00:00+00:00,2480927.87264362
2025-07-21 13:00:00+00:00,2490883.15419165
2025-07-21 14:00:00+00:00,2490941.62458248
2025-07-21 15:00:00+00:00,2489976.1348814
2025-07-21 16:00:00+00:00,2490094.18122256
2025-07-21 17:00:00+00:00,2488956.87630453
2025-07-21 18:00:00+00:00,2488201.11215684
2025-07-21 19:00:00+00:00,2487359.42615813
2025-07-21 20:00:00+00:00,2486926.51875206
2025-07-21 21:00:00+00:00,2487323.11380196
2025-07-21 22:00:00+00:00,2487331.65953298
2025-07-21 23:00:00+00:00,2487344.91987007
2025-07-22 00:00:00+00:00,2487340.01300192
2025-07-22 01:00:00+00:00,2487362.58493501
2025-07-22 02:00:00+00:00,2487369.21849215
2025-07-22 03:00:00+00:00,2487491.89836853
2025-07-22 04:00:00+00:00,2487306.17702523
2025-07-22 05:00:00+00:00,2487257.8282124703
2025-07-22 06:00:00+00:00,2487594.68707277
2025-07-22 07:00:00+00:00,2486648.52294489
2025-07-22 08:00:00+00:00,2487018.30631208
2025-07-22 09:00:00+00:00,2487285.45733179
2025-07-22 10:00:00+00:00,2485497.45231034
2025-07-22 11:00:00+00:00,2485530.07248029
2025-07-22 12:00:00+00:00,2484298.03742747
2025-07-22 13:00:00+00:00,2484304.04091307
2025-07-22 14:00:00+00:00,2482892.13979575
2025-07-22 15:00:00+00:00,2482924.87209838
2025-07-22 16:00:00+00:00,2482982.50759938
2025-07-22 17:00:00+00:00,2483061.51559553
2025-07-22 18:00:00+00:00,2483222.48448189
2025-07-22 19:00:00+00:00,2483225.7397426
2025-07-22 20:00:00+00:00,2483188.03076318
2025-07-22 21:00:00+00:00,2483143.01132476
2025-07-22 22:00:00+00:00,2483148.36039987
2025-07-22 23:00:00+00:00,2483161.09894359
2025-07-23 00:00:00+00:00,2483200.56730038
2025-07-23 01:00:00+00:00,2483224.53652763
2025-07-23 02:00:00+00:00,2483149.63517896
2025-07-23 03:00:00+00:00,2483182.29779471
2025-07-23 04:00:00+00:00,2483075.91573504
2025-07-23 05:00:00+00:00,2483091.93454908
2025-07-23 06:00:00+00:00,2483108.56906824
2025-07-23 07:00:00+00:00,2483768.12147459
2025-07-23 08:00:00+00:00,2483783.5591334403
2025-07-23 09:00:00+00:00,2483627.29988574
2025-07-23 10:00:00+00:00,2483586.01793777
2025-07-23 11:00:00+00:00,2483570.08667731
2025-07-23 12:00:00+00:00,2483611.36108686
2025-07-23 13:00:00+00:00,2483677.55292571
2025-07-23 14:00:00+00:00,2483577.49903309
2025-07-23 15:00:00+00:00,2483600.66693089
2025-07-23 16:00:00+00:00,2483571.53477011
2025-07-23 17:00:00+00:00,2483627.5848154
2025-07-23 18:00:00+00:00,2484820.47017479
2025-07-23 19:00:00+00:00,2484846.89379041
2025-07-23 20:00:00+00:00,2484754.5820519
2025-07-23 21:00:00+00:00,2484672.18019471
2025-07-23 22:00:00+00:00,2484683.57612843
2025-07-23 23:00:00+00:00,2484658.10903048
2025-07-24 00:00:00+00:00,2484679.3783855
2025-07-24 01:00:00+00:00,2484730.18439867
2025-07-24 02:00:00+00:00,2484712.7374671903
2025-07-24 03:00:00+00:00,2484792.81332909
2025-07-24 04:00:00+00:00,2484799.97274802
2025-07-24 05:00:00+00:00,2484808.03041045
2025-07-24 06:00:00+00:00,2483647.43670001
2025-07-24 07:00:00+00:00,2483619.34010971
2025-07-24 08:00:00+00:00,2483626.28897209
2025-07-24 09:00:00+00:00,2483729.50870063
2025-07-24 10:00:00+00:00,2483801.15917533
2025-07-24 11:00:00+00:00,2483328.31112981
2025-07-24 12:00:00+00:00,2483316.94257537
2025-07-24 13:00:00+00:00,2482367.70892769
2025-07-24 14:00:00+00:00,2482481.32152169
2025-07-24 15:00:00+00:00,2482495.932537
2025-07-24 16:00:00+00:00,2482500.1466726703
2025-07-24 17:00:00+00:00,2482494.07449035
2025-07-24 18:00:00+00:00,2482494.78711264
2025-07-24 19:00:00+00:00,2483126.76447405
2025-07-24 20:00:00+00:00,2482099.33497805
2025-07-24 21:00:00+00:00,2482050.20364944
2025-07-24 22:00:00+00:00,2480385.89754192
2025-07-24 23:00:00+00:00,2480381.74135651
2025-07-25 00:00:00+00:00,2480384.12543523
2025-07-25 01:00:00+00:00,2480421.65204247
2025-07-25 02:00:00+00:00,2480483.50487699
2025-07-25 03:00:00+00:00,2480577.8990081702
2025-07-25 04:00:00+00:00,2480516.10521954
2025-07-25 05:00:00+00:00,2480525.08506546
2025-07-25 06:00:00+00:00,2480643.05802716
2025-07-25 07:00:00+00:00,2481596.17691021
2025-07-25 08:00:00+00:00,2481183.93868623
2025-07-25 09:00:00+00:00,2481074.80497071
2025-07-25 10:00:00+00:00,2481111.6990508
2025-07-25 11:00:00+00:00,2481150.44405443
2025-07-25 12:00:00+00:00,2481288.11234155
2025-07-25 13:00:00+00:00,2481256.79384066
2025-07-25 14:00:00+00:00,2481444.24749658
2025-07-25 15:00:00+00:00,2481642.1305684103
2025-07-25 16:00:00+00:00,2481732.8939322103
2025-07-25 17:00:00+00:00,2483336.37162443
2025-07-25 18:00:00+00:00,2484863.9803785
2025-07-25 19:00:00+00:00,2488548.7139458
2025-07-25 20:00:00+00:00,2486566.9743992803
2025-07-25 21:00:00+00:00,2485532.00117537
2025-07-25 22:00:00+00:00,2485936.3143824
2025-07-25 23:00:00+00:00,2485058.54073234
2025-07-26 00:00:00+00:00,2485061.87454711
2025-07-26 01:00:00+00:00,2485065.23838266
2025-07-26 02:00:00+00:00,2485053.02061398
2025-07-26 03:00:00+00:00,2485046.75405646
2025-07-26 04:00:00+00:00,2485048.06960933
2025-07-26 05:00:00+00:00,2484939.02553174
2025-07-26 06:00:00+00:00,2484887.2369883102
2025-07-26 07:00:00+00:00,2486370.3782282
2025-07-26 08:00:00+00:00,2486347.91488383
2025-07-26 09:00:00+00:00,2486351.6524075503
2025-07-26 10:00:00+00:00,2486355.3905876703
2025-07-26 11:00:00+00:00,2486371.76799102
2025-07-26 12:00:00+00:00,2486043.16710496
2025-07-26 13:00:00+00:00,2486014.38420068
2025-07-26 14:00:00+00:00,2486097.12546703
2025-07-26 15:00:00+00:00,2485995.30239985
2025-07-26 16:00:00+00:00,2486010.1360555
2025-07-26 17:00:00+00:00,2486011.79606483
2025-07-26 18:00:00+00:00,2486010.72145999
2025-07-26 19:00:00+00:00,2485991.15467975
2025-07-26 20:00:00+00:00,2485999.17383653
2025-07-26 21:00:00+00:00,2485998.81296496
2025-07-26 22:00:00+00:00,2486003.55361058
2025-07-26 23:00:00+00:00,2486037.24622255
2025-07-27 00:00:00+00:00,2486041.24932509
2025-07-27 01:00:00+00:00,2486056.92503572
2025-07-27 02:00:00+00:00,2486028.5935858
2025-07-27 03:00:00+00:00,2486035.21301573
2025-07-27 04:00:00+00:00,2486027.35073648
2025-07-27 05:00:00+00:00,2486032.91446452
2025-07-27 06:00:00+00:00,2486050.4506392
2025-07-27 07:00:00+00:00,2486013.25470593
2025-07-27 08:00:00+00:00,2486030.95299708
2025-07-27 09:00:00+00:00,2486026.95790566
2025-07-27 10:00:00+00:00,2486046.94855777
2025-07-27 11:00:00+00:00,2486046.4155595303
2025-07-27 12:00:00+00:00,2486045.74573169
2025-07-27 13:00:00+00:00,2486063.69012331
2025-07-27 14:00:00+00:00,2486094.49762622
2025-07-27 15:00:00+00:00,2485500.60893695
2025-07-27 16:00:00+00:00,2485497.32949717
2025-07-27 17:00:00+00:00,2485477.36790863
2025-07-27 18:00:00+00:00,2485494.75541847
2025-07-27 19:00:00+00:00,2485490.17603327
2025-07-27 20:00:00+00:00,2485476.48951079
2025-07-27 21:00:00+00:00,2485499.79122216
2025-07-27 22:00:00+00:00,2485518.64050472
2025-07-27 23:00:00+00:00,2485460.86975478
2025-07-28 00:00:00+00:00,2485470.0225940403
2025-07-28 01:00:00+00:00,2485526.60398007
2025-07-28 02:00:00+00:00,2485537.7143132
2025-07-28 03:00:00+00:00,2486687.81857912
2025-07-28 04:00:00+00:00,2486816.63814032
2025-07-28 05:00:00+00:00,2486804.18282746
2025-07-28 06:00:00+00:00,2485767.5424487
2025-07-28 07:00:00+00:00,2486510.49656345
2025-07-28 08:00:00+00:00,2485892.29809351
2025-07-28 09:00:00+00:00,2485872.82995795
2025-07-28 10:00:00+00:00,2485918.82042321
2025-07-28 11:00:00+00:00,2485919.2514942503
2025-07-28 12:00:00+00:00,2488272.05009306
2025-07-28 13:00:00+00:00,2487397.58623587
2025-07-28 14:00:00+00:00,2489640.98141073
2025-07-28 15:00:00+00:00,2498872.09778864
2025-07-28 16:00:00+00:00,2497611.75144064
2025-07-28 17:00:00+00:00,2497620.5459904
2025-07-28 18:00:00+00:00,2499077.47087938
2025-07-28 19:00:00+00:00,2499075.55002772
2025-07-28 20:00:00+00:00,2498131.84358279
2025-07-28 21:00:00+00:00,2498939.85509993
2025-07-28 22:00:00+00:00,2498402.98194534
2025-07-28 23:00:00+00:00,2498405.58913818
2025-07-29 00:00:00+00:00,2498419.99356441
2025-07-29 01:00:00+00:00,2498458.91569289
2025-07-29 02:00:00+00:00,2498467.50112792
2025-07-29 03:00:00+00:00,2498458.8331235102
2025-07-29 04:00:00+00:00,2499904.559991
2025-07-29 05:00:00+00:00,2498605.24966943
2025-07-29 06:00:00+00:00,2498605.83432968
2025-07-29 07:00:00+00:00,2498464.33078747
2025-07-29 08:00:00+00:00,2498441.45401795
2025-07-29 09:00:00+00:00,2499648.76570685
2025-07-29 10:00:00+00:00,2500885.16063403
2025-07-29 11:00:00+00:00,2499589.40137463
2025-07-29 12:00:00+00:00,2498345.0529977903
2025-07-29 13:00:00+00:00,2493847.85703251
2025-07-29 14:00:00+00:00,2483971.49617368
2025-07-29 15:00:00+00:00,2483944.48263789
2025-07-29 16:00:00+00:00,2485155.31558325
2025-07-29 17:00:00+00:00,2487993.51004352
2025-07-29 18:00:00+00:00,2487979.72833524
2025-07-29 19:00:00+00:00,2487973.8249051003
2025-07-29 20:00:00+00:00,2488183.7239243803
2025-07-29 21:00:00+00:00,2488210.1484132
2025-07-29 22:00:00+00:00,2488344.668432
2025-07-29 23:00:00+00:00,2490185.49650817
2025-07-30 00:00:00+00:00,2491615.1927881
2025-07-30 01:00:00+00:00,2492890.05187641
2025-07-30 02:00:00+00:00,2492927.93711117
2025-07-30 03:00:00+00:00,2491899.1799170203
2025-07-30 04:00:00+00:00,2491810.67710219
2025-07-30 05:00:00+00:00,2491834.00523331
2025-07-30 06:00:00+00:00,2491790.04585387
2025-07-30 07:00:00+00:00,2491851.09859562
2025-07-30 08:00:00+00:00,2491842.16055922
2025-07-30 09:00:00+00:00,2491555.75229901
2025-07-30 10:00:00+00:00,2492844.26745801
2025-07-30 11:00:00+00:00,2492824.3368638703
2025-07-30 12:00:00+00:00,2492033.6796964803
2025-07-30 13:00:00+00:00,2491989.39984443
2025-07-30 14:00:00+00:00,2493016.19840139
2025-07-30 15:00:00+00:00,2491224.02593007
2025-07-30 16:00:00+00:00,2492196.62806114
2025-07-30 17:00:00+00:00,2491914.01131776
2025-07-30 18:00:00+00:00,2491527.87732202
2025-07-30 19:00:00+00:00,2490579.96928477
2025-07-30 20:00:00+00:00,2490656.82969925
2025-07-30 21:00:00+00:00,2490659.18644464
2025-07-30 22:00:00+00:00,2490646.0843934403
2025-07-30 23:00:00+00:00,2490633.20492255
2025-07-31 00:00:00+00:00,2490656.37519344
2025-07-31 01:00:00+00:00,2490657.09645857
2025-07-31 02:00:00+00:00,2490639.91818428
2025-07-31 03:00:00+00:00,2491761.1339561
2025-07-31 04:00:00+00:00,2491847.1203033
2025-07-31 05:00:00+00:00,2491822.47574238
2025-07-31 06:00:00+00:00,2492172.18039558
2025-07-31 07:00:00+00:00,2490900.270633
2025-07-31 08:00:00+00:00,2490479.40830972
2025-07-31 09:00:00+00:00,2490459.1040096
2025-07-31 10:00:00+00:00,2490450.45623878
2025-07-31 11:00:00+00:00,2489530.96965105
2025-07-31 12:00:00+00:00,2489672.56833641
2025-07-31 13:00:00+00:00,2489328.76084871
2025-07-31 14:00:00+00:00,2487260.38542352
2025-07-31 15:00:00+00:00,2488183.70795097
2025-07-31 16:00:00+00:00,2488178.54031801
2025-07-31 17:00:00+00:00,2488929.52692366
2025-07-31 18:00:00+00:00,2488913.76396298
2025-07-31 19:00:00+00:00,2488383.01909023
2025-07-31 20:00:00+00:00,2488144.82633099
2025-07-31 21:00:00+00:00,2488129.21159971
2025-07-31 22:00:00+00:00,2488126.4067973
2025-07-31 23:00:00+00:00,2488309.5141470903
2025-08-01 00:00:00+00:00,2488978.43396191
2025-08-01 01:00:00+00:00,2488864.41339406
2025-08-01 02:00:00+00:00,2489054.95832906
2025-08-01 03:00:00+00:00,2489168.91820133
2025-08-01 04:00:00+00:00,2489185.49654349
2025-08-01 05:00:00+00:00,2489226.6462581903
2025-08-01 06:00:00+00:00,2488590.8973816303
2025-08-01 07:00:00+00:00,2488811.6720226
2025-08-01 08:00:00+00:00,2488193.10758073
2025-08-01 09:00:00+00:00,2488110.70402983
2025-08-01 10:00:00+00:00,2488110.49618787
2025-08-01 11:00:00+00:00,2488076.60953792
2025-08-01 12:00:00+00:00,2488127.0856923102
2025-08-01 13:00:00+00:00,2488255.97957405
2025-08-01 14:00:00+00:00,2488218.37990382
2025-08-01 15:00:00+00:00,2489112.97627534
2025-08-01 16:00:00+00:00,2487925.99688943
2025-08-01 17:00:00+00:00,2487862.60067497
2025-08-01 18:00:00+00:00,2486214.51299055
2025-08-01 19:00:00+00:00,2486191.58836972
2025-08-01 20:00:00+00:00,2486218.5001889
2025-08-01 21:00:00+00:00,2484950.69374553
2025-08-01 22:00:00+00:00,2484966.97464191
2025-08-01 23:00:00+00:00,2485116.15974752
2025-08-02 00:00:00+00:00,2485117.28999494
2025-08-02 01:00:00+00:00,2485108.7716311403
2025-08-02 02:00:00+00:00,2485121.14353908
2025-08-02 03:00:00+00:00,2485110.94430967
2025-08-02 04:00:00+00:00,2485125.76515794
2025-08-02 05:00:00+00:00,2485145.8334498103
2025-08-02 06:00:00+00:00,2485086.87645184
2025-08-02 07:00:00+00:00,2485014.4106991203
2025-08-02 08:00:00+00:00,2485027.41015517
2025-08-02 09:00:00+00:00,2485037.54843519
2025-08-02 10:00:00+00:00,2486058.37129718
2025-08-02 11:00:00+00:00,2486042.59415426
2025-08-02 12:00:00+00:00,2486055.26274455
2025-08-02 13:00:00+00:00,2486155.84712761
2025-08-02 14:00:00+00:00,2486145.60538418
2025-08-02 15:00:00+00:00,2486209.28073549
2025-08-02 16:00:00+00:00,2485989.21074728
2025-08-02 17:00:00+00:00,2486001.91638063
2025-08-02 18:00:00+00:00,2486009.78680942
2025-08-02 19:00:00+00:00,2486031.90768519
2025-08-02 20:00:00+00:00,2486035.46350225
2025-08-02 21:00:00+00:00,2486052.85056596
2025-08-02 22:00:00+00:00,2486059.86175491
2025-08-02 23:00:00+00:00,2486062.70764199
2025-08-03 00:00:00+00:00,2486057.52418482
2025-08-03 01:00:00+00:00,2486087.34772133
2025-08-03 02:00:00+00:00,2486077.52293456
2025-08-03 03:00:00+00:00,2486078.46680529
2025-08-03 04:00:00+00:00,2487073.51960069
2025-08-03 05:00:00+00:00,2487084.87266766
2025-08-03 06:00:00+00:00,2487100.16937235
2025-08-03 07:00:00+00:00,2488614.36188578
2025-08-03 08:00:00+00:00,2488767.9035630003
2025-08-03 09:00:00+00:00,2488775.6183086
2025-08-03 10:00:00+00:00,2488821.32972555
2025-08-03 11:00:00+00:00,2488839.69078325
2025-08-03 12:00:00+00:00,2488892.75048567
2025-08-03 13:00:00+00:00,2488902.673647
2025-08-03 14:00:00+00:00,2488911.52647352
2025-08-03 15:00:00+00:00,2487743.85136279
2025-08-03 16:00:00+00:00,2487734.02869501
2025-08-03 17:00:00+00:00,2487754.73175062
2025-08-03 18:00:00+00:00,2487734.75691587
2025-08-03 19:00:00+00:00,2487789.0574806603
2025-08-03 20:00:00+00:00,2486764.95351045
2025-08-03 21:00:00+00:00,2486718.68982372
2025-08-03 22:00:00+00:00,2486748.92658514
2025-08-03 23:00:00+00:00,2486722.35997737
2025-08-04 00:00:00+00:00,2486712.01774883
2025-08-04 01:00:00+00:00,2486745.67151142
2025-08-04 02:00:00+00:00,2486719.5709701
2025-08-04 03:00:00+00:00,2486752.70039674
2025-08-04 04:00:00+00:00,2486742.10023676
2025-08-04 05:00:00+00:00,2486599.2630069
2025-08-04 06:00:00+00:00,2486606.12262958
2025-08-04 07:00:00+00:00,2486687.95231099
2025-08-04 08:00:00+00:00,2486629.28196951
2025-08-04 09:00:00+00:00,2486293.91241014
2025-08-04 10:00:00+00:00,2486317.26153118
2025-08-04 11:00:00+00:00,2486265.99224033
2025-08-04 12:00:00+00:00,2487247.5628000703
2025-08-04 13:00:00+00:00,2487171.88782938
2025-08-04 14:00:00+00:00,2487027.42348955
2025-08-04 15:00:00+00:00,2488592.26457861
2025-08-04 16:00:00+00:00,2487359.1677736
2025-08-04 17:00:00+00:00,2487109.82373218
2025-08-04 18:00:00+00:00,2487961.52091627
2025-08-04 19:00:00+00:00,2485360.00853946
2025-08-04 20:00:00+00:00,2485398.76630098
2025-08-04 21:00:00+00:00,2485414.0147678503
2025-08-04 22:00:00+00:00,2485557.88782361
2025-08-04 23:00:00+00:00,2485651.60705053
2025-08-05 00:00:00+00:00,2485777.29026209
2025-08-05 01:00:00+00:00,2485786.65865373
2025-08-05 02:00:00+00:00,2485782.11680499
2025-08-05 03:00:00+00:00,2486949.11990085
2025-08-05 04:00:00+00:00,2486972.45225851
2025-08-05 05:00:00+00:00,2486835.44446493
2025-08-05 06:00:00+00:00,2486808.6546024
2025-08-05 07:00:00+00:00,2486836.7944304203
2025-08-05 08:00:00+00:00,2498836.59038353
2025-08-05 09:00:00+00:00,2498659.81067427
2025-08-05 10:00:00+00:00,2498965.7856829
2025-08-05 11:00:00+00:00,2498851.43973867
2025-08-05 12:00:00+00:00,2498918.00116036
2025-08-05 13:00:00+00:00,2498953.17050942
2025-08-05 14:00:00+00:00,2499991.67025176
2025-08-05 15:00:00+00:00,2500111.53384846
2025-08-05 16:00:00+00:00,2497930.41785032
2025-08-05 17:00:00+00:00,2499154.64449223
2025-08-05 18:00:00+00:00,2499103.46271503
2025-08-05 19:00:00+00:00,2497124.64187493
2025-08-05 20:00:00+00:00,2497127.75297641
2025-08-05 21:00:00+00:00,2497088.3549507502
2025-08-05 22:00:00+00:00,2497096.8375336
2025-08-05 23:00:00+00:00,2496995.40582982
2025-08-06 00:00:00+00:00,2496991.41031173
2025-08-06 01:00:00+00:00,2497005.3645221503
2025-08-06 02:00:00+00:00,2497077.62152185
2025-08-06 03:00:00+00:00,2497507.44999646
2025-08-06 04:00:00+00:00,2497525.97953895
2025-08-06 05:00:00+00:00,2497588.21420205
2025-08-06 06:00:00+00:00,2497535.12824899
2025-08-06 07:00:00+00:00,2497744.3683588803
2025-08-06 08:00:00+00:00,2497736.7750940803
2025-08-06 09:00:00+00:00,2498062.17480074
2025-08-06 10:00:00+00:00,2488384.61085725
2025-08-06 11:00:00+00:00,2488372.74306661
2025-08-06 12:00:00+00:00,2488382.20125436
2025-08-06 13:00:00+00:00,2488536.76685294
2025-08-06 14:00:00+00:00,2488727.28481194
2025-08-06 15:00:00+00:00,2488778.47887973
2025-08-06 16:00:00+00:00,2488750.63988554
2025-08-06 17:00:00+00:00,2488719.25882433
2025-08-06 18:00:00+00:00,2490318.39378719
2025-08-06 19:00:00+00:00,2489965.00108777
2025-08-06 20:00:00+00:00,2489907.99480386
2025-08-06 21:00:00+00:00,2489985.91241387
2025-08-06 22:00:00+00:00,2489830.55026154
2025-08-06 23:00:00+00:00,2490830.7198518
2025-08-07 00:00:00+00:00,2490862.48113436
2025-08-07 01:00:00+00:00,2490856.97705592
2025-08-07 02:00:00+00:00,2490836.21336271
2025-08-07 03:00:00+00:00,2490847.00214776
2025-08-07 04:00:00+00:00,2490858.93873183
2025-08-07 05:00:00+00:00,2490729.97693861
2025-08-07 06:00:00+00:00,2490781.14142642
2025-08-07 07:00:00+00:00,2490688.25243442
2025-08-07 08:00:00+00:00,2491003.84406691
2025-08-07 09:00:00+00:00,2479081.96110515
2025-08-07 10:00:00+00:00,2479064.41579569
2025-08-07 11:00:00+00:00,2479413.10201308
2025-08-07 12:00:00+00:00,2479039.52044852
2025-08-07 13:00:00+00:00,2479031.12418101
2025-08-07 14:00:00+00:00,2479065.26938856
2025-08-07 15:00:00+00:00,2478808.32503164
2025-08-07 16:00:00+00:00,2478963.81578939
2025-08-07 17:00:00+00:00,2478987.41195651
2025-08-07 18:00:00+00:00,2479073.45064178
2025-08-07 19:00:00+00:00,2479118.84771145
2025-08-07 20:00:00+00:00,2478991.95040197
2025-08-07 21:00:00+00:00,2478868.68490536
2025-08-07 22:00:00+00:00,2478819.84001059
2025-08-07 23:00:00+00:00,2478800.69936378
2025-08-08 00:00:00+00:00,2478835.74899354
2025-08-08 01:00:00+00:00,2478753.21736884
2025-08-08 02:00:00+00:00,2479111.07735548
2025-08-08 03:00:00+00:00,2479090.7894992502
2025-08-08 04:00:00+00:00,2478726.09533033
2025-08-08 05:00:00+00:00,2478757.1371542
2025-08-08 06:00:00+00:00,2478861.09158143
2025-08-08 07:00:00+00:00,2478971.66667477
2025-08-08 08:00:00+00:00,2479183.17698508
2025-08-08 09:00:00+00:00,2479269.09167902
2025-08-08 10:00:00+00:00,2480855.89176704
2025-08-08 11:00:00+00:00,2480853.8810711103
2025-08-08 12:00:00+00:00,2481215.66750766
2025-08-08 13:00:00+00:00,2481164.76800114
2025-08-08 14:00:00+00:00,2481344.18083772
2025-08-08 15:00:00+00:00,2482577.86163908
2025-08-08 16:00:00+00:00,2481361.58753679
2025-08-08 17:00:00+00:00,2481339.81375633
2025-08-08 18:00:00+00:00,2481408.42568866
2025-08-08 19:00:00+00:00,2481599.49799242
2025-08-08 20:00:00+00:00,2480018.24203921
2025-08-08 21:00:00+00:00,2480227.65984755
2025-08-08 22:00:00+00:00,2480058.5922841
2025-08-08 23:00:00+00:00,2480068.60933601
2025-08-09 00:00:00+00:00,2477884.19821619
2025-08-09 01:00:00+00:00,2477398.32365186
2025-08-09 02:00:00+00:00,2477171.15849012
2025-08-09 03:00:00+00:00,2477190.97660985
2025-08-09 04:00:00+00:00,2477191.51331223
2025-08-09 05:00:00+00:00,2477235.79246898
2025-08-09 06:00:00+00:00,2477094.28318793
2025-08-09 07:00:00+00:00,2477130.92871262
2025-08-09 08:00:00+00:00,2477142.28803987
2025-08-09 09:00:00+00:00,2477172.04943682
2025-08-09 10:00:00+00:00,2477170.18868472
2025-08-09 11:00:00+00:00,2477175.58487546
2025-08-09 12:00:00+00:00,2477269.97551515
2025-08-09 13:00:00+00:00,2477305.01681558
2025-08-09 14:00:00+00:00,2477284.3026764
2025-08-09 15:00:00+00:00,2477360.9783431
2025-08-09 16:00:00+00:00,2477164.28944292
2025-08-09 17:00:00+00:00,2477254.28767477
2025-08-09 18:00:00+00:00,2477245.15048235
2025-08-09 19:00:00+00:00,2477239.27729333
2025-08-09 20:00:00+00:00,2478329.69900146
2025-08-09 21:00:00+00:00,2478308.36594511
2025-08-09 22:00:00+00:00,2478321.32005225
2025-08-09 23:00:00+00:00,2478282.14720725
2025-08-10 00:00:00+00:00,2478278.12728204
2025-08-10 01:00:00+00:00,2478302.95740804
2025-08-10 02:00:00+00:00,2478265.49252348
2025-08-10 03:00:00+00:00,2478311.46162191
2025-08-10 04:00:00+00:00,2480332.37548295
2025-08-10 05:00:00+00:00,2480336.06377801
2025-08-10 06:00:00+00:00,2480331.99220186
2025-08-10 07:00:00+00:00,2481305.33027194
2025-08-10 08:00:00+00:00,2481308.35788063
2025-08-10 09:00:00+00:00,2480307.74528939
2025-08-10 10:00:00+00:00,2480297.13441669
2025-08-10 11:00:00+00:00,2480303.64492252
2025-08-10 12:00:00+00:00,2480286.14934625
2025-08-10 13:00:00+00:00,2480304.29324089
2025-08-10 14:00:00+00:00,2480112.14095053
2025-08-10 15:00:00+00:00,2489791.0255467
2025-08-10 16:00:00+00:00,2489807.30373966
2025-08-10 17:00:00+00:00,2489779.5506352102
2025-08-10 18:00:00+00:00,2489824.21482757
2025-08-10 19:00:00+00:00,2489842.4560868302
2025-08-10 20:00:00+00:00,2489839.84619615
2025-08-10 21:00:00+00:00,2489844.38866256
2025-08-10 22:00:00+00:00,2489851.94875406
2025-08-10 23:00:00+00:00,2489828.90053185
2025-08-11 00:00:00+00:00,2489824.1889557103
2025-08-11 01:00:00+00:00,2489813.4382383
2025-08-11 02:00:00+00:00,2488834.1021715
2025-08-11 03:00:00+00:00,2488804.84433837
2025-08-11 04:00:00+00:00,2488755.31774061
2025-08-11 05:00:00+00:00,2488756.91121862
2025-08-11 06:00:00+00:00,2488581.53195843
2025-08-11 07:00:00+00:00,2488875.25034242
2025-08-11 08:00:00+00:00,2488903.90545937
2025-08-11 09:00:00+00:00,2488314.52794895
2025-08-11 10:00:00+00:00,2486493.25518648
2025-08-11 11:00:00+00:00,2486496.88566515
2025-08-11 12:00:00+00:00,2486487.14865604
2025-08-11 13:00:00+00:00,2487547.48037905
2025-08-11 14:00:00+00:00,2487293.99865362
2025-08-11 15:00:00+00:00,2486976.82145978
2025-08-11 16:00:00+00:00,2486023.8240562403
2025-08-11 17:00:00+00:00,2486060.61933602
2025-08-11 18:00:00+00:00,2485726.44677112
2025-08-11 19:00:00+00:00,2485093.71012166
2025-08-11 20:00:00+00:00,2482726.03105343
2025-08-11 21:00:00+00:00,2483874.2354440503
2025-08-11 22:00:00+00:00,2482835.81848969
2025-08-11 23:00:00+00:00,2483915.30971134
2025-08-12 00:00:00+00:00,2483873.6082519
2025-08-12 01:00:00+00:00,2483874.52582985
2025-08-12 02:00:00+00:00,2483837.7892861
2025-08-12 03:00:00+00:00,2483903.6247353703
2025-08-12 04:00:00+00:00,2483689.73962194
2025-08-12 05:00:00+00:00,2483715.76334004
2025-08-12 06:00:00+00:00,2483700.17744941
2025-08-12 07:00:00+00:00,2486128.58873971
2025-08-12 08:00:00+00:00,2484021.38476048
2025-08-12 09:00:00+00:00,2483833.6570531
2025-08-12 10:00:00+00:00,2483774.32440736
2025-08-12 11:00:00+00:00,2483600.33487841
2025-08-12 12:00:00+00:00,2483600.33487841
2025-08-12 13:00:00+00:00,2483662.0216171
2025-08-12 14:00:00+00:00,2484602.23052705
2025-08-12 15:00:00+00:00,2484634.45409445
2025-08-12 16:00:00+00:00,2484574.8175023203
2025-08-12 17:00:00+00:00,2484765.83326205
2025-08-12 18:00:00+00:00,2484816.99299829
2025-08-12 19:00:00+00:00,2483723.28219573
2025-08-12 20:00:00+00:00,2483921.27702701
2025-08-12 21:00:00+00:00,2484080.86286151
2025-08-12 22:00:00+00:00,2486234.32622878
2025-08-12 23:00:00+00:00,2486030.94178206
2025-08-13 00:00:00+00:00,2486054.24230215
2025-08-13 01:00:00+00:00,2486033.57315307
2025-08-13 02:00:00+00:00,2487299.24657494
2025-08-13 03:00:00+00:00,2486280.89955832
2025-08-13 04:00:00+00:00,2487324.14634254
2025-08-13 05:00:00+00:00,2486304.76935114
2025-08-13 06:00:00+00:00,2486314.0246027103
2025-08-13 07:00:00+00:00,2487780.08705413
2025-08-13 08:00:00+00:00,2486158.0543264
2025-08-13 09:00:00+00:00,2485893.7266161903
2025-08-13 10:00:00+00:00,2485008.68270998
2025-08-13 11:00:00+00:00,2484963.63084428
2025-08-13 12:00:00+00:00,2483631.8913431
2025-08-13 13:00:00+00:00,2482141.30817328
2025-08-13 14:00:00+00:00,2482119.27233624
2025-08-13 15:00:00+00:00,2481622.5905954
2025-08-13 16:00:00+00:00,2489059.28444057
2025-08-13 17:00:00+00:00,2489692.29669457
2025-08-13 18:00:00+00:00,2489694.81976364
2025-08-13 19:00:00+00:00,2489862.42821195
2025-08-13 20:00:00+00:00,2488637.8755762503
2025-08-13 21:00:00+00:00,2488665.9297989
2025-08-13 22:00:00+00:00,2486196.39890199
2025-08-13 23:00:00+00:00,2486207.39744336
2025-08-14 00:00:00+00:00,2485139.89841092
2025-08-14 01:00:00+00:00,2485255.24227114
2025-08-14 02:00:00+00:00,2485007.35809983
2025-08-14 03:00:00+00:00,2484480.7101221
2025-08-14 04:00:00+00:00,2483536.85062654
2025-08-14 05:00:00+00:00,2483465.9304293
2025-08-14 06:00:00+00:00,2484390.0699537
2025-08-14 07:00:00+00:00,2484476.10965395
2025-08-14 08:00:00+00:00,2484392.96669372
2025-08-14 09:00:00+00:00,2496115.93305286
2025-08-14 10:00:00+00:00,2495852.62659952
2025-08-14 11:00:00+00:00,2496330.66783643
2025-08-14 12:00:00+00:00,2496399.7269356702
2025-08-14 13:00:00+00:00,2496311.04774762
2025-08-14 14:00:00+00:00,2495816.10267989
2025-08-14 15:00:00+00:00,2497353.94112836
2025-08-14 16:00:00+00:00,2497315.40267493
2025-08-14 17:00:00+00:00,2497635.91712048
2025-08-14 18:00:00+00:00,2497867.39850158
2025-08-14 19:00:00+00:00,2497927.88181756
2025-08-14 20:00:00+00:00,2497769.82042749
2025-08-14 21:00:00+00:00,2498509.43016113
2025-08-14 22:00:00+00:00,2498520.74718749
2025-08-14 23:00:00+00:00,2498282.57927451
2025-08-15 00:00:00+00:00,2498303.5864803502
2025-08-15 01:00:00+00:00,2495353.13247845
2025-08-15 02:00:00+00:00,2495488.17338412
2025-08-15 03:00:00+00:00,2495527.52827077
2025-08-15 04:00:00+00:00,2495536.04169217
2025-08-15 05:00:00+00:00,2495868.39316473
2025-08-15 06:00:00+00:00,2496157.9329535603
2025-08-15 07:00:00+00:00,2496173.38777396
2025-08-15 08:00:00+00:00,2498309.54576166
2025-08-15 09:00:00+00:00,2497267.58502248
2025-08-15 10:00:00+00:00,2496608.67894246
2025-08-15 11:00:00+00:00,2496557.9969499903
2025-08-15 12:00:00+00:00,2496536.17594882
2025-08-15 13:00:00+00:00,2496499.76178294
2025-08-15 14:00:00+00:00,2496704.2317047003
2025-08-15 15:00:00+00:00,2496537.4693185203
2025-08-15 16:00:00+00:00,2497359.5662132
2025-08-15 17:00:00+00:00,2497895.2067946
2025-08-15 18:00:00+00:00,2498462.17872822
2025-08-15 19:00:00+00:00,2500102.38113575
2025-08-15 20:00:00+00:00,2500594.63175848
2025-08-15 21:00:00+00:00,2500552.28795094
2025-08-15 22:00:00+00:00,2502922.14588239
2025-08-15 23:00:00+00:00,2502965.41884661
2025-08-16 00:00:00+00:00,2502973.17655295
2025-08-16 01:00:00+00:00,2502972.89867521
2025-08-16 02:00:00+00:00,2502992.82952482
2025-08-16 03:00:00+00:00,2503000.34456717
2025-08-16 04:00:00+00:00,2503008.15338107
2025-08-16 05:00:00+00:00,2502995.56472182
2025-08-16 06:00:00+00:00,2503004.38779358
2025-08-16 07:00:00+00:00,2505872.5715291803
2025-08-16 08:00:00+00:00,2505876.90219503
2025-08-16 09:00:00+00:00,2505879.95737954
2025-08-16 10:00:00+00:00,2505923.75656364
2025-08-16 11:00:00+00:00,2505834.25900052
2025-08-16 12:00:00+00:00,2505825.1395285
2025-08-16 13:00:00+00:00,2506902.22916661
2025-08-16 14:00:00+00:00,2506896.47216219
2025-08-16 15:00:00+00:00,2506906.9613612
2025-08-16 16:00:00+00:00,2506760.28863368
2025-08-16 17:00:00+00:00,2506719.82596905
2025-08-16 18:00:00+00:00,2506717.01039736
2025-08-16 19:00:00+00:00,2507224.21512765
2025-08-16 20:00:00+00:00,2507236.64387375
2025-08-16 21:00:00+00:00,2507234.24361867
2025-08-16 22:00:00+00:00,2507241.66493101
2025-08-16 23:00:00+00:00,2507265.24268918
2025-08-17 00:00:00+00:00,2507262.1963364403
2025-08-17 01:00:00+00:00,2508328.29832307
2025-08-17 02:00:00+00:00,2508354.95813212
2025-08-17 03:00:00+00:00,2508368.2647970403
2025-08-17 04:00:00+00:00,2508370.85140461
2025-08-17 05:00:00+00:00,2508438.40802288
2025-08-17 06:00:00+00:00,2508361.55363021
2025-08-17 07:00:00+00:00,2507851.0019282
2025-08-17 08:00:00+00:00,2507864.86761639
2025-08-17 09:00:00+00:00,2507960.95310493
2025-08-17 10:00:00+00:00,2507962.9315305
2025-08-17 11:00:00+00:00,2507957.52773309
2025-08-17 12:00:00+00:00,2507965.4400531403
2025-08-17 13:00:00+00:00,2506835.8510353
2025-08-17 14:00:00+00:00,2506926.58199895
2025-08-17 15:00:00+00:00,2506828.02475687
2025-08-17 16:00:00+00:00,2506937.31412864
2025-08-17 17:00:00+00:00,2506951.07776866
2025-08-17 18:00:00+00:00,2506964.68979685
2025-08-17 19:00:00+00:00,2506986.14248591
2025-08-17 20:00:00+00:00,2507000.38342243
2025-08-17 21:00:00+00:00,2507015.52653318
2025-08-17 22:00:00+00:00,2505925.43772508
2025-08-17 23:00:00+00:00,2505931.70164682
2025-08-18 00:00:00+00:00,2505915.10849078
2025-08-18 01:00:00+00:00,2505959.63020828
2025-08-18 02:00:00+00:00,2505191.09442421
2025-08-18 03:00:00+00:00,2504713.54164454
2025-08-18 04:00:00+00:00,2505700.82397199
2025-08-18 05:00:00+00:00,2505751.84300623
2025-08-18 06:00:00+00:00,2506924.36692497
2025-08-18 07:00:00+00:00,2507038.49423383
2025-08-18 08:00:00+00:00,2495364.12837005
2025-08-18 09:00:00+00:00,2495533.82064454
2025-08-18 10:00:00+00:00,2495602.43225689
2025-08-18 11:00:00+00:00,2495587.52447044
2025-08-18 12:00:00+00:00,2495611.0885681
2025-08-18 13:00:00+00:00,2495420.78103914
2025-08-18 14:00:00+00:00,2495405.36038812
2025-08-18 15:00:00+00:00,2496108.09097047
2025-08-18 16:00:00+00:00,2496720.00799102
2025-08-18 17:00:00+00:00,2500247.41513849
2025-08-18 18:00:00+00:00,2500257.15960934
2025-08-18 19:00:00+00:00,2499306.16787419
2025-08-18 20:00:00+00:00,2499469.06858406
2025-08-18 21:00:00+00:00,2499557.49412177
2025-08-18 22:00:00+00:00,2499589.94473523
2025-08-18 23:00:00+00:00,2499557.80521726
2025-08-19 00:00:00+00:00,2495323.62656362
2025-08-19 01:00:00+00:00,2492558.79099683
2025-08-19 02:00:00+00:00,2492568.5652363203
2025-08-19 03:00:00+00:00,2492552.70401568
2025-08-19 04:00:00+00:00,2492613.91350864
2025-08-19 05:00:00+00:00,2494846.16772966
2025-08-19 06:00:00+00:00,2491576.40568971
2025-08-19 07:00:00+00:00,2491592.16626235
2025-08-19 08:00:00+00:00,2491570.21699633
2025-08-19 09:00:00+00:00,2491483.03745659
2025-08-19 10:00:00+00:00,2491307.9603891103
2025-08-19 11:00:00+00:00,2491335.58967144
2025-08-19 12:00:00+00:00,2491306.1225178
2025-08-19 13:00:00+00:00,2489135.88357358
2025-08-19 14:00:00+00:00,2488731.43961714
2025-08-19 15:00:00+00:00,2484614.37057593
2025-08-19 16:00:00+00:00,2484535.17991636
2025-08-19 17:00:00+00:00,2485152.88146963
2025-08-19 18:00:00+00:00,2485205.41918564
2025-08-19 19:00:00+00:00,2485659.80002922
2025-08-19 20:00:00+00:00,2486543.48290247
2025-08-19 21:00:00+00:00,2486453.10119169
2025-08-19 22:00:00+00:00,2486446.9727673
2025-08-19 23:00:00+00:00,2488032.30407401
2025-08-20 00:00:00+00:00,2487714.9916585702
2025-08-20 01:00:00+00:00,2487853.30835562
2025-08-20 02:00:00+00:00,2487732.13089869
2025-08-20 03:00:00+00:00,2487577.21533029
2025-08-20 04:00:00+00:00,2487752.79643225
2025-08-20 05:00:00+00:00,2487469.79282679
2025-08-20 06:00:00+00:00,2487763.51115784
2025-08-20 07:00:00+00:00,2488161.31441298
2025-08-20 08:00:00+00:00,2487964.82792801
2025-08-20 09:00:00+00:00,2486490.37776738
2025-08-20 10:00:00+00:00,2486530.17261547
2025-08-20 11:00:00+00:00,2486606.74321571
2025-08-20 12:00:00+00:00,2486677.95730446
2025-08-20 13:00:00+00:00,2486614.17851767
2025-08-20 14:00:00+00:00,2487947.8454815103
2025-08-20 15:00:00+00:00,2487382.29276543
2025-08-20 16:00:00+00:00,2487285.7743972
2025-08-20 17:00:00+00:00,2487057.66168492
2025-08-20 18:00:00+00:00,2477264.91681985
2025-08-20 19:00:00+00:00,2477397.0900674
2025-08-20 20:00:00+00:00,2477363.80778157
2025-08-20 21:00:00+00:00,2487396.86725938
2025-08-20 22:00:00+00:00,2477418.5792286
2025-08-20 23:00:00+00:00,2487414.26304065
2025-08-21 00:00:00+00:00,2477359.91792906
2025-08-21 01:00:00+00:00,2487347.80094525
2025-08-21 02:00:00+00:00,2487335.33959418
2025-08-21 03:00:00+00:00,2487397.9253868
2025-08-21 04:00:00+00:00,2487021.17116989
2025-08-21 05:00:00+00:00,2487081.14076496
2025-08-21 06:00:00+00:00,2486625.13780495
2025-08-21 07:00:00+00:00,2486457.4831903703
2025-08-21 08:00:00+00:00,2491654.74645701
2025-08-21 09:00:00+00:00,2491711.35768879
2025-08-21 10:00:00+00:00,2491550.27941013
2025-08-21 11:00:00+00:00,2490945.46934987
2025-08-21 12:00:00+00:00,2490907.00713993
2025-08-21 13:00:00+00:00,2496277.16973972
2025-08-21 14:00:00+00:00,2496243.0738853
2025-08-21 15:00:00+00:00,2495362.92148726
2025-08-21 16:00:00+00:00,2496502.4261616003
2025-08-21 17:00:00+00:00,2496255.00032443
2025-08-21 18:00:00+00:00,2497454.59398259
2025-08-21 19:00:00+00:00,2497171.00391812
2025-08-21 20:00:00+00:00,2497242.48320786
2025-08-21 21:00:00+00:00,2486153.14840005
2025-08-21 22:00:00+00:00,2485980.81181764
2025-08-21 23:00:00+00:00,2495941.93273141
2025-08-22 00:00:00+00:00,2486695.2427399
2025-08-22 01:00:00+00:00,2497770.84248493
2025-08-22 02:00:00+00:00,2487893.01547072
2025-08-22 03:00:00+00:00,2496938.08126233
2025-08-22 04:00:00+00:00,2498162.91227728
2025-08-22 05:00:00+00:00,2499066.20182554
2025-08-22 06:00:00+00:00,2497892.2494710903
2025-08-22 07:00:00+00:00,2496814.7970772902
2025-08-22 08:00:00+00:00,2496642.0869824803
2025-08-22 09:00:00+00:00,2496181.51052432
2025-08-22 10:00:00+00:00,2496255.87997439
2025-08-22 11:00:00+00:00,2495425.11529453
2025-08-22 12:00:00+00:00,2496368.38777673
2025-08-22 13:00:00+00:00,2496584.60731776
2025-08-22 14:00:00+00:00,2487223.39579672
2025-08-22 15:00:00+00:00,2485719.80445645
2025-08-22 16:00:00+00:00,2485562.68138466
2025-08-22 17:00:00+00:00,2485722.54787188
2025-08-22 18:00:00+00:00,2496562.88255095
2025-08-22 19:00:00+00:00,2496251.6174882
2025-08-22 20:00:00+00:00,2495349.6049660603
2025-08-22 21:00:00+00:00,2495231.8180885
2025-08-22 22:00:00+00:00,2495879.98956761
2025-08-22 23:00:00+00:00,2497100.10969591
2025-08-23 00:00:00+00:00,2497348.1086728303
2025-08-23 01:00:00+00:00,2498004.00379387
2025-08-23 02:00:00+00:00,2499184.86562939
2025-08-23 03:00:00+00:00,2497034.93165296
2025-08-23 04:00:00+00:00,2496510.14047285
2025-08-23 05:00:00+00:00,2496344.43391671
2025-08-23 06:00:00+00:00,2496171.6218612
2025-08-23 07:00:00+00:00,2496003.913414
2025-08-23 08:00:00+00:00,2487652.1976678
2025-08-23 09:00:00+00:00,2500079.941782
2025-08-23 10:00:00+00:00,2500226.51284406
2025-08-23 11:00:00+00:00,2500122.97190594
2025-08-23 12:00:00+00:00,2489992.64234902
2025-08-23 13:00:00+00:00,2492246.17452744
2025-08-23 14:00:00+00:00,2492250.72345336
2025-08-23 15:00:00+00:00,2491689.30141086
2025-08-23 16:00:00+00:00,2491835.0555226
2025-08-23 17:00:00+00:00,2491745.6948368303
2025-08-23 18:00:00+00:00,2491736.60285748
2025-08-23 19:00:00+00:00,2491724.47366586
2025-08-23 20:00:00+00:00,2491733.36023732
2025-08-23 21:00:00+00:00,2491712.55344978
2025-08-23 22:00:00+00:00,2490577.1330380603
2025-08-23 23:00:00+00:00,2490579.92121798
2025-08-24 00:00:00+00:00,2490518.4376015603
2025-08-24 01:00:00+00:00,2490142.23739702
2025-08-24 02:00:00+00:00,2490652.70563344
2025-08-24 03:00:00+00:00,2490097.60756189
2025-08-24 04:00:00+00:00,2490489.34447693
2025-08-24 05:00:00+00:00,2489663.63652856
2025-08-24 06:00:00+00:00,2489215.8839437
2025-08-24 07:00:00+00:00,2489354.2732388
2025-08-24 08:00:00+00:00,2489114.23638692
2025-08-24 09:00:00+00:00,2500846.07673252
2025-08-24 10:00:00+00:00,2500706.95506877
2025-08-24 11:00:00+00:00,2500715.58824486
2025-08-24 12:00:00+00:00,2500442.75229512
2025-08-24 13:00:00+00:00,2498807.01661545
2025-08-24 14:00:00+00:00,2499330.68546505
2025-08-24 15:00:00+00:00,2498853.61047866
2025-08-24 16:00:00+00:00,2498010.78741694
2025-08-24 17:00:00+00:00,2495844.99099429
2025-08-24 18:00:00+00:00,2496265.8453525603
2025-08-24 19:00:00+00:00,2493926.6660026303
2025-08-24 20:00:00+00:00,2493049.77101232
2025-08-24 21:00:00+00:00,2492759.61376622
2025-08-24 22:00:00+00:00,2492546.29832297
2025-08-24 23:00:00+00:00,2492519.94844718
2025-08-25 00:00:00+00:00,2493127.74277898
2025-08-25 01:00:00+00:00,2493373.09652617
2025-08-25 02:00:00+00:00,2493918.9934139
2025-08-25 03:00:00+00:00,2493671.13449497
2025-08-25 04:00:00+00:00,2493174.89982741
2025-08-25 05:00:00+00:00,2491309.12011106
2025-08-25 06:00:00+00:00,2491141.88035139
2025-08-25 07:00:00+00:00,2491055.49213305
2025-08-25 08:00:00+00:00,2491239.33267943
2025-08-25 09:00:00+00:00,2491380.73785062
2025-08-25 10:00:00+00:00,2491219.54043889
2025-08-25 11:00:00+00:00,2491707.53529525
2025-08-25 12:00:00+00:00,2490657.00501234
2025-08-25 13:00:00+00:00,2490813.70741022
2025-08-25 14:00:00+00:00,2490967.84724855
2025-08-25 15:00:00+00:00,2490894.13188353
2025-08-25 16:00:00+00:00,2491155.8291735803
2025-08-25 17:00:00+00:00,2489874.52543052
2025-08-25 18:00:00+00:00,2489783.76401731
2025-08-25 19:00:00+00:00,2489765.88913569
2025-08-25 20:00:00+00:00,2489756.0378558
2025-08-25 21:00:00+00:00,2490342.75619125
2025-08-25 22:00:00+00:00,2490333.19733187
2025-08-25 23:00:00+00:00,2490349.82741453
2025-08-26 00:00:00+00:00,2490282.78891362
2025-08-26 01:00:00+00:00,2491996.87042314
2025-08-26 02:00:00+00:00,2491971.67592551
2025-08-26 03:00:00+00:00,2492247.51359063
2025-08-26 04:00:00+00:00,2492167.84743368
2025-08-26 05:00:00+00:00,2492133.07360747
2025-08-26 06:00:00+00:00,2491948.78407314
2025-08-26 07:00:00+00:00,2492119.35964451
2025-08-26 08:00:00+00:00,2492176.30580868
2025-08-26 09:00:00+00:00,2492180.79645765
2025-08-26 10:00:00+00:00,2491353.2114178003
2025-08-26 11:00:00+00:00,2492123.26058579
2025-08-26 12:00:00+00:00,2491007.4067354603
2025-08-26 13:00:00+00:00,2491858.58937705
2025-08-26 14:00:00+00:00,2490612.24185058
2025-08-26 15:00:00+00:00,2491131.77703708
2025-08-26 16:00:00+00:00,2494099.9661850003
2025-08-26 17:00:00+00:00,2493235.45896329
2025-08-26 18:00:00+00:00,2492065.13954149
2025-08-26 19:00:00+00:00,2492084.8387773302
2025-08-26 20:00:00+00:00,2492155.15274528
2025-08-26 21:00:00+00:00,2492167.99929961
2025-08-26 22:00:00+00:00,2492134.37427078
2025-08-26 23:00:00+00:00,2491025.59884882
2025-08-27 00:00:00+00:00,2491398.56183372
2025-08-27 01:00:00+00:00,2491459.5396059803
2025-08-27 02:00:00+00:00,2491620.65347562
2025-08-27 03:00:00+00:00,2491615.88798491
2025-08-27 04:00:00+00:00,2491561.94755877
2025-08-27 05:00:00+00:00,2491778.1536884
2025-08-27 06:00:00+00:00,2491789.3836375
2025-08-27 07:00:00+00:00,2490847.79903904
2025-08-27 08:00:00+00:00,2479639.23046491
2025-08-27 09:00:00+00:00,2479695.49936007
2025-08-27 10:00:00+00:00,2479913.22422338
2025-08-27 11:00:00+00:00,2480474.0067111203
2025-08-27 12:00:00+00:00,2480598.88035706
2025-08-27 13:00:00+00:00,2480940.47752514
2025-08-27 14:00:00+00:00,2480730.39689383
2025-08-27 15:00:00+00:00,2479744.10483307
2025-08-27 16:00:00+00:00,2479762.91804878
2025-08-27 17:00:00+00:00,2479750.29688591
2025-08-27 18:00:00+00:00,2479360.18477398
2025-08-27 19:00:00+00:00,2480082.95274799
2025-08-27 20:00:00+00:00,2480167.33732345
2025-08-27 21:00:00+00:00,2480205.57086902
2025-08-27 22:00:00+00:00,2480372.54447265
2025-08-27 23:00:00+00:00,2480373.80105701
2025-08-28 00:00:00+00:00,2480723.1124246903
2025-08-28 01:00:00+00:00,2480524.69823686
2025-08-28 02:00:00+00:00,2480578.54145791
2025-08-28 03:00:00+00:00,2480473.71384178
2025-08-28 04:00:00+00:00,2480498.83378265
2025-08-28 05:00:00+00:00,2480494.42157632
2025-08-28 06:00:00+00:00,2480699.31345587
2025-08-28 07:00:00+00:00,2480434.15440419
2025-08-28 08:00:00+00:00,2480323.456332
2025-08-28 09:00:00+00:00,2480150.18732592
2025-08-28 10:00:00+00:00,2480120.94229709
2025-08-28 11:00:00+00:00,2480127.79256645
2025-08-28 12:00:00+00:00,2480212.29852728
2025-08-28 13:00:00+00:00,2480820.90052799
2025-08-28 14:00:00+00:00,2481325.67176681
2025-08-28 15:00:00+00:00,2481366.37611208
2025-08-28 16:00:00+00:00,2481510.33330297
2025-08-28 17:00:00+00:00,2481125.36905783
2025-08-28 18:00:00+00:00,2471362.56755467
2025-08-28 19:00:00+00:00,2471807.78902493
2025-08-28 20:00:00+00:00,2471714.23981351
2025-08-28 21:00:00+00:00,2471735.71637935
2025-08-28 22:00:00+00:00,2471833.84668888
2025-08-28 23:00:00+00:00,2481688.3392099
2025-08-29 00:00:00+00:00,2471711.50942174
2025-08-29 01:00:00+00:00,2471765.98792006
2025-08-29 02:00:00+00:00,2471811.4846474
2025-08-29 03:00:00+00:00,2470850.89798621
2025-08-29 04:00:00+00:00,2478684.74981568
2025-08-29 05:00:00+00:00,2478735.53202265
2025-08-29 06:00:00+00:00,2478810.80739439
2025-08-29 07:00:00+00:00,2478323.93430501
2025-08-29 08:00:00+00:00,2478396.0601541502
2025-08-29 09:00:00+00:00,2468484.31018441
2025-08-29 10:00:00+00:00,2468455.45765276
2025-08-29 11:00:00+00:00,2468390.67839013
2025-08-29 12:00:00+00:00,2468047.34989212
2025-08-29 13:00:00+00:00,2468179.15393738
2025-08-29 14:00:00+00:00,2476036.60209006
2025-08-29 15:00:00+00:00,2475587.75115008
2025-08-29 16:00:00+00:00,2473420.11178192
2025-08-29 17:00:00+00:00,2471581.99095605
2025-08-29 18:00:00+00:00,2472352.3536073603
2025-08-29 19:00:00+00:00,2472400.46161556
2025-08-29 20:00:00+00:00,2472982.37492367
2025-08-29 21:00:00+00:00,2463458.80538844
2025-08-29 22:00:00+00:00,2473288.20517211
2025-08-29 23:00:00+00:00,2466537.47149461
2025-08-30 00:00:00+00:00,2472757.02026297
2025-08-30 01:00:00+00:00,2472582.0437707403
2025-08-30 02:00:00+00:00,2472126.06278386
2025-08-30 03:00:00+00:00,2471949.3911289303
2025-08-30 04:00:00+00:00,2471867.11991859
2025-08-30 05:00:00+00:00,2473244.16681001
2025-08-30 06:00:00+00:00,2472385.8016118403
2025-08-30 07:00:00+00:00,2472108.88130068
2025-08-30 08:00:00+00:00,2472828.79260222
2025-08-30 09:00:00+00:00,2472874.72190522
2025-08-30 10:00:00+00:00,2474003.69680629
2025-08-30 11:00:00+00:00,2473959.4895131
2025-08-30 12:00:00+00:00,2473959.6371205603
2025-08-30 13:00:00+00:00,2473229.6719044102
2025-08-30 14:00:00+00:00,2473867.21062594
2025-08-30 15:00:00+00:00,2472677.44252466
2025-08-30 16:00:00+00:00,2473271.94825868
2025-08-30 17:00:00+00:00,2473592.36751517
2025-08-30 18:00:00+00:00,2473588.83109949
2025-08-30 19:00:00+00:00,2473519.56362441
2025-08-30 20:00:00+00:00,2473511.50166507
2025-08-30 21:00:00+00:00,2473511.95061752
2025-08-30 22:00:00+00:00,2473510.79541501
2025-08-30 23:00:00+00:00,2471698.67138516
2025-08-31 00:00:00+00:00,2471693.96939686
2025-08-31 01:00:00+00:00,2471724.33064871
2025-08-31 02:00:00+00:00,2471793.04287467
2025-08-31 03:00:00+00:00,2471893.94334454
2025-08-31 04:00:00+00:00,2471871.8147483203
2025-08-31 05:00:00+00:00,2471334.24213141
2025-08-31 06:00:00+00:00,2471279.97580498
2025-08-31 07:00:00+00:00,2471158.15625824
2025-08-31 08:00:00+00:00,2471331.95718229
2025-08-31 09:00:00+00:00,2471319.41408732
2025-08-31 10:00:00+00:00,2470937.66904386
2025-08-31 11:00:00+00:00,2470520.83798417
2025-08-31 12:00:00+00:00,2470785.15726178
2025-08-31 13:00:00+00:00,2470373.81289073
2025-08-31 14:00:00+00:00,2469784.06676422
2025-08-31 15:00:00+00:00,2469561.23761567
2025-08-31 16:00:00+00:00,2468303.47484018
2025-08-31 17:00:00+00:00,2468228.40271609
2025-08-31 18:00:00+00:00,2468240.54944565
2025-08-31 19:00:00+00:00,2468296.35576199
2025-08-31 20:00:00+00:00,2468293.15720546
2025-08-31 21:00:00+00:00,2468288.25343801
2025-08-31 22:00:00+00:00,2468164.30061606
2025-08-31 23:00:00+00:00,2467730.69989704
2025-09-01 00:00:00+00:00,2468193.64733779
2025-09-01 01:00:00+00:00,2467191.69368992
2025-09-01 02:00:00+00:00,2467385.715631
2025-09-01 03:00:00+00:00,2465833.40397536
2025-09-01 04:00:00+00:00,2466375.79907274
2025-09-01 05:00:00+00:00,2466281.0164196
2025-09-01 06:00:00+00:00,2466618.79802272
2025-09-01 07:00:00+00:00,2466615.17798082
2025-09-01 08:00:00+00:00,2466504.54003075
2025-09-01 09:00:00+00:00,2466517.78696143
2025-09-01 10:00:00+00:00,2465446.04877225
2025-09-01 11:00:00+00:00,2465347.21239796
2025-09-01 12:00:00+00:00,2465342.17198846
2025-09-01 13:00:00+00:00,2465349.17854498
2025-09-01 14:00:00+00:00,2465247.38690345
2025-09-01 15:00:00+00:00,2465005.1826895
2025-09-01 16:00:00+00:00,2464889.68600313
2025-09-01 17:00:00+00:00,2464958.3108958
2025-09-01 18:00:00+00:00,2465022.28424429
2025-09-01 19:00:00+00:00,2465039.50623717
2025-09-01 20:00:00+00:00,2465049.81309877
2025-09-01 21:00:00+00:00,2465136.51511918
2025-09-01 22:00:00+00:00,2465101.45387381
2025-09-01 23:00:00+00:00,2465114.14882015
2025-09-02 00:00:00+00:00,2465124.56109199
2025-09-02 01:00:00+00:00,2464994.49265808
2025-09-02 02:00:00+00:00,2464806.20069359
2025-09-02 03:00:00+00:00,2465092.38885912
2025-09-02 04:00:00+00:00,2465102.73611223
2025-09-02 05:00:00+00:00,2465085.98811012
2025-09-02 06:00:00+00:00,2463657.98153649
2025-09-02 07:00:00+00:00,2463870.76710883
2025-09-02 08:00:00+00:00,2461873.10969918
2025-09-02 09:00:00+00:00,2460685.3540548203
2025-09-02 10:00:00+00:00,2460718.41762491
2025-09-02 11:00:00+00:00,2460652.24690954
2025-09-02 12:00:00+00:00,2461632.0716486
2025-09-02 13:00:00+00:00,2461660.99540854
2025-09-02 14:00:00+00:00,2461119.14172745
2025-09-02 15:00:00+00:00,2461415.93422963
2025-09-02 16:00:00+00:00,2461855.82747679
2025-09-02 17:00:00+00:00,2461835.35295337
2025-09-02 18:00:00+00:00,2461939.57725397
2025-09-02 19:00:00+00:00,2462059.50209242
2025-09-02 20:00:00+00:00,2462099.83124672
2025-09-02 21:00:00+00:00,2461929.18556442
2025-09-02 22:00:00+00:00,2461891.1666037003
2025-09-02 23:00:00+00:00,2461843.7659595
2025-09-03 00:00:00+00:00,2461884.41053461
2025-09-03 01:00:00+00:00,2461887.02972119
2025-09-03 02:00:00+00:00,2461864.80873451
2025-09-03 03:00:00+00:00,2461871.10771967
2025-09-03 04:00:00+00:00,2461869.94449675
2025-09-03 05:00:00+00:00,2461768.43673242
2025-09-03 06:00:00+00:00,2461547.57000915
2025-09-03 07:00:00+00:00,2461438.95509794
2025-09-03 08:00:00+00:00,2461407.13701443
2025-09-03 09:00:00+00:00,2462397.87551895
2025-09-03 10:00:00+00:00,2462444.62034125
2025-09-03 11:00:00+00:00,2461418.05117415
2025-09-03 12:00:00+00:00,2461355.02016953
2025-09-03 13:00:00+00:00,2461747.13307132
2025-09-03 14:00:00+00:00,2461766.27996016
2025-09-03 15:00:00+00:00,2461167.76930511
2025-09-03 16:00:00+00:00,2461132.08451775
2025-09-03 17:00:00+00:00,2461027.65338322
2025-09-03 18:00:00+00:00,2461122.21279522
2025-09-03 19:00:00+00:00,2461144.8110254603
2025-09-03 20:00:00+00:00,2461147.74271851
2025-09-03 21:00:00+00:00,2461199.82829026
2025-09-03 22:00:00+00:00,2461177.37637131
2025-09-03 23:00:00+00:00,2461185.9247124
2025-09-04 00:00:00+00:00,2461530.76293335
2025-09-04 01:00:00+00:00,2461546.1448469902
2025-09-04 02:00:00+00:00,2461536.39565909
2025-09-04 03:00:00+00:00,2461491.26394505
2025-09-04 04:00:00+00:00,2461509.71225636
2025-09-04 05:00:00+00:00,2461469.2852112
2025-09-04 06:00:00+00:00,2461079.13242282
2025-09-04 07:00:00+00:00,2461091.07621985
2025-09-04 08:00:00+00:00,2459639.06803259
2025-09-04 09:00:00+00:00,2459666.19181555
2025-09-04 10:00:00+00:00,2459841.08512516
2025-09-04 11:00:00+00:00,2459903.60264196
2025-09-04 12:00:00+00:00,2459637.28094805
2025-09-04 13:00:00+00:00,2460759.35196872
2025-09-04 14:00:00+00:00,2470618.22716437
2025-09-04 15:00:00+00:00,2468975.02958164
2025-09-04 16:00:00+00:00,2469015.13054069
2025-09-04 17:00:00+00:00,2469099.40780729
2025-09-04 18:00:00+00:00,2469698.86448602
2025-09-04 19:00:00+00:00,2469961.82539849
2025-09-04 20:00:00+00:00,2469894.84871004
2025-09-04 21:00:00+00:00,2468894.29542579
2025-09-04 22:00:00+00:00,2468899.28178548
2025-09-04 23:00:00+00:00,2468899.15064312
2025-09-05 00:00:00+00:00,2468927.48140472
2025-09-05 01:00:00+00:00,2468952.58934597
2025-09-05 02:00:00+00:00,2468980.16406987
2025-09-05 03:00:00+00:00,2468971.36692675
2025-09-05 04:00:00+00:00,2468984.94699252
2025-09-05 05:00:00+00:00,2468989.39867471
2025-09-05 06:00:00+00:00,2470810.7099676803
2025-09-05 07:00:00+00:00,2471010.90257761
2025-09-05 08:00:00+00:00,2470996.3286198
2025-09-05 09:00:00+00:00,2469048.1260399
2025-09-05 10:00:00+00:00,2469044.33148971
2025-09-05 11:00:00+00:00,2469099.10423012
2025-09-05 12:00:00+00:00,2469070.37384499
2025-09-05 13:00:00+00:00,2468412.82132741
2025-09-05 14:00:00+00:00,2468564.03716496
2025-09-05 15:00:00+00:00,2469292.34050571
2025-09-05 16:00:00+00:00,2469268.35822043
2025-09-05 17:00:00+00:00,2468806.48657038
2025-09-05 18:00:00+00:00,2467070.51625477
2025-09-05 19:00:00+00:00,2466783.40133879
2025-09-05 20:00:00+00:00,2466798.40280249
2025-09-05 21:00:00+00:00,2466800.54676774
2025-09-05 22:00:00+00:00,2466796.26698166
2025-09-05 23:00:00+00:00,2466817.20063201
2025-09-06 00:00:00+00:00,2466938.50698956
2025-09-06 01:00:00+00:00,2466951.46614197
2025-09-06 02:00:00+00:00,2466932.29755626
2025-09-06 03:00:00+00:00,2466928.83344457
2025-09-06 04:00:00+00:00,2466917.6771789
2025-09-06 05:00:00+00:00,2466903.71900881
2025-09-06 06:00:00+00:00,2466919.22389315
2025-09-06 07:00:00+00:00,2467036.41443412
2025-09-06 08:00:00+00:00,2467048.042647
2025-09-06 09:00:00+00:00,2467051.3464773903
2025-09-06 10:00:00+00:00,2467044.99643252
2025-09-06 11:00:00+00:00,2467056.64846547
2025-09-06 12:00:00+00:00,2467071.7390163
2025-09-06 13:00:00+00:00,2467058.04834396
2025-09-06 14:00:00+00:00,2467049.11970091
2025-09-06 15:00:00+00:00,2467041.75557478
2025-09-06 16:00:00+00:00,2467043.7779152403
2025-09-06 17:00:00+00:00,2467036.31975983
2025-09-06 18:00:00+00:00,2467065.5594525603
2025-09-06 19:00:00+00:00,2467072.18287698
2025-09-06 20:00:00+00:00,2467064.54203581
2025-09-06 21:00:00+00:00,2467040.83636875
2025-09-06 22:00:00+00:00,2467003.95150189
2025-09-06 23:00:00+00:00,2467023.22367008
2025-09-07 00:00:00+00:00,2467035.7815039
2025-09-07 01:00:00+00:00,2467041.37414843
2025-09-07 02:00:00+00:00,2467061.5721751
2025-09-07 03:00:00+00:00,2467063.72481896
2025-09-07 04:00:00+00:00,2467055.47282541
2025-09-07 05:00:00+00:00,2467059.63588174
2025-09-07 06:00:00+00:00,2467121.3229657
2025-09-07 07:00:00+00:00,2467131.0648295903
2025-09-07 08:00:00+00:00,2467146.91215156
2025-09-07 09:00:00+00:00,2467294.84443356
2025-09-07 10:00:00+00:00,2466223.83503672
2025-09-07 11:00:00+00:00,2466238.40090076
2025-09-07 12:00:00+00:00,2466258.9034505403
2025-09-07 13:00:00+00:00,2466259.64738535
2025-09-07 14:00:00+00:00,2466271.80264729
2025-09-07 15:00:00+00:00,2466124.21390082
2025-09-07 16:00:00+00:00,2466109.09130381
2025-09-07 17:00:00+00:00,2466096.67318697
2025-09-07 18:00:00+00:00,2466097.97058631
2025-09-07 19:00:00+00:00,2466083.21239498
2025-09-07 20:00:00+00:00,2466088.81341521
2025-09-07 21:00:00+00:00,2466095.65390854
2025-09-07 22:00:00+00:00,2466091.25877793
2025-09-07 23:00:00+00:00,2466051.51086753
2025-09-08 00:00:00+00:00,2466059.4482339
2025-09-08 01:00:00+00:00,2466080.21787002
2025-09-08 02:00:00+00:00,2467470.56308692
2025-09-08 03:00:00+00:00,2467459.83633379
2025-09-08 04:00:00+00:00,2467505.05193324
2025-09-08 05:00:00+00:00,2467494.10203445
2025-09-08 06:00:00+00:00,2467535.89344576
2025-09-08 07:00:00+00:00,2467679.9983482203
2025-09-08 08:00:00+00:00,2468481.8131385
2025-09-08 09:00:00+00:00,2469389.46118838
2025-09-08 10:00:00+00:00,2469317.3446529
2025-09-08 11:00:00+00:00,2469324.29869846
2025-09-08 12:00:00+00:00,2468739.85522133
2025-09-08 13:00:00+00:00,2468743.46983775
2025-09-08 14:00:00+00:00,2468009.08851255
2025-09-08 15:00:00+00:00,2468009.49662276
2025-09-08 16:00:00+00:00,2468064.21135314
2025-09-08 17:00:00+00:00,2468175.48466358
2025-09-08 18:00:00+00:00,2468224.39958132
2025-09-08 19:00:00+00:00,2469238.0479110302
2025-09-08 20:00:00+00:00,2468548.01769937
2025-09-08 21:00:00+00:00,2468579.2257184302
2025-09-08 22:00:00+00:00,2468572.4908084
2025-09-08 23:00:00+00:00,2468577.74758776
2025-09-09 00:00:00+00:00,2468525.58556379
2025-09-09 01:00:00+00:00,2468530.39587277
2025-09-09 02:00:00+00:00,2468618.46514991
2025-09-09 03:00:00+00:00,2467328.34114797
2025-09-09 04:00:00+00:00,2467212.26822334
2025-09-09 05:00:00+00:00,2467289.6187182902
2025-09-09 06:00:00+00:00,2467345.48164812
2025-09-09 07:00:00+00:00,2468514.84879694
2025-09-09 08:00:00+00:00,2469787.41845146
2025-09-09 09:00:00+00:00,2470282.36342246
2025-09-09 10:00:00+00:00,2470140.139717
2025-09-09 11:00:00+00:00,2470592.6709761103
2025-09-09 12:00:00+00:00,2470629.78984591
2025-09-09 13:00:00+00:00,2471066.05140774
2025-09-09 14:00:00+00:00,2469784.78102215
2025-09-09 15:00:00+00:00,2468825.27695863
2025-09-09 16:00:00+00:00,2470176.56465823
2025-09-09 17:00:00+00:00,2470223.42818149
2025-09-09 18:00:00+00:00,2470073.6366994
2025-09-09 19:00:00+00:00,2470100.39334901
2025-09-09 20:00:00+00:00,2469934.73780574
2025-09-09 21:00:00+00:00,2469973.70932156
2025-09-09 22:00:00+00:00,2470799.47230099
2025-09-09 23:00:00+00:00,2469660.880593
2025-09-10 00:00:00+00:00,2469690.86160724
2025-09-10 01:00:00+00:00,2469798.63156853
2025-09-10 02:00:00+00:00,2467179.44395803
2025-09-10 03:00:00+00:00,2467295.54841836
2025-09-10 04:00:00+00:00,2467340.14594811
2025-09-10 05:00:00+00:00,2467393.41606724
2025-09-10 06:00:00+00:00,2466308.97383307
2025-09-10 07:00:00+00:00,2466316.82854383
2025-09-10 08:00:00+00:00,2466462.90694372
2025-09-10 09:00:00+00:00,2466443.48239016
2025-09-10 10:00:00+00:00,2466453.79983221
2025-09-10 11:00:00+00:00,2466519.02640982
2025-09-10 12:00:00+00:00,2466526.20534956
2025-09-10 13:00:00+00:00,2468063.52430559
2025-09-10 14:00:00+00:00,2468055.28302496
2025-09-10 15:00:00+00:00,2478155.4120224603
2025-09-10 16:00:00+00:00,2476566.29298628
2025-09-10 17:00:00+00:00,2467421.79924996
2025-09-10 18:00:00+00:00,2477517.2555834
2025-09-10 19:00:00+00:00,2476870.3919924903
2025-09-10 20:00:00+00:00,2476566.1006538803
2025-09-10 21:00:00+00:00,2476100.62999569
2025-09-10 22:00:00+00:00,2476051.09386891
2025-09-10 23:00:00+00:00,2476065.8663684903
2025-09-11 00:00:00+00:00,2476077.81810485
2025-09-11 01:00:00+00:00,2476433.9705937803
2025-09-11 02:00:00+00:00,2476460.4756010203
2025-09-11 03:00:00+00:00,2477392.51093016
2025-09-11 04:00:00+00:00,2477382.39501397
2025-09-11 05:00:00+00:00,2476675.23933093
2025-09-11 06:00:00+00:00,2477902.22290602
2025-09-11 07:00:00+00:00,2477788.44357611
2025-09-11 08:00:00+00:00,2477784.15872711
2025-09-11 09:00:00+00:00,2477838.97757155
2025-09-11 10:00:00+00:00,2477847.6837408
2025-09-11 11:00:00+00:00,2478077.53470536
2025-09-11 12:00:00+00:00,2478386.97549626
2025-09-11 13:00:00+00:00,2478475.25256654
2025-09-11 14:00:00+00:00,2477927.1665161
2025-09-11 15:00:00+00:00,2477514.20247136
2025-09-11 16:00:00+00:00,2477690.1617423003
2025-09-11 17:00:00+00:00,2467691.49067222
2025-09-11 18:00:00+00:00,2466507.68370253
2025-09-11 19:00:00+00:00,2466484.40672977
2025-09-11 20:00:00+00:00,2466183.42257353
2025-09-11 21:00:00+00:00,2464698.6241786
2025-09-11 22:00:00+00:00,2464789.9102296103
2025-09-11 23:00:00+00:00,2464781.33765853
2025-09-12 00:00:00+00:00,2464799.12059448
2025-09-12 01:00:00+00:00,2464787.36716045
2025-09-12 02:00:00+00:00,2466720.45441587
2025-09-12 03:00:00+00:00,2466725.75340055
2025-09-12 04:00:00+00:00,2465537.93169626
2025-09-12 05:00:00+00:00,2466922.49499594
2025-09-12 06:00:00+00:00,2476294.9840659
2025-09-12 07:00:00+00:00,2476441.25203927
2025-09-12 08:00:00+00:00,2476054.82525969
2025-09-12 09:00:00+00:00,2475721.93372352
2025-09-12 10:00:00+00:00,2475710.1069756
2025-09-12 11:00:00+00:00,2475795.5750873
2025-09-12 12:00:00+00:00,2475759.7993343403
2025-09-12 13:00:00+00:00,2466502.59013989
2025-09-12 14:00:00+00:00,2466484.7266254
2025-09-12 15:00:00+00:00,2466151.20202231
2025-09-12 16:00:00+00:00,2465787.69173649
2025-09-12 17:00:00+00:00,2475650.29266822
2025-09-12 18:00:00+00:00,2475753.1220310302
2025-09-12 19:00:00+00:00,2473446.62282608
2025-09-12 20:00:00+00:00,2473309.57784717
2025-09-12 21:00:00+00:00,2473151.82015844
2025-09-12 22:00:00+00:00,2473147.69453844
2025-09-12 23:00:00+00:00,2472746.71232181
2025-09-13 00:00:00+00:00,2483807.72126712
2025-09-13 01:00:00+00:00,2483632.5180016
2025-09-13 02:00:00+00:00,2485147.45128301
2025-09-13 03:00:00+00:00,2485144.09797683
2025-09-13 04:00:00+00:00,2483575.16136402
2025-09-13 05:00:00+00:00,2483583.28840487
2025-09-13 06:00:00+00:00,2483597.85458141
2025-09-13 07:00:00+00:00,2483597.5664016
2025-09-13 08:00:00+00:00,2483600.8001951003
2025-09-13 09:00:00+00:00,2483699.06010695
2025-09-13 10:00:00+00:00,2483780.23910652
2025-09-13 11:00:00+00:00,2483812.18246053
2025-09-13 12:00:00+00:00,2483826.29307579
2025-09-13 13:00:00+00:00,2483958.50039116
2025-09-13 14:00:00+00:00,2483874.43672236
2025-09-13 15:00:00+00:00,2484204.4691929403
2025-09-13 16:00:00+00:00,2484183.18983685
2025-09-13 17:00:00+00:00,2484191.81660688
2025-09-13 18:00:00+00:00,2484181.59637478
2025-09-13 19:00:00+00:00,2484149.18661007
2025-09-13 20:00:00+00:00,2484152.45340014
2025-09-13 21:00:00+00:00,2484187.38701985
2025-09-13 22:00:00+00:00,2487442.71788686
2025-09-13 23:00:00+00:00,2487442.29042751
2025-09-14 00:00:00+00:00,2487450.05380985
2025-09-14 01:00:00+00:00,2487435.5855079
2025-09-14 02:00:00+00:00,2487849.7866382003
2025-09-14 03:00:00+00:00,2489044.36942283
2025-09-14 04:00:00+00:00,2489046.91114726
2025-09-14 05:00:00+00:00,2490069.10284111
2025-09-14 06:00:00+00:00,2490114.11860284
2025-09-14 07:00:00+00:00,2490121.18762565
2025-09-14 08:00:00+00:00,2490389.29531549
2025-09-14 09:00:00+00:00,2490369.18945018
2025-09-14 10:00:00+00:00,2490356.44056059
2025-09-14 11:00:00+00:00,2490958.74086204
2025-09-14 12:00:00+00:00,2492650.23945349
2025-09-14 13:00:00+00:00,2492611.81269057
2025-09-14 14:00:00+00:00,2491609.3620672203
2025-09-14 15:00:00+00:00,2491435.62922726
2025-09-14 16:00:00+00:00,2491885.772068
2025-09-14 17:00:00+00:00,2491905.4977433
2025-09-14 18:00:00+00:00,2491950.04302
2025-09-14 19:00:00+00:00,2492187.1966817803
2025-09-14 20:00:00+00:00,2492201.32098835
2025-09-14 21:00:00+00:00,2492188.45845687
2025-09-14 22:00:00+00:00,2493171.34494047
2025-09-14 23:00:00+00:00,2492100.3171147
2025-09-15 00:00:00+00:00,2492140.47312332
2025-09-15 01:00:00+00:00,2492018.40582831
2025-09-15 02:00:00+00:00,2492026.44542831
2025-09-15 03:00:00+00:00,2490914.06901639
2025-09-15 04:00:00+00:00,2491631.30743369
2025-09-15 05:00:00+00:00,2491644.4165184502
2025-09-15 06:00:00+00:00,2491705.64303819
2025-09-15 07:00:00+00:00,2491620.92566094
2025-09-15 08:00:00+00:00,2489860.50277906
2025-09-15 09:00:00+00:00,2490751.15856463
2025-09-15 10:00:00+00:00,2490576.98749709
2025-09-15 11:00:00+00:00,2490702.70790004
2025-09-15 12:00:00+00:00,2491417.16491466
2025-09-15 13:00:00+00:00,2491220.69554494
2025-09-15 14:00:00+00:00,2491265.37883582
2025-09-15 15:00:00+00:00,2490281.4092332
2025-09-15 16:00:00+00:00,2490063.01507118
2025-09-15 17:00:00+00:00,2489747.13720604
2025-09-15 18:00:00+00:00,2489278.23661851
2025-09-15 19:00:00+00:00,2489396.59878984
2025-09-15 20:00:00+00:00,2488704.47511546
2025-09-15 21:00:00+00:00,2483097.6250670003
2025-09-15 22:00:00+00:00,2482551.9054111103
2025-09-15 23:00:00+00:00,2482101.76528752
2025-09-16 00:00:00+00:00,2480559.99570955
2025-09-16 01:00:00+00:00,2480113.43544091
2025-09-16 02:00:00+00:00,2479687.0457759
2025-09-16 03:00:00+00:00,2480298.51107788
2025-09-16 04:00:00+00:00,2480494.93343049
2025-09-16 05:00:00+00:00,2480504.37586471
2025-09-16 06:00:00+00:00,2481077.4699527
2025-09-16 07:00:00+00:00,2481117.79435367
2025-09-16 08:00:00+00:00,2480507.87403973
2025-09-16 09:00:00+00:00,2478910.76894062
2025-09-16 10:00:00+00:00,2478944.3473277
2025-09-16 11:00:00+00:00,2477533.27783848
2025-09-16 12:00:00+00:00,2476135.94249885
2025-09-16 13:00:00+00:00,2476196.79791854
2025-09-16 14:00:00+00:00,2476205.26288988
2025-09-16 15:00:00+00:00,2475921.33922021
2025-09-16 16:00:00+00:00,2474894.5329507203
2025-09-16 17:00:00+00:00,2476118.4671035
2025-09-16 18:00:00+00:00,2476173.23348847
2025-09-16 19:00:00+00:00,2475946.04173308
2025-09-16 20:00:00+00:00,2474401.09161636
2025-09-16 21:00:00+00:00,2474591.39292404
2025-09-16 22:00:00+00:00,2474633.26733538
2025-09-16 23:00:00+00:00,2474610.47301072
2025-09-17 00:00:00+00:00,2474921.35506152
2025-09-17 01:00:00+00:00,2474895.20656937
2025-09-17 02:00:00+00:00,2474904.92339123
2025-09-17 03:00:00+00:00,2475059.05077529
2025-09-17 04:00:00+00:00,2475054.74783307
2025-09-17 05:00:00+00:00,2475183.28222636
2025-09-17 06:00:00+00:00,2474189.57595676
2025-09-17 07:00:00+00:00,2474244.86061254
2025-09-17 08:00:00+00:00,2474087.69606986
2025-09-17 09:00:00+00:00,2474589.00915944
2025-09-17 10:00:00+00:00,2473723.0697040902
2025-09-17 11:00:00+00:00,2473618.62661441
2025-09-17 12:00:00+00:00,2473583.92489054
2025-09-17 13:00:00+00:00,2473501.71461437
2025-09-17 14:00:00+00:00,2473799.91996607
2025-09-17 15:00:00+00:00,2474721.4254115103
2025-09-17 16:00:00+00:00,2474571.54088451
2025-09-17 17:00:00+00:00,2474378.04084442
2025-09-17 18:00:00+00:00,2474431.74873106
2025-09-17 19:00:00+00:00,2471442.82482186
2025-09-17 20:00:00+00:00,2468472.00360081
2025-09-17 21:00:00+00:00,2465894.53853862
2025-09-17 22:00:00+00:00,2465891.18571548
2025-09-17 23:00:00+00:00,2465843.4776432
2025-09-18 00:00:00+00:00,2465861.5018576803
2025-09-18 01:00:00+00:00,2465906.26271347
2025-09-18 02:00:00+00:00,2465850.09378314
2025-09-18 03:00:00+00:00,2465816.58763234
2025-09-18 04:00:00+00:00,2465597.74205761
2025-09-18 05:00:00+00:00,2465339.27301323
2025-09-18 06:00:00+00:00,2465400.54774967
2025-09-18 07:00:00+00:00,2465466.73643214
2025-09-18 08:00:00+00:00,2465147.7914119703
2025-09-18 09:00:00+00:00,2465106.12276634
2025-09-18 10:00:00+00:00,2465091.93355221
2025-09-18 11:00:00+00:00,2464959.33416322
2025-09-18 12:00:00+00:00,2464835.62517483
2025-09-18 13:00:00+00:00,2464793.797247
2025-09-18 14:00:00+00:00,2464879.32163489
2025-09-18 15:00:00+00:00,2464786.95922041
2025-09-18 16:00:00+00:00,2464610.18290811
2025-09-18 17:00:00+00:00,2464612.58281561
2025-09-18 18:00:00+00:00,2464175.93552315
2025-09-18 19:00:00+00:00,2464186.47680742
2025-09-18 20:00:00+00:00,2464155.72964588
2025-09-18 21:00:00+00:00,2464244.48835844
2025-09-18 22:00:00+00:00,2464241.6635667803
2025-09-18 23:00:00+00:00,2464246.04912975
2025-09-19 00:00:00+00:00,2464124.9440809903
2025-09-19 01:00:00+00:00,2465011.78558526
2025-09-19 02:00:00+00:00,2465010.25783681
2025-09-19 03:00:00+00:00,2465044.61281331
2025-09-19 04:00:00+00:00,2465376.58513299
2025-09-19 05:00:00+00:00,2465583.66051797
2025-09-19 06:00:00+00:00,2465603.0774411103
2025-09-19 07:00:00+00:00,2465586.49278073
2025-09-19 08:00:00+00:00,2466892.62995625
2025-09-19 09:00:00+00:00,2467835.20352754
2025-09-19 10:00:00+00:00,2467008.28652061
2025-09-19 11:00:00+00:00,2468007.15967331
2025-09-19 12:00:00+00:00,2467613.00867227
2025-09-19 13:00:00+00:00,2468649.1377800503
2025-09-19 14:00:00+00:00,2469446.4292948903
2025-09-19 15:00:00+00:00,2469275.21404304
2025-09-19 16:00:00+00:00,2467356.58689814
2025-09-19 17:00:00+00:00,2467429.78645587
2025-09-19 18:00:00+00:00,2468996.90784591
2025-09-19 19:00:00+00:00,2468990.98692342
2025-09-19 20:00:00+00:00,2469257.5997551302
2025-09-19 21:00:00+00:00,2469280.5093071302
2025-09-19 22:00:00+00:00,2469281.68481246
2025-09-19 23:00:00+00:00,2469278.75792188
2025-09-20 00:00:00+00:00,2469256.3951608
2025-09-20 01:00:00+00:00,2469262.27696387
2025-09-20 02:00:00+00:00,2469287.55835684
2025-09-20 03:00:00+00:00,2469080.54948438
2025-09-20 04:00:00+00:00,2469060.94888439
2025-09-20 05:00:00+00:00,2469057.29618014
2025-09-20 06:00:00+00:00,2469158.6542117703
2025-09-20 07:00:00+00:00,2469176.0279096
2025-09-20 08:00:00+00:00,2469380.44725848
2025-09-20 09:00:00+00:00,2469530.89029933
2025-09-20 10:00:00+00:00,2469515.2740737703
2025-09-20 11:00:00+00:00,2469907.13776882
2025-09-20 12:00:00+00:00,2466406.95432316
2025-09-20 13:00:00+00:00,2466336.70289433
2025-09-20 14:00:00+00:00,2466301.32476631
2025-09-20 15:00:00+00:00,2466807.56712309
2025-09-20 16:00:00+00:00,2465744.0097347703
2025-09-20 17:00:00+00:00,2465005.5377583
2025-09-20 18:00:00+00:00,2465068.49096683
2025-09-20 19:00:00+00:00,2465051.2600467303
2025-09-20 20:00:00+00:00,2465054.66295273
2025-09-20 21:00:00+00:00,2465052.99640447
2025-09-20 22:00:00+00:00,2465055.40029076
2025-09-20 23:00:00+00:00,2465052.85904502
2025-09-21 00:00:00+00:00,2465044.2080108603
2025-09-21 01:00:00+00:00,2465037.0414139503
2025-09-21 02:00:00+00:00,2465013.14049145
2025-09-21 03:00:00+00:00,2465022.11844678
2025-09-21 04:00:00+00:00,2466090.77126311
2025-09-21 05:00:00+00:00,2466053.3575245403
2025-09-21 06:00:00+00:00,2466118.46606884
2025-09-21 07:00:00+00:00,2466126.1825148403
2025-09-21 08:00:00+00:00,2466199.52573478
2025-09-21 09:00:00+00:00,2466214.11257243
2025-09-21 10:00:00+00:00,2466285.40427076
2025-09-21 11:00:00+00:00,2466392.66194004
2025-09-21 12:00:00+00:00,2466370.6899329303
2025-09-21 13:00:00+00:00,2466450.91901235
2025-09-21 14:00:00+00:00,2465740.38919594
2025-09-21 15:00:00+00:00,2465646.07393227
2025-09-21 16:00:00+00:00,2465644.02247226
2025-09-21 17:00:00+00:00,2465786.46939549
2025-09-21 18:00:00+00:00,2465765.19133379
2025-09-21 19:00:00+00:00,2465654.05241965
2025-09-21 20:00:00+00:00,2465657.73399527
2025-09-21 21:00:00+00:00,2465631.84409999
2025-09-21 22:00:00+00:00,2465675.0988512603
2025-09-21 23:00:00+00:00,2465666.68982784
2025-09-22 00:00:00+00:00,2466712.07388683
2025-09-22 01:00:00+00:00,2466745.06550956
2025-09-22 02:00:00+00:00,2466763.23250797
2025-09-22 03:00:00+00:00,2467531.38251553
2025-09-22 04:00:00+00:00,2467533.10800793
2025-09-22 05:00:00+00:00,2466769.9019436003
2025-09-22 06:00:00+00:00,2466924.2477246
2025-09-22 07:00:00+00:00,2466408.41914394
2025-09-22 08:00:00+00:00,2466239.7932600603
2025-09-22 09:00:00+00:00,2465809.84323245
2025-09-22 10:00:00+00:00,2464547.0644022003
2025-09-22 11:00:00+00:00,2464522.33520874
2025-09-22 12:00:00+00:00,2464805.0337576303
2025-09-22 13:00:00+00:00,2464799.69261752
2025-09-22 14:00:00+00:00,2464968.11894237
2025-09-22 15:00:00+00:00,2464969.85729393
2025-09-22 16:00:00+00:00,2463649.6705592102
2025-09-22 17:00:00+00:00,2463800.59959862
2025-09-22 18:00:00+00:00,2464758.82795275
2025-09-22 19:00:00+00:00,2464838.03764792
2025-09-22 20:00:00+00:00,2464603.40028018
2025-09-22 21:00:00+00:00,2465661.16551397
2025-09-22 22:00:00+00:00,2465670.09222414
2025-09-22 23:00:00+00:00,2465293.07662487
2025-09-23 00:00:00+00:00,2465264.04656556
2025-09-23 01:00:00+00:00,2465307.92382102
2025-09-23 02:00:00+00:00,2464861.25990814
2025-09-23 03:00:00+00:00,2464876.61741036
2025-09-23 04:00:00+00:00,2465464.8602936203
2025-09-23 05:00:00+00:00,2464488.07489368
2025-09-23 06:00:00+00:00,2463363.58896643
2025-09-23 07:00:00+00:00,2463469.27771131
2025-09-23 08:00:00+00:00,2463624.63955199
2025-09-23 09:00:00+00:00,2464759.25446872
2025-09-23 10:00:00+00:00,2464775.13792398
2025-09-23 11:00:00+00:00,2464839.53759652
2025-09-23 12:00:00+00:00,2464480.8847984
2025-09-23 13:00:00+00:00,2464384.7789512
2025-09-23 14:00:00+00:00,2464457.1324656
2025-09-23 15:00:00+00:00,2464479.7005574
2025-09-23 16:00:00+00:00,2464565.82936844
2025-09-23 17:00:00+00:00,2464713.82999336
2025-09-23 18:00:00+00:00,2464719.32307483
2025-09-23 19:00:00+00:00,2465031.76361395
2025-09-23 20:00:00+00:00,2465048.00033754
2025-09-23 21:00:00+00:00,2465025.31330116
2025-09-23 22:00:00+00:00,2465047.57175899
2025-09-23 23:00:00+00:00,2465072.66387346
2025-09-24 00:00:00+00:00,2465048.39236636
2025-09-24 01:00:00+00:00,2465062.74501493
2025-09-24 02:00:00+00:00,2465030.7395065
2025-09-24 03:00:00+00:00,2465011.29423236
2025-09-24 04:00:00+00:00,2463799.87717033
2025-09-24 05:00:00+00:00,2464840.35291204
2025-09-24 06:00:00+00:00,2464871.66473477
2025-09-24 07:00:00+00:00,2463348.33662838
2025-09-24 08:00:00+00:00,2463486.61318734
2025-09-24 09:00:00+00:00,2463825.93801003
2025-09-24 10:00:00+00:00,2463832.07228833
2025-09-24 11:00:00+00:00,2463755.23752758
2025-09-24 12:00:00+00:00,2460231.59559626
2025-09-24 13:00:00+00:00,2460377.78180272
2025-09-24 14:00:00+00:00,2461512.17971727
2025-09-24 15:00:00+00:00,2460220.49097636
2025-09-24 16:00:00+00:00,2461194.53648663
2025-09-24 17:00:00+00:00,2462144.60878989
2025-09-24 18:00:00+00:00,2463151.94268288
2025-09-24 19:00:00+00:00,2463136.02539423
2025-09-24 20:00:00+00:00,2463142.91277631
2025-09-24 21:00:00+00:00,2463162.3883320102
2025-09-24 22:00:00+00:00,2464588.16491915
2025-09-24 23:00:00+00:00,2464551.2601742903
2025-09-25 00:00:00+00:00,2464574.22549423
2025-09-25 01:00:00+00:00,2464873.77624105
2025-09-25 02:00:00+00:00,2464874.83728338
2025-09-25 03:00:00+00:00,2464736.80192119
2025-09-25 04:00:00+00:00,2465620.73078613
2025-09-25 05:00:00+00:00,2465628.18708569
2025-09-25 06:00:00+00:00,2466596.17197127
2025-09-25 07:00:00+00:00,2466976.07681595
2025-09-25 08:00:00+00:00,2468042.9040749
2025-09-25 09:00:00+00:00,2467206.4393387
2025-09-25 10:00:00+00:00,2466942.9012674
2025-09-25 11:00:00+00:00,2467926.21558539
2025-09-25 12:00:00+00:00,2465624.52891669
2025-09-25 13:00:00+00:00,2465025.67883616
2025-09-25 14:00:00+00:00,2464939.16991315
2025-09-25 15:00:00+00:00,2464689.63184774
2025-09-25 16:00:00+00:00,2463532.97071545
2025-09-25 17:00:00+00:00,2462403.76765589
2025-09-25 18:00:00+00:00,2462489.55850273
2025-09-25 19:00:00+00:00,2462656.4790877
2025-09-25 20:00:00+00:00,2461406.18050867
2025-09-25 21:00:00+00:00,2461397.17909039
2025-09-25 22:00:00+00:00,2461383.66550079
2025-09-25 23:00:00+00:00,2461947.89953445
2025-09-26 00:00:00+00:00,2461659.09991347
2025-09-26 01:00:00+00:00,2460265.80748185
2025-09-26 02:00:00+00:00,2460127.47384958
2025-09-26 03:00:00+00:00,2460084.38777632
2025-09-26 04:00:00+00:00,2459317.22201435
2025-09-26 05:00:00+00:00,2461115.01060295
2025-09-26 06:00:00+00:00,2461033.49310745
2025-09-26 07:00:00+00:00,2459597.18491751
2025-09-26 08:00:00+00:00,2462847.36763663
2025-09-26 09:00:00+00:00,2462786.03129319
2025-09-26 10:00:00+00:00,2463853.56622304
2025-09-26 11:00:00+00:00,2463882.80200732
2025-09-26 12:00:00+00:00,2462279.10918078
2025-09-26 13:00:00+00:00,2462279.10918078
2025-09-26 14:00:00+00:00,2460831.90173883
2025-09-26 15:00:00+00:00,2459878.69866861
2025-09-26 16:00:00+00:00,2465915.63340335
2025-09-26 17:00:00+00:00,2459131.5420548
2025-09-26 18:00:00+00:00,2458837.69212653
2025-09-26 19:00:00+00:00,2458617.1519086
2025-09-26 20:00:00+00:00,2458624.25423279
2025-09-26 21:00:00+00:00,2458610.41436571
2025-09-26 22:00:00+00:00,2458611.0980876
2025-09-26 23:00:00+00:00,2458612.77426624
2025-09-27 00:00:00+00:00,2458693.99697186
2025-09-27 01:00:00+00:00,2459707.0742698302
2025-09-27 02:00:00+00:00,2459831.4120858703
2025-09-27 03:00:00+00:00,2458781.32369941
2025-09-27 04:00:00+00:00,2458750.89965649
2025-09-27 05:00:00+00:00,2458911.52288381
2025-09-27 06:00:00+00:00,2458917.17361968
2025-09-27 07:00:00+00:00,2458946.5681799
2025-09-27 08:00:00+00:00,2458961.06805433
2025-09-27 09:00:00+00:00,2458990.059604
2025-09-27 10:00:00+00:00,2458943.79274145
2025-09-27 11:00:00+00:00,2458967.70026388
2025-09-27 12:00:00+00:00,2458990.62868645
2025-09-27 13:00:00+00:00,2459009.18152902
2025-09-27 14:00:00+00:00,2459030.37180808
2025-09-27 15:00:00+00:00,2459016.38516063
2025-09-27 16:00:00+00:00,2459010.47962932
2025-09-27 17:00:00+00:00,2459011.28718667
2025-09-27 18:00:00+00:00,2459008.82400681
2025-09-27 19:00:00+00:00,2459012.57155817
2025-09-27 20:00:00+00:00,2459014.72301898
2025-09-27 21:00:00+00:00,2459020.02593283
2025-09-27 22:00:00+00:00,2459026.24200798
2025-09-27 23:00:00+00:00,2459037.79526706
2025-09-28 00:00:00+00:00,2459036.44846715
2025-09-28 01:00:00+00:00,2459025.52011911
2025-09-28 02:00:00+00:00,2459024.36109965
2025-09-28 03:00:00+00:00,2459028.13645714
2025-09-28 04:00:00+00:00,2459043.72007592
2025-09-28 05:00:00+00:00,2459059.52490757
2025-09-28 06:00:00+00:00,2458102.27316357
2025-09-28 07:00:00+00:00,2458131.78819543
2025-09-28 08:00:00+00:00,2458139.92296145
2025-09-28 09:00:00+00:00,2458130.66512787
2025-09-28 10:00:00+00:00,2458156.63858694
2025-09-28 11:00:00+00:00,2458178.61492436
2025-09-28 12:00:00+00:00,2457517.2508788
2025-09-28 13:00:00+00:00,2457527.04042584
2025-09-28 14:00:00+00:00,2458515.03073908
2025-09-28 15:00:00+00:00,2458381.65461857
2025-09-28 16:00:00+00:00,2458347.54750743
2025-09-28 17:00:00+00:00,2458364.15150682
2025-09-28 18:00:00+00:00,2458356.0769880703
2025-09-28 19:00:00+00:00,2458354.04495196
2025-09-28 20:00:00+00:00,2458344.1469144
2025-09-28 21:00:00+00:00,2458368.19179262
2025-09-28 22:00:00+00:00,2458340.06632439
2025-09-28 23:00:00+00:00,2458302.76532723
2025-09-29 00:00:00+00:00,2458328.44995909
2025-09-29 01:00:00+00:00,2458335.71225374
2025-09-29 02:00:00+00:00,2459573.01224106
2025-09-29 03:00:00+00:00,2459057.2574850502
2025-09-29 04:00:00+00:00,2459038.86498822
2025-09-29 05:00:00+00:00,2458186.44951953
2025-09-29 06:00:00+00:00,2456508.38429639
2025-09-29 07:00:00+00:00,2456615.19360892
2025-09-29 08:00:00+00:00,2456833.35850319
2025-09-29 09:00:00+00:00,2456823.71741392
2025-09-29 10:00:00+00:00,2457406.48268405
2025-09-29 11:00:00+00:00,2457144.61879603
2025-09-29 12:00:00+00:00,2457085.59478403
2025-09-29 13:00:00+00:00,2457553.66467673
2025-09-29 14:00:00+00:00,2457754.19301609
2025-09-29 15:00:00+00:00,2455929.01600271
2025-09-29 16:00:00+00:00,2454913.51794378
2025-09-29 17:00:00+00:00,2454959.28942864
2025-09-29 18:00:00+00:00,2455163.74135223
2025-09-29 19:00:00+00:00,2454579.77571854
2025-09-29 20:00:00+00:00,2454601.10127378
2025-09-29 21:00:00+00:00,2454976.91093561
2025-09-29 22:00:00+00:00,2455666.16748161
2025-09-29 23:00:00+00:00,2456078.97470668
2025-09-30 00:00:00+00:00,2456101.7665402
2025-09-30 01:00:00+00:00,2455902.52497824
2025-09-30 02:00:00+00:00,2455921.84904239
2025-09-30 03:00:00+00:00,2455072.14766498
2025-09-30 04:00:00+00:00,2455095.88089363
2025-09-30 05:00:00+00:00,2455113.74356623
2025-09-30 06:00:00+00:00,2455178.37421909
2025-09-30 07:00:00+00:00,2456416.4757130803
2025-09-30 08:00:00+00:00,2456378.46318516
2025-09-30 09:00:00+00:00,2456423.3990518
2025-09-30 10:00:00+00:00,2456131.83903796
2025-09-30 11:00:00+00:00,2456633.19689005
2025-09-30 12:00:00+00:00,2456535.65341939
2025-09-30 13:00:00+00:00,2457098.15523881
2025-09-30 14:00:00+00:00,2447392.51878322
2025-09-30 15:00:00+00:00,2447573.76901478
2025-09-30 16:00:00+00:00,2448889.07309696
2025-09-30 17:00:00+00:00,2458735.56103704
2025-09-30 18:00:00+00:00,2459914.46495649
2025-09-30 19:00:00+00:00,2459957.89686429
2025-09-30 20:00:00+00:00,2461583.94803649
2025-09-30 21:00:00+00:00,2461549.52979854
2025-09-30 22:00:00+00:00,2460809.50237864
2025-09-30 23:00:00+00:00,2460324.73106345
2025-10-01 00:00:00+00:00,2460026.58505483
2025-10-01 01:00:00+00:00,2459241.1870531603
2025-10-01 02:00:00+00:00,2460108.58644262
2025-10-01 03:00:00+00:00,2460721.0415560203
2025-10-01 04:00:00+00:00,2460550.56007598
2025-10-01 05:00:00+00:00,2460529.60964212
2025-10-01 06:00:00+00:00,2461574.44827141
2025-10-01 07:00:00+00:00,2461834.2087386902
2025-10-01 08:00:00+00:00,2460820.0494384
2025-10-01 09:00:00+00:00,2461923.44336632
2025-10-01 10:00:00+00:00,2461752.72564452
2025-10-01 11:00:00+00:00,2460832.3120485
2025-10-01 12:00:00+00:00,2461075.72056266
2025-10-01 13:00:00+00:00,2460249.36438481
2025-10-01 14:00:00+00:00,2459574.66904452
2025-10-01 15:00:00+00:00,2459544.14760722
2025-10-01 16:00:00+00:00,2460714.8023125
2025-10-01 17:00:00+00:00,2461174.73348314
2025-10-01 18:00:00+00:00,2461096.11506163
2025-10-01 19:00:00+00:00,2459468.6953711603
2025-10-01 20:00:00+00:00,2457661.70607873
2025-10-01 21:00:00+00:00,2457505.6393411
2025-10-01 22:00:00+00:00,2458486.99479668
2025-10-01 23:00:00+00:00,2458465.59067085
2025-10-02 00:00:00+00:00,2457351.07246258
2025-10-02 01:00:00+00:00,2457316.9215231203
2025-10-02 02:00:00+00:00,2457431.36101924
2025-10-02 03:00:00+00:00,2457518.0745581
2025-10-02 04:00:00+00:00,2457441.2759377
2025-10-02 05:00:00+00:00,2458458.42537906
2025-10-02 06:00:00+00:00,2458589.7251080503
2025-10-02 07:00:00+00:00,2458721.36667034
2025-10-02 08:00:00+00:00,2458133.32958043
2025-10-02 09:00:00+00:00,2458143.99364238
2025-10-02 10:00:00+00:00,2457241.21987626
2025-10-02 11:00:00+00:00,2457195.03407786
2025-10-02 12:00:00+00:00,2457132.7335472
2025-10-02 13:00:00+00:00,2458428.49325366
2025-10-02 14:00:00+00:00,2459328.34014417
2025-10-02 15:00:00+00:00,2458294.36975421
2025-10-02 16:00:00+00:00,2458980.98504568
2025-10-02 17:00:00+00:00,2458001.3644770603
2025-10-02 18:00:00+00:00,2458035.2560935603
2025-10-02 19:00:00+00:00,2456564.41583827
2025-10-02 20:00:00+00:00,2456285.8113968302
2025-10-02 21:00:00+00:00,2456255.01524298
2025-10-02 22:00:00+00:00,2456270.01317982
2025-10-02 23:00:00+00:00,2450495.8761601
2025-10-03 00:00:00+00:00,2450513.03878218
2025-10-03 01:00:00+00:00,2453283.72955362
2025-10-03 02:00:00+00:00,2453661.41964116
2025-10-03 03:00:00+00:00,2453838.68500617
2025-10-03 04:00:00+00:00,2453497.86978586
2025-10-03 05:00:00+00:00,2453182.64290788
2025-10-03 06:00:00+00:00,2452677.7051438102
2025-10-03 07:00:00+00:00,2452712.17866578
2025-10-03 08:00:00+00:00,2453052.04294231
2025-10-03 09:00:00+00:00,2453330.78474195
2025-10-03 10:00:00+00:00,2453405.7814855003
2025-10-03 11:00:00+00:00,2453382.41857142
2025-10-03 12:00:00+00:00,2453104.62619082
2025-10-03 13:00:00+00:00,2453158.26663513
2025-10-03 14:00:00+00:00,2452798.13905893
2025-10-03 15:00:00+00:00,2452499.56255105
2025-10-03 16:00:00+00:00,2451756.12807656
2025-10-03 17:00:00+00:00,2451691.57279874
2025-10-03 18:00:00+00:00,2450798.36292062
2025-10-03 19:00:00+00:00,2449455.14803776
2025-10-03 20:00:00+00:00,2449795.54841104
2025-10-03 21:00:00+00:00,2449425.64671346
2025-10-03 22:00:00+00:00,2448449.08986837
2025-10-03 23:00:00+00:00,2450496.0537359603
2025-10-04 00:00:00+00:00,2450438.40337922
2025-10-04 01:00:00+00:00,2450419.56409443
2025-10-04 02:00:00+00:00,2450407.93450327
2025-10-04 03:00:00+00:00,2450386.5554262
2025-10-04 04:00:00+00:00,2450407.38712559
2025-10-04 05:00:00+00:00,2450332.03405203
2025-10-04 06:00:00+00:00,2450147.67852701
2025-10-04 07:00:00+00:00,2450221.83422657
2025-10-04 08:00:00+00:00,2450252.14496373
2025-10-04 09:00:00+00:00,2450263.24519241
2025-10-04 10:00:00+00:00,2450164.83463696
2025-10-04 11:00:00+00:00,2450169.19635245
2025-10-04 12:00:00+00:00,2450212.64740175
2025-10-04 13:00:00+00:00,2450180.89249946
2025-10-04 14:00:00+00:00,2450154.77592543
2025-10-04 15:00:00+00:00,2449830.30685061
2025-10-04 16:00:00+00:00,2449828.24069682
2025-10-04 17:00:00+00:00,2449806.56667506
2025-10-04 18:00:00+00:00,2449426.74234661
2025-10-04 19:00:00+00:00,2449956.54855486
2025-10-04 20:00:00+00:00,2449970.74434721
2025-10-04 21:00:00+00:00,2449882.72938032
2025-10-04 22:00:00+00:00,2449856.48961822
2025-10-04 23:00:00+00:00,2449861.82148849
2025-10-05 00:00:00+00:00,2449932.28813217
2025-10-05 01:00:00+00:00,2449933.88369245
2025-10-05 02:00:00+00:00,2449952.23007005
2025-10-05 03:00:00+00:00,2449923.18498365
2025-10-05 04:00:00+00:00,2449873.64671695
2025-10-05 05:00:00+00:00,2450793.84966126
2025-10-05 06:00:00+00:00,2451254.89645322
2025-10-05 07:00:00+00:00,2449765.70610538
2025-10-05 08:00:00+00:00,2449762.03055767
2025-10-05 09:00:00+00:00,2449818.44100809
2025-10-05 10:00:00+00:00,2449858.58031802
2025-10-05 11:00:00+00:00,2448879.85075866
2025-10-05 12:00:00+00:00,2448877.05471972
2025-10-05 13:00:00+00:00,2448885.80009794
2025-10-05 14:00:00+00:00,2447832.96881636
2025-10-05 15:00:00+00:00,2447564.18352474
2025-10-05 16:00:00+00:00,2447567.61360494
2025-10-05 17:00:00+00:00,2447527.19646212
2025-10-05 18:00:00+00:00,2447570.97435641
2025-10-05 19:00:00+00:00,2447584.13325117
2025-10-05 20:00:00+00:00,2447566.74882295
2025-10-05 21:00:00+00:00,2447576.47693362
2025-10-05 22:00:00+00:00,2446492.30552818
2025-10-05 23:00:00+00:00,2446503.617715
2025-10-06 00:00:00+00:00,2446441.41325684
2025-10-06 01:00:00+00:00,2447446.32955541
2025-10-06 02:00:00+00:00,2447852.48579506
2025-10-06 03:00:00+00:00,2448354.48096199
2025-10-06 04:00:00+00:00,2448411.79294328
2025-10-06 05:00:00+00:00,2448186.54804366
2025-10-06 06:00:00+00:00,2449373.09999265
2025-10-06 07:00:00+00:00,2449963.69499776
2025-10-06 08:00:00+00:00,2449761.2233238
2025-10-06 09:00:00+00:00,2450113.6247190703
2025-10-06 10:00:00+00:00,2450009.0274206
2025-10-06 11:00:00+00:00,2449862.47912437
2025-10-06 12:00:00+00:00,2449919.45689631
2025-10-06 13:00:00+00:00,2449672.1244509
2025-10-06 14:00:00+00:00,2450959.50226466
2025-10-06 15:00:00+00:00,2450958.76942818
2025-10-06 16:00:00+00:00,2450902.93691344
2025-10-06 17:00:00+00:00,2450777.06234931
2025-10-06 18:00:00+00:00,2450012.98839948
2025-10-06 19:00:00+00:00,2450036.62458029
2025-10-06 20:00:00+00:00,2451622.1029115003
2025-10-06 21:00:00+00:00,2451602.6515678302
2025-10-06 22:00:00+00:00,2452754.98898229
2025-10-06 23:00:00+00:00,2451746.40949956
2025-10-07 00:00:00+00:00,2452266.63869097
2025-10-07 01:00:00+00:00,2453157.03067543
2025-10-07 02:00:00+00:00,2452613.55781121
2025-10-07 03:00:00+00:00,2453663.61482393
2025-10-07 04:00:00+00:00,2454660.75991115
2025-10-07 05:00:00+00:00,2454669.07621107
2025-10-07 06:00:00+00:00,2454724.78157159
2025-10-07 07:00:00+00:00,2456422.55745982
2025-10-07 08:00:00+00:00,2457391.57564737
2025-10-07 09:00:00+00:00,2457264.23691393
2025-10-07 10:00:00+00:00,2455194.25841185
2025-10-07 11:00:00+00:00,2455234.52079126
2025-10-07 12:00:00+00:00,2454338.76889379
2025-10-07 13:00:00+00:00,2453936.15707988
2025-10-07 14:00:00+00:00,2453568.60618418
2025-10-07 15:00:00+00:00,2453576.59594442
2025-10-07 16:00:00+00:00,2456574.35927891
2025-10-07 17:00:00+00:00,2456193.85089678
2025-10-07 18:00:00+00:00,2456645.54833073
2025-10-07 19:00:00+00:00,2456174.23957137
2025-10-07 20:00:00+00:00,2454901.55906422
2025-10-07 21:00:00+00:00,2453217.10319172
2025-10-07 22:00:00+00:00,2453478.61607229
2025-10-07 23:00:00+00:00,2452933.29526486
2025-10-08 00:00:00+00:00,2452881.41527268
2025-10-08 01:00:00+00:00,2452669.74179386
2025-10-08 02:00:00+00:00,2452699.50411403
2025-10-08 03:00:00+00:00,2451639.7727575903
2025-10-08 04:00:00+00:00,2452169.16611032
2025-10-08 05:00:00+00:00,2451861.41736788
2025-10-08 06:00:00+00:00,2450703.0155103
2025-10-08 07:00:00+00:00,2450678.38737286
2025-10-08 08:00:00+00:00,2450638.2934024
2025-10-08 09:00:00+00:00,2450562.16186445
2025-10-08 10:00:00+00:00,2450577.85046987
2025-10-08 11:00:00+00:00,2450919.85911295
2025-10-08 12:00:00+00:00,2450901.09775738
2025-10-08 13:00:00+00:00,2451332.82625315
2025-10-08 14:00:00+00:00,2451300.59224821
2025-10-08 15:00:00+00:00,2451234.34250102
2025-10-08 16:00:00+00:00,2451948.15883935
2025-10-08 17:00:00+00:00,2451946.01787399
2025-10-08 18:00:00+00:00,2452999.8207010003
2025-10-08 19:00:00+00:00,2453165.33181651
2025-10-08 20:00:00+00:00,2451816.14280096
2025-10-08 21:00:00+00:00,2452609.89945364
2025-10-08 22:00:00+00:00,2453266.75896873
2025-10-08 23:00:00+00:00,2453269.01371535
2025-10-09 00:00:00+00:00,2453264.29843027
2025-10-09 01:00:00+00:00,2453317.03654901
2025-10-09 02:00:00+00:00,2453327.90934091
2025-10-09 03:00:00+00:00,2453355.37028663
2025-10-09 04:00:00+00:00,2452497.6826823303
2025-10-09 05:00:00+00:00,2453453.74582158
2025-10-09 06:00:00+00:00,2454458.13985913
2025-10-09 07:00:00+00:00,2454377.91607788
2025-10-09 08:00:00+00:00,2452645.1510214303
2025-10-09 09:00:00+00:00,2452682.13680182
2025-10-09 10:00:00+00:00,2452681.33867827
2025-10-09 11:00:00+00:00,2452718.8219511
2025-10-09 12:00:00+00:00,2452676.0716432
2025-10-09 13:00:00+00:00,2452854.33511238
2025-10-09 14:00:00+00:00,2464281.99993379
2025-10-09 15:00:00+00:00,2464319.9167134003
2025-10-09 16:00:00+00:00,2464060.49554764
2025-10-09 17:00:00+00:00,2460451.85566829
2025-10-09 18:00:00+00:00,2460565.53150989
2025-10-09 19:00:00+00:00,2460436.12783086
2025-10-09 20:00:00+00:00,2460393.11159167
2025-10-09 21:00:00+00:00,2460147.06752309
2025-10-09 22:00:00+00:00,2460205.16032123
2025-10-09 23:00:00+00:00,2460319.83287943
2025-10-10 00:00:00+00:00,2460352.31825275
2025-10-10 01:00:00+00:00,2460383.91234307
2025-10-10 02:00:00+00:00,2460394.8462010003
2025-10-10 03:00:00+00:00,2460718.02471395
2025-10-10 04:00:00+00:00,2460841.5079991003
2025-10-10 05:00:00+00:00,2461089.60111509
2025-10-10 06:00:00+00:00,2461148.46685411
2025-10-10 07:00:00+00:00,2461258.1846252
2025-10-10 08:00:00+00:00,2461492.78150588
2025-10-10 09:00:00+00:00,2461728.7430842
2025-10-10 10:00:00+00:00,2450321.83520802
2025-10-10 11:00:00+00:00,2450353.42460591
2025-10-10 12:00:00+00:00,2450403.1380077302
2025-10-10 13:00:00+00:00,2450355.30369712
2025-10-10 14:00:00+00:00,2449289.36762296
2025-10-10 15:00:00+00:00,2449630.25492707
2025-10-10 16:00:00+00:00,2449378.23329373
2025-10-10 17:00:00+00:00,2449266.79919779
2025-10-10 18:00:00+00:00,2449588.20581192
2025-10-10 19:00:00+00:00,2449486.28144103
2025-10-10 20:00:00+00:00,2448359.8494789703
2025-10-10 21:00:00+00:00,2448372.38839904
2025-10-10 22:00:00+00:00,2447879.40018858
2025-10-10 23:00:00+00:00,2446952.24408644
2025-10-11 00:00:00+00:00,2447646.06067417
2025-10-11 01:00:00+00:00,2447671.53933687
2025-10-11 02:00:00+00:00,2448799.5126918103
2025-10-11 03:00:00+00:00,2450111.7801877703
2025-10-11 04:00:00+00:00,2448857.78307715
2025-10-11 05:00:00+00:00,2449782.84095697
2025-10-11 06:00:00+00:00,2450018.20238245
2025-10-11 07:00:00+00:00,2449288.64259831
2025-10-11 08:00:00+00:00,2451065.30602461
2025-10-11 09:00:00+00:00,2450243.79383153
2025-10-11 10:00:00+00:00,2450413.80536174
2025-10-11 11:00:00+00:00,2450271.16721196
2025-10-11 12:00:00+00:00,2450400.42158199
2025-10-11 13:00:00+00:00,2450607.1896385
2025-10-11 14:00:00+00:00,2460511.23432642
2025-10-11 15:00:00+00:00,2460573.72511783
2025-10-11 16:00:00+00:00,2460987.27144812
2025-10-11 17:00:00+00:00,2461011.16632622
2025-10-11 18:00:00+00:00,2461167.17904013
2025-10-11 19:00:00+00:00,2461237.19826815
2025-10-11 20:00:00+00:00,2461385.87842208
2025-10-11 21:00:00+00:00,2461184.02987854
2025-10-11 22:00:00+00:00,2461294.13974242
2025-10-11 23:00:00+00:00,2461275.1387305
2025-10-12 00:00:00+00:00,2462186.97941643
2025-10-12 01:00:00+00:00,2462180.82368902
2025-10-12 02:00:00+00:00,2462229.1255196203
2025-10-12 03:00:00+00:00,2462188.50601203
2025-10-12 04:00:00+00:00,2462238.7052661
2025-10-12 05:00:00+00:00,2462218.62746856
2025-10-12 06:00:00+00:00,2462220.00619891
2025-10-12 07:00:00+00:00,2462222.35521888
2025-10-12 08:00:00+00:00,2462255.00899988
2025-10-12 09:00:00+00:00,2462308.05498711
2025-10-12 10:00:00+00:00,2460836.715548
2025-10-12 11:00:00+00:00,2460780.3865087503
2025-10-12 12:00:00+00:00,2460829.10655138
2025-10-12 13:00:00+00:00,2460897.48770583
2025-10-12 14:00:00+00:00,2461958.84353041
2025-10-12 15:00:00+00:00,2460624.07464465
2025-10-12 16:00:00+00:00,2461410.54415981
2025-10-12 17:00:00+00:00,2461402.40215372
2025-10-12 18:00:00+00:00,2461330.41401728
2025-10-12 19:00:00+00:00,2461433.49677204
2025-10-12 20:00:00+00:00,2461431.58136996
2025-10-12 21:00:00+00:00,2462433.06081812
2025-10-12 22:00:00+00:00,2462005.36340693
2025-10-12 23:00:00+00:00,2452454.17657957
2025-10-13 00:00:00+00:00,2452488.26707434
2025-10-13 01:00:00+00:00,2452527.78072273
2025-10-13 02:00:00+00:00,2452656.71491756
2025-10-13 03:00:00+00:00,2452215.74750725
2025-10-13 04:00:00+00:00,2462747.89329619
2025-10-13 05:00:00+00:00,2463799.71057959
2025-10-13 06:00:00+00:00,2463657.0249378
2025-10-13 07:00:00+00:00,2463663.34063931
2025-10-13 08:00:00+00:00,2462736.94265716
2025-10-13 09:00:00+00:00,2463823.09607228
2025-10-13 10:00:00+00:00,2463298.95395792
2025-10-13 11:00:00+00:00,2465676.96255446
2025-10-13 12:00:00+00:00,2465386.8149684803
2025-10-13 13:00:00+00:00,2457520.67926666
2025-10-13 14:00:00+00:00,2457760.36800557
2025-10-13 15:00:00+00:00,2458022.99627162
2025-10-13 16:00:00+00:00,2459092.99632915
2025-10-13 17:00:00+00:00,2459176.81772388
2025-10-13 18:00:00+00:00,2459602.05367881
2025-10-13 19:00:00+00:00,2457820.36905564
2025-10-13 20:00:00+00:00,2457551.41298957
2025-10-13 21:00:00+00:00,2457631.89973988
2025-10-13 22:00:00+00:00,2457650.6096098
2025-10-13 23:00:00+00:00,2457654.54506374
2025-10-14 00:00:00+00:00,2457664.09130971
2025-10-14 01:00:00+00:00,2457692.99128886
2025-10-14 02:00:00+00:00,2457789.65149865
2025-10-14 03:00:00+00:00,2457845.44461119
2025-10-14 04:00:00+00:00,2458932.56082316
2025-10-14 05:00:00+00:00,2458933.07148929
2025-10-14 06:00:00+00:00,2461904.49210497
2025-10-14 07:00:00+00:00,2461949.14187821
2025-10-14 08:00:00+00:00,2461570.89930171
2025-10-14 09:00:00+00:00,2460526.77914131
2025-10-14 10:00:00+00:00,2460347.69525735
2025-10-14 11:00:00+00:00,2460611.93942607
2025-10-14 12:00:00+00:00,2459645.03988301
2025-10-14 13:00:00+00:00,2459754.92882505
2025-10-14 14:00:00+00:00,2458988.28284988
2025-10-14 15:00:00+00:00,2458318.13719982
2025-10-14 16:00:00+00:00,2457447.45756746
2025-10-14 17:00:00+00:00,2458311.43246919
2025-10-14 18:00:00+00:00,2459543.4156034403
2025-10-14 19:00:00+00:00,2459531.76591422
2025-10-14 20:00:00+00:00,2460687.22339401
2025-10-14 21:00:00+00:00,2460461.5989964
2025-10-14 22:00:00+00:00,2461123.24768352
2025-10-14 23:00:00+00:00,2462174.88973606
2025-10-15 00:00:00+00:00,2462224.29469314
2025-10-15 01:00:00+00:00,2462350.11366007
2025-10-15 02:00:00+00:00,2462263.28656035
2025-10-15 03:00:00+00:00,2462406.86455983
2025-10-15 04:00:00+00:00,2460782.94523434
2025-10-15 05:00:00+00:00,2460863.82923561
2025-10-15 06:00:00+00:00,2462468.6688764403
2025-10-15 07:00:00+00:00,2463666.34468444
2025-10-15 08:00:00+00:00,2464791.05886424
2025-10-15 09:00:00+00:00,2464756.91479014
2025-10-15 10:00:00+00:00,2466445.11419059
2025-10-15 11:00:00+00:00,2467475.8812378203
2025-10-15 12:00:00+00:00,2477562.99073112
2025-10-15 13:00:00+00:00,2465877.58101661
2025-10-15 14:00:00+00:00,2465808.6325159
2025-10-15 15:00:00+00:00,2466080.99527162
2025-10-15 16:00:00+00:00,2464937.57679622
2025-10-15 17:00:00+00:00,2465214.20206857
2025-10-15 18:00:00+00:00,2464740.52274568
2025-10-15 19:00:00+00:00,2463403.47873639
2025-10-15 20:00:00+00:00,2462466.63228308
2025-10-15 21:00:00+00:00,2464614.2663216703
2025-10-15 22:00:00+00:00,2464550.23981461
2025-10-15 23:00:00+00:00,2463317.36321727
2025-10-16 00:00:00+00:00,2462390.25052492
2025-10-16 01:00:00+00:00,2462270.66744512
2025-10-16 02:00:00+00:00,2462443.6362028
2025-10-16 03:00:00+00:00,2463563.83862703
2025-10-16 04:00:00+00:00,2462548.07696505
2025-10-16 05:00:00+00:00,2462571.41710051
2025-10-16 06:00:00+00:00,2462639.46302584
2025-10-16 07:00:00+00:00,2462766.30006012
2025-10-16 08:00:00+00:00,2464483.53662043
2025-10-16 09:00:00+00:00,2462365.57839328
2025-10-16 10:00:00+00:00,2461374.5021960502
2025-10-16 11:00:00+00:00,2460172.90392228
2025-10-16 12:00:00+00:00,2460304.97954139
2025-10-16 13:00:00+00:00,2460326.71034229
2025-10-16 14:00:00+00:00,2461609.2048375
2025-10-16 15:00:00+00:00,2461553.74674481
2025-10-16 16:00:00+00:00,2462160.59549235
2025-10-16 17:00:00+00:00,2462185.69759775
2025-10-16 18:00:00+00:00,2461093.12016601
2025-10-16 19:00:00+00:00,2461008.98942899
2025-10-16 20:00:00+00:00,2461958.83687862
2025-10-16 21:00:00+00:00,2461587.86075414
2025-10-16 22:00:00+00:00,2462543.8108011303
2025-10-16 23:00:00+00:00,2462708.03757538
2025-10-17 00:00:00+00:00,2462590.3517638003
2025-10-17 01:00:00+00:00,2462715.4160294603
2025-10-17 02:00:00+00:00,2461821.62284981
2025-10-17 03:00:00+00:00,2461583.34090721
2025-10-17 04:00:00+00:00,2461610.49750268
2025-10-17 05:00:00+00:00,2461696.27456768
2025-10-17 06:00:00+00:00,2461813.20460482
2025-10-17 07:00:00+00:00,2461920.34524536
2025-10-17 08:00:00+00:00,2461215.94465807
2025-10-17 09:00:00+00:00,2461401.20683672
2025-10-17 10:00:00+00:00,2460663.2863667603
2025-10-17 11:00:00+00:00,2460802.97504852
2025-10-17 12:00:00+00:00,2460877.17618534
2025-10-17 13:00:00+00:00,2462096.97262752
2025-10-17 14:00:00+00:00,2462738.04323379
2025-10-17 15:00:00+00:00,2461716.01754734
2025-10-17 16:00:00+00:00,2464510.54110826
2025-10-17 17:00:00+00:00,2463331.49743091
2025-10-17 18:00:00+00:00,2460986.68309067
2025-10-17 19:00:00+00:00,2456282.49166562
2025-10-17 20:00:00+00:00,2455591.38313092
2025-10-17 21:00:00+00:00,2455653.39636804
2025-10-17 22:00:00+00:00,2456210.49058973
2025-10-17 23:00:00+00:00,2456273.28545768
2025-10-18 00:00:00+00:00,2456334.20357275
2025-10-18 01:00:00+00:00,2456349.81184259
2025-10-18 02:00:00+00:00,2456393.57202277
2025-10-18 03:00:00+00:00,2456394.98610379
2025-10-18 04:00:00+00:00,2456266.32673607
2025-10-18 05:00:00+00:00,2456342.91070976
2025-10-18 06:00:00+00:00,2456394.3191535003
2025-10-18 07:00:00+00:00,2456414.80922694
2025-10-18 08:00:00+00:00,2456422.83631674
2025-10-18 09:00:00+00:00,2455316.37046308
2025-10-18 10:00:00+00:00,2455314.72051562
2025-10-18 11:00:00+00:00,2455326.00241327
2025-10-18 12:00:00+00:00,2455682.15337664
2025-10-18 13:00:00+00:00,2455718.58179809
2025-10-18 14:00:00+00:00,2445769.74897945
2025-10-18 15:00:00+00:00,2445680.31743825
2025-10-18 16:00:00+00:00,2446008.0110509
2025-10-18 17:00:00+00:00,2446061.51511457
2025-10-18 18:00:00+00:00,2446105.3757267
2025-10-18 19:00:00+00:00,2446110.43574066
2025-10-18 20:00:00+00:00,2446110.65431136
2025-10-18 21:00:00+00:00,2446097.0569163
2025-10-18 22:00:00+00:00,2446064.93588957
2025-10-18 23:00:00+00:00,2445977.10240371
2025-10-19 00:00:00+00:00,2445976.39626765
2025-10-19 01:00:00+00:00,2445973.00936792
2025-10-19 02:00:00+00:00,2445978.97587221
2025-10-19 03:00:00+00:00,2446003.69677629
2025-10-19 04:00:00+00:00,2446007.01030081
2025-10-19 05:00:00+00:00,2445963.71560773
2025-10-19 06:00:00+00:00,2445970.78133854
2025-10-19 07:00:00+00:00,2449044.51540398
2025-10-19 08:00:00+00:00,2448963.24852775
2025-10-19 09:00:00+00:00,2449014.58519924
2025-10-19 10:00:00+00:00,2458931.36487076
2025-10-19 11:00:00+00:00,2458994.4931206
2025-10-19 12:00:00+00:00,2459005.64755661
2025-10-19 13:00:00+00:00,2458972.30229117
2025-10-19 14:00:00+00:00,2459388.48649771
2025-10-19 15:00:00+00:00,2459245.0374191
2025-10-19 16:00:00+00:00,2459036.82608921
2025-10-19 17:00:00+00:00,2459053.7035776703
2025-10-19 18:00:00+00:00,2459060.68053013
2025-10-19 19:00:00+00:00,2459059.2881669
2025-10-19 20:00:00+00:00,2459058.78046667
2025-10-19 21:00:00+00:00,2459058.59565973
2025-10-19 22:00:00+00:00,2459059.15271919
2025-10-19 23:00:00+00:00,2459063.05168967
2025-10-20 00:00:00+00:00,2459014.60496559
2025-10-20 01:00:00+00:00,2459142.8701807503
2025-10-20 02:00:00+00:00,2459209.93897375
2025-10-20 03:00:00+00:00,2459324.61708509
2025-10-20 04:00:00+00:00,2459262.64491373
2025-10-20 05:00:00+00:00,2459264.91088685
2025-10-20 06:00:00+00:00,2459297.84380762
2025-10-20 07:00:00+00:00,2459340.25992098
2025-10-20 08:00:00+00:00,2458540.78903718
2025-10-20 09:00:00+00:00,2458397.14277918
2025-10-20 10:00:00+00:00,2458278.81101619
2025-10-20 11:00:00+00:00,2458628.5709402
2025-10-20 12:00:00+00:00,2458592.0375997
2025-10-20 13:00:00+00:00,2458511.24946821
2025-10-20 14:00:00+00:00,2457880.50588351
2025-10-20 15:00:00+00:00,2456930.57677354
2025-10-20 16:00:00+00:00,2457287.6567344503
2025-10-20 17:00:00+00:00,2457261.9134348403
2025-10-20 18:00:00+00:00,2457659.75887808
2025-10-20 19:00:00+00:00,2458129.25438555
2025-10-20 20:00:00+00:00,2457900.92788287
2025-10-20 21:00:00+00:00,2459419.53735915
2025-10-20 22:00:00+00:00,2459635.32798452
2025-10-20 23:00:00+00:00,2459650.10976286
2025-10-21 00:00:00+00:00,2459708.28512059
2025-10-21 01:00:00+00:00,2459637.4566134
2025-10-21 02:00:00+00:00,2459634.3777889903
2025-10-21 03:00:00+00:00,2458480.56693483
2025-10-21 04:00:00+00:00,2457537.02680315
2025-10-21 05:00:00+00:00,2457584.0235586
2025-10-21 06:00:00+00:00,2457711.78855927
2025-10-21 07:00:00+00:00,2458058.31808261
2025-10-21 08:00:00+00:00,2457487.37407306
2025-10-21 09:00:00+00:00,2458355.28076612
2025-10-21 10:00:00+00:00,2458337.6839623502
2025-10-21 11:00:00+00:00,2458344.08217989
2025-10-21 12:00:00+00:00,2459290.17305805
2025-10-21 13:00:00+00:00,2459379.18201895
2025-10-21 14:00:00+00:00,2459274.08093402
2025-10-21 15:00:00+00:00,2458869.55961942
2025-10-21 16:00:00+00:00,2457470.22924316
2025-10-21 17:00:00+00:00,2457370.7876049
2025-10-21 18:00:00+00:00,2457547.61523711
2025-10-21 19:00:00+00:00,2459149.3129371502
2025-10-21 20:00:00+00:00,2457823.06680739
2025-10-21 21:00:00+00:00,2458372.7387440302
2025-10-21 22:00:00+00:00,2458467.60155187
2025-10-21 23:00:00+00:00,2458445.22395236
2025-10-22 00:00:00+00:00,2458500.24328725
2025-10-22 01:00:00+00:00,2459224.01226414
2025-10-22 02:00:00+00:00,2458980.66908467
2025-10-22 03:00:00+00:00,2458004.28453616
2025-10-22 04:00:00+00:00,2458005.18882443
2025-10-22 05:00:00+00:00,2457970.72461213
2025-10-22 06:00:00+00:00,2458205.22715073
2025-10-22 07:00:00+00:00,2458848.95781882
2025-10-22 08:00:00+00:00,2459001.34375895
2025-10-22 09:00:00+00:00,2458594.01602928
2025-10-22 10:00:00+00:00,2458738.44797331
2025-10-22 11:00:00+00:00,2458739.13309463
2025-10-22 12:00:00+00:00,2458845.12352294
2025-10-22 13:00:00+00:00,2460666.51744958
2025-10-22 14:00:00+00:00,2459360.38429732
2025-10-22 15:00:00+00:00,2461002.16690451
2025-10-22 16:00:00+00:00,2460387.97110607
2025-10-22 17:00:00+00:00,2460242.39230343
2025-10-22 18:00:00+00:00,2460337.24832966
2025-10-22 19:00:00+00:00,2459631.44027744
2025-10-22 20:00:00+00:00,2457336.26596814
2025-10-22 21:00:00+00:00,2457330.63110426
2025-10-22 22:00:00+00:00,2457341.3082445
2025-10-22 23:00:00+00:00,2457301.06815432
2025-10-23 00:00:00+00:00,2457212.65805611
2025-10-23 01:00:00+00:00,2457197.89633534
2025-10-23 02:00:00+00:00,2456010.7452970003
2025-10-23 03:00:00+00:00,2455123.74301738
2025-10-23 04:00:00+00:00,2455046.63345409
2025-10-23 05:00:00+00:00,2455138.30345972
2025-10-23 06:00:00+00:00,2455110.02611628
2025-10-23 07:00:00+00:00,2455153.85816366
2025-10-23 08:00:00+00:00,2455255.90332501
2025-10-23 09:00:00+00:00,2456702.8759076903
2025-10-23 10:00:00+00:00,2455091.61005985
2025-10-23 11:00:00+00:00,2454994.17558964
2025-10-23 12:00:00+00:00,2454917.8407198503
2025-10-23 13:00:00+00:00,2456010.9648423702
2025-10-23 14:00:00+00:00,2457131.82233586
2025-10-23 15:00:00+00:00,2456296.25819152
2025-10-23 16:00:00+00:00,2456309.11377651
2025-10-23 17:00:00+00:00,2456543.15606747
2025-10-23 18:00:00+00:00,2456223.30940162
2025-10-23 19:00:00+00:00,2456189.17534882
2025-10-23 20:00:00+00:00,2456045.58785286
2025-10-23 21:00:00+00:00,2456140.6217282303
2025-10-23 22:00:00+00:00,2454712.57580742
2025-10-23 23:00:00+00:00,2454684.54651828
2025-10-24 00:00:00+00:00,2454644.11000008
2025-10-24 01:00:00+00:00,2454597.97117009
2025-10-24 02:00:00+00:00,2454574.64297621
2025-10-24 03:00:00+00:00,2453642.57910117
2025-10-24 04:00:00+00:00,2453763.07767728
2025-10-24 05:00:00+00:00,2453961.75535561
2025-10-24 06:00:00+00:00,2453998.71194117
2025-10-24 07:00:00+00:00,2455145.54849456
2025-10-24 08:00:00+00:00,2455747.9285672
2025-10-24 09:00:00+00:00,2454450.56363325
2025-10-24 10:00:00+00:00,2454449.22952484
2025-10-24 11:00:00+00:00,2454205.6195323803
2025-10-24 12:00:00+00:00,2454014.20401265
2025-10-24 13:00:00+00:00,2454127.13115343
2025-10-24 14:00:00+00:00,2454047.60522956
2025-10-24 15:00:00+00:00,2454820.97829963
2025-10-24 16:00:00+00:00,2453543.74547061
2025-10-24 17:00:00+00:00,2453497.1968296003
2025-10-24 18:00:00+00:00,2453507.54850381
2025-10-24 19:00:00+00:00,2452601.90867231
2025-10-24 20:00:00+00:00,2453259.6040238
2025-10-24 21:00:00+00:00,2453173.02108362
2025-10-24 22:00:00+00:00,2452812.63562141
2025-10-24 23:00:00+00:00,2452815.90108203
2025-10-25 00:00:00+00:00,2452823.70374768
2025-10-25 01:00:00+00:00,2452699.91932113
2025-10-25 02:00:00+00:00,2452674.63741181
2025-10-25 03:00:00+00:00,2452676.64222204
2025-10-25 04:00:00+00:00,2452657.56269739
2025-10-25 05:00:00+00:00,2452689.0022234903
2025-10-25 06:00:00+00:00,2452590.72981059
2025-10-25 07:00:00+00:00,2452641.92126399
2025-10-25 08:00:00+00:00,2452606.9874558
2025-10-25 09:00:00+00:00,2452799.07737124
2025-10-25 10:00:00+00:00,2452809.40986406
2025-10-25 11:00:00+00:00,2451703.3764779703
2025-10-25 12:00:00+00:00,2451685.59174855
2025-10-25 13:00:00+00:00,2451654.1240077103
2025-10-25 14:00:00+00:00,2450512.99312528
2025-10-25 15:00:00+00:00,2449474.4472609702
2025-10-25 16:00:00+00:00,2449462.60730286
2025-10-25 17:00:00+00:00,2449470.1512196
2025-10-25 18:00:00+00:00,2449471.43462332
2025-10-25 19:00:00+00:00,2449439.94693661
2025-10-25 20:00:00+00:00,2449541.3110983
2025-10-25 21:00:00+00:00,2449533.91489532
2025-10-25 22:00:00+00:00,2449530.72947003
2025-10-25 23:00:00+00:00,2449507.94334524
2025-10-26 00:00:00+00:00,2449522.4882270303
2025-10-26 01:00:00+00:00,2449537.0488768
2025-10-26 02:00:00+00:00,2448289.60296254
2025-10-26 03:00:00+00:00,2448453.79059318
2025-10-26 04:00:00+00:00,2448465.83907963
2025-10-26 05:00:00+00:00,2448477.31973378
2025-10-26 06:00:00+00:00,2448476.42783437
2025-10-26 07:00:00+00:00,2448535.67246004
2025-10-26 08:00:00+00:00,2448524.28260569
2025-10-26 09:00:00+00:00,2448527.89970382
2025-10-26 10:00:00+00:00,2448563.16292382
2025-10-26 11:00:00+00:00,2449007.8453865
2025-10-26 12:00:00+00:00,2448370.50336529
2025-10-26 13:00:00+00:00,2448391.56948662
2025-10-26 14:00:00+00:00,2448863.68273113
2025-10-26 15:00:00+00:00,2448830.32943251
2025-10-26 16:00:00+00:00,2448570.68661861
2025-10-26 17:00:00+00:00,2448700.82460179
2025-10-26 18:00:00+00:00,2448731.7918057903
2025-10-26 19:00:00+00:00,2448811.93453797
2025-10-26 20:00:00+00:00,2448782.19601521
2025-10-26 21:00:00+00:00,2448739.08827992
2025-10-26 22:00:00+00:00,2448622.58284422
2025-10-26 23:00:00+00:00,2448592.7284297203
2025-10-27 00:00:00+00:00,2448591.21814569
2025-10-27 01:00:00+00:00,2448563.65704848
2025-10-27 02:00:00+00:00,2449705.7894829903
2025-10-27 03:00:00+00:00,2449773.28468657
2025-10-27 04:00:00+00:00,2449640.12525033
2025-10-27 05:00:00+00:00,2449683.57506171
2025-10-27 06:00:00+00:00,2450007.37294034
2025-10-27 07:00:00+00:00,2449994.53268244
2025-10-27 08:00:00+00:00,2449963.16998494
2025-10-27 09:00:00+00:00,2451161.3402448
2025-10-27 10:00:00+00:00,2451386.82616362
2025-10-27 11:00:00+00:00,2450561.82980497
2025-10-27 12:00:00+00:00,2450489.68670983
2025-10-27 13:00:00+00:00,2450464.19314569
2025-10-27 14:00:00+00:00,2450678.8649783502
2025-10-27 15:00:00+00:00,2450429.21601997
2025-10-27 16:00:00+00:00,2450738.57596065
2025-10-27 17:00:00+00:00,2450785.06766758
2025-10-27 18:00:00+00:00,2448728.4075117703
2025-10-27 19:00:00+00:00,2449116.24611799
2025-10-27 20:00:00+00:00,2448948.03151839
2025-10-27 21:00:00+00:00,2448874.59668628
2025-10-27 22:00:00+00:00,2448541.39460601
2025-10-27 23:00:00+00:00,2448530.73580694
2025-10-28 00:00:00+00:00,2448756.82444569
2025-10-28 01:00:00+00:00,2448794.5618595
2025-10-28 02:00:00+00:00,2448680.85872642
2025-10-28 03:00:00+00:00,2448805.4611606603
2025-10-28 04:00:00+00:00,2448974.68433887
2025-10-28 05:00:00+00:00,2451263.79186725
2025-10-28 06:00:00+00:00,2451355.86157658
2025-10-28 07:00:00+00:00,2453204.62164222
2025-10-28 08:00:00+00:00,2453247.23488677
2025-10-28 09:00:00+00:00,2453137.64414614
2025-10-28 10:00:00+00:00,2450999.56475194
2025-10-28 11:00:00+00:00,2450975.66614654
2025-10-28 12:00:00+00:00,2451098.12694664
2025-10-28 13:00:00+00:00,2451145.88443621
2025-10-28 14:00:00+00:00,2451132.24169693
2025-10-28 15:00:00+00:00,2449412.87996749
2025-10-28 16:00:00+00:00,2448478.89542932
2025-10-28 17:00:00+00:00,2448430.44767641
2025-10-28 18:00:00+00:00,2448566.1051767003
2025-10-28 19:00:00+00:00,2448623.8891620003
2025-10-28 20:00:00+00:00,2448637.63565031
2025-10-28 21:00:00+00:00,2449644.92124056
2025-10-28 22:00:00+00:00,2450824.2390224
2025-10-28 23:00:00+00:00,2449671.15759442
2025-10-29 00:00:00+00:00,2448664.64957299
2025-10-29 01:00:00+00:00,2448484.6027650503
2025-10-29 02:00:00+00:00,2448482.60509347
2025-10-29 03:00:00+00:00,2448492.96224802
2025-10-29 04:00:00+00:00,2450808.6784033
2025-10-29 05:00:00+00:00,2450663.09662604
2025-10-29 06:00:00+00:00,2450761.53474391
2025-10-29 07:00:00+00:00,2451280.39020763
2025-10-29 08:00:00+00:00,2451078.29186888
2025-10-29 09:00:00+00:00,2451746.77932266
2025-10-29 10:00:00+00:00,2452040.21347028
2025-10-29 11:00:00+00:00,2454235.96287756
2025-10-29 12:00:00+00:00,2454017.63940733
2025-10-29 13:00:00+00:00,2454106.841344
2025-10-29 14:00:00+00:00,2454138.32880838
2025-10-29 15:00:00+00:00,2454720.87698573
2025-10-29 16:00:00+00:00,2453691.02187935
2025-10-29 17:00:00+00:00,2453743.2488848
2025-10-29 18:00:00+00:00,2454061.62475233
2025-10-29 19:00:00+00:00,2456359.30057383
2025-10-29 20:00:00+00:00,2456267.35712864
2025-10-29 21:00:00+00:00,2455278.39400899
2025-10-29 22:00:00+00:00,2455775.97741256
2025-10-29 23:00:00+00:00,2454827.76278666
2025-10-30 00:00:00+00:00,2454346.60510975
2025-10-30 01:00:00+00:00,2454359.23577725
2025-10-30 02:00:00+00:00,2454207.94100514
2025-10-30 03:00:00+00:00,2453153.28876298
2025-10-30 04:00:00+00:00,2453202.59284609
2025-10-30 05:00:00+00:00,2453307.46341541
2025-10-30 06:00:00+00:00,2453381.05166738
2025-10-30 07:00:00+00:00,2453543.67410896
2025-10-30 08:00:00+00:00,2453530.01992572
2025-10-30 09:00:00+00:00,2453658.32508332
2025-10-30 10:00:00+00:00,2453600.76743744
2025-10-30 11:00:00+00:00,2453649.31689133
2025-10-30 12:00:00+00:00,2452402.32723825
2025-10-30 13:00:00+00:00,2452376.07052028
2025-10-30 14:00:00+00:00,2452396.08824277
2025-10-30 15:00:00+00:00,2452697.7517094
2025-10-30 16:00:00+00:00,2452826.33506374
2025-10-30 17:00:00+00:00,2452962.88233329
2025-10-30 18:00:00+00:00,2452526.50734384
2025-10-30 19:00:00+00:00,2452636.4986453
2025-10-30 20:00:00+00:00,2452409.59976039
2025-10-30 21:00:00+00:00,2452107.52863194
2025-10-30 22:00:00+00:00,2452153.24982204
2025-10-30 23:00:00+00:00,2452823.11762532
2025-10-31 00:00:00+00:00,2452851.25599131
2025-10-31 01:00:00+00:00,2452864.4421939403
2025-10-31 02:00:00+00:00,2452738.51397898
2025-10-31 03:00:00+00:00,2452811.16090287
2025-10-31 04:00:00+00:00,2452653.95378924
2025-10-31 05:00:00+00:00,2452649.62006032
2025-10-31 06:00:00+00:00,2452785.46537891
2025-10-31 07:00:00+00:00,2452660.01549593
2025-10-31 08:00:00+00:00,2452670.07168588
2025-10-31 09:00:00+00:00,2451391.11915044
2025-10-31 10:00:00+00:00,2441511.17467209
2025-10-31 11:00:00+00:00,2442418.2455041
2025-10-31 12:00:00+00:00,2442764.30618894
2025-10-31 13:00:00+00:00,2444566.46126998
2025-10-31 14:00:00+00:00,2444548.44634036
2025-10-31 15:00:00+00:00,2448151.73410152
2025-10-31 16:00:00+00:00,2445417.41635832
2025-10-31 17:00:00+00:00,2444711.51665131
2025-10-31 18:00:00+00:00,2445845.9214292
2025-10-31 19:00:00+00:00,2445735.66225415
2025-10-31 20:00:00+00:00,2445828.90214005
2025-10-31 21:00:00+00:00,2447297.0306263003
2025-10-31 22:00:00+00:00,2446070.28346445
2025-10-31 23:00:00+00:00,2446083.90137962
2025-11-01 00:00:00+00:00,2446088.62180634
2025-11-01 01:00:00+00:00,2446113.02226688
2025-11-01 02:00:00+00:00,2446133.80764769
2025-11-01 03:00:00+00:00,2455835.74716215
2025-11-01 04:00:00+00:00,2455826.31700055
2025-11-01 05:00:00+00:00,2455827.42213001
2025-11-01 06:00:00+00:00,2455832.30296891
2025-11-01 07:00:00+00:00,2455727.20534309
2025-11-01 08:00:00+00:00,2455901.38288013
2025-11-01 09:00:00+00:00,2456990.29524421
2025-11-01 10:00:00+00:00,2459205.84256833
2025-11-01 11:00:00+00:00,2458101.1056948
2025-11-01 12:00:00+00:00,2458085.87848726
2025-11-01 13:00:00+00:00,2458023.33340165
2025-11-01 14:00:00+00:00,2458016.3852625103
2025-11-01 15:00:00+00:00,2458037.55119711
2025-11-01 16:00:00+00:00,2458051.89923715
2025-11-01 17:00:00+00:00,2458008.41603014
2025-11-01 18:00:00+00:00,2458086.11093028
2025-11-01 19:00:00+00:00,2458078.75995014
2025-11-01 20:00:00+00:00,2458105.74305414
2025-11-01 21:00:00+00:00,2458064.8063199
2025-11-01 22:00:00+00:00,2458091.4297725703
2025-11-01 23:00:00+00:00,2458053.5586927403
2025-11-02 00:00:00+00:00,2458035.23472739
2025-11-02 01:00:00+00:00,2457121.7869573003
2025-11-02 02:00:00+00:00,2457102.46948282
2025-11-02 03:00:00+00:00,2457147.03400417
2025-11-02 04:00:00+00:00,2457184.94517449
2025-11-02 05:00:00+00:00,2457200.52164313
2025-11-02 06:00:00+00:00,2457206.66124103
2025-11-02 07:00:00+00:00,2458198.43655167
2025-11-02 08:00:00+00:00,2458263.6432490502
2025-11-02 09:00:00+00:00,2457280.34183463
2025-11-02 10:00:00+00:00,2457292.39682677
2025-11-02 11:00:00+00:00,2457096.65335063
2025-11-02 12:00:00+00:00,2457113.72568335
2025-11-02 13:00:00+00:00,2457304.39646599
2025-11-02 14:00:00+00:00,2457327.11235903
2025-11-02 15:00:00+00:00,2457517.66820531
2025-11-02 16:00:00+00:00,2457454.57685869
2025-11-02 17:00:00+00:00,2457465.11902728
2025-11-02 18:00:00+00:00,2457730.73007731
2025-11-02 19:00:00+00:00,2459163.38704025
2025-11-02 20:00:00+00:00,2459036.57340863
2025-11-02 21:00:00+00:00,2458475.84590147
2025-11-02 22:00:00+00:00,2457403.08749357
2025-11-02 23:00:00+00:00,2457392.56293383
2025-11-03 00:00:00+00:00,2457214.13436633
2025-11-03 01:00:00+00:00,2456850.2694206
2025-11-03 02:00:00+00:00,2456798.5832832702
2025-11-03 03:00:00+00:00,2455561.35432345
2025-11-03 04:00:00+00:00,2455513.095244
2025-11-03 05:00:00+00:00,2457269.20237864
2025-11-03 06:00:00+00:00,2457330.27466424
2025-11-03 07:00:00+00:00,2457346.1761026
2025-11-03 08:00:00+00:00,2455581.67898845
2025-11-03 09:00:00+00:00,2455597.62084596
2025-11-03 10:00:00+00:00,2455642.29068156
2025-11-03 11:00:00+00:00,2455651.2942017
2025-11-03 12:00:00+00:00,2457140.06236051
2025-11-03 13:00:00+00:00,2457385.00898061
2025-11-03 14:00:00+00:00,2457416.14980394
2025-11-03 15:00:00+00:00,2457513.11187626
2025-11-03 16:00:00+00:00,2457678.27519385
2025-11-03 17:00:00+00:00,2457779.65797497
2025-11-03 18:00:00+00:00,2463637.6518177
2025-11-03 19:00:00+00:00,2463561.09290874
2025-11-03 20:00:00+00:00,2463398.28360825
2025-11-03 21:00:00+00:00,2463358.66250318
2025-11-03 22:00:00+00:00,2463365.73060313
2025-11-03 23:00:00+00:00,2463506.68738857
2025-11-04 00:00:00+00:00,2463485.15630187
2025-11-04 01:00:00+00:00,2463380.71483075
2025-11-04 02:00:00+00:00,2463380.71483075
2025-11-04 03:00:00+00:00,2464577.15636664
2025-11-04 04:00:00+00:00,2463575.78358641
2025-11-04 05:00:00+00:00,2463365.43012763
2025-11-04 06:00:00+00:00,2463721.72492876
2025-11-04 07:00:00+00:00,2463839.07773218
2025-11-04 08:00:00+00:00,2463397.02089935
2025-11-04 09:00:00+00:00,2463920.9604246
2025-11-04 10:00:00+00:00,2463771.81561404
2025-11-04 11:00:00+00:00,2464294.66004741
2025-11-04 12:00:00+00:00,2462994.5675331103
2025-11-04 13:00:00+00:00,2461685.84480567
2025-11-04 14:00:00+00:00,2461576.8833394703
2025-11-04 15:00:00+00:00,2461591.83026475
2025-11-04 16:00:00+00:00,2462183.7173781903
2025-11-04 17:00:00+00:00,2462119.99559898
2025-11-04 18:00:00+00:00,2461867.21486403
2025-11-04 19:00:00+00:00,2461914.22584311
2025-11-04 20:00:00+00:00,2464652.35110505
2025-11-04 21:00:00+00:00,2466081.1397399902
2025-11-04 22:00:00+00:00,2466874.26562159
2025-11-04 23:00:00+00:00,2466320.86558461
2025-11-05 00:00:00+00:00,2466217.77698438
2025-11-05 01:00:00+00:00,2466347.75002899
2025-11-05 02:00:00+00:00,2466498.43598484
2025-11-05 03:00:00+00:00,2466402.3064531703
2025-11-05 04:00:00+00:00,2466501.70277126
2025-11-05 05:00:00+00:00,2467469.61499604
2025-11-05 06:00:00+00:00,2466495.99568946
2025-11-05 07:00:00+00:00,2466498.20981225
2025-11-05 08:00:00+00:00,2466772.9955689902
2025-11-05 09:00:00+00:00,2467732.18861349
2025-11-05 10:00:00+00:00,2467671.3944977103
2025-11-05 11:00:00+00:00,2467849.20367606
2025-11-05 12:00:00+00:00,2466608.50572856
2025-11-05 13:00:00+00:00,2465483.70686696
2025-11-05 14:00:00+00:00,2467882.61055018
2025-11-05 15:00:00+00:00,2467936.65350012
2025-11-05 16:00:00+00:00,2468248.78040723
2025-11-05 17:00:00+00:00,2468101.83855969
2025-11-05 18:00:00+00:00,2468054.31698448
2025-11-05 19:00:00+00:00,2468413.04522631
2025-11-05 20:00:00+00:00,2468371.24013123
2025-11-05 21:00:00+00:00,2469475.1445825403
2025-11-05 22:00:00+00:00,2468682.11677635
2025-11-05 23:00:00+00:00,2468824.6434624502
2025-11-06 00:00:00+00:00,2469123.55405988
2025-11-06 01:00:00+00:00,2470023.21273321
2025-11-06 02:00:00+00:00,2469998.9877557303
2025-11-06 03:00:00+00:00,2469673.97192063
2025-11-06 04:00:00+00:00,2469703.1438634302
2025-11-06 05:00:00+00:00,2468124.53249405
2025-11-06 06:00:00+00:00,2468374.85011574
2025-11-06 07:00:00+00:00,2468437.4465754703
2025-11-06 08:00:00+00:00,2467393.33793989
2025-11-06 09:00:00+00:00,2467009.08510622
2025-11-06 10:00:00+00:00,2466855.91797528
2025-11-06 11:00:00+00:00,2466625.14977521
2025-11-06 12:00:00+00:00,2466930.51203562
2025-11-06 13:00:00+00:00,2466502.89301827
2025-11-06 14:00:00+00:00,2466679.99163278
2025-11-06 15:00:00+00:00,2465508.66794399
2025-11-06 16:00:00+00:00,2467026.1293239403
2025-11-06 17:00:00+00:00,2467032.83623621
2025-11-06 18:00:00+00:00,2468312.44385554
2025-11-06 19:00:00+00:00,2468307.97488595
2025-11-06 20:00:00+00:00,2469637.39045817
2025-11-06 21:00:00+00:00,2468528.16007212
2025-11-06 22:00:00+00:00,2468567.94769702
2025-11-06 23:00:00+00:00,2468570.68829262
2025-11-07 00:00:00+00:00,2468387.90998313
2025-11-07 01:00:00+00:00,2468689.38308079
2025-11-07 02:00:00+00:00,2468674.40714261
2025-11-07 03:00:00+00:00,2468929.28026183
2025-11-07 04:00:00+00:00,2468979.49600378
2025-11-07 05:00:00+00:00,2468976.87041785
2025-11-07 06:00:00+00:00,2470426.87718193
2025-11-07 07:00:00+00:00,2469426.13869871
2025-11-07 08:00:00+00:00,2471103.62845763
2025-11-07 09:00:00+00:00,2472406.1636292
2025-11-07 10:00:00+00:00,2473034.52136581
2025-11-07 11:00:00+00:00,2473091.82540152
2025-11-07 12:00:00+00:00,2474085.0997048
2025-11-07 13:00:00+00:00,2473209.46897979
2025-11-07 14:00:00+00:00,2474081.66374766
2025-11-07 15:00:00+00:00,2474513.16913744
2025-11-07 16:00:00+00:00,2479176.70241361
2025-11-07 17:00:00+00:00,2478956.35756489
2025-11-07 18:00:00+00:00,2479109.89670827
2025-11-07 19:00:00+00:00,2480883.74825501
2025-11-07 20:00:00+00:00,2480555.28872251
2025-11-07 21:00:00+00:00,2479470.8037496503
2025-11-07 22:00:00+00:00,2479655.29327216
2025-11-07 23:00:00+00:00,2479672.33517028
2025-11-08 00:00:00+00:00,2479684.87258964
2025-11-08 01:00:00+00:00,2479677.2549541
2025-11-08 02:00:00+00:00,2479717.20091666
2025-11-08 03:00:00+00:00,2479703.45028271
2025-11-08 04:00:00+00:00,2479782.9212229
2025-11-08 05:00:00+00:00,2479908.51778434
2025-11-08 06:00:00+00:00,2479914.93929961
2025-11-08 07:00:00+00:00,2479927.40558093
2025-11-08 08:00:00+00:00,2481130.34694573
2025-11-08 09:00:00+00:00,2479964.00801268
2025-11-08 10:00:00+00:00,2479983.68811103
2025-11-08 11:00:00+00:00,2480025.61826157
2025-11-08 12:00:00+00:00,2480115.62142154
2025-11-08 13:00:00+00:00,2481571.7476380803
2025-11-08 14:00:00+00:00,2479727.82648903
2025-11-08 15:00:00+00:00,2480585.17350681
2025-11-08 16:00:00+00:00,2480907.66241408
2025-11-08 17:00:00+00:00,2479449.95487488
2025-11-08 18:00:00+00:00,2478935.62516906
2025-11-08 19:00:00+00:00,2478869.53072434
2025-11-08 20:00:00+00:00,2478967.89434714
2025-11-08 21:00:00+00:00,2479189.25518938
2025-11-08 22:00:00+00:00,2479179.26440734
2025-11-08 23:00:00+00:00,2479190.70294961
2025-11-09 00:00:00+00:00,2479204.23880042
2025-11-09 01:00:00+00:00,2479227.854532
2025-11-09 02:00:00+00:00,2479231.89035689
2025-11-09 03:00:00+00:00,2479314.0521676
2025-11-09 04:00:00+00:00,2479318.13078368
2025-11-09 05:00:00+00:00,2480514.30117275
2025-11-09 06:00:00+00:00,2479334.38269989
2025-11-09 07:00:00+00:00,2479370.44258911
2025-11-09 08:00:00+00:00,2479350.70591004
2025-11-09 09:00:00+00:00,2479395.60620421
2025-11-09 10:00:00+00:00,2479380.83913714
2025-11-09 11:00:00+00:00,2479347.46207186
2025-11-09 12:00:00+00:00,2479371.95149426
2025-11-09 13:00:00+00:00,2479419.26868712
2025-11-09 14:00:00+00:00,2479415.50623414
2025-11-09 15:00:00+00:00,2479397.43130966
2025-11-09 16:00:00+00:00,2479118.06124306
2025-11-09 17:00:00+00:00,2479130.74262154
2025-11-09 18:00:00+00:00,2479165.71305047
2025-11-09 19:00:00+00:00,2479119.9320043
2025-11-09 20:00:00+00:00,2479112.30248691
2025-11-09 21:00:00+00:00,2479111.17966949
2025-11-09 22:00:00+00:00,2479132.34349482
2025-11-09 23:00:00+00:00,2479132.49197835
2025-11-10 00:00:00+00:00,2479116.7192618903
2025-11-10 01:00:00+00:00,2478421.00097357
2025-11-10 02:00:00+00:00,2478385.7835422503
2025-11-10 03:00:00+00:00,2478230.1193172
2025-11-10 04:00:00+00:00,2478306.37878936
2025-11-10 05:00:00+00:00,2478331.40037969
2025-11-10 06:00:00+00:00,2478219.28542171
2025-11-10 07:00:00+00:00,2478717.009974
2025-11-10 08:00:00+00:00,2478756.5735100303
2025-11-10 09:00:00+00:00,2478656.86080882
2025-11-10 10:00:00+00:00,2478172.75440112
2025-11-10 11:00:00+00:00,2478285.48027717
2025-11-10 12:00:00+00:00,2479357.0884449403
2025-11-10 13:00:00+00:00,2479278.01149174
2025-11-10 14:00:00+00:00,2480179.15010458
2025-11-10 15:00:00+00:00,2492625.41623486
2025-11-10 16:00:00+00:00,2492827.46994218
2025-11-10 17:00:00+00:00,2493742.81284036
2025-11-10 18:00:00+00:00,2493865.96504058
2025-11-10 19:00:00+00:00,2493571.61245156
2025-11-10 20:00:00+00:00,2493819.83297704
2025-11-10 21:00:00+00:00,2494193.94369976
2025-11-10 22:00:00+00:00,2494054.83756493
2025-11-10 23:00:00+00:00,2495128.14621825
2025-11-11 00:00:00+00:00,2494819.38921986
2025-11-11 01:00:00+00:00,2494831.08078133
2025-11-11 02:00:00+00:00,2494857.0243089
2025-11-11 03:00:00+00:00,2494872.14848148
2025-11-11 04:00:00+00:00,2494836.92908827
2025-11-11 05:00:00+00:00,2494886.88027329
2025-11-11 06:00:00+00:00,2496233.52668394
2025-11-11 07:00:00+00:00,2496483.90262662
2025-11-11 08:00:00+00:00,2499977.0203612503
2025-11-11 09:00:00+00:00,2488544.76331907
2025-11-11 10:00:00+00:00,2488400.4648231203
2025-11-11 11:00:00+00:00,2488447.56397434
2025-11-11 12:00:00+00:00,2488189.07010464
2025-11-11 13:00:00+00:00,2487548.56524937
2025-11-11 14:00:00+00:00,2486566.49062152
2025-11-11 15:00:00+00:00,2485673.10797939
2025-11-11 16:00:00+00:00,2485712.29327609
2025-11-11 17:00:00+00:00,2485599.58778403
2025-11-11 18:00:00+00:00,2485569.3061940502
2025-11-11 19:00:00+00:00,2485716.65909153
2025-11-11 20:00:00+00:00,2487125.2908432
2025-11-11 21:00:00+00:00,2487038.55754689
2025-11-11 22:00:00+00:00,2486816.90001571
2025-11-11 23:00:00+00:00,2487055.17810057
2025-11-12 00:00:00+00:00,2487102.72157457
2025-11-12 01:00:00+00:00,2485879.9426914603
2025-11-12 02:00:00+00:00,2485887.9222374503
2025-11-12 03:00:00+00:00,2485128.33669458
2025-11-12 04:00:00+00:00,2485065.80591996
2025-11-12 05:00:00+00:00,2485119.94536674
2025-11-12 06:00:00+00:00,2485128.9666400203
2025-11-12 07:00:00+00:00,2485210.06503158
2025-11-12 08:00:00+00:00,2485218.42393318
2025-11-12 09:00:00+00:00,2485296.21733025
2025-11-12 10:00:00+00:00,2485399.1828134
2025-11-12 11:00:00+00:00,2486613.32335828
2025-11-12 12:00:00+00:00,2486686.35071893
2025-11-12 13:00:00+00:00,2486733.3954405403
2025-11-12 14:00:00+00:00,2488000.18142244
2025-11-12 15:00:00+00:00,2490552.65941916
2025-11-12 16:00:00+00:00,2489598.58919993
2025-11-12 17:00:00+00:00,2489888.55926523
2025-11-12 18:00:00+00:00,2489838.96969934
2025-11-12 19:00:00+00:00,2490104.3926106
2025-11-12 20:00:00+00:00,2490263.19007938
2025-11-12 21:00:00+00:00,2490168.0946270903
2025-11-12 22:00:00+00:00,2489223.17506357
2025-11-12 23:00:00+00:00,2489636.03620768
2025-11-13 00:00:00+00:00,2489603.22870999
2025-11-13 01:00:00+00:00,2489603.22870999
2025-11-13 02:00:00+00:00,2489325.24012555
2025-11-13 03:00:00+00:00,2486724.95927605
2025-11-13 04:00:00+00:00,2486747.75464233
2025-11-13 05:00:00+00:00,2486799.6209994
2025-11-13 06:00:00+00:00,2486953.54553989
2025-11-13 07:00:00+00:00,2486989.20146262
2025-11-13 08:00:00+00:00,2486451.69890312
2025-11-13 09:00:00+00:00,2486476.51099741
2025-11-13 10:00:00+00:00,2486462.6915751603
2025-11-13 11:00:00+00:00,2486248.65712219
2025-11-13 12:00:00+00:00,2486266.9297483102
2025-11-13 13:00:00+00:00,2486298.89224009
2025-11-13 14:00:00+00:00,2486445.688571
2025-11-13 15:00:00+00:00,2486454.69838854
2025-11-13 16:00:00+00:00,2485354.21015285
2025-11-13 17:00:00+00:00,2485549.58596582
2025-11-13 18:00:00+00:00,2486997.92823231
2025-11-13 19:00:00+00:00,2485636.2304514
2025-11-13 20:00:00+00:00,2486978.5886844
2025-11-13 21:00:00+00:00,2487456.06045022
2025-11-13 22:00:00+00:00,2487085.4183415403
2025-11-13 23:00:00+00:00,2487678.72330988
2025-11-14 00:00:00+00:00,2486722.33773806
2025-11-14 01:00:00+00:00,2486887.4224854503
2025-11-14 02:00:00+00:00,2486958.76703377
2025-11-14 03:00:00+00:00,2486972.9154656
2025-11-14 04:00:00+00:00,2487088.64904328
2025-11-14 05:00:00+00:00,2488105.1431101
2025-11-14 06:00:00+00:00,2489254.65929957
2025-11-14 07:00:00+00:00,2492132.62505064
2025-11-14 08:00:00+00:00,2495365.54756903
2025-11-14 09:00:00+00:00,2496259.5844504703
2025-11-14 10:00:00+00:00,2497191.85204303
2025-11-14 11:00:00+00:00,2497558.62878233
2025-11-14 12:00:00+00:00,2501378.65763347
2025-11-14 13:00:00+00:00,2504619.4681002703
2025-11-14 14:00:00+00:00,2504160.13146462
2025-11-14 15:00:00+00:00,2504072.9537634
2025-11-14 16:00:00+00:00,2505214.5928840903
2025-11-14 17:00:00+00:00,2506125.3264777903
2025-11-14 18:00:00+00:00,2507746.11063665
2025-11-14 19:00:00+00:00,2508072.09938491
2025-11-14 20:00:00+00:00,2508314.6263897303
2025-11-14 21:00:00+00:00,2508488.98758811
2025-11-14 22:00:00+00:00,2508499.60068153
2025-11-14 23:00:00+00:00,2507012.9691245
2025-11-15 00:00:00+00:00,2507494.35686388
2025-11-15 01:00:00+00:00,2508412.96253106
2025-11-15 02:00:00+00:00,2508455.1954448503
2025-11-15 03:00:00+00:00,2508437.2937309803
2025-11-15 04:00:00+00:00,2509526.70854804
2025-11-15 05:00:00+00:00,2508473.99959694
2025-11-15 06:00:00+00:00,2508432.8222524
2025-11-15 07:00:00+00:00,2508693.75366434
2025-11-15 08:00:00+00:00,2509066.81578005
2025-11-15 09:00:00+00:00,2509100.6471444
2025-11-15 10:00:00+00:00,2509242.62277436
2025-11-15 11:00:00+00:00,2509261.31605214
2025-11-15 12:00:00+00:00,2509281.62505014
2025-11-15 13:00:00+00:00,2509316.17337751
2025-11-15 14:00:00+00:00,2509388.10049128
2025-11-15 15:00:00+00:00,2509504.82098726
2025-11-15 16:00:00+00:00,2509485.10876237
2025-11-15 17:00:00+00:00,2509501.88287192
2025-11-15 18:00:00+00:00,2509503.82791833
2025-11-15 19:00:00+00:00,2509601.15607141
2025-11-15 20:00:00+00:00,2509600.83745145
2025-11-15 21:00:00+00:00,2509622.3078768603
2025-11-15 22:00:00+00:00,2509624.80617107
2025-11-15 23:00:00+00:00,2509656.18865118
2025-11-16 00:00:00+00:00,2509760.54502379
2025-11-16 01:00:00+00:00,2509749.77720556
2025-11-16 02:00:00+00:00,2509770.5843349
2025-11-16 03:00:00+00:00,2509772.35932292
2025-11-16 04:00:00+00:00,2510800.60087137
2025-11-16 05:00:00+00:00,2510799.85926586
2025-11-16 06:00:00+00:00,2510793.9167812
2025-11-16 07:00:00+00:00,2510911.58438516
2025-11-16 08:00:00+00:00,2510937.0098293102
2025-11-16 09:00:00+00:00,2511169.18952463
2025-11-16 10:00:00+00:00,2510502.79122619
2025-11-16 11:00:00+00:00,2510564.68546879
2025-11-16 12:00:00+00:00,2510509.64791386
2025-11-16 13:00:00+00:00,2510464.22754265
2025-11-16 14:00:00+00:00,2510450.76497116
2025-11-16 15:00:00+00:00,2510387.56481825
2025-11-16 16:00:00+00:00,2510232.68229633
2025-11-16 17:00:00+00:00,2510220.15617409
2025-11-16 18:00:00+00:00,2510216.16332743
2025-11-16 19:00:00+00:00,2510240.2831212003
2025-11-16 20:00:00+00:00,2510259.09902418
2025-11-16 21:00:00+00:00,2510203.13821058
2025-11-16 22:00:00+00:00,2509959.5296058
2025-11-16 23:00:00+00:00,2509933.19391686
2025-11-17 00:00:00+00:00,2511961.02032982
2025-11-17 01:00:00+00:00,2511991.08152894
2025-11-17 02:00:00+00:00,2512231.4220745303
2025-11-17 03:00:00+00:00,2512107.94973685
2025-11-17 04:00:00+00:00,2512084.55086289
2025-11-17 05:00:00+00:00,2512055.97982641
2025-11-17 06:00:00+00:00,2502628.91625586
2025-11-17 07:00:00+00:00,2502762.0393363
2025-11-17 08:00:00+00:00,2511979.12414187
2025-11-17 09:00:00+00:00,2500825.8869884103
2025-11-17 10:00:00+00:00,2500651.64093755
2025-11-17 11:00:00+00:00,2500530.4010828203
2025-11-17 12:00:00+00:00,2500431.43835392
2025-11-17 13:00:00+00:00,2499713.03952539
2025-11-17 14:00:00+00:00,2501077.53600692
2025-11-17 15:00:00+00:00,2509547.26043261
2025-11-17 16:00:00+00:00,2510518.18341128
2025-11-17 17:00:00+00:00,2510190.17456854
2025-11-17 18:00:00+00:00,2510434.35932182
2025-11-17 19:00:00+00:00,2512075.46748057
2025-11-17 20:00:00+00:00,2510760.79823383
2025-11-17 21:00:00+00:00,2510013.34518028
2025-11-17 22:00:00+00:00,2508601.18730339
2025-11-17 23:00:00+00:00,2508597.52470746
2025-11-18 00:00:00+00:00,2508597.0326767103
2025-11-18 01:00:00+00:00,2508487.0401653303
2025-11-18 02:00:00+00:00,2507603.96608576
2025-11-18 03:00:00+00:00,2509322.8649813603
2025-11-18 04:00:00+00:00,2508944.14481122
2025-11-18 05:00:00+00:00,2508943.3732312103
2025-11-18 06:00:00+00:00,2510941.38503088
2025-11-18 07:00:00+00:00,2510934.0966051403
2025-11-18 08:00:00+00:00,2508187.4567551003
2025-11-18 09:00:00+00:00,2506717.43569792
2025-11-18 10:00:00+00:00,2506673.26265456
2025-11-18 11:00:00+00:00,2508582.8882966503
2025-11-18 12:00:00+00:00,2508384.61712561
2025-11-18 13:00:00+00:00,2508280.74002198
2025-11-18 14:00:00+00:00,2508341.65964489
2025-11-18 15:00:00+00:00,2510304.6511772
2025-11-18 16:00:00+00:00,2510343.77756676
2025-11-18 17:00:00+00:00,2511128.5863829902
2025-11-18 18:00:00+00:00,2511293.32617489
2025-11-18 19:00:00+00:00,2511360.2196459603
2025-11-18 20:00:00+00:00,2512402.2359026303
2025-11-18 21:00:00+00:00,2511446.7134809
2025-11-18 22:00:00+00:00,2511340.18316463
2025-11-18 23:00:00+00:00,2511396.44901112
2025-11-19 00:00:00+00:00,2511474.88161253
2025-11-19 01:00:00+00:00,2512652.66443323
2025-11-19 02:00:00+00:00,2509505.23085848
2025-11-19 03:00:00+00:00,2509483.26565838
2025-11-19 04:00:00+00:00,2509542.32933322
2025-11-19 05:00:00+00:00,2509891.84818556
2025-11-19 06:00:00+00:00,2509709.41024451
2025-11-19 07:00:00+00:00,2511759.75343024
2025-11-19 08:00:00+00:00,2509276.6916258
2025-11-19 09:00:00+00:00,2509233.99356842
2025-11-19 10:00:00+00:00,2509250.9402808
2025-11-19 11:00:00+00:00,2509055.20578807
2025-11-19 12:00:00+00:00,2509040.2614912703
2025-11-19 13:00:00+00:00,2510455.5205172203
2025-11-19 14:00:00+00:00,2511929.59761624
2025-11-19 15:00:00+00:00,2512057.31107647
2025-11-19 16:00:00+00:00,2513239.11386667
2025-11-19 17:00:00+00:00,2513204.02062399
2025-11-19 18:00:00+00:00,2513696.98920881
2025-11-19 19:00:00+00:00,2512396.74136354
2025-11-19 20:00:00+00:00,2513454.45200059
2025-11-19 21:00:00+00:00,2512656.81099014
2025-11-19 22:00:00+00:00,2512382.31101069
2025-11-19 23:00:00+00:00,2511776.0711373203
2025-11-20 00:00:00+00:00,2508376.10032563
2025-11-20 01:00:00+00:00,2508701.98397557
2025-11-20 02:00:00+00:00,2508694.1505930303
2025-11-20 03:00:00+00:00,2509427.29023013
2025-11-20 04:00:00+00:00,2510168.5650913
2025-11-20 05:00:00+00:00,2510146.33789971
2025-11-20 06:00:00+00:00,2510052.30053261
2025-11-20 07:00:00+00:00,2509885.27266765
2025-11-20 08:00:00+00:00,2509939.89501916
2025-11-20 09:00:00+00:00,2508747.87958818
2025-11-20 10:00:00+00:00,2508479.87681847
2025-11-20 11:00:00+00:00,2507515.9444773
2025-11-20 12:00:00+00:00,2507627.57460932
2025-11-20 13:00:00+00:00,2505993.1693877103
2025-11-20 14:00:00+00:00,2506104.51011826
2025-11-20 15:00:00+00:00,2507149.50266092
2025-11-20 16:00:00+00:00,2506495.1103440803
2025-11-20 17:00:00+00:00,2506864.23860313
2025-11-20 18:00:00+00:00,2505630.7744671702
2025-11-20 19:00:00+00:00,2504727.94571148
2025-11-20 20:00:00+00:00,2504967.87426836
2025-11-20 21:00:00+00:00,2506668.17415712
2025-11-20 22:00:00+00:00,2506124.23214602
2025-11-20 23:00:00+00:00,2504823.73018971
2025-11-21 00:00:00+00:00,2504859.47481131
2025-11-21 01:00:00+00:00,2504979.31472912
2025-11-21 02:00:00+00:00,2494880.45438647
2025-11-21 03:00:00+00:00,2495143.6246665
2025-11-21 04:00:00+00:00,2495031.309205
2025-11-21 05:00:00+00:00,2495033.43400656
2025-11-21 06:00:00+00:00,2495607.93079226
2025-11-21 07:00:00+00:00,2495737.79140113
2025-11-21 08:00:00+00:00,2495926.19092284
2025-11-21 09:00:00+00:00,2495727.58710811
2025-11-21 10:00:00+00:00,2498520.36097467
2025-11-21 11:00:00+00:00,2498226.06758649
2025-11-21 12:00:00+00:00,2498235.89204323
2025-11-21 13:00:00+00:00,2497594.4413941503
2025-11-21 14:00:00+00:00,2499258.60511437
2025-11-21 15:00:00+00:00,2501696.90749399
2025-11-21 16:00:00+00:00,2500507.0117720203
2025-11-21 17:00:00+00:00,2500949.45969221
2025-11-21 18:00:00+00:00,2501213.97746119
2025-11-21 19:00:00+00:00,2501007.58808814
2025-11-21 20:00:00+00:00,2501193.45142981
2025-11-21 21:00:00+00:00,2501259.38006379
2025-11-21 22:00:00+00:00,2498549.49919022
2025-11-21 23:00:00+00:00,2499662.56887178
2025-11-22 00:00:00+00:00,2498181.5042574
2025-11-22 01:00:00+00:00,2498033.2891558
2025-11-22 02:00:00+00:00,2498152.8814557
2025-11-22 03:00:00+00:00,2497198.6732716803
2025-11-22 04:00:00+00:00,2497207.04567761
2025-11-22 05:00:00+00:00,2498243.9639593703
2025-11-22 06:00:00+00:00,2498284.19421527
2025-11-22 07:00:00+00:00,2498501.49686678
2025-11-22 08:00:00+00:00,2495270.44866698
2025-11-22 09:00:00+00:00,2492937.19370386
2025-11-22 10:00:00+00:00,2495175.65884164
2025-11-22 11:00:00+00:00,2495199.56897688
2025-11-22 12:00:00+00:00,2495207.68658347
2025-11-22 13:00:00+00:00,2495149.1791345403
2025-11-22 14:00:00+00:00,2495210.49977148
2025-11-22 15:00:00+00:00,2495235.50153833
2025-11-22 16:00:00+00:00,2493996.62941293
2025-11-22 17:00:00+00:00,2494000.3094253503
2025-11-22 18:00:00+00:00,2493913.01516861
2025-11-22 19:00:00+00:00,2493642.67971978
2025-11-22 20:00:00+00:00,2493171.24044815
2025-11-22 21:00:00+00:00,2494205.21149281
2025-11-22 22:00:00+00:00,2493053.5778073203
2025-11-22 23:00:00+00:00,2492965.00541437
2025-11-23 00:00:00+00:00,2492931.26587515
2025-11-23 01:00:00+00:00,2492886.1650693403
2025-11-23 02:00:00+00:00,2492888.59391299
2025-11-23 03:00:00+00:00,2491896.9735936
2025-11-23 04:00:00+00:00,2491913.06630759
2025-11-23 05:00:00+00:00,2491959.40223723
2025-11-23 06:00:00+00:00,2492944.89559626
2025-11-23 07:00:00+00:00,2493944.62216263
2025-11-23 08:00:00+00:00,2494005.90586205
2025-11-23 09:00:00+00:00,2493001.13144407
2025-11-23 10:00:00+00:00,2493772.9877559203
2025-11-23 11:00:00+00:00,2493945.64254833
2025-11-23 12:00:00+00:00,2494201.40245976
2025-11-23 13:00:00+00:00,2494492.05779284
2025-11-23 14:00:00+00:00,2494516.44820873
2025-11-23 15:00:00+00:00,2494506.41865877
2025-11-23 16:00:00+00:00,2493336.25573158
2025-11-23 17:00:00+00:00,2493294.24603719
2025-11-23 18:00:00+00:00,2493312.67079596
2025-11-23 19:00:00+00:00,2493294.19189966
2025-11-23 20:00:00+00:00,2493091.89863725
2025-11-23 21:00:00+00:00,2492372.85112385
2025-11-23 22:00:00+00:00,2492369.55302292
2025-11-23 23:00:00+00:00,2494619.03326816
2025-11-24 00:00:00+00:00,2493425.6890977
2025-11-24 01:00:00+00:00,2493585.71007364
2025-11-24 02:00:00+00:00,2493596.9488796103
2025-11-24 03:00:00+00:00,2494124.35817023
2025-11-24 04:00:00+00:00,2494313.18805
2025-11-24 05:00:00+00:00,2494505.56943204
2025-11-24 06:00:00+00:00,2494414.32903246
2025-11-24 07:00:00+00:00,2494440.63081805
2025-11-24 08:00:00+00:00,2495483.1965646
2025-11-24 09:00:00+00:00,2494238.45807011
2025-11-24 10:00:00+00:00,2494180.62538108
2025-11-24 11:00:00+00:00,2495621.85664947
2025-11-24 12:00:00+00:00,2496081.47518745
2025-11-24 13:00:00+00:00,2496448.33784256
2025-11-24 14:00:00+00:00,2496647.57092644
2025-11-24 15:00:00+00:00,2498776.19662132
2025-11-24 16:00:00+00:00,2499413.13515558
2025-11-24 17:00:00+00:00,2498273.3815537603
2025-11-24 18:00:00+00:00,2500483.54136285
2025-11-24 19:00:00+00:00,2499253.79118826
2025-11-24 20:00:00+00:00,2499496.9885395
2025-11-24 21:00:00+00:00,2498737.20028685
2025-11-24 22:00:00+00:00,2498610.14844203
2025-11-24 23:00:00+00:00,2498674.25805874
2025-11-25 00:00:00+00:00,2499944.5858237
2025-11-25 01:00:00+00:00,2499936.70254832
2025-11-25 02:00:00+00:00,2499925.95325998
2025-11-25 03:00:00+00:00,2499912.23143228
2025-11-25 04:00:00+00:00,2499908.21583147
2025-11-25 05:00:00+00:00,2498619.84123714
2025-11-25 06:00:00+00:00,2498620.57644637
2025-11-25 07:00:00+00:00,2498903.42341994
2025-11-25 08:00:00+00:00,2498089.57572657
2025-11-25 09:00:00+00:00,2498313.24389182
2025-11-25 10:00:00+00:00,2497094.3629472703
2025-11-25 11:00:00+00:00,2498147.6263264
2025-11-25 12:00:00+00:00,2498184.92258398
2025-11-25 13:00:00+00:00,2498535.68947581
2025-11-25 14:00:00+00:00,2498575.80531915
2025-11-25 15:00:00+00:00,2500873.50647657
2025-11-25 16:00:00+00:00,2499450.11126744
2025-11-25 17:00:00+00:00,2499468.91218271
2025-11-25 18:00:00+00:00,2499667.43327672
2025-11-25 19:00:00+00:00,2504129.29669241
2025-11-25 20:00:00+00:00,2499658.68476857
2025-11-25 21:00:00+00:00,2498545.5836714
2025-11-25 22:00:00+00:00,2498230.54142378
2025-11-25 23:00:00+00:00,2498384.30910925
2025-11-26 00:00:00+00:00,2498302.81242752
2025-11-26 01:00:00+00:00,2498324.60213027
2025-11-26 02:00:00+00:00,2498357.80571669
2025-11-26 03:00:00+00:00,2498283.82300149
2025-11-26 04:00:00+00:00,2498309.95284632
2025-11-26 05:00:00+00:00,2498310.06677227
2025-11-26 06:00:00+00:00,2498463.7361387
2025-11-26 07:00:00+00:00,2498340.44253164
2025-11-26 08:00:00+00:00,2499784.35323331
2025-11-26 09:00:00+00:00,2498764.6934222
2025-11-26 10:00:00+00:00,2498712.29619975
2025-11-26 11:00:00+00:00,2498774.14989695
2025-11-26 12:00:00+00:00,2499301.52058912
2025-11-26 13:00:00+00:00,2498957.57131408
2025-11-26 14:00:00+00:00,2499195.72383429
2025-11-26 15:00:00+00:00,2499387.66449595
2025-11-26 16:00:00+00:00,2499393.96329335
2025-11-26 17:00:00+00:00,2499307.11976443
2025-11-26 18:00:00+00:00,2499615.28020002
2025-11-26 19:00:00+00:00,2500889.1699355203
2025-11-26 20:00:00+00:00,2500635.03737102
2025-11-26 21:00:00+00:00,2501309.91915573
2025-11-26 22:00:00+00:00,2501172.26664085
2025-11-26 23:00:00+00:00,2499852.43191902
2025-11-27 00:00:00+00:00,2499852.43191902
2025-11-27 01:00:00+00:00,2499896.5231014
2025-11-27 02:00:00+00:00,2499637.33909299
2025-11-27 03:00:00+00:00,2499844.85658395
2025-11-27 04:00:00+00:00,2499966.24282126
2025-11-27 05:00:00+00:00,2499900.59841261
2025-11-27 06:00:00+00:00,2499952.70257258
2025-11-27 07:00:00+00:00,2499948.22461679
2025-11-27 08:00:00+00:00,2500816.19742166
2025-11-27 09:00:00+00:00,2510301.95745836
2025-11-27 10:00:00+00:00,2510388.0842735902
2025-11-27 11:00:00+00:00,2510265.58493873
2025-11-27 12:00:00+00:00,2510532.79359106
2025-11-27 13:00:00+00:00,2509287.18662854
2025-11-27 14:00:00+00:00,2508954.7738042
2025-11-27 15:00:00+00:00,2509429.55741883
2025-11-27 16:00:00+00:00,2509807.41118113
2025-11-27 17:00:00+00:00,2508352.48014544
2025-11-27 18:00:00+00:00,2508205.50847176
2025-11-27 19:00:00+00:00,2508342.68286661
2025-11-27 20:00:00+00:00,2508329.14640063
2025-11-27 21:00:00+00:00,2508302.57145617
2025-11-27 22:00:00+00:00,2508305.60851439
2025-11-27 23:00:00+00:00,2508315.18395272
2025-11-28 00:00:00+00:00,2508332.27299145
2025-11-28 01:00:00+00:00,2508330.83808704
2025-11-28 02:00:00+00:00,2508292.76033876
2025-11-28 03:00:00+00:00,2508330.62418015
2025-11-28 04:00:00+00:00,2508319.09221075
2025-11-28 05:00:00+00:00,2508306.30423877
2025-11-28 06:00:00+00:00,2508318.87293846
2025-11-28 07:00:00+00:00,2508521.20642748
2025-11-28 08:00:00+00:00,2508639.4273734703
2025-11-28 09:00:00+00:00,2508781.41323919
2025-11-28 10:00:00+00:00,2508282.24284975
2025-11-28 11:00:00+00:00,2508285.41758367
2025-11-28 12:00:00+00:00,2508590.63830072
2025-11-28 13:00:00+00:00,2507804.35319496
2025-11-28 14:00:00+00:00,2506953.1563066603
2025-11-28 15:00:00+00:00,2506880.9100333
2025-11-28 16:00:00+00:00,2506397.99525641
2025-11-28 17:00:00+00:00,2506774.16212419
2025-11-28 18:00:00+00:00,2508446.04007958
2025-11-28 19:00:00+00:00,2508800.2861707
2025-11-28 20:00:00+00:00,2507479.0252123
2025-11-28 21:00:00+00:00,2507326.60047057
2025-11-28 22:00:00+00:00,2507370.37955629
2025-11-28 23:00:00+00:00,2507368.9806410302
2025-11-29 00:00:00+00:00,2507471.20903482
2025-11-29 01:00:00+00:00,2508476.44591338
2025-11-29 02:00:00+00:00,2508496.54842321
2025-11-29 03:00:00+00:00,2508525.52104058
2025-11-29 04:00:00+00:00,2508525.77951667
2025-11-29 05:00:00+00:00,2508512.54055646
2025-11-29 06:00:00+00:00,2508539.0577014303
2025-11-29 07:00:00+00:00,2508526.69715115
2025-11-29 08:00:00+00:00,2508524.21900825
2025-11-29 09:00:00+00:00,2508496.82344196
2025-11-29 10:00:00+00:00,2508526.17168019
2025-11-29 11:00:00+00:00,2508509.39910624
2025-11-29 12:00:00+00:00,2508572.01029203
2025-11-29 13:00:00+00:00,2508521.7182858502
2025-11-29 14:00:00+00:00,2508541.34555336
2025-11-29 15:00:00+00:00,2508528.41969574
2025-11-29 16:00:00+00:00,2508552.52265333
2025-11-29 17:00:00+00:00,2508572.26830529
2025-11-29 18:00:00+00:00,2508574.63549362
2025-11-29 19:00:00+00:00,2508346.72244672
2025-11-29 20:00:00+00:00,2508632.81041316
2025-11-29 21:00:00+00:00,2508676.0920213102
2025-11-29 22:00:00+00:00,2508471.98198882
2025-11-29 23:00:00+00:00,2508462.0318308403
2025-11-30 00:00:00+00:00,2508431.72085458
2025-11-30 01:00:00+00:00,2508390.92804973
2025-11-30 02:00:00+00:00,2508422.1211909303
2025-11-30 03:00:00+00:00,2507465.76349134
2025-11-30 04:00:00+00:00,2507426.53736156
2025-11-30 05:00:00+00:00,2507358.6153570903
2025-11-30 06:00:00+00:00,2507500.5635938
2025-11-30 07:00:00+00:00,2507503.40594634
2025-11-30 08:00:00+00:00,2507542.7682880103
2025-11-30 09:00:00+00:00,2507436.54286934
2025-11-30 10:00:00+00:00,2507390.03115888
2025-11-30 11:00:00+00:00,2507475.54818481
2025-11-30 12:00:00+00:00,2507467.84097333
2025-11-30 13:00:00+00:00,2507508.82770567
2025-11-30 14:00:00+00:00,2507458.4889874
2025-11-30 15:00:00+00:00,2508939.12264219
2025-11-30 16:00:00+00:00,2508976.90966572
2025-11-30 17:00:00+00:00,2508864.7271859
2025-11-30 18:00:00+00:00,2508859.62411784
2025-11-30 19:00:00+00:00,2508559.60238681
2025-11-30 20:00:00+00:00,2508511.9341043
2025-11-30 21:00:00+00:00,2508493.42417054
2025-11-30 22:00:00+00:00,2508534.03202555
2025-11-30 23:00:00+00:00,2508518.04022818
2025-12-01 00:00:00+00:00,2507463.0797619103
2025-12-01 01:00:00+00:00,2507555.60553312
2025-12-01 02:00:00+00:00,2509053.42642457
2025-12-01 03:00:00+00:00,2508331.59874034
2025-12-01 04:00:00+00:00,2508392.47929876
2025-12-01 05:00:00+00:00,2507902.81515096
2025-12-01 06:00:00+00:00,2507916.58180357
2025-12-01 07:00:00+00:00,2507886.50906249
2025-12-01 08:00:00+00:00,2507907.80133557
2025-12-01 09:00:00+00:00,2509560.94048012
2025-12-01 10:00:00+00:00,2509362.1427619
2025-12-01 11:00:00+00:00,2509253.26444382
2025-12-01 12:00:00+00:00,2509818.4392245603
2025-12-01 13:00:00+00:00,2509765.8364887
2025-12-01 14:00:00+00:00,2509759.0110072303
2025-12-01 15:00:00+00:00,2510325.26679121
2025-12-01 16:00:00+00:00,2510474.44394199
2025-12-01 17:00:00+00:00,2510642.53975836
2025-12-01 18:00:00+00:00,2510014.8283374403
2025-12-01 19:00:00+00:00,2510267.73938313
2025-12-01 20:00:00+00:00,2512100.42458876
2025-12-01 21:00:00+00:00,2513070.84441039
2025-12-01 22:00:00+00:00,2508657.09789494
2025-12-01 23:00:00+00:00,2510418.44419416
2025-12-02 00:00:00+00:00,2510407.39485184
2025-12-02 01:00:00+00:00,2510922.71461506
2025-12-02 02:00:00+00:00,2511482.48711474
2025-12-02 03:00:00+00:00,2511868.43999713
2025-12-02 04:00:00+00:00,2511888.31467
2025-12-02 05:00:00+00:00,2511717.6545555103
2025-12-02 06:00:00+00:00,2511791.12744021
2025-12-02 07:00:00+00:00,2511086.04564913
2025-12-02 08:00:00+00:00,2511163.04152564
2025-12-02 09:00:00+00:00,2512240.04537554
2025-12-02 10:00:00+00:00,2512137.75527407
2025-12-02 11:00:00+00:00,2512087.91875952
2025-12-02 12:00:00+00:00,2512028.01986772
2025-12-02 13:00:00+00:00,2513147.1409246
2025-12-02 14:00:00+00:00,2513186.62490667
2025-12-02 15:00:00+00:00,2512981.44829718
2025-12-02 16:00:00+00:00,2512126.66957551
2025-12-02 17:00:00+00:00,2511155.59253296
2025-12-02 18:00:00+00:00,2513940.42416992
2025-12-02 19:00:00+00:00,2512245.05149109
2025-12-02 20:00:00+00:00,2511992.1368729
2025-12-02 21:00:00+00:00,2513152.07308153
2025-12-02 22:00:00+00:00,2514578.53036961
2025-12-02 23:00:00+00:00,2514361.69334447
2025-12-03 00:00:00+00:00,2515478.77016261
2025-12-03 01:00:00+00:00,2515496.64807314
2025-12-03 02:00:00+00:00,2516453.77055667
2025-12-03 03:00:00+00:00,2516515.24831411
2025-12-03 04:00:00+00:00,2516510.04139519
2025-12-03 05:00:00+00:00,2514496.71124821
2025-12-03 06:00:00+00:00,2514564.96492559
2025-12-03 07:00:00+00:00,2514578.2647858
2025-12-03 08:00:00+00:00,2515893.53337414
2025-12-03 09:00:00+00:00,2517064.38979796
2025-12-03 10:00:00+00:00,2516923.01582663
2025-12-03 11:00:00+00:00,2516787.16610007
2025-12-03 12:00:00+00:00,2517143.22313313
2025-12-03 13:00:00+00:00,2517632.17013828
2025-12-03 14:00:00+00:00,2517516.98800876
2025-12-03 15:00:00+00:00,2518659.26550281
2025-12-03 16:00:00+00:00,2518657.53205459
2025-12-03 17:00:00+00:00,2520354.04808439
2025-12-03 18:00:00+00:00,2520383.14765178
2025-12-03 19:00:00+00:00,2520226.01987397
2025-12-03 20:00:00+00:00,2520512.71927271
2025-12-03 21:00:00+00:00,2522759.25644397
2025-12-03 22:00:00+00:00,2522012.97854785
2025-12-03 23:00:00+00:00,2522033.7905072803
2025-12-04 00:00:00+00:00,2522084.7786778403
2025-12-04 01:00:00+00:00,2522971.26030446
2025-12-04 02:00:00+00:00,2523041.3330655103
2025-12-04 03:00:00+00:00,2521282.81923986
2025-12-04 04:00:00+00:00,2521319.4161233
2025-12-04 05:00:00+00:00,2522409.9006137103
2025-12-04 06:00:00+00:00,2522409.64039513
2025-12-04 07:00:00+00:00,2522866.99856027
2025-12-04 08:00:00+00:00,2523088.96018189
2025-12-04 09:00:00+00:00,2523251.32195174
2025-12-04 10:00:00+00:00,2523803.2951188
2025-12-04 11:00:00+00:00,2522246.03840745
2025-12-04 12:00:00+00:00,2523738.06379226
2025-12-04 13:00:00+00:00,2523199.23071591
2025-12-04 14:00:00+00:00,2522979.14684528
2025-12-04 15:00:00+00:00,2524274.23032
2025-12-04 16:00:00+00:00,2524702.40103711
2025-12-04 17:00:00+00:00,2525053.54870779
2025-12-04 18:00:00+00:00,2525109.7853323203
2025-12-04 19:00:00+00:00,2526984.33316027
2025-12-04 20:00:00+00:00,2526134.69252276
2025-12-04 21:00:00+00:00,2527191.90983604
2025-12-04 22:00:00+00:00,2527352.5194185902
2025-12-04 23:00:00+00:00,2528717.28128151
2025-12-05 00:00:00+00:00,2528774.45895485
2025-12-05 01:00:00+00:00,2528831.67892436
2025-12-05 02:00:00+00:00,2529207.5527752
2025-12-05 03:00:00+00:00,2530248.29067234
2025-12-05 04:00:00+00:00,2532074.57505245
2025-12-05 05:00:00+00:00,2532150.64068251
2025-12-05 06:00:00+00:00,2532150.64068251
2025-12-05 07:00:00+00:00,2532303.8370255902
2025-12-05 08:00:00+00:00,2530064.67002207
2025-12-05 09:00:00+00:00,2532181.0613645
2025-12-05 10:00:00+00:00,2532193.2452061
2025-12-05 11:00:00+00:00,2532115.77386031
2025-12-05 12:00:00+00:00,2532128.11278918
2025-12-05 13:00:00+00:00,2531879.29746446
2025-12-05 14:00:00+00:00,2531799.60399081
2025-12-05 15:00:00+00:00,2532313.85709999
2025-12-05 16:00:00+00:00,2531625.97526005
2025-12-05 17:00:00+00:00,2531683.13886748
2025-12-05 18:00:00+00:00,2532570.28546142
2025-12-05 19:00:00+00:00,2532892.35795114
2025-12-05 20:00:00+00:00,2532851.82863978
2025-12-05 21:00:00+00:00,2531854.8073137403
2025-12-05 22:00:00+00:00,2532484.7663250403
2025-12-05 23:00:00+00:00,2533744.51040372
2025-12-06 00:00:00+00:00,2533746.57687191
2025-12-06 01:00:00+00:00,2533777.87238026
2025-12-06 02:00:00+00:00,2533760.2342689103
2025-12-06 03:00:00+00:00,2533776.92462994
2025-12-06 04:00:00+00:00,2533750.9678753302
2025-12-06 05:00:00+00:00,2533720.84865928
2025-12-06 06:00:00+00:00,2533725.45256912
2025-12-06 07:00:00+00:00,2533752.87804888
2025-12-06 08:00:00+00:00,2533393.09715777
2025-12-06 09:00:00+00:00,2533393.71749377
2025-12-06 10:00:00+00:00,2533624.89616099
2025-12-06 11:00:00+00:00,2533056.48757342
2025-12-06 12:00:00+00:00,2533155.56811824
2025-12-06 13:00:00+00:00,2534578.93506425
2025-12-06 14:00:00+00:00,2534470.10163235
2025-12-06 15:00:00+00:00,2534492.09657203
2025-12-06 16:00:00+00:00,2534765.1201777
2025-12-06 17:00:00+00:00,2534951.69272791
2025-12-06 18:00:00+00:00,2534878.98348492
2025-12-06 19:00:00+00:00,2534841.08514451
2025-12-06 20:00:00+00:00,2534874.80876896
2025-12-06 21:00:00+00:00,2535034.64182524
2025-12-06 22:00:00+00:00,2536091.42499295
2025-12-06 23:00:00+00:00,2535930.76831351
2025-12-07 00:00:00+00:00,2537211.63761062
2025-12-07 01:00:00+00:00,2537396.62063436
2025-12-07 02:00:00+00:00,2536510.4994904
2025-12-07 03:00:00+00:00,2536431.51303607
2025-12-07 04:00:00+00:00,2536531.71110895
2025-12-07 05:00:00+00:00,2537109.37646663
2025-12-07 06:00:00+00:00,2538349.35781939
2025-12-07 07:00:00+00:00,2538492.38304578
2025-12-07 08:00:00+00:00,2537178.27156201
2025-12-07 09:00:00+00:00,2538268.35532654
2025-12-07 10:00:00+00:00,2538261.54658627
2025-12-07 11:00:00+00:00,2537241.24094742
2025-12-07 12:00:00+00:00,2537247.34971255
2025-12-07 13:00:00+00:00,2537260.99201497
2025-12-07 14:00:00+00:00,2538583.30128689
2025-12-07 15:00:00+00:00,2538288.02436799
2025-12-07 16:00:00+00:00,2537355.75280282
2025-12-07 17:00:00+00:00,2537381.57665569
2025-12-07 18:00:00+00:00,2536942.87467128
2025-12-07 19:00:00+00:00,2536944.51775277
2025-12-07 20:00:00+00:00,2536933.55976281
2025-12-07 21:00:00+00:00,2538091.29963999
2025-12-07 22:00:00+00:00,2537683.24286857
2025-12-07 23:00:00+00:00,2536617.9799978
2025-12-08 00:00:00+00:00,2536683.91877423
2025-12-08 01:00:00+00:00,2536618.8921186
2025-12-08 02:00:00+00:00,2536672.46643303
2025-12-08 03:00:00+00:00,2536734.21521587
2025-12-08 04:00:00+00:00,2536692.33104222
2025-12-08 05:00:00+00:00,2536696.03929693
2025-12-08 06:00:00+00:00,2536771.52685173
2025-12-08 07:00:00+00:00,2537806.53160163
2025-12-08 08:00:00+00:00,2537815.702928
2025-12-08 09:00:00+00:00,2539327.46664096
2025-12-08 10:00:00+00:00,2539113.3554624
2025-12-08 11:00:00+00:00,2539228.67918108
2025-12-08 12:00:00+00:00,2537914.12446423
2025-12-08 13:00:00+00:00,2539158.83623261
2025-12-08 14:00:00+00:00,2539549.42388493
2025-12-08 15:00:00+00:00,2539127.82663751
2025-12-08 16:00:00+00:00,2539742.79808697
2025-12-08 17:00:00+00:00,2540648.88202423
2025-12-08 18:00:00+00:00,2540128.91824494
2025-12-08 19:00:00+00:00,2539856.5196244703
2025-12-08 20:00:00+00:00,2539502.8061805
2025-12-08 21:00:00+00:00,2540586.96240144
2025-12-08 22:00:00+00:00,2539664.02405449
2025-12-08 23:00:00+00:00,2540048.99192566
2025-12-09 00:00:00+00:00,2538353.23420548
2025-12-09 01:00:00+00:00,2539798.41360403
2025-12-09 02:00:00+00:00,2540236.7834408
2025-12-09 03:00:00+00:00,2540272.80057388
2025-12-09 04:00:00+00:00,2540265.65527391
2025-12-09 05:00:00+00:00,2542158.06382162
2025-12-09 06:00:00+00:00,2542071.52109536
2025-12-09 07:00:00+00:00,2542168.1548976903
2025-12-09 08:00:00+00:00,2548922.43247678
2025-12-09 09:00:00+00:00,2548968.4266281403
2025-12-09 10:00:00+00:00,2548797.71388449
2025-12-09 11:00:00+00:00,2548472.46202765
2025-12-09 12:00:00+00:00,2546076.7368635503
2025-12-09 13:00:00+00:00,2545564.77390557
2025-12-09 14:00:00+00:00,2544054.2262001103
2025-12-09 15:00:00+00:00,2544020.00853696
2025-12-09 16:00:00+00:00,2543564.00407786
2025-12-09 17:00:00+00:00,2543966.2494845
2025-12-09 18:00:00+00:00,2543825.63145218
2025-12-09 19:00:00+00:00,2543877.44412354
2025-12-09 20:00:00+00:00,2544689.51521599
2025-12-09 21:00:00+00:00,2546321.27820739
2025-12-09 22:00:00+00:00,2547626.47612771
2025-12-09 23:00:00+00:00,2547720.29858567
2025-12-10 00:00:00+00:00,2547718.02779954
2025-12-10 01:00:00+00:00,2545763.22221166
2025-12-10 02:00:00+00:00,2545751.53768928
2025-12-10 03:00:00+00:00,2546118.96978868
2025-12-10 04:00:00+00:00,2546251.94860747
2025-12-10 05:00:00+00:00,2547237.4136535903
2025-12-10 06:00:00+00:00,2547231.1153053
2025-12-10 07:00:00+00:00,2545399.06851522
2025-12-10 08:00:00+00:00,2544308.58016791
2025-12-10 09:00:00+00:00,2544299.61015621
2025-12-10 10:00:00+00:00,2544331.83987489
2025-12-10 11:00:00+00:00,2543836.05242917
2025-12-10 12:00:00+00:00,2545402.9174654502
2025-12-10 13:00:00+00:00,2543991.93524904
2025-12-10 14:00:00+00:00,2543857.55331719
2025-12-10 15:00:00+00:00,2545226.10059599
2025-12-10 16:00:00+00:00,2544322.80563282
2025-12-10 17:00:00+00:00,2545551.82572333
2025-12-10 18:00:00+00:00,2534936.07442188
2025-12-10 19:00:00+00:00,2536063.19769614
2025-12-10 20:00:00+00:00,2534637.53995895
2025-12-10 21:00:00+00:00,2536424.4368077503
2025-12-10 22:00:00+00:00,2535428.47270421
2025-12-10 23:00:00+00:00,2532540.79555814
2025-12-11 00:00:00+00:00,2532578.46445884
2025-12-11 01:00:00+00:00,2532741.30307761
2025-12-11 02:00:00+00:00,2532891.48007229
2025-12-11 03:00:00+00:00,2535025.53432937
2025-12-11 04:00:00+00:00,2535112.82875837
2025-12-11 05:00:00+00:00,2535092.26148018
2025-12-11 06:00:00+00:00,2534154.3549287003
2025-12-11 07:00:00+00:00,2533110.7382826502
2025-12-11 08:00:00+00:00,2533167.25558339
2025-12-11 09:00:00+00:00,2533272.6838789303
2025-12-11 10:00:00+00:00,2533294.00015009
2025-12-11 11:00:00+00:00,2533468.74962904
2025-12-11 12:00:00+00:00,2533444.38401333
2025-12-11 13:00:00+00:00,2533377.37178101
2025-12-11 14:00:00+00:00,2530119.82129953
2025-12-11 15:00:00+00:00,2529267.09638286
2025-12-11 16:00:00+00:00,2535847.0555798
2025-12-11 17:00:00+00:00,2537857.17871567
2025-12-11 18:00:00+00:00,2540189.65536212
2025-12-11 19:00:00+00:00,2541335.7466149
2025-12-11 20:00:00+00:00,2541363.59112625
2025-12-11 21:00:00+00:00,2540737.96601674
2025-12-11 22:00:00+00:00,2540395.90340892
2025-12-11 23:00:00+00:00,2540261.45273422
2025-12-12 00:00:00+00:00,2541090.71103065
2025-12-12 01:00:00+00:00,2540779.02330711
2025-12-12 02:00:00+00:00,2540792.272316
2025-12-12 03:00:00+00:00,2540832.94999675
2025-12-12 04:00:00+00:00,2540918.19015687
2025-12-12 05:00:00+00:00,2541433.14469245
2025-12-12 06:00:00+00:00,2542853.60903907
2025-12-12 07:00:00+00:00,2556566.21466581
2025-12-12 08:00:00+00:00,2557064.7978049302
2025-12-12 09:00:00+00:00,2557285.39518415
2025-12-12 10:00:00+00:00,2557238.48818904
2025-12-12 11:00:00+00:00,2557067.69716295
2025-12-12 12:00:00+00:00,2557067.36185154
2025-12-12 13:00:00+00:00,2557582.85904107
2025-12-12 14:00:00+00:00,2557148.39786981
2025-12-12 15:00:00+00:00,2557684.07572611
2025-12-12 16:00:00+00:00,2557725.87380062
2025-12-12 17:00:00+00:00,2557155.2210507803
2025-12-12 18:00:00+00:00,2557355.4484247803
2025-12-12 19:00:00+00:00,2556397.13612806
2025-12-12 20:00:00+00:00,2556703.11396002
2025-12-12 21:00:00+00:00,2556910.10151204
2025-12-12 22:00:00+00:00,2557136.7155412203
2025-12-12 23:00:00+00:00,2557162.6127355
2025-12-13 00:00:00+00:00,2558028.01949935
2025-12-13 01:00:00+00:00,2558028.11165999
2025-12-13 02:00:00+00:00,2558032.62901618
2025-12-13 03:00:00+00:00,2557809.74082013
2025-12-13 04:00:00+00:00,2557789.91423842
2025-12-13 05:00:00+00:00,2557475.54595951
2025-12-13 06:00:00+00:00,2557490.9077949403
2025-12-13 07:00:00+00:00,2557479.69306877
2025-12-13 08:00:00+00:00,2557413.44108429
2025-12-13 09:00:00+00:00,2557433.7562194
2025-12-13 10:00:00+00:00,2557449.8104295
2025-12-13 11:00:00+00:00,2556646.95617336
2025-12-13 12:00:00+00:00,2556683.54062463
2025-12-13 13:00:00+00:00,2556655.91143148
2025-12-13 14:00:00+00:00,2559263.10853489
2025-12-13 15:00:00+00:00,2557868.26231023
2025-12-13 16:00:00+00:00,2557455.35905776
2025-12-13 17:00:00+00:00,2557632.83631403
2025-12-13 18:00:00+00:00,2557626.9711833303
2025-12-13 19:00:00+00:00,2557655.67406442
2025-12-13 20:00:00+00:00,2557625.17010552
2025-12-13 21:00:00+00:00,2557610.5768515
2025-12-13 22:00:00+00:00,2556378.61272698
2025-12-13 23:00:00+00:00,2556375.09991911
2025-12-14 00:00:00+00:00,2556575.90287821
2025-12-14 01:00:00+00:00,2556570.12585842
2025-12-14 02:00:00+00:00,2556571.3068851503
2025-12-14 03:00:00+00:00,2558490.58339339
2025-12-14 04:00:00+00:00,2558502.73643484
2025-12-14 05:00:00+00:00,2558502.2171373502
2025-12-14 06:00:00+00:00,2558538.91212014
2025-12-14 07:00:00+00:00,2558542.76714689
2025-12-14 08:00:00+00:00,2558885.72610552
2025-12-14 09:00:00+00:00,2558808.61490873
2025-12-14 10:00:00+00:00,2559708.61179154
2025-12-14 11:00:00+00:00,2559795.85675312
2025-12-14 12:00:00+00:00,2558662.69269526
2025-12-14 13:00:00+00:00,2561358.15169555
2025-12-14 14:00:00+00:00,2560295.6535650003
2025-12-14 15:00:00+00:00,2560136.7691184
2025-12-14 16:00:00+00:00,2560121.69329361
2025-12-14 17:00:00+00:00,2559828.00867239
2025-12-14 18:00:00+00:00,2560027.59652694
2025-12-14 19:00:00+00:00,2560017.77713563
2025-12-14 20:00:00+00:00,2560011.37641716
2025-12-14 21:00:00+00:00,2559911.23372079
2025-12-14 22:00:00+00:00,2558524.25338081
2025-12-14 23:00:00+00:00,2558379.19224069
2025-12-15 00:00:00+00:00,2558362.31715187
2025-12-15 01:00:00+00:00,2560234.07809965
2025-12-15 02:00:00+00:00,2559902.55605892
2025-12-15 03:00:00+00:00,2560393.28860292
2025-12-15 04:00:00+00:00,2558637.90696812
2025-12-15 05:00:00+00:00,2558651.20932037
2025-12-15 06:00:00+00:00,2558694.89065138
2025-12-15 07:00:00+00:00,2558733.0792474803
2025-12-15 08:00:00+00:00,2558733.53475449
2025-12-15 09:00:00+00:00,2558744.3542773603
2025-12-15 10:00:00+00:00,2562228.3469383
2025-12-15 11:00:00+00:00,2561113.6826604703
2025-12-15 12:00:00+00:00,2559753.2501563
2025-12-15 13:00:00+00:00,2559734.0511505
2025-12-15 14:00:00+00:00,2559505.10638928
2025-12-15 15:00:00+00:00,2559568.31879418
2025-12-15 16:00:00+00:00,2561056.27458092
2025-12-15 17:00:00+00:00,2561416.72109875
2025-12-15 18:00:00+00:00,2561619.91301125
2025-12-15 19:00:00+00:00,2561728.9285316
2025-12-15 20:00:00+00:00,2561566.43459947
2025-12-15 21:00:00+00:00,2560967.36955877
2025-12-15 22:00:00+00:00,2559477.98709901
2025-12-15 23:00:00+00:00,2558201.14384784
2025-12-16 00:00:00+00:00,2558290.3500206
2025-12-16 01:00:00+00:00,2558253.10335061
2025-12-16 02:00:00+00:00,2558268.2496133703
2025-12-16 03:00:00+00:00,2558143.88162901
2025-12-16 04:00:00+00:00,2554898.38599772
2025-12-16 05:00:00+00:00,2555880.1843202
2025-12-16 06:00:00+00:00,2556045.73582976
2025-12-16 07:00:00+00:00,2556393.75497979
2025-12-16 08:00:00+00:00,2556928.43749017
2025-12-16 09:00:00+00:00,2558051.9511791
2025-12-16 10:00:00+00:00,2557025.59820884
2025-12-16 11:00:00+00:00,2557322.99169167
2025-12-16 12:00:00+00:00,2557324.41650296
2025-12-16 13:00:00+00:00,2557120.98960386
2025-12-16 14:00:00+00:00,2557193.45898871
2025-12-16 15:00:00+00:00,2558425.71912959
2025-12-16 16:00:00+00:00,2558453.33112465
2025-12-16 17:00:00+00:00,2558885.73274797
2025-12-16 18:00:00+00:00,2559429.7956470703
2025-12-16 19:00:00+00:00,2559478.07385001
2025-12-16 20:00:00+00:00,2558007.66167836
2025-12-16 21:00:00+00:00,2558176.08338211
2025-12-16 22:00:00+00:00,2558226.05071906
2025-12-16 23:00:00+00:00,2559223.65785062
2025-12-17 00:00:00+00:00,2559235.86024505
2025-12-17 01:00:00+00:00,2559214.86810288
2025-12-17 02:00:00+00:00,2559742.06420483
2025-12-17 03:00:00+00:00,2559777.8089596
2025-12-17 04:00:00+00:00,2560725.79054469
2025-12-17 05:00:00+00:00,2560705.3748607403
2025-12-17 06:00:00+00:00,2561038.88413512
2025-12-17 07:00:00+00:00,2558212.50679667
2025-12-17 08:00:00+00:00,2558534.55336054
2025-12-17 09:00:00+00:00,2558655.5592238302
2025-12-17 10:00:00+00:00,2558578.6484951302
2025-12-17 11:00:00+00:00,2558607.2575331
2025-12-17 12:00:00+00:00,2558629.00015123
2025-12-17 13:00:00+00:00,2558488.13738507
2025-12-17 14:00:00+00:00,2562037.13873164
2025-12-17 15:00:00+00:00,2568621.67223655
2025-12-17 16:00:00+00:00,2564228.76114279
2025-12-17 17:00:00+00:00,2566521.26266935
2025-12-17 18:00:00+00:00,2567822.26842095
2025-12-17 19:00:00+00:00,2567440.53457992
2025-12-17 20:00:00+00:00,2569744.32923008
2025-12-17 21:00:00+00:00,2569676.42820555
2025-12-17 22:00:00+00:00,2569618.45051545
2025-12-17 23:00:00+00:00,2570979.7039645403
2025-12-18 00:00:00+00:00,2559710.39050874
2025-12-18 01:00:00+00:00,2559649.72737179
2025-12-18 02:00:00+00:00,2559302.78613378
2025-12-18 03:00:00+00:00,2559441.11553025
2025-12-18 04:00:00+00:00,2559666.60656051
2025-12-18 05:00:00+00:00,2558945.40075771
2025-12-18 06:00:00+00:00,2559030.01584154
2025-12-18 07:00:00+00:00,2558422.80650767
2025-12-18 08:00:00+00:00,2559229.6169659
2025-12-18 09:00:00+00:00,2559281.50735082
2025-12-18 10:00:00+00:00,2559594.64337531
2025-12-18 11:00:00+00:00,2559619.30145529
2025-12-18 12:00:00+00:00,2559622.76908498
2025-12-18 13:00:00+00:00,2559272.3826165902
2025-12-18 14:00:00+00:00,2558538.58726025
2025-12-18 15:00:00+00:00,2559076.61809622
2025-12-18 16:00:00+00:00,2560353.73215076
2025-12-18 17:00:00+00:00,2560581.27032908
2025-12-18 18:00:00+00:00,2560440.25976521
2025-12-18 19:00:00+00:00,2559636.99292369
2025-12-18 20:00:00+00:00,2555734.2353472603
2025-12-18 21:00:00+00:00,2554168.76792836
2025-12-18 22:00:00+00:00,2554208.5323533
2025-12-18 23:00:00+00:00,2553948.83001782
2025-12-19 00:00:00+00:00,2553473.26918308
2025-12-19 01:00:00+00:00,2553464.46233763
2025-12-19 02:00:00+00:00,2553654.14218013
2025-12-19 03:00:00+00:00,2553452.67398995
2025-12-19 04:00:00+00:00,2554018.32302072
2025-12-19 05:00:00+00:00,2554076.56883811
2025-12-19 06:00:00+00:00,2554235.04654464
2025-12-19 07:00:00+00:00,2554401.64144926
2025-12-19 08:00:00+00:00,2554658.1331793102
2025-12-19 09:00:00+00:00,2564151.14769258
2025-12-19 10:00:00+00:00,2563123.82155809
2025-12-19 11:00:00+00:00,2562406.38650648
2025-12-19 12:00:00+00:00,2560217.59866873
2025-12-19 13:00:00+00:00,2560166.07484059
2025-12-19 14:00:00+00:00,2560166.07484059
2025-12-19 15:00:00+00:00,2558411.6841079
2025-12-19 16:00:00+00:00,2556873.38726866
2025-12-19 17:00:00+00:00,2556891.37507065
2025-12-19 18:00:00+00:00,2556879.6495564003
2025-12-19 19:00:00+00:00,2557786.4621938
2025-12-19 20:00:00+00:00,2560729.59358411
2025-12-19 21:00:00+00:00,2559852.23852118
2025-12-19 22:00:00+00:00,2560663.71998238
2025-12-19 23:00:00+00:00,2562753.44354669
2025-12-20 00:00:00+00:00,2561758.6244508
2025-12-20 01:00:00+00:00,2572283.58778872
2025-12-20 02:00:00+00:00,2572262.89215419
2025-12-20 03:00:00+00:00,2572312.88239051
2025-12-20 04:00:00+00:00,2573447.28460122
2025-12-20 05:00:00+00:00,2573468.51449716
2025-12-20 06:00:00+00:00,2573498.09077291
2025-12-20 07:00:00+00:00,2571398.39097643
2025-12-20 08:00:00+00:00,2571438.2094844203
2025-12-20 09:00:00+00:00,2571644.21551947
2025-12-20 10:00:00+00:00,2571657.31572481
2025-12-20 11:00:00+00:00,2571680.30497475
2025-12-20 12:00:00+00:00,2571677.46657165
2025-12-20 13:00:00+00:00,2572786.3301424203
2025-12-20 14:00:00+00:00,2571692.89749662
2025-12-20 15:00:00+00:00,2571654.81568031
2025-12-20 16:00:00+00:00,2571620.69193684
2025-12-20 17:00:00+00:00,2571592.01207932
2025-12-20 18:00:00+00:00,2571575.76139796
2025-12-20 19:00:00+00:00,2571622.80984751
2025-12-20 20:00:00+00:00,2572844.58329533
2025-12-20 21:00:00+00:00,2571614.56921358
2025-12-20 22:00:00+00:00,2571600.42795456
2025-12-20 23:00:00+00:00,2571586.04988205
2025-12-21 00:00:00+00:00,2571542.49338479
2025-12-21 01:00:00+00:00,2571426.58226898
2025-12-21 02:00:00+00:00,2571770.37640764
2025-12-21 03:00:00+00:00,2571770.85618032
2025-12-21 04:00:00+00:00,2571778.79797555
2025-12-21 05:00:00+00:00,2571738.59267807
2025-12-21 06:00:00+00:00,2571772.37911068
2025-12-21 07:00:00+00:00,2571787.89333191
2025-12-21 08:00:00+00:00,2571724.7104507303
2025-12-21 09:00:00+00:00,2571530.28505431
2025-12-21 10:00:00+00:00,2571517.99887177
2025-12-21 11:00:00+00:00,2571492.55722291
2025-12-21 12:00:00+00:00,2571534.44896707
2025-12-21 13:00:00+00:00,2571522.17060218
2025-12-21 14:00:00+00:00,2572549.55693172
2025-12-21 15:00:00+00:00,2572882.70963155
2025-12-21 16:00:00+00:00,2573808.67956376
2025-12-21 17:00:00+00:00,2573824.4499547803
2025-12-21 18:00:00+00:00,2573832.00223727
2025-12-21 19:00:00+00:00,2574571.82858306
2025-12-21 20:00:00+00:00,2574543.65361311
2025-12-21 21:00:00+00:00,2574547.98255794
2025-12-21 22:00:00+00:00,2574556.86501263
2025-12-21 23:00:00+00:00,2574451.41386622
2025-12-22 00:00:00+00:00,2574427.80638466
2025-12-22 01:00:00+00:00,2574418.2919692
2025-12-22 02:00:00+00:00,2574491.5597065003
2025-12-22 03:00:00+00:00,2574465.99066857
2025-12-22 04:00:00+00:00,2574580.4869938
2025-12-22 05:00:00+00:00,2574585.3895689403
2025-12-22 06:00:00+00:00,2574632.9796908703
2025-12-22 07:00:00+00:00,2574637.86760236
2025-12-22 08:00:00+00:00,2574763.69296197
2025-12-22 09:00:00+00:00,2573863.7459074003
2025-12-22 10:00:00+00:00,2573911.29885808
2025-12-22 11:00:00+00:00,2574427.68139284
2025-12-22 12:00:00+00:00,2575616.40276242
2025-12-22 13:00:00+00:00,2575380.78970319
2025-12-22 14:00:00+00:00,2575381.98376316
2025-12-22 15:00:00+00:00,2575826.40386912
2025-12-22 16:00:00+00:00,2576152.22851588
2025-12-22 17:00:00+00:00,2574862.76664038
2025-12-22 18:00:00+00:00,2574780.87150993
2025-12-22 19:00:00+00:00,2575394.50859173
2025-12-22 20:00:00+00:00,2576523.5078242
2025-12-22 21:00:00+00:00,2576455.20644217
2025-12-22 22:00:00+00:00,2576347.5687332302
2025-12-22 23:00:00+00:00,2576502.22413666
2025-12-23 00:00:00+00:00,2577522.39363103
2025-12-23 01:00:00+00:00,2577680.43579826
2025-12-23 02:00:00+00:00,2577689.78220985
2025-12-23 03:00:00+00:00,2577282.77297233
2025-12-23 04:00:00+00:00,2577265.27330646
2025-12-23 05:00:00+00:00,2577269.85016821
2025-12-23 06:00:00+00:00,2577349.07004754
2025-12-23 07:00:00+00:00,2577471.4457337703
2025-12-23 08:00:00+00:00,2577815.36716137
2025-12-23 09:00:00+00:00,2577983.92329302
2025-12-23 10:00:00+00:00,2578040.69333293
2025-12-23 11:00:00+00:00,2578139.84823103
2025-12-23 12:00:00+00:00,2578219.38866157
2025-12-23 13:00:00+00:00,2578027.91043762
2025-12-23 14:00:00+00:00,2582424.1870084503
2025-12-23 15:00:00+00:00,2582624.36921695
2025-12-23 16:00:00+00:00,2581485.80202977
2025-12-23 17:00:00+00:00,2579291.82521332
2025-12-23 18:00:00+00:00,2590643.4753544102
2025-12-23 19:00:00+00:00,2590551.98254586
2025-12-23 20:00:00+00:00,2590670.35014706
2025-12-23 21:00:00+00:00,2590482.10315085
2025-12-23 22:00:00+00:00,2598603.3641254
2025-12-23 23:00:00+00:00,2598813.86013868
2025-12-24 00:00:00+00:00,2598601.42250703
2025-12-24 01:00:00+00:00,2598279.53647772
2025-12-24 02:00:00+00:00,2597819.6432136
2025-12-24 03:00:00+00:00,2597819.2664342
2025-12-24 04:00:00+00:00,2597816.23741078
2025-12-24 05:00:00+00:00,2597787.05107208
2025-12-24 06:00:00+00:00,2598018.69656026
2025-12-24 07:00:00+00:00,2597817.96402324
2025-12-24 08:00:00+00:00,2599579.74774157
2025-12-24 09:00:00+00:00,2599655.3311302
2025-12-24 10:00:00+00:00,2599145.36092207
2025-12-24 11:00:00+00:00,2599523.22169946
2025-12-24 12:00:00+00:00,2601323.51910375
2025-12-24 13:00:00+00:00,2601279.91316377
2025-12-24 14:00:00+00:00,2599474.95003428
2025-12-24 15:00:00+00:00,2599570.7211713702
2025-12-24 16:00:00+00:00,2598202.57298847
2025-12-24 17:00:00+00:00,2598297.29590774
2025-12-24 18:00:00+00:00,2598247.23919384
2025-12-24 19:00:00+00:00,2595290.24160458
2025-12-24 20:00:00+00:00,2590688.64318475
2025-12-24 21:00:00+00:00,2590758.72946406
2025-12-24 22:00:00+00:00,2590752.92350014
2025-12-24 23:00:00+00:00,2590792.59411006
2025-12-25 00:00:00+00:00,2590873.78796572
2025-12-25 01:00:00+00:00,2590859.46831774
2025-12-25 02:00:00+00:00,2590853.90178193
2025-12-25 03:00:00+00:00,2590853.83350429
2025-12-25 04:00:00+00:00,2590832.33985441
2025-12-25 05:00:00+00:00,2590675.91319092
2025-12-25 06:00:00+00:00,2590401.00022471
2025-12-25 07:00:00+00:00,2590257.05189146
2025-12-25 08:00:00+00:00,2590225.58963358
2025-12-25 09:00:00+00:00,2590266.91853068
2025-12-25 10:00:00+00:00,2590307.11614276
2025-12-25 11:00:00+00:00,2590295.90861392
2025-12-25 12:00:00+00:00,2590310.7123749303
2025-12-25 13:00:00+00:00,2589510.9652007
2025-12-25 14:00:00+00:00,2589506.8800917203
2025-12-25 15:00:00+00:00,2589475.58314438
2025-12-25 16:00:00+00:00,2589482.70880882
2025-12-25 17:00:00+00:00,2589478.85153917
2025-12-25 18:00:00+00:00,2589815.15323739
2025-12-25 19:00:00+00:00,2589720.79732326
2025-12-25 20:00:00+00:00,2589819.33378636
2025-12-25 21:00:00+00:00,2589817.59904926
2025-12-25 22:00:00+00:00,2589940.06790543
2025-12-25 23:00:00+00:00,2589931.4957891703
2025-12-26 00:00:00+00:00,2589884.97761338
2025-12-26 01:00:00+00:00,2589769.70241633
2025-12-26 02:00:00+00:00,2589623.20075025
2025-12-26 03:00:00+00:00,2589479.41591848
2025-12-26 04:00:00+00:00,2589308.43312499
2025-12-26 05:00:00+00:00,2589208.52246316
2025-12-26 06:00:00+00:00,2589216.24124625
2025-12-26 07:00:00+00:00,2589251.4648513403
2025-12-26 08:00:00+00:00,2589223.37857926
2025-12-26 09:00:00+00:00,2588237.37681647
2025-12-26 10:00:00+00:00,2588263.82113778
2025-12-26 11:00:00+00:00,2588367.48026541
2025-12-26 12:00:00+00:00,2589788.21118265
2025-12-26 13:00:00+00:00,2589783.68932685
2025-12-26 14:00:00+00:00,2590412.1325901
2025-12-26 15:00:00+00:00,2590398.01018057
2025-12-26 16:00:00+00:00,2589132.4914872
2025-12-26 17:00:00+00:00,2588417.5208372
2025-12-26 18:00:00+00:00,2588227.3998328103
2025-12-26 19:00:00+00:00,2589043.19290141
2025-12-26 20:00:00+00:00,2587714.38630579
2025-12-26 21:00:00+00:00,2587645.18961092
2025-12-26 22:00:00+00:00,2583710.86238216
2025-12-26 23:00:00+00:00,2581022.0476485603
2025-12-27 00:00:00+00:00,2580299.1950897
2025-12-27 01:00:00+00:00,2579264.0406984
2025-12-27 02:00:00+00:00,2579133.60844652
2025-12-27 03:00:00+00:00,2577980.87126797
2025-12-27 04:00:00+00:00,2576875.69731212
2025-12-27 05:00:00+00:00,2576874.6924985503
2025-12-27 06:00:00+00:00,2576866.44579832
2025-12-27 07:00:00+00:00,2576893.79102775
2025-12-27 08:00:00+00:00,2576900.85056492
2025-12-27 09:00:00+00:00,2576913.15752597
2025-12-27 10:00:00+00:00,2576913.39758517
2025-12-27 11:00:00+00:00,2576949.59506224
2025-12-27 12:00:00+00:00,2575965.42401697
2025-12-27 13:00:00+00:00,2575891.53903638
2025-12-27 14:00:00+00:00,2575900.34579709
2025-12-27 15:00:00+00:00,2575920.3478998
2025-12-27 16:00:00+00:00,2575928.32745578
2025-12-27 17:00:00+00:00,2575911.9514523
2025-12-27 18:00:00+00:00,2575890.67768652
2025-12-27 19:00:00+00:00,2575897.42686702
2025-12-27 20:00:00+00:00,2575916.88696544
2025-12-27 21:00:00+00:00,2575939.5886064703
2025-12-27 22:00:00+00:00,2575970.32214675
2025-12-27 23:00:00+00:00,2575986.17737207
2025-12-28 00:00:00+00:00,2576006.02564872
2025-12-28 01:00:00+00:00,2575992.48328822
2025-12-28 02:00:00+00:00,2575988.37497269
2025-12-28 03:00:00+00:00,2576034.8633222203
2025-12-28 04:00:00+00:00,2576025.86576597
2025-12-28 05:00:00+00:00,2575987.32218781
2025-12-28 06:00:00+00:00,2575970.21970484
2025-12-28 07:00:00+00:00,2575995.83096318
2025-12-28 08:00:00+00:00,2576063.79126048
2025-12-28 09:00:00+00:00,2576080.23287749
2025-12-28 10:00:00+00:00,2576080.40581973
2025-12-28 11:00:00+00:00,2576080.4999867
2025-12-28 12:00:00+00:00,2576039.71051937
2025-12-28 13:00:00+00:00,2576025.32089409
2025-12-28 14:00:00+00:00,2575980.11139648
2025-12-28 15:00:00+00:00,2577360.38091007
2025-12-28 16:00:00+00:00,2576850.99280508
2025-12-28 17:00:00+00:00,2575767.11467045
2025-12-28 18:00:00+00:00,2576738.21956963
2025-12-28 19:00:00+00:00,2577036.34613156
2025-12-28 20:00:00+00:00,2575685.46045146
2025-12-28 21:00:00+00:00,2575684.51663792
2025-12-28 22:00:00+00:00,2575682.21176084
2025-12-28 23:00:00+00:00,2575667.73390328
2025-12-29 00:00:00+00:00,2575847.71161877
2025-12-29 01:00:00+00:00,2575445.5755546303
2025-12-29 02:00:00+00:00,2575589.57825493
2025-12-29 03:00:00+00:00,2574897.26518278
2025-12-29 04:00:00+00:00,2575896.24798078
2025-12-29 05:00:00+00:00,2574687.30709332
2025-12-29 06:00:00+00:00,2576191.89534782
2025-12-29 07:00:00+00:00,2573688.12354502
2025-12-29 08:00:00+00:00,2574794.69389896
2025-12-29 09:00:00+00:00,2573833.2791151
2025-12-29 10:00:00+00:00,2573741.5043829
2025-12-29 11:00:00+00:00,2572021.91691537
2025-12-29 12:00:00+00:00,2572068.41996189
2025-12-29 13:00:00+00:00,2576222.4661394903
2025-12-29 14:00:00+00:00,2575871.43498938
2025-12-29 15:00:00+00:00,2577257.83528134
2025-12-29 16:00:00+00:00,2577678.26609732
2025-12-29 17:00:00+00:00,2576250.32092083
2025-12-29 18:00:00+00:00,2574276.12327774
2025-12-29 19:00:00+00:00,2574223.88549677
2025-12-29 20:00:00+00:00,2573722.71774269
2025-12-29 21:00:00+00:00,2571654.38132501
2025-12-29 22:00:00+00:00,2571613.7507199203
2025-12-29 23:00:00+00:00,2571325.36281075
2025-12-30 00:00:00+00:00,2571182.89016225
2025-12-30 01:00:00+00:00,2572733.06907134
2025-12-30 02:00:00+00:00,2572884.31860191
2025-12-30 03:00:00+00:00,2573250.59873764
2025-12-30 04:00:00+00:00,2573299.65468688
2025-12-30 05:00:00+00:00,2573401.90327386
2025-12-30 06:00:00+00:00,2574037.92333006
2025-12-30 07:00:00+00:00,2574058.97694001
2025-12-30 08:00:00+00:00,2573502.10208365
2025-12-30 09:00:00+00:00,2573635.440192
2025-12-30 10:00:00+00:00,2573941.62733737
2025-12-30 11:00:00+00:00,2573884.04516363
2025-12-30 12:00:00+00:00,2574020.78258804
2025-12-30 13:00:00+00:00,2575022.18269447
2025-12-30 14:00:00+00:00,2575384.55230833
2025-12-30 15:00:00+00:00,2569793.64721625
2025-12-30 16:00:00+00:00,2572738.81054386
2025-12-30 17:00:00+00:00,2572483.5078747203
2025-12-30 18:00:00+00:00,2571999.34780506
2025-12-30 19:00:00+00:00,2572786.92458675
2025-12-30 20:00:00+00:00,2568522.26897584
2025-12-30 21:00:00+00:00,2567070.92488001
2025-12-30 22:00:00+00:00,2566709.50718955
2025-12-30 23:00:00+00:00,2566776.22848453
2025-12-31 00:00:00+00:00,2566766.28019108
2025-12-31 01:00:00+00:00,2566218.89702787
2025-12-31 02:00:00+00:00,2567167.54037741
2025-12-31 03:00:00+00:00,2567191.30025883
2025-12-31 04:00:00+00:00,2567446.10576003
2025-12-31 05:00:00+00:00,2568156.5417203302
2025-12-31 06:00:00+00:00,2567057.5149924
2025-12-31 07:00:00+00:00,2567101.44936421
2025-12-31 08:00:00+00:00,2567046.50453492
2025-12-31 09:00:00+00:00,2566568.71326605
2025-12-31 10:00:00+00:00,2566583.2491294
2025-12-31 11:00:00+00:00,2567251.19026343
2025-12-31 12:00:00+00:00,2566196.74615912
2025-12-31 13:00:00+00:00,2566552.72932901
2025-12-31 14:00:00+00:00,2566292.7061718903
2025-12-31 15:00:00+00:00,2565725.93166152
2025-12-31 16:00:00+00:00,2561912.98083523
2025-12-31 17:00:00+00:00,2560824.10842204
2025-12-31 18:00:00+00:00,2559626.21879369
2025-12-31 19:00:00+00:00,2571855.09365654
2025-12-31 20:00:00+00:00,2571254.79546998
2025-12-31 21:00:00+00:00,2571659.77363527
2025-12-31 22:00:00+00:00,2571975.95489154
2025-12-31 23:00:00+00:00,2573732.29729477
2026-01-01 00:00:00+00:00,2572757.6340609603
2026-01-01 01:00:00+00:00,2571553.92747115
2026-01-01 02:00:00+00:00,2571555.86726717
2026-01-01 03:00:00+00:00,2571569.4607765
2026-01-01 04:00:00+00:00,2571606.83483116
2026-01-01 05:00:00+00:00,2570371.66431704
2026-01-01 06:00:00+00:00,2572358.37164425
2026-01-01 07:00:00+00:00,2572374.44750027
2026-01-01 08:00:00+00:00,2572368.41107648
2026-01-01 09:00:00+00:00,2572385.91994119
2026-01-01 10:00:00+00:00,2572369.94196171
2026-01-01 11:00:00+00:00,2572374.92830543
2026-01-01 12:00:00+00:00,2572371.87289474
2026-01-01 13:00:00+00:00,2572347.5459482
2026-01-01 14:00:00+00:00,2572442.1272526
2026-01-01 15:00:00+00:00,2574452.34766804
2026-01-01 16:00:00+00:00,2570645.7347731
2026-01-01 17:00:00+00:00,2570647.45157625
2026-01-01 18:00:00+00:00,2571812.30152336
2026-01-01 19:00:00+00:00,2570686.02578313
2026-01-01 20:00:00+00:00,2570720.54418721
2026-01-01 21:00:00+00:00,2570715.6290024403
2026-01-01 22:00:00+00:00,2570691.92679539
2026-01-01 23:00:00+00:00,2570704.77647571
2026-01-02 00:00:00+00:00,2570691.78378073
2026-01-02 01:00:00+00:00,2570652.80932264
2026-01-02 02:00:00+00:00,2570792.81639999
2026-01-02 03:00:00+00:00,2570821.30845629
2026-01-02 04:00:00+00:00,2570572.32518165
2026-01-02 05:00:00+00:00,2572212.07152844
2026-01-02 06:00:00+00:00,2572567.21882138
2026-01-02 07:00:00+00:00,2572480.4272878403
2026-01-02 08:00:00+00:00,2573551.80192006
2026-01-02 09:00:00+00:00,2573743.89231168
2026-01-02 10:00:00+00:00,2573640.00634568
2026-01-02 11:00:00+00:00,2573615.1361386
2026-01-02 12:00:00+00:00,2574844.18266075
2026-01-02 13:00:00+00:00,2574946.48588411
2026-01-02 14:00:00+00:00,2574884.06036232
2026-01-02 15:00:00+00:00,2575724.3805823
2026-01-02 16:00:00+00:00,2574776.79780248
2026-01-02 17:00:00+00:00,2575475.9848842
2026-01-02 18:00:00+00:00,2572165.2598941303
2026-01-02 19:00:00+00:00,2575870.46403477
2026-01-02 20:00:00+00:00,2576759.52649026
2026-01-02 21:00:00+00:00,2577774.81865103
2026-01-02 22:00:00+00:00,2578541.21322113
2026-01-02 23:00:00+00:00,2578786.60328957
2026-01-03 00:00:00+00:00,2579017.4273992903
2026-01-03 01:00:00+00:00,2579111.67465612
2026-01-03 02:00:00+00:00,2578991.69853999
2026-01-03 03:00:00+00:00,2578996.92801263
2026-01-03 04:00:00+00:00,2579010.04261413
2026-01-03 05:00:00+00:00,2579046.41018999
2026-01-03 06:00:00+00:00,2579043.36726272
2026-01-03 07:00:00+00:00,2580326.93130126
2026-01-03 08:00:00+00:00,2580318.86325776
2026-01-03 09:00:00+00:00,2579214.83484129
2026-01-03 10:00:00+00:00,2578895.42760733
2026-01-03 11:00:00+00:00,2578897.94471466
2026-01-03 12:00:00+00:00,2578904.34359853
2026-01-03 13:00:00+00:00,2578912.2074398003
2026-01-03 14:00:00+00:00,2578916.2094665403
2026-01-03 15:00:00+00:00,2578898.94277442
2026-01-03 16:00:00+00:00,2578856.10317849
2026-01-03 17:00:00+00:00,2578813.57700771
2026-01-03 18:00:00+00:00,2578928.64533365
2026-01-03 19:00:00+00:00,2578978.20643788
2026-01-03 20:00:00+00:00,2578957.5384040102
2026-01-03 21:00:00+00:00,2578992.72450392
2026-01-03 22:00:00+00:00,2578945.3019780302
2026-01-03 23:00:00+00:00,2578913.7567939903
2026-01-04 00:00:00+00:00,2578788.7682974
2026-01-04 01:00:00+00:00,2578644.89392527
2026-01-04 02:00:00+00:00,2578641.44543568
2026-01-04 03:00:00+00:00,2578658.30510418
2026-01-04 04:00:00+00:00,2578651.78008132
2026-01-04 05:00:00+00:00,2578627.9246244
2026-01-04 06:00:00+00:00,2578885.10437456
2026-01-04 07:00:00+00:00,2578855.88833174
2026-01-04 08:00:00+00:00,2578863.27004147
2026-01-04 09:00:00+00:00,2579871.21660298
2026-01-04 10:00:00+00:00,2578973.6199903
2026-01-04 11:00:00+00:00,2579002.76374546
2026-01-04 12:00:00+00:00,2579090.75570269
2026-01-04 13:00:00+00:00,2579288.59310015
2026-01-04 14:00:00+00:00,2579289.30869794
2026-01-04 15:00:00+00:00,2579372.05379566
2026-01-04 16:00:00+00:00,2579381.32281684
2026-01-04 17:00:00+00:00,2578936.31863986
2026-01-04 18:00:00+00:00,2579010.02621732
2026-01-04 19:00:00+00:00,2579030.1789491
2026-01-04 20:00:00+00:00,2579036.5517902803
2026-01-04 21:00:00+00:00,2579273.02343987
2026-01-04 22:00:00+00:00,2579281.59412604
2026-01-04 23:00:00+00:00,2579270.00932214
2026-01-05 00:00:00+00:00,2579275.1534328
2026-01-05 01:00:00+00:00,2579262.44412501
2026-01-05 02:00:00+00:00,2579381.24138627
2026-01-05 03:00:00+00:00,2580361.3604474
2026-01-05 04:00:00+00:00,2579450.26219493
2026-01-05 05:00:00+00:00,2581565.01480829
2026-01-05 06:00:00+00:00,2581668.11613259
2026-01-05 07:00:00+00:00,2581783.24630456
2026-01-05 08:00:00+00:00,2582340.17247812
2026-01-05 09:00:00+00:00,2582424.6204035003
2026-01-05 10:00:00+00:00,2582518.67270315
2026-01-05 11:00:00+00:00,2581747.47005619
2026-01-05 12:00:00+00:00,2582898.04599262
2026-01-05 13:00:00+00:00,2583865.83351053
2026-01-05 14:00:00+00:00,2583637.77572587
2026-01-05 15:00:00+00:00,2585335.13299408
2026-01-05 16:00:00+00:00,2585592.20404999
2026-01-05 17:00:00+00:00,2585497.67975893
2026-01-05 18:00:00+00:00,2583943.63203814
2026-01-05 19:00:00+00:00,2581723.07669405
2026-01-05 20:00:00+00:00,2582824.80092938
2026-01-05 21:00:00+00:00,2582046.67794409
2026-01-05 22:00:00+00:00,2581485.71891369
2026-01-05 23:00:00+00:00,2581579.28282225
2026-01-06 00:00:00+00:00,2582129.3488005702
2026-01-06 01:00:00+00:00,2581663.12927193
2026-01-06 02:00:00+00:00,2581625.50690783
2026-01-06 03:00:00+00:00,2581634.91904906
2026-01-06 04:00:00+00:00,2581641.64801268
2026-01-06 05:00:00+00:00,2581350.27831649
2026-01-06 06:00:00+00:00,2581432.78299955
2026-01-06 07:00:00+00:00,2580893.10076093
2026-01-06 08:00:00+00:00,2581092.3404485
2026-01-06 09:00:00+00:00,2581300.3143596803
2026-01-06 10:00:00+00:00,2581505.50829827
2026-01-06 11:00:00+00:00,2581499.96639169
2026-01-06 12:00:00+00:00,2581510.33601676
2026-01-06 13:00:00+00:00,2582169.9263151
2026-01-06 14:00:00+00:00,2582874.39433483
2026-01-06 15:00:00+00:00,2583075.57214875
2026-01-06 16:00:00+00:00,2583181.70422891
2026-01-06 17:00:00+00:00,2582006.8488760903
2026-01-06 18:00:00+00:00,2582380.59687986
2026-01-06 19:00:00+00:00,2582428.8245514003
2026-01-06 20:00:00+00:00,2582398.12674487
2026-01-06 21:00:00+00:00,2578550.4762314
2026-01-06 22:00:00+00:00,2580565.55581383
2026-01-06 23:00:00+00:00,2580698.46314235
2026-01-07 00:00:00+00:00,2580770.64605307
2026-01-07 01:00:00+00:00,2580849.42471755
2026-01-07 02:00:00+00:00,2581284.95931515
2026-01-07 03:00:00+00:00,2580771.90317432
2026-01-07 04:00:00+00:00,2580755.3560693
2026-01-07 05:00:00+00:00,2580756.4936217
2026-01-07 06:00:00+00:00,2580822.61735572
2026-01-07 07:00:00+00:00,2580794.29788073
2026-01-07 08:00:00+00:00,2580872.38894784
2026-01-07 09:00:00+00:00,2580960.23221921
2026-01-07 10:00:00+00:00,2580675.77144366
2026-01-07 11:00:00+00:00,2581197.00373337
2026-01-07 12:00:00+00:00,2581341.38490036
2026-01-07 13:00:00+00:00,2581146.94825347
2026-01-07 14:00:00+00:00,2583776.78508099
2026-01-07 15:00:00+00:00,2585387.06300966
2026-01-07 16:00:00+00:00,2588346.43170938
2026-01-07 17:00:00+00:00,2587704.52283599
2026-01-07 18:00:00+00:00,2589359.28632218
2026-01-07 19:00:00+00:00,2589769.03696397
2026-01-07 20:00:00+00:00,2591748.09105197
2026-01-07 21:00:00+00:00,2593035.89711322
2026-01-07 22:00:00+00:00,2592861.91127045
2026-01-07 23:00:00+00:00,2592920.4198443103
2026-01-08 00:00:00+00:00,2592052.76609856
2026-01-08 01:00:00+00:00,2592053.22827788
2026-01-08 02:00:00+00:00,2595224.66965332
2026-01-08 03:00:00+00:00,2595232.6340263803
2026-01-08 04:00:00+00:00,2593800.67041589
2026-01-08 05:00:00+00:00,2593367.94903145
2026-01-08 06:00:00+00:00,2594879.04409139
2026-01-08 07:00:00+00:00,2593146.71336752
2026-01-08 08:00:00+00:00,2595057.43519262
2026-01-08 09:00:00+00:00,2595254.68181167
2026-01-08 10:00:00+00:00,2596219.07864705
2026-01-08 11:00:00+00:00,2597013.86620441
2026-01-08 12:00:00+00:00,2596343.28732392
2026-01-08 13:00:00+00:00,2597590.02200308
2026-01-08 14:00:00+00:00,2597740.07681987
2026-01-08 15:00:00+00:00,2593667.60176567
2026-01-08 16:00:00+00:00,2591333.36465415
2026-01-08 17:00:00+00:00,2592113.40667152
2026-01-08 18:00:00+00:00,2593376.57545957
2026-01-08 19:00:00+00:00,2592292.72009913
2026-01-08 20:00:00+00:00,2592857.16704812
2026-01-08 21:00:00+00:00,2592836.49975688
2026-01-08 22:00:00+00:00,2594019.01878384
2026-01-08 23:00:00+00:00,2593993.41295105
2026-01-09 00:00:00+00:00,2594227.51780685
2026-01-09 01:00:00+00:00,2595206.58763088
2026-01-09 02:00:00+00:00,2595226.53988708
2026-01-09 03:00:00+00:00,2596332.47930683
2026-01-09 04:00:00+00:00,2596202.65838131
2026-01-09 05:00:00+00:00,2596293.5299694003
2026-01-09 06:00:00+00:00,2597386.21521402
2026-01-09 07:00:00+00:00,2597917.90221231
2026-01-09 08:00:00+00:00,2598916.55591392
2026-01-09 09:00:00+00:00,2599005.90095234
2026-01-09 10:00:00+00:00,2600077.90521371
2026-01-09 11:00:00+00:00,2600319.25401399
2026-01-09 12:00:00+00:00,2604410.48451052
2026-01-09 13:00:00+00:00,2604869.85290859
2026-01-09 14:00:00+00:00,2605891.13618337
2026-01-09 15:00:00+00:00,2605787.1808228903
2026-01-09 16:00:00+00:00,2604364.55802141
2026-01-09 17:00:00+00:00,2601410.06717535
2026-01-09 18:00:00+00:00,2604594.2430739203
2026-01-09 19:00:00+00:00,2605937.24931533
2026-01-09 20:00:00+00:00,2606991.73303572
2026-01-09 21:00:00+00:00,2606916.18831378
2026-01-09 22:00:00+00:00,2607693.03239437
2026-01-09 23:00:00+00:00,2607837.61378712
2026-01-10 00:00:00+00:00,2607813.9960168
2026-01-10 01:00:00+00:00,2607691.17604077
2026-01-10 02:00:00+00:00,2607728.14704929
2026-01-10 03:00:00+00:00,2607742.7898059
2026-01-10 04:00:00+00:00,2608967.7219292503
2026-01-10 05:00:00+00:00,2607775.90976664
2026-01-10 06:00:00+00:00,2607808.24774141
2026-01-10 07:00:00+00:00,2605805.83014285
2026-01-10 08:00:00+00:00,2604785.85315181
2026-01-10 09:00:00+00:00,2604800.13053137
2026-01-10 10:00:00+00:00,2604801.79696231
2026-01-10 11:00:00+00:00,2606110.2133042603
2026-01-10 12:00:00+00:00,2606190.19078943
2026-01-10 13:00:00+00:00,2606737.1957979
2026-01-10 14:00:00+00:00,2606752.15897008
2026-01-10 15:00:00+00:00,2606745.99084619
2026-01-10 16:00:00+00:00,2608064.00133155
2026-01-10 17:00:00+00:00,2608022.99405191
2026-01-10 18:00:00+00:00,2608108.1615094203
2026-01-10 19:00:00+00:00,2606827.82251941
2026-01-10 20:00:00+00:00,2607871.34368607
2026-01-10 21:00:00+00:00,2606832.17102933
2026-01-10 22:00:00+00:00,2605829.77766931
2026-01-10 23:00:00+00:00,2605849.53043513
2026-01-11 00:00:00+00:00,2605712.8019408803
2026-01-11 01:00:00+00:00,2605701.77690315
2026-01-11 02:00:00+00:00,2606760.8797996
2026-01-11 03:00:00+00:00,2606809.27534404
2026-01-11 04:00:00+00:00,2605810.93040369
2026-01-11 05:00:00+00:00,2605815.20064381
2026-01-11 06:00:00+00:00,2605801.87912747
2026-01-11 07:00:00+00:00,2605758.96464382
2026-01-11 08:00:00+00:00,2605756.06746105
2026-01-11 09:00:00+00:00,2605739.66488015
2026-01-11 10:00:00+00:00,2605757.74958461
2026-01-11 11:00:00+00:00,2605945.47686816
2026-01-11 12:00:00+00:00,2606029.28867035
2026-01-11 13:00:00+00:00,2605960.24390858
2026-01-11 14:00:00+00:00,2605964.96248934
2026-01-11 15:00:00+00:00,2605961.2909825603
2026-01-11 16:00:00+00:00,2605961.2909825603
2026-01-11 17:00:00+00:00,2605923.25623698
2026-01-11 18:00:00+00:00,2605859.54456329
2026-01-11 19:00:00+00:00,2605862.74744999
2026-01-11 20:00:00+00:00,2605852.2083602003
2026-01-11 21:00:00+00:00,2605853.29031986
2026-01-11 22:00:00+00:00,2605844.25777768
2026-01-11 23:00:00+00:00,2605828.95232691
2026-01-12 00:00:00+00:00,2605874.85935198
2026-01-12 01:00:00+00:00,2605923.29256575
2026-01-12 02:00:00+00:00,2605925.06617196
2026-01-12 03:00:00+00:00,2605359.7406627103
2026-01-12 04:00:00+00:00,2605361.8651176803
2026-01-12 05:00:00+00:00,2605391.30892724
2026-01-12 06:00:00+00:00,2605371.84670239
2026-01-12 07:00:00+00:00,2605357.61671672
2026-01-12 08:00:00+00:00,2606318.14621898
2026-01-12 09:00:00+00:00,2605275.7197661
2026-01-12 10:00:00+00:00,2604234.65557218
2026-01-12 11:00:00+00:00,2604208.35072214
2026-01-12 12:00:00+00:00,2604040.30893922
2026-01-12 13:00:00+00:00,2608888.0952332
2026-01-12 14:00:00+00:00,2610017.0831779703
2026-01-12 15:00:00+00:00,2604691.84774851
2026-01-12 16:00:00+00:00,2604309.33649786
2026-01-12 17:00:00+00:00,2604423.08155644
2026-01-12 18:00:00+00:00,2603276.32103217
2026-01-12 19:00:00+00:00,2603409.2875363003
2026-01-12 20:00:00+00:00,2603376.35728434
2026-01-12 21:00:00+00:00,2603413.05134058
2026-01-12 22:00:00+00:00,2603501.58042344
2026-01-12 23:00:00+00:00,2603026.42537612
2026-01-13 00:00:00+00:00,2603020.21798497
2026-01-13 01:00:00+00:00,2603024.55298816
2026-01-13 02:00:00+00:00,2606189.01124609
2026-01-13 03:00:00+00:00,2605777.22097112
2026-01-13 04:00:00+00:00,2609098.6785784
2026-01-13 05:00:00+00:00,2608946.61020621
2026-01-13 06:00:00+00:00,2610100.83502397
2026-01-13 07:00:00+00:00,2611253.88670679
2026-01-13 08:00:00+00:00,2610487.18746025
2026-01-13 09:00:00+00:00,2611264.96831119
2026-01-13 10:00:00+00:00,2611469.88393956
2026-01-13 11:00:00+00:00,2611072.07120674
2026-01-13 12:00:00+00:00,2612997.37592694
2026-01-13 13:00:00+00:00,2612751.42254931
2026-01-13 14:00:00+00:00,2616042.70059019
2026-01-13 15:00:00+00:00,2611333.83279319
2026-01-13 16:00:00+00:00,2611057.30999718
2026-01-13 17:00:00+00:00,2612065.87407774
2026-01-13 18:00:00+00:00,2612059.66459266
2026-01-13 19:00:00+00:00,2613603.09054041
2026-01-13 20:00:00+00:00,2615122.23982682
2026-01-13 21:00:00+00:00,2614472.3953497102
2026-01-13 22:00:00+00:00,2616558.75901019
2026-01-13 23:00:00+00:00,2616398.47564652
2026-01-14 00:00:00+00:00,2617345.70724422
2026-01-14 01:00:00+00:00,2617766.65519888
2026-01-14 02:00:00+00:00,2618338.62185548
2026-01-14 03:00:00+00:00,2618472.83006603
2026-01-14 04:00:00+00:00,2618534.48901322
2026-01-14 05:00:00+00:00,2618792.93566076
2026-01-14 06:00:00+00:00,2618904.46940291
2026-01-14 07:00:00+00:00,2619115.80445955
2026-01-14 08:00:00+00:00,2621110.90693651
2026-01-14 09:00:00+00:00,2621145.41264778
2026-01-14 10:00:00+00:00,2621169.38266138
2026-01-14 11:00:00+00:00,2622850.76637244
2026-01-14 12:00:00+00:00,2622676.0915027
2026-01-14 13:00:00+00:00,2624176.75870843
2026-01-14 14:00:00+00:00,2625471.46534957
2026-01-14 15:00:00+00:00,2628716.0083329
2026-01-14 16:00:00+00:00,2627662.77311348
2026-01-14 17:00:00+00:00,2628176.95298976
2026-01-14 18:00:00+00:00,2633436.38583653
2026-01-14 19:00:00+00:00,2635177.78942635
2026-01-14 20:00:00+00:00,2634469.01353253
2026-01-14 21:00:00+00:00,2634864.41194862
2026-01-14 22:00:00+00:00,2635719.4870821303
2026-01-14 23:00:00+00:00,2635033.61073297
2026-01-15 00:00:00+00:00,2635564.28660808
2026-01-15 01:00:00+00:00,2635963.12034373
2026-01-15 02:00:00+00:00,2636934.96939373
2026-01-15 03:00:00+00:00,2636996.97437781
2026-01-15 04:00:00+00:00,2636804.80139119
2026-01-15 05:00:00+00:00,2636906.37851845
2026-01-15 06:00:00+00:00,2637035.06729338
2026-01-15 07:00:00+00:00,2637505.85383126
2026-01-15 08:00:00+00:00,2637365.15133864
2026-01-15 09:00:00+00:00,2637306.64064431
2026-01-15 10:00:00+00:00,2637065.28442819
2026-01-15 11:00:00+00:00,2636554.79885617
2026-01-15 12:00:00+00:00,2636568.74002303
2026-01-15 13:00:00+00:00,2636455.09380077
2026-01-15 14:00:00+00:00,2640533.79154465
2026-01-15 15:00:00+00:00,2641862.7071622303
2026-01-15 16:00:00+00:00,2642061.97967742
2026-01-15 17:00:00+00:00,2647858.65015155
2026-01-15 18:00:00+00:00,2647423.4376353
2026-01-15 19:00:00+00:00,2645897.38725455
2026-01-15 20:00:00+00:00,2645857.9821847603
2026-01-15 21:00:00+00:00,2644175.36208692
2026-01-15 22:00:00+00:00,2641270.2865167903
2026-01-15 23:00:00+00:00,2642946.86278287
2026-01-16 00:00:00+00:00,2641414.86379795
2026-01-16 01:00:00+00:00,2641128.06637198
2026-01-16 02:00:00+00:00,2642148.11324671
2026-01-16 03:00:00+00:00,2642919.9915882302
2026-01-16 04:00:00+00:00,2644764.23358168
2026-01-16 05:00:00+00:00,2645142.96488294
2026-01-16 06:00:00+00:00,2642760.42724041
2026-01-16 07:00:00+00:00,2643399.68968754
2026-01-16 08:00:00+00:00,2643357.29278894
2026-01-16 09:00:00+00:00,2644462.67231641
2026-01-16 10:00:00+00:00,2644926.76085492
2026-01-16 11:00:00+00:00,2642504.84045197
2026-01-16 12:00:00+00:00,2642476.16212236
2026-01-16 13:00:00+00:00,2643838.1227509
2026-01-16 14:00:00+00:00,2645477.09601359
2026-01-16 15:00:00+00:00,2645300.37591454
2026-01-16 16:00:00+00:00,2643420.88626664
2026-01-16 17:00:00+00:00,2643112.62454386
2026-01-16 18:00:00+00:00,2641329.96676957
2026-01-16 19:00:00+00:00,2640719.76989645
2026-01-16 20:00:00+00:00,2639451.35159426
2026-01-16 21:00:00+00:00,2638580.69339296
2026-01-16 22:00:00+00:00,2639778.1901505003
2026-01-16 23:00:00+00:00,2639830.02665022
2026-01-17 00:00:00+00:00,2641490.57133275
2026-01-17 01:00:00+00:00,2639949.1471350603
2026-01-17 02:00:00+00:00,2639766.1773343203
2026-01-17 03:00:00+00:00,2640923.66689053
2026-01-17 04:00:00+00:00,2639276.24793605
2026-01-17 05:00:00+00:00,2640348.86378707
2026-01-17 06:00:00+00:00,2642835.2630021702
2026-01-17 07:00:00+00:00,2641985.1864604
2026-01-17 08:00:00+00:00,2641201.3029500903
2026-01-17 09:00:00+00:00,2641213.29071762
2026-01-17 10:00:00+00:00,2641259.38510549
2026-01-17 11:00:00+00:00,2643049.97326757
2026-01-17 12:00:00+00:00,2643114.53580952
2026-01-17 13:00:00+00:00,2643528.01172595
2026-01-17 14:00:00+00:00,2643625.32821509
2026-01-17 15:00:00+00:00,2642700.76408496
2026-01-17 16:00:00+00:00,2642245.2963848403
2026-01-17 17:00:00+00:00,2643029.0213980502
2026-01-17 18:00:00+00:00,2641964.75877069
2026-01-17 19:00:00+00:00,2641907.03870812
2026-01-17 20:00:00+00:00,2641083.7779683103
2026-01-17 21:00:00+00:00,2641619.4031618303
2026-01-17 22:00:00+00:00,2641645.49412063
2026-01-17 23:00:00+00:00,2642774.26554408
2026-01-18 00:00:00+00:00,2641607.23705761
2026-01-18 01:00:00+00:00,2643128.8436653703
2026-01-18 02:00:00+00:00,2641662.52031975
2026-01-18 03:00:00+00:00,2641698.60073649
2026-01-18 04:00:00+00:00,2642723.45941051
2026-01-18 05:00:00+00:00,2641292.26953894
2026-01-18 06:00:00+00:00,2641316.09367904
2026-01-18 07:00:00+00:00,2642418.8571114503
2026-01-18 08:00:00+00:00,2641372.59146229
2026-01-18 09:00:00+00:00,2641390.07256136
2026-01-18 10:00:00+00:00,2642504.92022146
2026-01-18 11:00:00+00:00,2641197.69568278
2026-01-18 12:00:00+00:00,2641202.97874632
2026-01-18 13:00:00+00:00,2642906.29842943
2026-01-18 14:00:00+00:00,2641283.29636464
2026-01-18 15:00:00+00:00,2641304.8016057
2026-01-18 16:00:00+00:00,2642497.33821927
2026-01-18 17:00:00+00:00,2642100.65084149
2026-01-18 18:00:00+00:00,2639545.95967702
2026-01-18 19:00:00+00:00,2639548.31722034
2026-01-18 20:00:00+00:00,2639562.83579598
2026-01-18 21:00:00+00:00,2639554.73827731
2026-01-18 22:00:00+00:00,2639541.1499522203
2026-01-18 23:00:00+00:00,2642407.99070011
2026-01-19 00:00:00+00:00,2640276.64914144
2026-01-19 01:00:00+00:00,2641651.61953704
2026-01-19 02:00:00+00:00,2642559.46228087
2026-01-19 03:00:00+00:00,2642967.95507916
2026-01-19 04:00:00+00:00,2640126.2380374502
2026-01-19 05:00:00+00:00,2639039.58912045
2026-01-19 06:00:00+00:00,2639056.84315753
2026-01-19 07:00:00+00:00,2641572.10663361
2026-01-19 08:00:00+00:00,2641394.80022136
2026-01-19 09:00:00+00:00,2640261.64751335
2026-01-19 10:00:00+00:00,2640234.71642034
2026-01-19 11:00:00+00:00,2640218.78731949
2026-01-19 12:00:00+00:00,2641325.4379629
2026-01-19 13:00:00+00:00,2641172.81420356
2026-01-19 14:00:00+00:00,2641260.83406712
2026-01-19 15:00:00+00:00,2642270.76283794
2026-01-19 16:00:00+00:00,2641344.83482835
2026-01-19 17:00:00+00:00,2641295.52781457
2026-01-19 18:00:00+00:00,2641318.10229597
2026-01-19 19:00:00+00:00,2641277.0877830703
2026-01-19 20:00:00+00:00,2642715.12058094
2026-01-19 21:00:00+00:00,2642878.29286992
2026-01-19 22:00:00+00:00,2641505.8636103203
2026-01-19 23:00:00+00:00,2640774.36964953
2026-01-20 00:00:00+00:00,2640774.22881503
2026-01-20 01:00:00+00:00,2645059.41612734
2026-01-20 02:00:00+00:00,2642029.08877792
2026-01-20 03:00:00+00:00,2641913.94022682
2026-01-20 04:00:00+00:00,2641296.39284751
2026-01-20 05:00:00+00:00,2641286.23950094
2026-01-20 06:00:00+00:00,2641181.35072994
2026-01-20 07:00:00+00:00,2639829.84752208
2026-01-20 08:00:00+00:00,2639930.04038183
2026-01-20 09:00:00+00:00,2639907.64076684
2026-01-20 10:00:00+00:00,2641058.87065732
2026-01-20 11:00:00+00:00,2641423.78800356
2026-01-20 12:00:00+00:00,2640071.87816452
2026-01-20 13:00:00+00:00,2641057.2029369
2026-01-20 14:00:00+00:00,2641901.26721462
2026-01-20 15:00:00+00:00,2640311.27089805
2026-01-20 16:00:00+00:00,2640337.0390295
2026-01-20 17:00:00+00:00,2639793.47741488
2026-01-20 18:00:00+00:00,2639739.02585168
2026-01-20 19:00:00+00:00,2638539.86193974
2026-01-20 20:00:00+00:00,2637632.45713042
2026-01-20 21:00:00+00:00,2636859.14087272
2026-01-20 22:00:00+00:00,2635158.2142043
2026-01-20 23:00:00+00:00,2637709.5757116
2026-01-21 00:00:00+00:00,2636807.93984878
2026-01-21 01:00:00+00:00,2638913.19745328
